id,data_inversa,dia_semana,horario,uf,br,km,municipio,latitude,longitude,feridos_leves,feridos_graves,mortos,classificacao_acidente,causa_principal,causa_acidente,tipo_acidente,fase_dia,condicao_metereologica,tipo_pista,tracado_via,uso_solo,sentido_via
743478,2026-01-03,sábado,19:40:00,SC,280.0,188,mafra,-26.168402,-49.958595,0.0,0.0,0.0,Sem Vítimas,Sim,Velocidade Incompatível,Colisão com objeto,Plena Noite,Céu Claro,Simples,Declive;Ponte;Reta,Não,Crescente
743479,2026-01-03,sábado,21:45:00,SE,235.0,"45,6",itabaiana,-10.741536,-37.403965,0.0,0.0,1.0,Com Vítimas Fatais,Sim,Transitar no Acostamento,Atropelamento de Pedestre,Plena Noite,Céu Claro,Simples,Reta,Não,Crescente
743480,2026-01-03,sábado,21:00:00,DF,20.0,18,brasilia,-15.614885,-47.705887,1.0,0.0,0.0,Com Vítimas Feridas,Sim,Reação tardia ou ineficiente do condutor,Colisão com objeto,Anoitecer,Céu Claro,Dupla,Aclive,Sim,Decrescente
743481,2026-01-03,sábado,19:50:00,RJ,40.0,91,petropolis,-22.562292,-43.236233,4.0,0.0,0.0,Com Vítimas Feridas,Não,Demais falhas na via,Queda de ocupante de veículo,Plena Noite,Chuva,Dupla,Aclive;Curva,Não,Decrescente
743482,2026-01-03,sábado,21:40:00,MT,70.0,377,campo verde,-15.512068,-55.115925,0.0,2.0,0.0,Com Vítimas Feridas,Sim,Reação tardia ou ineficiente do condutor,Queda de ocupante de veículo,Plena Noite,Nublado,Simples,Reta,Não,Decrescente
743483,2026-01-03,sábado,22:00:00,SC,280.0,22,araquari,-26.37176,-48.70633,1.0,0.0,0.0,Com Vítimas Feridas,Sim,Acessar a via sem observar a presença dos outros veículos,Colisão transversal,Plena Noite,Céu Claro,Simples,Reta,Sim,Decrescente
743484,2026-01-03,sábado,22:10:00,SP,116.0,"288,2",itapecerica da serra,-23.704096,-46.87248,5.0,5.0,0.0,Com Vítimas Feridas,Sim,Trafegar com motocicleta (ou similar) entre as faixas,Queda de ocupante de veículo,Pleno dia,Céu Claro,Dupla,Reta,Não,Decrescente
743485,2026-01-03,sábado,22:40:00,MG,381.0,"858,3",pouso alegre,-22.307446,-45.901905,1.0,0.0,0.0,Com Vítimas Feridas,Sim,Ausência de reação do condutor,Saída de leito carroçável,Plena Noite,Nublado,Dupla,Reta,Não,Crescente
743486,2026-01-03,sábado,23:00:00,SP,116.0,288,itapecerica da serra,-23.70989,-46.87628,4.0,0.0,0.0,Com Vítimas Feridas,Sim,Trafegar com motocicleta (ou similar) entre as faixas,Queda de ocupante de veículo,Plena Noite,Céu Claro,Dupla,Reta,Não,Decrescente
743489,2026-01-03,sábado,20:58:00,PE,101.0,47,abreu e lima,-7.887375,-34.903988,18.0,0.0,0.0,Com Vítimas Feridas,Não,Acumulo de areia ou detritos sobre o pavimento,Colisão com objeto,Plena Noite,Céu Claro,Múltipla,Reta;Declive;Retorno Regulamentado,Sim,Decrescente
743490,2026-01-03,sábado,22:20:00,MG,381.0,"255,5",coronel fabriciano,-19.53162,-42.58376,1.0,0.0,1.0,Com Vítimas Fatais,Sim,Ausência de reação do condutor,Colisão frontal,Plena Noite,Chuva,Simples,Curva,Não,Crescente
743491,2026-01-03,sábado,22:32:00,TO,153.0,536,pugmil,-10.533361,-48.910416,9.0,0.0,0.0,Com Vítimas Feridas,Não,Acostamento em desnível,Saída de leito carroçável,Plena Noite,Nublado,Simples,Reta,Não,Decrescente
743492,2026-01-03,sábado,23:15:00,SC,101.0,109,penha,-26.834066,-48.69662,0.0,0.0,0.0,Sem Vítimas,Sim,Ausência de reação do condutor,Colisão com objeto,Plena Noite,Garoa/Chuvisco,Dupla,Curva,Não,Crescente
743493,2026-01-03,sábado,22:50:00,ES,101.0,"62,3",sao mateus,-18.693394,-39.8639,6.0,6.0,0.0,Com Vítimas Feridas,Não,Iluminação deficiente,Colisão frontal,Plena Noite,Nublado,Simples,Curva,Não,Decrescente
743494,2026-01-03,sábado,22:30:00,MG,365.0,756,ituiutaba,-18.965603,-49.506523,1.0,0.0,0.0,Com Vítimas Feridas,Sim,Ausência de reação do condutor,Saída de leito carroçável,Plena Noite,Nublado,Simples,Interseção de Vias,Não,Crescente
743496,2026-01-03,sábado,23:00:00,SC,280.0,"13,7",sao francisco do sul,-26.32781,-48.650475,0.0,0.0,0.0,Sem Vítimas,Sim,Demais falhas mecânicas ou elétricas,Incêndio,Plena Noite,Nublado,Simples,Reta,Não,Crescente
743497,2026-01-03,sábado,19:10:00,SP,116.0,130,cacapava,-23.1217,-45.72513,0.0,0.0,0.0,Sem Vítimas,Sim,Condutor deixou de manter distância do veículo da frente,Colisão traseira,Plena Noite,Nublado,Múltipla,Reta,Sim,Crescente
743498,2026-01-03,sábado,22:15:00,RO,364.0,14,vilhena,-12.738674,-60.142143,16.0,0.0,0.0,Com Vítimas Feridas,Não,Pista Escorregadia,Tombamento,Plena Noite,Céu Claro,Simples,Reta,Sim,Decrescente
743499,2026-01-03,sábado,22:10:00,PA,316.0,43,santa izabel do para,-1.275733,-48.09458,4.0,0.0,0.0,Com Vítimas Feridas,Não,Iluminação deficiente,Colisão frontal,Plena Noite,Céu Claro,Dupla,Retorno Regulamentado,Não,Crescente
743500,2026-01-03,sábado,23:50:00,SC,470.0,162,trombudo central,-27.286304,-49.79168,1.0,0.0,0.0,Com Vítimas Feridas,Sim,Transitar na contramão,Colisão frontal,Plena Noite,Céu Claro,Simples,Curva;Aclive,Não,Decrescente
743501,2026-01-03,sábado,23:00:00,SC,282.0,379,herval doeste,-27.214506,-51.485165,1.0,0.0,0.0,Com Vítimas Feridas,Sim,Reação tardia ou ineficiente do condutor,Saída de leito carroçável,Plena Noite,Céu Claro,Simples,Interseção de Vias,Sim,Crescente
743502,2026-01-03,sábado,17:00:00,PE,428.0,146,petrolina,-9.043888,-40.29553,0.0,2.0,0.0,Com Vítimas Feridas,Não,Ingestão de álcool pelo condutor,Queda de ocupante de veículo,Pleno dia,Céu Claro,Simples,Declive,Não,Decrescente
743503,2026-01-03,sábado,22:10:00,BA,324.0,337,jacobina,-11.321847,-40.159836,4.0,2.0,0.0,Com Vítimas Feridas,Sim,Ingestão de álcool pelo condutor,Colisão com objeto,Pleno dia,Nublado,Simples,Reta,Não,Crescente
743504,2026-01-03,sábado,21:50:00,PR,373.0,183,ponta grossa,-25.041567,-50.268257,0.0,0.0,2.0,Com Vítimas Fatais,Não,Velocidade Incompatível,Colisão frontal,Plena Noite,Céu Claro,Simples,Reta,Não,Crescente
743505,2026-01-03,sábado,23:30:00,RJ,40.0,"31,7",areal,-22.19893,-43.158318,12.0,0.0,0.0,Com Vítimas Feridas,Não,Curva acentuada,Queda de ocupante de veículo,Plena Noite,Chuva,Dupla,Curva,Não,Decrescente
743506,2026-01-03,sábado,23:30:00,PR,476.0,345,paula freitas,-26.180313,-50.931736,2.0,4.0,0.0,Com Vítimas Feridas,Não,Transitar na contramão,Colisão frontal,Plena Noite,Céu Claro,Simples,Reta,Não,Decrescente
743507,2026-01-04,domingo,00:30:00,RN,405.0,151,pau dos ferros,-6.12336,-38.20642,0.0,0.0,9.0,Com Vítimas Fatais,Não,Reação tardia ou ineficiente do condutor,Queda de ocupante de veículo,Plena Noite,Céu Claro,Simples,Reta,Sim,Crescente
743508,2026-01-03,sábado,23:50:00,SC,470.0,"62,3",indaial,-26.874428,-49.185814,1.0,0.0,0.0,Com Vítimas Feridas,Sim,Ingestão de álcool pelo condutor,Colisão transversal,Plena Noite,Céu Claro,Simples,Reta,Não,Decrescente
743509,2026-01-03,sábado,23:46:00,SC,101.0,"1,1",garuva,-25.99185,-48.88182,0.0,0.0,0.0,Sem Vítimas,Não,Pista Escorregadia,Colisão com objeto,Plena Noite,Chuva,Múltipla,Reta;Declive,Não,Crescente
743510,2026-01-04,domingo,01:15:00,SC,101.0,"205,3",sao jose,-27.58419,-48.615665,4.0,0.0,0.0,Com Vítimas Feridas,Não,Ingestão de álcool pelo condutor,Saída de leito carroçável,Plena Noite,Nublado,Dupla,Reta;Interseção de Vias,Não,Crescente
743511,2026-01-03,sábado,21:00:00,SP,116.0,177,jacarei,-23.317675,-46.083286,1.0,0.0,0.0,Com Vítimas Feridas,Sim,Ingestão de álcool pelo condutor,Colisão traseira,Plena Noite,Céu Claro,Dupla,Reta,Não,Crescente
743513,2026-01-04,domingo,01:00:00,BA,116.0,238,quijingue,-10.680205,-38.93874,0.0,8.0,0.0,Com Vítimas Feridas,Sim,Transitar na contramão,Tombamento,Plena Noite,Céu Claro,Simples,Reta,Não,Decrescente
743514,2026-01-03,sábado,20:30:00,MA,402.0,137,santo amaro do maranhao,-2.47553,-43.15136,4.0,4.0,0.0,Com Vítimas Feridas,Não,Reação tardia ou ineficiente do condutor,Colisão transversal,Plena Noite,Céu Claro,Simples,Reta,Não,Decrescente
743515,2026-01-04,domingo,02:20:00,MG,40.0,"464,3",sete lagoas,-19.432938,-44.33586,12.0,0.0,0.0,Com Vítimas Feridas,Não,Condutor Dormindo,Capotamento,Plena Noite,Chuva,Dupla,Aclive;Curva,Não,Crescente
743516,2026-01-04,domingo,02:00:00,MG,116.0,"776,7",leopoldina,-21.594791,-42.68848,15.0,0.0,0.0,Com Vítimas Feridas,Não,Reação tardia ou ineficiente do condutor,Saída de leito carroçável,Plena Noite,Chuva,Simples,Aclive;Curva,Não,Decrescente
743517,2026-01-04,domingo,02:42:00,MS,163.0,369,nova alvorada do sul,-21.426792,-54.38146,4.0,4.0,0.0,Com Vítimas Feridas,Não,Reação tardia ou ineficiente do condutor,Saída de leito carroçável,Plena Noite,Ignorado,Simples,Reta,Não,Crescente
743518,2026-01-04,domingo,03:00:00,PR,369.0,138,ibipora,-23.2738,-51.05545,0.0,0.0,0.0,Sem Vítimas,Sim,Ingestão de álcool pelo condutor,Colisão com objeto,Plena Noite,Céu Claro,Dupla,Reta,Sim,Decrescente
743519,2026-01-04,domingo,03:30:00,PR,163.0,234,toledo,-24.773935,-53.68368,0.0,4.0,0.0,Com Vítimas Feridas,Não,Ausência de reação do condutor,Atropelamento de Animal,Plena Noite,Céu Claro,Dupla,Curva;Aclive,Não,Crescente
743520,2026-01-04,domingo,03:10:00,MT,364.0,201,rondonopolis,-16.491028,-54.647312,1.0,1.0,0.0,Com Vítimas Feridas,Sim,Ingestão de álcool pelo condutor,Colisão traseira,Plena Noite,Céu Claro,Dupla,Reta,Sim,Decrescente
743521,2026-01-04,domingo,05:20:00,GO,40.0,3,valparaiso de goias,-16.077303,-47.98555,4.0,0.0,0.0,Com Vítimas Feridas,Não,Ingestão de álcool pelo condutor,Tombamento,Amanhecer,Nublado,Dupla,Reta,Sim,Decrescente
743522,2026-01-04,domingo,05:30:00,SC,101.0,217,palhoca,-27.673601,-48.67191,4.0,0.0,0.0,Com Vítimas Feridas,Não,Reação tardia ou ineficiente do condutor,Queda de ocupante de veículo,Amanhecer,Céu Claro,Dupla,Reta,Sim,Decrescente
743523,2026-01-04,domingo,00:13:00,MG,381.0,"163,5",governador valadares,-18.945993,-42.066563,0.0,1.0,0.0,Com Vítimas Feridas,Sim,Animais na Pista,Atropelamento de Animal,Plena Noite,Nublado,Simples,Ponte,Não,Crescente
743524,2026-01-04,domingo,04:30:00,MG,381.0,489,betim,-19.95654,-44.13593,0.0,0.0,0.0,Sem Vítimas,Sim,Chuva,Colisão com objeto,Amanhecer,Chuva,Múltipla,Reta;Aclive,Sim,Decrescente
743525,2026-01-04,domingo,06:35:00,MG,381.0,526,brumadinho,-20.15663,-44.32777,12.0,0.0,0.0,Com Vítimas Feridas,Sim,Velocidade Incompatível,Capotamento,Pleno dia,Chuva,Dupla,Curva;Declive,Não,Crescente
743526,2026-01-04,domingo,05:25:00,PR,116.0,40,campina grande do sul,-25.167143,-48.86508,12.0,0.0,0.0,Com Vítimas Feridas,Não,Pista Escorregadia,Tombamento,Amanhecer,Garoa/Chuvisco,Dupla,Reta,Não,Crescente
743527,2026-01-04,domingo,06:00:00,MG,365.0,562,indianopolis,-18.92307,-47.783497,2.0,0.0,0.0,Com Vítimas Feridas,Sim,Animais na Pista,Tombamento,Pleno dia,Nublado,Simples,Reta,Não,Crescente
743528,2026-01-04,domingo,05:40:00,PE,110.0,255,jatoba,-9.262743,-38.229786,1.0,0.0,0.0,Com Vítimas Feridas,Sim,Ausência de reação do condutor,Colisão traseira,Pleno dia,Céu Claro,Simples,Reta,Não,Decrescente
743529,2026-01-04,domingo,04:53:00,MS,158.0,"82,8",paranaiba,-19.581766,-51.231087,18.0,0.0,0.0,Com Vítimas Feridas,Não,Reação tardia ou ineficiente do condutor,Derramamento de carga,Amanhecer,Céu Claro,Simples,Em Obras,Não,Decrescente
743530,2026-01-04,domingo,01:40:00,MG,262.0,"363,6",juatuba,-19.972057,-44.29756,6.0,0.0,0.0,Com Vítimas Feridas,Não,Reação tardia ou ineficiente do condutor,Capotamento,Plena Noite,Chuva,Dupla,Reta,Não,Crescente
743531,2026-01-04,domingo,06:00:00,GO,20.0,162,alvorada do norte,-14.511966,-46.521194,2.0,6.0,0.0,Com Vítimas Feridas,Sim,Ausência de reação do condutor,Colisão com objeto,Amanhecer,Nublado,Simples,Reta,Não,Crescente
743533,2026-01-04,domingo,07:10:00,DF,70.0,"3,2",brasilia,-15.802,-48.0835,12.0,0.0,0.0,Com Vítimas Feridas,Não,Pista Escorregadia,Colisão transversal,Pleno dia,Chuva,Dupla,Reta,Sim,Crescente
743534,2026-01-04,domingo,00:35:00,BA,367.0,23,porto seguro,-16.436579,-39.077595,0.0,1.0,0.0,Com Vítimas Feridas,Sim,Ausência de reação do condutor,Colisão lateral mesmo sentido,Plena Noite,Céu Claro,Simples,Reta,Sim,Crescente
743535,2026-01-04,domingo,06:15:00,MG,381.0,483,betim,-19.958616,-44.08019,6.0,0.0,0.0,Com Vítimas Feridas,Sim,Acumulo de água sobre o pavimento,Queda de ocupante de veículo,Pleno dia,Chuva,Dupla,Curva;Aclive,Não,Decrescente
743536,2026-01-04,domingo,06:40:00,MS,163.0,675,rio verde de mato grosso,-18.93282,-54.83617,2.0,0.0,0.0,Com Vítimas Feridas,Sim,Ausência de reação do condutor,Queda de ocupante de veículo,Pleno dia,Céu Claro,Simples,Curva,Não,Decrescente
743537,2026-01-04,domingo,01:40:00,MG,381.0,483,betim,-19.957699,-44.079582,1.0,0.0,0.0,Com Vítimas Feridas,Sim,Acumulo de água sobre o pavimento,Colisão com objeto,Plena Noite,Chuva,Múltipla,Reta,Não,Crescente
743538,2026-01-04,domingo,06:30:00,GO,414.0,"439,3",anapolis,-16.2705,-48.939945,0.0,1.0,0.0,Com Vítimas Feridas,Sim,Pedestre andava na pista,Atropelamento de Pedestre,Pleno dia,Céu Claro,Simples,Reta;Aclive,Sim,Crescente
743539,2026-01-04,domingo,02:24:00,MG,381.0,487,betim,-19.96012,-44.08573,0.0,0.0,0.0,Sem Vítimas,Não,Ausência de reação do condutor,Capotamento,Plena Noite,Chuva,Dupla,Declive,Não,Decrescente
743540,2026-01-04,domingo,06:00:00,MG,50.0,197,delta,-19.958328,-47.80215,1.0,0.0,0.0,Com Vítimas Feridas,Sim,Reação tardia ou ineficiente do condutor,Capotamento,Amanhecer,Céu Claro,Dupla,Reta;Aclive,Não,Decrescente
743541,2026-01-04,domingo,06:40:00,PR,277.0,"670,9",medianeira,-25.27656,-54.072067,1.0,0.0,0.0,Com Vítimas Feridas,Sim,Condutor Dormindo,Colisão traseira,Pleno dia,Sol,Dupla,Aclive;Reta,Sim,Decrescente
743542,2026-01-04,domingo,05:15:00,PR,376.0,493,ponta grossa,-25.15137,-50.141644,2.0,2.0,0.0,Com Vítimas Feridas,Sim,Reação tardia ou ineficiente do condutor,Colisão com objeto,Amanhecer,Céu Claro,Dupla,Reta,Sim,Decrescente
743543,2026-01-04,domingo,08:05:00,PE,101.0,66,recife,-8.040832,-34.94262,2.0,0.0,0.0,Com Vítimas Feridas,Sim,Condutor deixou de manter distância do veículo da frente,Colisão traseira,Pleno dia,Sol,Dupla,Reta,Sim,Crescente
743544,2026-01-04,domingo,07:35:00,PR,277.0,"454,7",laranjeiras do sul,-25.374104,-52.388012,6.0,0.0,0.0,Com Vítimas Feridas,Não,Reação tardia ou ineficiente do condutor,Queda de ocupante de veículo,Pleno dia,Céu Claro,Simples,Reta;Declive,Sim,Decrescente
743545,2026-01-04,domingo,08:30:00,CE,116.0,73,chorozinho,-4.3529353,-38.463192,0.0,2.0,0.0,Com Vítimas Feridas,Sim,Acessar a via sem observar a presença dos outros veículos,Queda de ocupante de veículo,Pleno dia,Céu Claro,Simples,Reta,Não,Decrescente
743547,2026-01-04,domingo,08:30:00,PR,476.0,131,curitiba,-25.456192,-49.24879,2.0,0.0,0.0,Com Vítimas Feridas,Sim,Condutor Dormindo,Colisão com objeto,Pleno dia,Nublado,Múltipla,Curva,Sim,Crescente
743548,2026-01-04,domingo,05:00:00,GO,364.0,72,cachoeira alta,-18.63886,-51.015194,0.0,0.0,0.0,Sem Vítimas,Não,Ingestão de álcool pelo condutor,Capotamento,Amanhecer,Céu Claro,Simples,Reta,Não,Decrescente
743549,2026-01-03,sábado,21:10:00,RJ,116.0,138,mage,-22.66235,-43.083366,1.0,0.0,0.0,Com Vítimas Feridas,Sim,Chuva,Tombamento,Plena Noite,Chuva,Dupla,Reta,Sim,Crescente
743550,2026-01-04,domingo,06:18:00,MT,163.0,"100,1",rondonopolis,-16.65374,-54.68521,0.0,0.0,0.0,Sem Vítimas,Sim,Demais falhas mecânicas ou elétricas,Incêndio,Pleno dia,Céu Claro,Dupla,Reta,Não,Decrescente
743551,2026-01-04,domingo,02:45:00,BA,242.0,601,ibotirama,-12.152582,-43.18363,5.0,0.0,0.0,Com Vítimas Feridas,Sim,Reação tardia ou ineficiente do condutor,Colisão traseira,Plena Noite,Céu Claro,Simples,Reta,Não,Crescente
743552,2026-01-04,domingo,08:40:00,GO,452.0,3,rio verde,-17.802671,-50.873768,6.0,6.0,0.0,Com Vítimas Feridas,Não,Reação tardia ou ineficiente do condutor,Saída de leito carroçável,Pleno dia,Sol,Múltipla,Retorno Regulamentado;Curva,Sim,Decrescente
743553,2026-01-04,domingo,08:01:00,SP,116.0,538,barra do turvo,-24.97201,-48.351032,1.0,0.0,0.0,Com Vítimas Feridas,Sim,Reação tardia ou ineficiente do condutor,Colisão com objeto,Pleno dia,Chuva,Dupla,Curva,Não,Crescente
743554,2026-01-04,domingo,07:50:00,MG,381.0,432,santa luzia,-19.818087,-43.833755,0.0,4.0,0.0,Com Vítimas Feridas,Sim,Velocidade Incompatível,Colisão frontal,Pleno dia,Chuva,Simples,Curva,Não,Decrescente
743555,2026-01-04,domingo,08:00:00,MG,381.0,605,oliveira,-20.636711,-44.736057,12.0,0.0,0.0,Com Vítimas Feridas,Sim,Ausência de reação do condutor,Colisão com objeto,Pleno dia,Céu Claro,Dupla,Curva,Não,Decrescente
743557,2026-01-04,domingo,05:40:00,MG,381.0,"219,7",belo oriente,-19.302145,-42.382427,10.0,0.0,0.0,Com Vítimas Feridas,Sim,Condutor Dormindo,Capotamento,Amanhecer,Nublado,Simples,Curva,Não,Crescente
743558,2026-01-04,domingo,09:00:00,SC,101.0,"80,6",barra velha,-26.59933,-48.724464,2.0,0.0,0.0,Com Vítimas Feridas,Sim,Ausência de reação do condutor,Capotamento,Pleno dia,Nublado,Múltipla,Reta,Não,Decrescente
743559,2026-01-04,domingo,09:40:00,GO,60.0,119,terezopolis de goias,-16.48536,-49.09417,0.0,4.0,0.0,Com Vítimas Feridas,Sim,Ausência de reação do condutor,Colisão com objeto,Pleno dia,Céu Claro,Dupla,Reta;Declive,Sim,Decrescente
743561,2026-01-04,domingo,06:48:00,MT,163.0,942,itauba,-11.004035,-55.246307,0.0,1.0,0.0,Com Vítimas Feridas,Sim,Reação tardia ou ineficiente do condutor,Saída de leito carroçável,Amanhecer,Nublado,Simples,Reta,Não,Decrescente
743562,2026-01-03,sábado,20:00:00,MA,316.0,59,governador nunes freire,-2.0755882,-45.93629,0.0,2.0,0.0,Com Vítimas Feridas,Sim,Deficiência do Sistema de Iluminação/Sinalização,Colisão traseira,Plena Noite,Céu Claro,Simples,Reta,Não,Crescente
743563,2026-01-04,domingo,08:00:00,ES,259.0,"66,7",colatina,-19.520802,-40.712437,4.0,0.0,0.0,Com Vítimas Feridas,Sim,Velocidade Incompatível,Colisão com objeto,Pleno dia,Nublado,Simples,Reta,Não,Crescente
743564,2026-01-04,domingo,05:50:00,PI,135.0,420,redencao do gurgueia,-9.473912,-44.70725,4.0,0.0,0.0,Com Vítimas Feridas,Não,Pista Escorregadia,Capotamento,Amanhecer,Ignorado,Simples,Declive,Não,Decrescente
743568,2026-01-04,domingo,10:15:00,ES,101.0,"266,2",serra,-20.193972,-40.26884,3.0,0.0,0.0,Com Vítimas Feridas,Sim,Reação tardia ou ineficiente do condutor,Queda de ocupante de veículo,Pleno dia,Nublado,Múltipla,Curva;Interseção de Vias,Sim,Crescente
743571,2026-01-04,domingo,10:30:00,MG,40.0,587,itabirito,-20.331106,-43.926086,16.0,0.0,0.0,Com Vítimas Feridas,Não,Chuva,Colisão com objeto,Pleno dia,Chuva,Simples,Curva,Não,Decrescente
743572,2026-01-04,domingo,08:30:00,GO,70.0,59,cocalzinho de goias,-15.761014,-48.694107,0.0,0.0,0.0,Sem Vítimas,Sim,Demais falhas mecânicas ou elétricas,Incêndio,Pleno dia,Nublado,Simples,Reta,Não,Crescente
743573,2026-01-04,domingo,09:00:00,PR,116.0,17,campina grande do sul,-25.103214,-48.700806,4.0,0.0,0.0,Com Vítimas Feridas,Não,Velocidade Incompatível,Colisão com objeto,Pleno dia,Chuva,Dupla,Curva,Não,Decrescente
743574,2026-01-04,domingo,10:00:00,CE,304.0,68,aracati,-4.630705,-37.640865,2.0,2.0,0.0,Com Vítimas Feridas,Sim,Demais falhas mecânicas ou elétricas,Queda de ocupante de veículo,Pleno dia,Céu Claro,Simples,Reta,Não,Crescente
743575,2026-01-04,domingo,11:35:00,MG,381.0,521,brumadinho,-20.121868,-44.30134,3.0,0.0,0.0,Com Vítimas Feridas,Sim,Chuva,Capotamento,Pleno dia,Chuva,Dupla,Aclive;Curva,Não,Decrescente
743576,2026-01-04,domingo,11:30:00,MG,40.0,"505,7",ribeirao das neves,-19.742779,-44.14861,2.0,0.0,0.0,Com Vítimas Feridas,Sim,Chuva,Colisão transversal,Pleno dia,Chuva,Dupla,Declive;Reta,Sim,Crescente
743577,2026-01-04,domingo,10:40:00,BA,242.0,"846,5",barreiras,-12.11767,-45.21393,0.0,0.0,0.0,Sem Vítimas,Não,Condutor deixou de manter distância do veículo da frente,Capotamento,Pleno dia,Céu Claro,Simples,Reta,Não,Crescente
743578,2026-01-04,domingo,11:10:00,PR,116.0,"14,9",campina grande do sul,-25.0982,-48.680397,6.0,0.0,0.0,Com Vítimas Feridas,Não,Velocidade Incompatível,Colisão com objeto,Pleno dia,Garoa/Chuvisco,Dupla,Curva,Não,Crescente
743579,2026-01-04,domingo,11:15:00,DF,60.0,"4,7",brasilia,-15.895513,-48.103554,12.0,0.0,0.0,Com Vítimas Feridas,Não,Reação tardia ou ineficiente do condutor,Colisão com objeto,Pleno dia,Nublado,Dupla,Reta,Sim,Decrescente
743580,2026-01-04,domingo,11:00:00,AL,101.0,"208,3",sao sebastiao,-9.993021,-36.59225,4.0,0.0,0.0,Com Vítimas Feridas,Não,Ingestão de álcool pelo condutor,Queda de ocupante de veículo,Pleno dia,Céu Claro,Dupla,Reta,Não,Crescente
743581,2026-01-04,domingo,11:50:00,SP,381.0,"57,8",mairipora,-23.258142,-46.59043,2.0,0.0,0.0,Com Vítimas Feridas,Sim,Transitar no Acostamento,Colisão com objeto,Pleno dia,Sol,Dupla,Reta;Aclive,Sim,Crescente
743582,2026-01-04,domingo,08:00:00,PR,277.0,302,prudentopolis,-25.30091,-51.11594,6.0,0.0,6.0,Com Vítimas Fatais,Não,Ausência de reação do condutor,Colisão frontal,Pleno dia,Sol,Simples,Curva,Não,Crescente
743583,2026-01-04,domingo,10:45:00,MG,381.0,356,sao goncalo do rio abaixo,-19.85533,-43.22063,6.0,0.0,0.0,Com Vítimas Feridas,Não,Chuva,Saída de leito carroçável,Pleno dia,Garoa/Chuvisco,Dupla,Curva,Não,Decrescente
743584,2026-01-04,domingo,12:00:00,MG,381.0,360,sao goncalo do rio abaixo,-19.856472,-43.24324,4.0,0.0,0.0,Com Vítimas Feridas,Sim,Pista Escorregadia,Colisão com objeto,Pleno dia,Chuva,Simples,Curva,Não,Decrescente
743585,2026-01-04,domingo,11:05:00,PR,277.0,631,ceu azul,-25.122906,-53.805542,8.0,0.0,0.0,Com Vítimas Feridas,Não,Reação tardia ou ineficiente do condutor,Colisão traseira,Pleno dia,Céu Claro,Simples,Reta,Não,Crescente
743586,2026-01-04,domingo,09:55:00,MG,262.0,10,martins soares,-20.248611,-41.83678,2.0,0.0,0.0,Com Vítimas Feridas,Não,Velocidade Incompatível,Engavetamento,Pleno dia,Céu Claro,Simples,Aclive;Reta,Não,Crescente
743587,2026-01-04,domingo,07:00:00,PR,373.0,414,foz do jordao,-25.66924,-52.12288,12.0,0.0,0.0,Com Vítimas Feridas,Não,Reação tardia ou ineficiente do condutor,Saída de leito carroçável,Pleno dia,Céu Claro,Simples,Reta,Sim,Crescente
743588,2026-01-04,domingo,09:40:00,SP,116.0,546,barra do turvo,-24.9475,-48.424374,6.0,0.0,0.0,Com Vítimas Feridas,Não,Reação tardia ou ineficiente do condutor,Colisão com objeto,Pleno dia,Chuva,Múltipla,Curva;Declive,Não,Crescente
743589,2026-01-04,domingo,10:45:00,SP,116.0,536,barra do turvo,-24.97162,-48.369488,1.0,0.0,0.0,Com Vítimas Feridas,Sim,Reação tardia ou ineficiente do condutor,Capotamento,Pleno dia,Chuva,Dupla,Curva,Não,Crescente
743590,2026-01-04,domingo,09:50:00,MT,163.0,1026,terra nova do norte,-10.5705,-55.0919,6.0,0.0,0.0,Com Vítimas Feridas,Não,Avarias e/ou desgaste excessivo no pneu,Derramamento de carga,Pleno dia,Nublado,Simples,Aclive,Não,Crescente
743591,2026-01-04,domingo,12:00:00,AL,316.0,130,minador do negrao,-9.391076,-36.84027,0.0,0.0,6.0,Com Vítimas Fatais,Não,Ingestão de álcool pelo condutor,Queda de ocupante de veículo,Pleno dia,Céu Claro,Simples,Aclive,Não,Decrescente
743592,2026-01-04,domingo,12:10:00,ES,262.0,"127,4",conceicao do castelo,-20.293747,-41.237514,1.0,0.0,0.0,Com Vítimas Feridas,Sim,Ultrapassagem Indevida,Colisão lateral sentido oposto,Pleno dia,Céu Claro,Simples,Reta,Não,Crescente
743593,2026-01-04,domingo,12:35:00,BA,116.0,"403,8",feira de santana,-12.063517,-38.96994,2.0,0.0,1.0,Com Vítimas Fatais,Sim,Acessar a via sem observar a presença dos outros veículos,Atropelamento de Pedestre,Pleno dia,Céu Claro,Dupla,Reta,Não,Crescente
743594,2026-01-04,domingo,10:30:00,MT,70.0,419,campo verde,-15.762773,-55.360897,1.0,0.0,0.0,Com Vítimas Feridas,Sim,Acumulo de água sobre o pavimento,Saída de leito carroçável,Pleno dia,Chuva,Simples,Curva,Não,Crescente
743595,2026-01-04,domingo,12:15:00,SP,101.0,46,ubatuba,-23.422934,-45.073486,0.0,0.0,0.0,Sem Vítimas,Sim,Ausência de reação do condutor,Colisão traseira,Pleno dia,Chuva,Simples,Reta,Sim,Decrescente
743596,2026-01-04,domingo,11:40:00,RO,364.0,693,candeias do jamari,-8.79796,-63.71124,1.0,0.0,0.0,Com Vítimas Feridas,Sim,Ausência de reação do condutor,Colisão traseira,Pleno dia,Céu Claro,Dupla,Reta,Sim,Crescente