id,data_inversa,dia_semana,horario,uf,br,km,municipio,latitude,longitude,feridos_leves,feridos_graves,mortos,classificacao_acidente,causa_principal,causa_acidente,tipo_acidente,fase_dia,condicao_metereologica,tipo_pista,tracado_via,uso_solo,sentido_via
743597,2026-01-04,domingo,11:20:00,SP,101.0,50,ubatuba,-23.449411,-45.07829,9.0,0.0,0.0,Com Vítimas Feridas,Não,Reação tardia ou ineficiente do condutor,Queda de ocupante de veículo,Pleno dia,Chuva,Simples,Reta,Sim,Crescente
743598,2026-01-04,domingo,12:00:00,MA,316.0,268,santa ines,-3.691881,-45.330696,2.0,0.0,0.0,Com Vítimas Feridas,Sim,Acostamento em desnível,Tombamento,Pleno dia,Céu Claro,Simples,Reta,Não,Decrescente
743599,2026-01-04,domingo,12:00:00,DF,60.0,"7,3",brasilia,-15.901885,-48.12632,4.0,0.0,0.0,Com Vítimas Feridas,Não,Acesso irregular,Saída de leito carroçável,Pleno dia,Céu Claro,Dupla,Reta,Não,Crescente
743600,2026-01-04,domingo,12:20:00,BA,242.0,"749,6",cristopolis,-12.225389,-44.43089,2.0,0.0,0.0,Com Vítimas Feridas,Sim,Acessar a via sem observar a presença dos outros veículos,Saída de leito carroçável,Pleno dia,Céu Claro,Simples,Reta,Não,Decrescente
743601,2026-01-04,domingo,13:20:00,RS,158.0,265,julio de castilhos,-29.254082,-53.664757,0.0,0.0,0.0,Sem Vítimas,Sim,Acessar a via sem observar a presença dos outros veículos,Colisão transversal,Pleno dia,Céu Claro,Simples,Reta,Não,Crescente
743602,2026-01-04,domingo,12:30:00,GO,70.0,312,jussara,-15.8739,-50.858234,0.0,9.0,0.0,Com Vítimas Feridas,Não,Desrespeitar a preferência no cruzamento,Queda de ocupante de veículo,Pleno dia,Nublado,Dupla,Reta;Interseção de Vias,Sim,Crescente
743603,2026-01-04,domingo,13:40:00,MG,40.0,662,carandai,-20.9167,-43.825104,2.0,0.0,0.0,Com Vítimas Feridas,Sim,Retorno proibido,Colisão transversal,Pleno dia,Chuva,Simples,Curva,Não,Decrescente
743604,2026-01-04,domingo,13:30:00,PE,101.0,70,recife,-8.07197,-34.93892,0.0,0.0,2.0,Com Vítimas Fatais,Não,Retorno proibido,Colisão transversal,Pleno dia,Céu Claro,Dupla,Reta,Sim,Decrescente
743605,2026-01-04,domingo,12:45:00,RJ,101.0,263,rio bonito,-22.718359,-42.63147,4.0,0.0,0.0,Com Vítimas Feridas,Não,Chuva,Colisão traseira,Pleno dia,Chuva,Dupla,Reta,Sim,Crescente
743606,2026-01-04,domingo,12:24:00,MG,40.0,"645,5",cristiano otoni,-20.790747,-43.81062,1.0,0.0,0.0,Com Vítimas Feridas,Sim,Condutor Dormindo,Saída de leito carroçável,Pleno dia,Garoa/Chuvisco,Simples,Reta,Não,Decrescente
743607,2026-01-04,domingo,11:00:00,GO,70.0,433,aragarcas,-15.910489,-52.12944,12.0,0.0,0.0,Com Vítimas Feridas,Sim,Conversão proibida,Saída de leito carroçável,Pleno dia,Nublado,Simples,Aclive,Não,Crescente
743608,2026-01-03,sábado,23:00:00,GO,60.0,378,rio verde,-17.771557,-50.885128,0.0,0.0,0.0,Sem Vítimas,Sim,Reação tardia ou ineficiente do condutor,Saída de leito carroçável,Plena Noite,Ignorado,Dupla,Curva,Sim,Decrescente
743609,2026-01-04,domingo,13:58:00,MG,262.0,380,mateus leme,-19.922821,-44.46528,0.0,2.0,0.0,Com Vítimas Feridas,Sim,Ausência de reação do condutor,Colisão com objeto,Pleno dia,Chuva,Dupla,Curva,Não,Crescente
743610,2026-01-04,domingo,13:50:00,SP,116.0,"142,9",sao jose dos campos,-23.171438,-45.824005,2.0,0.0,0.0,Com Vítimas Feridas,Sim,Reação tardia ou ineficiente do condutor,Queda de ocupante de veículo,Pleno dia,Nublado,Dupla,Reta,Não,Crescente
743611,2026-01-04,domingo,10:20:00,MG,50.0,206,delta,-19.973677,-47.79035,0.0,2.0,0.0,Com Vítimas Feridas,Sim,Velocidade Incompatível,Capotamento,Pleno dia,Céu Claro,Dupla,Declive;Curva,Não,Crescente
743612,2026-01-04,domingo,14:30:00,GO,153.0,"629,7",morrinhos,-17.786287,-49.1909,2.0,0.0,0.0,Com Vítimas Feridas,Não,Condutor deixou de manter distância do veículo da frente,Colisão traseira,Pleno dia,Nublado,Dupla,Reta;Aclive,Não,Crescente
743614,2026-01-04,domingo,10:45:00,PR,277.0,"481,8",nova laranjeiras,-25.28056,-52.58906,0.0,0.0,0.0,Sem Vítimas,Sim,Ingestão de álcool pelo condutor,Saída de leito carroçável,Pleno dia,Céu Claro,Simples,Curva,Não,Decrescente
743615,2026-01-04,domingo,12:30:00,ES,101.0,5,iconha,-20.803589,-40.813828,0.0,0.0,0.0,Sem Vítimas,Sim,Demais falhas mecânicas ou elétricas,Incêndio,Pleno dia,Nublado,Dupla,Reta,Não,Crescente
743616,2026-01-04,domingo,14:55:00,SP,116.0,74,aparecida,-22.873398,-45.253628,12.0,0.0,0.0,Com Vítimas Feridas,Não,Condutor deixou de manter distância do veículo da frente,Queda de ocupante de veículo,Pleno dia,Nublado,Dupla,Reta,Não,Crescente
743618,2026-01-04,domingo,06:50:00,MG,365.0,787,ituiutaba,-18.946852,-49.772552,1.0,0.0,0.0,Com Vítimas Feridas,Sim,Avarias e/ou desgaste excessivo no pneu,Saída de leito carroçável,Pleno dia,Céu Claro,Simples,Ponte;Reta,Não,Crescente
743619,2026-01-04,domingo,14:40:00,MG,381.0,360,sao goncalo do rio abaixo,-19.8544,-43.245953,6.0,0.0,0.0,Com Vítimas Feridas,Sim,Pista Escorregadia,Colisão com objeto,Pleno dia,Chuva,Múltipla,Curva,Não,Decrescente
743620,2026-01-04,domingo,14:40:00,GO,20.0,127,flores de goias,-14.848508,-46.76174,2.0,0.0,0.0,Com Vítimas Feridas,Sim,Chuva,Colisão com objeto,Pleno dia,Chuva,Simples,Reta,Não,Decrescente
743621,2026-01-04,domingo,15:00:00,MG,381.0,"646,8",santo antonio do amparo,-20.948774,-44.884895,2.0,0.0,0.0,Com Vítimas Feridas,Sim,Reação tardia ou ineficiente do condutor,Capotamento,Pleno dia,Nublado,Dupla,Curva,Não,Decrescente
743622,2026-01-04,domingo,14:30:00,AL,101.0,165,campo alegre,-9.90025,-36.26695,12.0,4.0,0.0,Com Vítimas Feridas,Não,Acostamento em desnível,Colisão com objeto,Pleno dia,Céu Claro,Dupla,Reta,Não,Crescente
743623,2026-01-03,sábado,04:00:00,MA,402.0,131,primeira cruz,-2.78878,-43.30933,2.0,0.0,0.0,Com Vítimas Feridas,Sim,Reação tardia ou ineficiente do condutor,Capotamento,Pleno dia,Céu Claro,Simples,Reta,Não,Decrescente
743624,2026-01-04,domingo,13:50:00,MG,381.0,"592,7",carmopolis de minas,-20.561804,-44.6647,3.0,0.0,0.0,Com Vítimas Feridas,Sim,Ausência de reação do condutor,Capotamento,Pleno dia,Nublado,Dupla,Curva,Não,Decrescente
743625,2026-01-04,domingo,13:45:00,MA,226.0,"0,9",timon,-5.132985,-42.823265,3.0,0.0,0.0,Com Vítimas Feridas,Sim,Conversão proibida,Queda de ocupante de veículo,Pleno dia,Céu Claro,Dupla,Reta,Sim,Crescente
743626,2026-01-04,domingo,14:00:00,MS,163.0,629,sao gabriel do oeste,-19.291765,-54.637184,0.0,0.0,0.0,Sem Vítimas,Sim,Demais falhas mecânicas ou elétricas,Incêndio,Pleno dia,Céu Claro,Dupla,Reta,Não,Crescente
743627,2026-01-04,domingo,14:00:00,BA,324.0,590,candeias,-12.681897,-38.46699,1.0,0.0,0.0,Com Vítimas Feridas,Sim,Ausência de reação do condutor,Capotamento,Pleno dia,Céu Claro,Dupla,Reta,Não,Decrescente
743628,2026-01-04,domingo,14:55:00,MG,116.0,"584,2",manhuacu,-20.223526,-42.178886,8.0,4.0,0.0,Com Vítimas Feridas,Não,Chuva,Colisão traseira,Pleno dia,Chuva,Simples,Declive;Curva,Não,Decrescente
743629,2026-01-04,domingo,15:56:00,BA,242.0,"885,4",barreiras,-12.066139,-45.57807,12.0,0.0,0.0,Com Vítimas Feridas,Não,Acesso irregular,Saída de leito carroçável,Pleno dia,Céu Claro,Simples,Reta,Sim,Decrescente
743630,2026-01-04,domingo,15:50:00,SC,101.0,131,balneario camboriu,-26.988876,-48.664303,4.0,0.0,0.0,Com Vítimas Feridas,Sim,Avarias e/ou desgaste excessivo no pneu,Queda de ocupante de veículo,Pleno dia,Nublado,Dupla,Reta,Sim,Decrescente
743631,2026-01-04,domingo,15:55:00,PR,277.0,"641,8",ceu azul,-25.169792,-53.859173,2.0,2.0,0.0,Com Vítimas Feridas,Sim,Reação tardia ou ineficiente do condutor,Saída de leito carroçável,Pleno dia,Céu Claro,Simples,Reta,Não,Crescente
743632,2026-01-04,domingo,14:00:00,RJ,116.0,"308,1",resende,-22.457756,-44.4204,3.0,0.0,0.0,Com Vítimas Feridas,Sim,Reação tardia ou ineficiente do condutor,Colisão com objeto,Pleno dia,Céu Claro,Simples,Reta,Não,Crescente
743633,2026-01-04,domingo,15:50:00,GO,50.0,221,campo alegre de goias,-17.731892,-47.727234,0.0,0.0,0.0,Sem Vítimas,Sim,Chuva,Saída de leito carroçável,Pleno dia,Chuva,Dupla,Curva,Não,Decrescente
743635,2026-01-04,domingo,09:15:00,RJ,116.0,102,guapimirim,-22.485834,-43.000618,0.0,1.0,0.0,Com Vítimas Feridas,Sim,Velocidade Incompatível,Colisão frontal,Pleno dia,Nublado,Simples,Curva,Não,Decrescente
743636,2026-01-04,domingo,14:45:00,SC,116.0,221,correia pinto,-27.580448,-50.36816,0.0,0.0,0.0,Sem Vítimas,Não,Reação tardia ou ineficiente do condutor,Colisão traseira,Pleno dia,Céu Claro,Simples,Rotatória,Sim,Crescente
743637,2026-01-04,domingo,12:00:00,RR,174.0,230,rorainopolis,1.0976617,-60.38937,0.0,0.0,0.0,Sem Vítimas,Não,Pista esburacada,Derramamento de carga,Pleno dia,Sol,Simples,Reta,Não,Crescente
743638,2026-01-03,sábado,19:15:00,RJ,101.0,542,paraty,-23.04509,-44.59207,1.0,0.0,0.0,Com Vítimas Feridas,Sim,Ausência de reação do condutor,Colisão com objeto,Plena Noite,Nublado,Dupla,Reta,Sim,Decrescente
743639,2026-01-04,domingo,15:50:00,PE,101.0,"0,1",goiana,-7.5023694,-34.986103,2.0,2.0,0.0,Com Vítimas Feridas,Sim,Velocidade Incompatível,Colisão transversal,Pleno dia,Céu Claro,Dupla,Curva,Não,Decrescente
743640,2026-01-04,domingo,16:00:00,MG,381.0,589,carmopolis de minas,-20.541431,-44.6438,0.0,0.0,0.0,Sem Vítimas,Sim,Ausência de reação do condutor,Capotamento,Pleno dia,Nublado,Dupla,Reta,Sim,Decrescente
743642,2026-01-04,domingo,11:00:00,RJ,40.0,111,duque de caxias,-22.694727,-43.287952,1.0,0.0,0.0,Com Vítimas Feridas,Sim,Ausência de reação do condutor,Queda de ocupante de veículo,Pleno dia,Garoa/Chuvisco,Dupla,Reta,Sim,Decrescente
743643,2026-01-04,domingo,08:30:00,BA,349.0,1023,correntina,-13.625032,-45.370846,12.0,0.0,0.0,Com Vítimas Feridas,Sim,Ausência de reação do condutor,Colisão com objeto,Pleno dia,Céu Claro,Simples,Reta,Não,Crescente
743644,2026-01-04,domingo,17:00:00,RS,290.0,"15,2",santo antonio da patrulha,-29.87092,-50.41714,2.0,0.0,0.0,Com Vítimas Feridas,Sim,Manobra de mudança de faixa,Queda de ocupante de veículo,Pleno dia,Céu Claro,Dupla,Reta,Não,Crescente
743645,2026-01-04,domingo,16:00:00,RO,364.0,"197,8",pimenta bueno,-11.672328,-61.190975,2.0,0.0,0.0,Com Vítimas Feridas,Sim,Reação tardia ou ineficiente do condutor,Queda de ocupante de veículo,Pleno dia,Céu Claro,Simples,Interseção de Vias;Reta,Sim,Decrescente
743646,2026-01-04,domingo,16:18:00,RS,470.0,240,barao,-29.354214,-51.514828,0.0,8.0,0.0,Com Vítimas Feridas,Não,Velocidade Incompatível,Queda de ocupante de veículo,Pleno dia,Céu Claro,Simples,Curva,Não,Crescente
743647,2026-01-04,domingo,16:43:00,PR,376.0,"637,7",tijucas do sul,-25.769287,-49.123005,2.0,0.0,0.0,Com Vítimas Feridas,Não,Condutor deixou de manter distância do veículo da frente,Engavetamento,Pleno dia,Céu Claro,Dupla,Aclive,Não,Decrescente
743648,2026-01-04,domingo,16:30:00,SC,470.0,79,rodeio,-26.951351,-49.303307,1.0,0.0,0.0,Com Vítimas Feridas,Sim,Reação tardia ou ineficiente do condutor,Colisão lateral mesmo sentido,Pleno dia,Céu Claro,Simples,Reta,Não,Crescente
743649,2026-01-04,domingo,16:10:00,MS,163.0,653,rio verde de mato grosso,-19.125162,-54.75558,4.0,0.0,0.0,Com Vítimas Feridas,Sim,Avarias e/ou desgaste excessivo no pneu,Queda de ocupante de veículo,Pleno dia,Sol,Dupla,Reta,Não,Crescente
743650,2026-01-04,domingo,12:30:00,RJ,356.0,113,cardoso moreira,-21.585814,-41.440292,2.0,0.0,0.0,Com Vítimas Feridas,Não,Acumulo de areia ou detritos sobre o pavimento,Queda de ocupante de veículo,Pleno dia,Chuva,Simples,Curva,Não,Crescente
743651,2026-01-04,domingo,16:40:00,SC,101.0,"54,8",joinville,-26.41565,-48.834995,12.0,0.0,0.0,Com Vítimas Feridas,Não,Ausência de reação do condutor,Capotamento,Pleno dia,Céu Claro,Dupla,Curva;Declive,Não,Decrescente
743652,2026-01-04,domingo,16:40:00,RS,392.0,26,rio grande,-32.079666,-52.255096,0.0,1.0,0.0,Com Vítimas Feridas,Sim,Animais na Pista,Queda de ocupante de veículo,Pleno dia,Céu Claro,Dupla,Reta,Sim,Crescente
743653,2026-01-04,domingo,17:00:00,RN,101.0,44,ceara-mirim,-5.4832172,-35.324757,3.0,0.0,0.0,Com Vítimas Feridas,Sim,Desrespeitar a preferência no cruzamento,Colisão transversal,Pleno dia,Sol,Simples,Interseção de Vias;Reta,Não,Crescente
743654,2026-01-04,domingo,16:00:00,MG,381.0,420,caete,-19.788927,-43.672134,3.0,0.0,0.0,Com Vítimas Feridas,Sim,Condutor deixou de manter distância do veículo da frente,Colisão traseira,Pleno dia,Garoa/Chuvisco,Dupla,Curva,Não,Crescente
743655,2026-01-04,domingo,16:35:00,GO,50.0,173,campo alegre de goias,-17.356453,-47.78991,0.0,4.0,0.0,Com Vítimas Feridas,Não,Condutor Dormindo,Capotamento,Pleno dia,Garoa/Chuvisco,Dupla,Reta,Não,Crescente
743656,2026-01-04,domingo,09:00:00,BA,324.0,583,candeias,-12.626515,-38.48071,6.0,0.0,0.0,Com Vítimas Feridas,Não,Pista esburacada,Tombamento,Pleno dia,Céu Claro,Múltipla,Curva,Não,Crescente
743657,2026-01-04,domingo,16:00:00,PB,230.0,100,gurinhem,-7.199275,-35.492847,0.0,0.0,0.0,Sem Vítimas,Não,Velocidade Incompatível,Colisão traseira,Pleno dia,Céu Claro,Dupla,Reta,Não,Crescente
743658,2026-01-04,domingo,17:08:00,MG,116.0,"94,9",medina,-16.39024,-41.47286,3.0,0.0,0.0,Com Vítimas Feridas,Não,Chuva,Saída de leito carroçável,Pleno dia,Garoa/Chuvisco,Simples,Curva,Não,Decrescente
743659,2026-01-04,domingo,15:10:00,RJ,101.0,434,mangaratiba,-22.937418,-44.046978,0.0,10.0,0.0,Com Vítimas Feridas,Não,Chuva,Colisão frontal,Pleno dia,Chuva,Simples,Declive;Curva,Sim,Crescente
743660,2026-01-04,domingo,17:40:00,ES,101.0,"6,9",serra,-20.116165,-40.343426,1.0,1.0,0.0,Com Vítimas Feridas,Sim,Acessar a via sem observar a presença dos outros veículos,Colisão traseira,Anoitecer,Céu Claro,Dupla,Rotatória;Reta,Não,Crescente
743661,2026-01-04,domingo,16:50:00,MS,163.0,"400,3",nova alvorada do sul,-21.16275,-54.47554,16.0,6.0,2.0,Com Vítimas Fatais,Não,Ultrapassagem Indevida,Colisão frontal,Pleno dia,Sol,Simples,Reta,Não,Crescente
743662,2026-01-04,domingo,16:30:00,BA,324.0,531,feira de santana,-12.338996,-38.84594,1.0,0.0,0.0,Com Vítimas Feridas,Sim,Chuva,Queda de ocupante de veículo,Pleno dia,Chuva,Dupla,Reta,Não,Decrescente
743663,2026-01-04,domingo,16:35:00,MT,70.0,379,campo verde,-15.560657,-55.172688,0.0,0.0,0.0,Sem Vítimas,Sim,Reação tardia ou ineficiente do condutor,Colisão traseira,Pleno dia,Céu Claro,Simples,Reta,Sim,Crescente
743664,2026-01-04,domingo,17:20:00,PR,116.0,83,piraquara,-25.439375,-49.092014,12.0,0.0,0.0,Com Vítimas Feridas,Não,Ausência de reação do condutor,Capotamento,Pleno dia,Céu Claro,Dupla,Curva,Não,Crescente
743665,2026-01-04,domingo,17:50:00,MG,381.0,"479,8",contagem,-19.962284,-44.04979,12.0,6.0,0.0,Com Vítimas Feridas,Não,Velocidade Incompatível,Colisão com objeto,Pleno dia,Nublado,Dupla,Reta;Aclive,Sim,Crescente
743666,2026-01-04,domingo,16:00:00,PR,116.0,"18,8",colombo,-25.387224,-49.177475,0.0,0.0,0.0,Sem Vítimas,Não,Acessar a via sem observar a presença dos outros veículos,Colisão lateral mesmo sentido,Pleno dia,Céu Claro,Dupla,Reta,Sim,Crescente
743668,2026-01-04,domingo,16:50:00,GO,20.0,"110,8",flores de goias,-14.899636,-46.90645,1.0,0.0,0.0,Com Vítimas Feridas,Sim,Ausência de reação do condutor,Engavetamento,Pleno dia,Nublado,Simples,Reta,Não,Decrescente
743669,2026-01-04,domingo,12:00:00,MT,163.0,873,sinop,-11.541168,-55.393497,6.0,0.0,0.0,Com Vítimas Feridas,Não,Pista Escorregadia,Saída de leito carroçável,Pleno dia,Chuva,Simples,Curva;Declive,Não,Crescente
743670,2026-01-04,domingo,18:00:00,PI,316.0,392,alegrete do piaui,-7.2307982,-40.87157,2.0,0.0,0.0,Com Vítimas Feridas,Sim,Condutor Dormindo,Colisão lateral sentido oposto,Plena Noite,Céu Claro,Simples,Reta,Não,Crescente
743671,2026-01-04,domingo,17:00:00,BA,235.0,"171,3",canudos,-9.907528,-39.029167,2.0,0.0,0.0,Com Vítimas Feridas,Não,Acessar a via sem observar a presença dos outros veículos,Colisão lateral mesmo sentido,Pleno dia,Céu Claro,Dupla,Retorno Regulamentado,Não,Crescente
743672,2026-01-04,domingo,18:10:00,DF,20.0,"12,9",brasilia,-15.63861,-47.748653,0.0,6.0,0.0,Com Vítimas Feridas,Não,Condutor deixou de manter distância do veículo da frente,Queda de ocupante de veículo,Pleno dia,Nublado,Dupla,Reta,Sim,Decrescente
743673,2026-01-04,domingo,16:30:00,MG,40.0,"619,7",congonhas,-20.578526,-43.808193,0.0,2.0,0.0,Com Vítimas Feridas,Sim,Velocidade Incompatível,Colisão com objeto,Pleno dia,Garoa/Chuvisco,Simples,Curva,Não,Decrescente
743674,2026-01-03,sábado,19:00:00,MS,267.0,410,maracaju,-21.630634,-55.57395,0.0,2.0,0.0,Com Vítimas Feridas,Sim,Ausência de reação do condutor,Capotamento,Plena Noite,Céu Claro,Simples,Reta,Não,Crescente
743675,2026-01-04,domingo,19:00:00,RS,290.0,"30,2",santo antonio da patrulha,-29.884056,-50.564384,1.0,0.0,0.0,Com Vítimas Feridas,Sim,Demais falhas mecânicas ou elétricas,Queda de ocupante de veículo,Pleno dia,Céu Claro,Múltipla,Reta,Não,Crescente
743676,2026-01-04,domingo,18:45:00,PE,101.0,9,goiana,-7.579988,-34.988285,6.0,0.0,0.0,Com Vítimas Feridas,Não,Acessar a via sem observar a presença dos outros veículos,Colisão transversal,Plena Noite,Céu Claro,Dupla,Reta,Não,Crescente
743677,2026-01-04,domingo,18:20:00,TO,153.0,333,guarai,-8.829588,-48.512215,1.0,0.0,0.0,Com Vítimas Feridas,Sim,Acessar a via sem observar a presença dos outros veículos,Colisão transversal,Anoitecer,Nublado,Dupla,Interseção de Vias,Sim,Crescente
743679,2026-01-04,domingo,17:20:00,RS,116.0,429,cristal,-31.016768,-52.053215,4.0,0.0,0.0,Com Vítimas Feridas,Sim,Ausência de reação do condutor,Queda de ocupante de veículo,Pleno dia,Céu Claro,Simples,Reta,Não,Decrescente
743680,2026-01-04,domingo,18:40:00,SC,101.0,"23,9",joinville,-26.17448,-48.90757,2.0,0.0,0.0,Com Vítimas Feridas,Sim,Avarias e/ou desgaste excessivo no pneu,Queda de ocupante de veículo,Anoitecer,Nublado,Dupla,Curva,Não,Crescente
743681,2026-01-04,domingo,17:00:00,RN,226.0,"201,2",tenente laurentino cruz,-6.2189746,-36.709484,0.0,0.0,8.0,Com Vítimas Fatais,Não,Velocidade Incompatível,Queda de ocupante de veículo,Pleno dia,Céu Claro,Simples,Reta,Não,Crescente
743682,2026-01-04,domingo,18:45:00,SC,101.0,"21,3",biguacu,-27.500467,-48.714558,0.0,1.0,0.0,Com Vítimas Feridas,Sim,Velocidade Incompatível,Colisão com objeto,Anoitecer,Nublado,Dupla,Curva,Não,Decrescente
743683,2026-01-04,domingo,17:45:00,MG,381.0,925,itapeva,-22.770752,-46.20087,0.0,8.0,8.0,Com Vítimas Fatais,Não,Reação tardia ou ineficiente do condutor,Queda de ocupante de veículo,Pleno dia,Nublado,Dupla,Declive;Curva,Não,Decrescente
743684,2026-01-04,domingo,18:03:00,MT,364.0,354,santo antonio do leverger,-15.811393,-55.37412,4.0,0.0,0.0,Com Vítimas Feridas,Não,Pista Escorregadia,Colisão com objeto,Plena Noite,Chuva,Dupla,Reta,Não,Crescente
743686,2026-01-04,domingo,16:40:00,PR,277.0,"279,1",prudentopolis,-25.359392,-50.91716,0.0,1.0,0.0,Com Vítimas Feridas,Sim,Acessar a via sem observar a presença dos outros veículos,Colisão transversal,Pleno dia,Céu Claro,Simples,Curva,Não,Decrescente
743687,2026-01-04,domingo,19:05:00,CE,20.0,"305,8",caninde,-4.368357,-39.303013,0.0,0.0,2.0,Com Vítimas Fatais,Sim,Transitar na contramão,Tombamento,Plena Noite,Céu Claro,Simples,Aclive;Curva,Não,Crescente
743688,2026-01-04,domingo,16:30:00,MG,365.0,460,patrocinio,-18.868698,-46.89986,6.0,2.0,0.0,Com Vítimas Feridas,Não,Condutor deixou de manter distância do veículo da frente,Colisão frontal,Pleno dia,Céu Claro,Simples,Reta,Não,Decrescente
743690,2026-01-04,domingo,18:15:00,PE,232.0,180,belo jardim,-8.345906,-36.43583,0.0,2.0,2.0,Com Vítimas Fatais,Sim,Transitar na contramão,Queda de ocupante de veículo,Plena Noite,Céu Claro,Simples,Reta,Sim,Crescente
743691,2026-01-04,domingo,08:15:00,PR,116.0,14,campina grande do sul,-25.099625,-48.675774,6.0,0.0,0.0,Com Vítimas Feridas,Não,Acumulo de água sobre o pavimento,Capotamento,Pleno dia,Garoa/Chuvisco,Dupla,Curva,Não,Decrescente
743692,2026-01-04,domingo,19:30:00,SC,282.0,19,palhoca,-27.676134,-48.696964,1.0,0.0,0.0,Com Vítimas Feridas,Sim,Conversão proibida,Colisão transversal,Plena Noite,Céu Claro,Simples,Curva,Sim,Decrescente
743693,2026-01-04,domingo,16:40:00,SE,235.0,49,itabaiana,-10.707054,-37.426525,0.0,4.0,0.0,Com Vítimas Feridas,Não,Reação tardia ou ineficiente do condutor,Queda de ocupante de veículo,Pleno dia,Céu Claro,Simples,Reta,Sim,Crescente
743694,2026-01-04,domingo,18:50:00,MT,364.0,"54,3",alto garcas,-16.944332,-53.53308,2.0,0.0,0.0,Com Vítimas Feridas,Sim,Curva acentuada,Capotamento,Plena Noite,Céu Claro,Simples,Curva,Não,Crescente
743695,2026-01-04,domingo,19:35:00,MT,70.0,238,poxoreu,-15.622713,-54.02637,4.0,4.0,0.0,Com Vítimas Feridas,Sim,Avarias e/ou desgaste excessivo no pneu,Queda de ocupante de veículo,Plena Noite,Céu Claro,Simples,Reta,Não,Crescente
743696,2026-01-04,domingo,20:00:00,SP,116.0,"145,3",sao jose dos campos,-23.189177,-45.859337,5.0,0.0,0.0,Com Vítimas Feridas,Sim,Reação tardia ou ineficiente do condutor,Colisão lateral mesmo sentido,Plena Noite,Céu Claro,Dupla,Reta,Não,Decrescente
743697,2026-01-04,domingo,16:15:00,SC,282.0,324,campos novos,-27.374758,-51.066463,0.0,1.0,0.0,Com Vítimas Feridas,Sim,Velocidade Incompatível,Tombamento,Pleno dia,Nublado,Simples,Interseção de Vias,Não,Decrescente
743698,2026-01-04,domingo,20:50:00,RS,392.0,109,cangucu,-31.470823,-52.629986,6.0,0.0,0.0,Com Vítimas Feridas,Não,Ingestão de álcool pelo condutor,Eventos atípicos,Plena Noite,Céu Claro,Dupla,Reta,Não,Crescente
743699,2026-01-04,domingo,19:30:00,RO,364.0,"177,7",pimenta bueno,-11.793367,-61.060795,8.0,0.0,0.0,Com Vítimas Feridas,Não,Reação tardia ou ineficiente do condutor,Capotamento,Plena Noite,Nublado,Simples,Reta,Não,Crescente
743700,2026-01-04,domingo,20:10:00,PE,101.0,"70,7",recife,-8.072388,-34.942776,2.0,0.0,0.0,Com Vítimas Feridas,Sim,Condutor deixou de manter distância do veículo da frente,Queda de ocupante de veículo,Plena Noite,Céu Claro,Dupla,Reta,Sim,Crescente
743701,2026-01-04,domingo,20:30:00,PR,153.0,"45,1",santo antonio da platina,-23.325603,-50.067085,1.0,0.0,0.0,Com Vítimas Feridas,Sim,Animais na Pista,Atropelamento de Animal,Plena Noite,Céu Claro,Simples,Reta,Não,Crescente
743702,2026-01-04,domingo,19:00:00,MG,116.0,"189,7",carai,-17.16018,-41.495544,3.0,3.0,9.0,Com Vítimas Fatais,Não,Velocidade Incompatível,Colisão frontal,Plena Noite,Chuva,Simples,Aclive;Curva,Não,Crescente
743703,2026-01-04,domingo,18:46:00,PI,343.0,"345,9",teresina,-5.110915,-42.77078,12.0,0.0,0.0,Com Vítimas Feridas,Não,Ausência de sinalização,Queda de ocupante de veículo,Plena Noite,Céu Claro,Simples,Reta,Sim,Decrescente
743704,2026-01-04,domingo,19:50:00,SP,116.0,450,registro,-24.536652,-47.85894,48.0,0.0,0.0,Com Vítimas Feridas,Não,Velocidade Incompatível,Saída de leito carroçável,Plena Noite,Nublado,Dupla,Reta,Sim,Decrescente
743707,2026-01-04,domingo,20:00:00,RJ,101.0,276,tangua,-22.738623,-42.74111,0.0,3.0,0.0,Com Vítimas Feridas,Sim,Condutor deixou de manter distância do veículo da frente,Queda de ocupante de veículo,Anoitecer,Chuva,Dupla,Reta,Não,Decrescente
743708,2026-01-04,domingo,17:45:00,SC,280.0,"4,6",sao francisco do sul,-26.25766,-48.62316,0.0,3.0,0.0,Com Vítimas Feridas,Sim,Desrespeitar a preferência no cruzamento,Queda de ocupante de veículo,Anoitecer,Chuva,Simples,Rotatória,Não,Crescente
743710,2026-01-04,domingo,21:10:00,ES,262.0,"186,1",iuna,-20.309063,-41.713673,0.0,1.0,1.0,Com Vítimas Fatais,Sim,Ingestão de álcool pelo condutor,Colisão frontal,Plena Noite,Chuva,Simples,Reta,Não,Crescente
743711,2026-01-04,domingo,17:10:00,MT,163.0,1025,peixoto de azevedo,-10.273424,-55.012974,3.0,0.0,0.0,Com Vítimas Feridas,Não,Objeto estático sobre o leito carroçável,Engavetamento,Pleno dia,Nublado,Simples,Declive;Reta,Não,Crescente
743712,2026-01-04,domingo,21:20:00,MA,10.0,251,imperatriz,-5.538282,-47.46739,4.0,0.0,0.0,Com Vítimas Feridas,Não,Iluminação deficiente,Queda de ocupante de veículo,Plena Noite,Céu Claro,Simples,Reta,Sim,Crescente