id,data_inversa,dia_semana,horario,uf,br,km,municipio,latitude,longitude,feridos_leves,feridos_graves,mortos,classificacao_acidente,causa_principal,causa_acidente,tipo_acidente,fase_dia,condicao_metereologica,tipo_pista,tracado_via,uso_solo,sentido_via
743713,2026-01-04,domingo,19:50:00,RJ,393.0,281,volta redonda,-22.473734,-44.061512,0.0,0.0,0.0,Sem Vítimas,Sim,Ingestão de álcool pelo condutor,Colisão traseira,Plena Noite,Céu Claro,Simples,Aclive;Reta;Interseção de Vias,Sim,Crescente
743714,2026-01-04,domingo,22:10:00,ES,101.0,128,sooretama,-19.210997,-40.094692,0.0,0.0,6.0,Com Vítimas Fatais,Não,Chuva,Colisão frontal,Plena Noite,Chuva,Simples,Declive;Reta,Não,Decrescente
743715,2026-01-04,domingo,08:00:00,MG,381.0,"378,9",sao goncalo do rio abaixo,-19.827818,-43.382572,0.0,1.0,0.0,Com Vítimas Feridas,Sim,Chuva,Colisão lateral sentido oposto,Pleno dia,Chuva,Simples,Curva,Não,Decrescente
743716,2026-01-04,domingo,22:40:00,SC,101.0,124,itajai,-26.939848,-48.695225,0.0,12.0,0.0,Com Vítimas Feridas,Não,Ausência de reação do condutor,Queda de ocupante de veículo,Plena Noite,Nublado,Múltipla,Reta,Sim,Decrescente
743717,2026-01-04,domingo,16:20:00,PI,343.0,97,caraubas do piaui,-3.5506,-41.71067,4.0,4.0,0.0,Com Vítimas Feridas,Não,Velocidade Incompatível,Colisão com objeto,Pleno dia,Céu Claro,Simples,Aclive;Reta,Não,Decrescente
743718,2026-01-04,domingo,06:45:00,MG,381.0,371,sao goncalo do rio abaixo,-19.838737,-43.339005,4.0,0.0,0.0,Com Vítimas Feridas,Sim,Pista Escorregadia,Tombamento,Pleno dia,Chuva,Simples,Aclive;Curva,Não,Decrescente
743719,2026-01-04,domingo,20:10:00,RR,401.0,97,bonfim,3.269325,-60.02179,0.0,0.0,0.0,Sem Vítimas,Sim,Animais na Pista,Atropelamento de Animal,Plena Noite,Céu Claro,Simples,Reta,Não,Crescente
743720,2026-01-04,domingo,18:33:00,MT,174.0,443,nova lacerda,-14.061291,-59.7436,6.0,0.0,0.0,Com Vítimas Feridas,Não,Reação tardia ou ineficiente do condutor,Queda de ocupante de veículo,Anoitecer,Céu Claro,Simples,Reta,Não,Crescente
743721,2026-01-04,domingo,22:50:00,SP,116.0,"213,9",guarulhos,-23.44238,-46.444477,2.0,0.0,0.0,Com Vítimas Feridas,Sim,Reação tardia ou ineficiente do condutor,Queda de ocupante de veículo,Plena Noite,Nublado,Múltipla,Reta,Sim,Crescente
743722,2026-01-04,domingo,21:05:00,RS,290.0,"402,7",santa margarida do sul,-30.3588,-54.173473,0.0,0.0,3.0,Com Vítimas Fatais,Sim,Transitar na contramão,Queda de ocupante de veículo,Plena Noite,Céu Claro,Simples,Curva,Não,Crescente
743724,2026-01-04,domingo,21:20:00,ES,262.0,47,marechal floriano,-20.412329,-40.685413,1.0,0.0,0.0,Com Vítimas Feridas,Sim,Conversão proibida,Colisão lateral mesmo sentido,Plena Noite,Chuva,Simples,Reta;Aclive,Não,Crescente
743725,2026-01-04,domingo,19:40:00,PR,163.0,143,capitao leonidas marques,-25.454039,-53.581547,4.0,0.0,4.0,Com Vítimas Fatais,Não,Velocidade Incompatível,Capotamento,Plena Noite,Céu Claro,Dupla,Declive;Curva,Não,Crescente
743726,2026-01-04,domingo,21:56:00,MS,359.0,528,ladario,-19.063353,-57.61787,2.0,0.0,0.0,Com Vítimas Feridas,Sim,Ausência de reação do condutor,Capotamento,Plena Noite,Céu Claro,Simples,Reta,Não,Crescente
743727,2026-01-04,domingo,20:20:00,RJ,116.0,275,barra mansa,-22.562399,-44.157955,0.0,6.0,0.0,Com Vítimas Feridas,Não,Reação tardia ou ineficiente do condutor,Colisão lateral sentido oposto,Plena Noite,Nublado,Simples,Curva;Declive,Sim,Crescente
743728,2026-01-04,domingo,22:42:00,PI,343.0,"596,3",floriano,-6.80731,-43.05233,0.0,0.0,0.0,Sem Vítimas,Não,Problema com o freio,Incêndio,Plena Noite,Céu Claro,Simples,Declive;Reta,Não,Decrescente
743729,2026-01-04,domingo,21:10:00,MT,70.0,682,caceres,-16.20321,-57.38726,16.0,0.0,0.0,Com Vítimas Feridas,Não,Velocidade Incompatível,Capotamento,Plena Noite,Chuva,Simples,Curva,Não,Decrescente
743730,2026-01-04,domingo,23:30:00,BA,367.0,36,porto seguro,-16.396112,-39.18437,8.0,0.0,0.0,Com Vítimas Feridas,Não,Reação tardia ou ineficiente do condutor,Capotamento,Plena Noite,Céu Claro,Simples,Curva,Não,Decrescente
743731,2026-01-04,domingo,23:50:00,MG,262.0,"153,4",sao domingos do prata,-19.988455,-42.791275,6.0,0.0,0.0,Com Vítimas Feridas,Sim,Velocidade Incompatível,Tombamento,Plena Noite,Garoa/Chuvisco,Simples,Curva;Ponte;Declive,Não,Decrescente
743732,2026-01-04,domingo,23:25:00,MG,381.0,441,santa luzia,-19.825172,-43.821373,0.0,0.0,0.0,Sem Vítimas,Sim,Velocidade Incompatível,Colisão frontal,Plena Noite,Chuva,Simples,Curva,Não,Decrescente
743733,2026-01-04,domingo,20:00:00,MT,364.0,182,pedra preta,-16.5996,-54.50029,2.0,0.0,0.0,Com Vítimas Feridas,Sim,Pista esburacada,Capotamento,Plena Noite,Céu Claro,Simples,Reta;Aclive,Não,Decrescente
743734,2026-01-04,domingo,23:39:00,TO,10.0,"417,7",porto nacional,-10.6073,-48.37481,4.0,0.0,0.0,Com Vítimas Feridas,Sim,Objeto estático sobre o leito carroçável,Colisão traseira,Amanhecer,Garoa/Chuvisco,Simples,Reta,Não,Decrescente
743735,2026-01-05,segunda-feira,01:00:00,PE,101.0,"85,4",jaboatao dos guararapes,-8.18202,-34.96182,1.0,0.0,0.0,Com Vítimas Feridas,Sim,Ausência de reação do condutor,Saída de leito carroçável,Plena Noite,Céu Claro,Dupla,Reta,Não,Decrescente
743736,2026-01-04,domingo,18:30:00,BA,324.0,564,sao sebastiao do passe,-12.521981,-38.61398,2.0,0.0,0.0,Com Vítimas Feridas,Sim,Pista esburacada,Queda de ocupante de veículo,Plena Noite,Céu Claro,Dupla,Reta,Não,Crescente
743737,2026-01-05,segunda-feira,02:50:00,PB,104.0,133,queimadas,-7.301653,-35.892303,0.0,3.0,0.0,Com Vítimas Feridas,Sim,Animais na Pista,Queda de ocupante de veículo,Plena Noite,Céu Claro,Simples,Reta,Sim,Decrescente
743739,2026-01-05,segunda-feira,03:00:00,RJ,101.0,86,campos dos goytacazes,-21.826385,-41.48667,4.0,0.0,0.0,Com Vítimas Feridas,Sim,Acumulo de água sobre o pavimento,Saída de leito carroçável,Plena Noite,Nublado,Dupla,Reta,Não,Decrescente
743740,2026-01-05,segunda-feira,03:30:00,SC,101.0,"38,5",joinville,-26.296661,-48.884277,1.0,0.0,0.0,Com Vítimas Feridas,Sim,Desrespeitar a preferência no cruzamento,Colisão transversal,Plena Noite,Nublado,Simples,Rotatória,Sim,Crescente
743741,2026-01-05,segunda-feira,02:15:00,MG,381.0,"154,8",governador valadares,-18.906775,-42.003872,1.0,0.0,0.0,Com Vítimas Feridas,Sim,Ausência de reação do condutor,Tombamento,Plena Noite,Céu Claro,Simples,Curva,Não,Crescente
743742,2026-01-05,segunda-feira,02:55:00,MS,158.0,"83,5",paranaiba,-19.586658,-51.227486,45.0,0.0,0.0,Com Vítimas Feridas,Não,Velocidade Incompatível,Tombamento,Plena Noite,Céu Claro,Simples,Em Obras;Aclive,Não,Crescente
743743,2026-01-05,segunda-feira,03:42:00,SC,470.0,"34,8",gaspar,-26.912851,-48.95775,2.0,2.0,0.0,Com Vítimas Feridas,Sim,Condutor Dormindo,Tombamento,Plena Noite,Nublado,Dupla,Em Obras;Reta,Não,Decrescente
743744,2026-01-05,segunda-feira,03:30:00,PE,232.0,93,saire,-8.222114,-35.68248,0.0,0.0,6.0,Com Vítimas Fatais,Não,Condutor Dormindo,Tombamento,Plena Noite,Céu Claro,Dupla,Reta;Declive,Não,Decrescente
743745,2026-01-05,segunda-feira,03:50:00,PR,116.0,"4,5",campina grande do sul,-25.078342,-48.59583,120.0,0.0,48.0,Com Vítimas Fatais,Não,Reação tardia ou ineficiente do condutor,Colisão frontal,Plena Noite,Céu Claro,Dupla,Aclive;Reta,Não,Crescente
743746,2026-01-05,segunda-feira,05:05:00,BA,116.0,"356,7",serrinha,-11.650698,-38.99161,1.0,0.0,0.0,Com Vítimas Feridas,Sim,Acessar a via sem observar a presença dos outros veículos,Colisão transversal,Pleno dia,Céu Claro,Simples,Reta,Sim,Decrescente
743747,2026-01-05,segunda-feira,06:20:00,BA,324.0,"513,8",feira de santana,-12.232535,-38.952778,0.0,0.0,0.0,Sem Vítimas,Sim,Conversão proibida,Colisão transversal,Pleno dia,Céu Claro,Simples,Reta;Interseção de Vias,Sim,Decrescente
743748,2026-01-04,domingo,14:40:00,GO,70.0,472,aragarcas,-15.897335,-52.23338,6.0,6.0,0.0,Com Vítimas Feridas,Não,Demais falhas na via,Queda de ocupante de veículo,Pleno dia,Céu Claro,Simples,Reta;Declive,Sim,Decrescente
743749,2026-01-05,segunda-feira,03:50:00,AL,423.0,"82,8",delmiro gouveia,-9.339424,-38.00946,1.0,1.0,0.0,Com Vítimas Feridas,Sim,Animais na Pista,Atropelamento de Animal,Plena Noite,Céu Claro,Simples,Reta,Não,Decrescente
743751,2026-01-05,segunda-feira,05:30:00,RJ,101.0,318,sao goncalo,-22.845234,-43.098484,4.0,0.0,0.0,Com Vítimas Feridas,Sim,Reação tardia ou ineficiente do condutor,Queda de ocupante de veículo,Pleno dia,Garoa/Chuvisco,Dupla,Reta,Sim,Crescente
743752,2026-01-05,segunda-feira,07:10:00,RS,116.0,"143,8",caxias do sul,-29.126482,-51.128048,6.0,0.0,0.0,Com Vítimas Feridas,Sim,Reação tardia ou ineficiente do condutor,Colisão com objeto,Pleno dia,Céu Claro,Dupla,Curva,Não,Crescente
743753,2026-01-05,segunda-feira,06:45:00,PE,101.0,51,paulista,-7.918614,-34.89571,0.0,2.0,0.0,Com Vítimas Feridas,Não,Reação tardia ou ineficiente do condutor,Atropelamento de Pedestre,Pleno dia,Céu Claro,Múltipla,Reta,Sim,Decrescente
743754,2026-01-04,domingo,22:20:00,SP,116.0,545,barra do turvo,-24.947845,-48.424107,6.0,0.0,0.0,Com Vítimas Feridas,Não,Chuva,Colisão com objeto,Plena Noite,Chuva,Múltipla,Curva;Declive,Não,Crescente
743755,2026-01-04,domingo,22:40:00,MA,316.0,367,bacabal,-4.220567,-44.736794,0.0,0.0,2.0,Com Vítimas Fatais,Sim,Trafegar com motocicleta (ou similar) entre as faixas,Colisão frontal,Plena Noite,Céu Claro,Simples,Reta;Declive,Sim,Crescente
743756,2026-01-05,segunda-feira,00:25:00,BA,367.0,30,porto seguro,-16.416,-39.158,2.0,2.0,0.0,Com Vítimas Feridas,Sim,Reação tardia ou ineficiente do condutor,Tombamento,Plena Noite,Céu Claro,Simples,Reta,Não,Decrescente
743757,2026-01-05,segunda-feira,07:10:00,MG,381.0,358,sao goncalo do rio abaixo,-19.86091,-43.2266,2.0,0.0,0.0,Com Vítimas Feridas,Não,Chuva,Colisão lateral sentido oposto,Pleno dia,Chuva,Simples,Curva;Declive,Não,Crescente
743758,2026-01-05,segunda-feira,07:00:00,SP,116.0,308,sao lourenco da serra,-23.85978,-46.945526,1.0,0.0,0.0,Com Vítimas Feridas,Sim,Velocidade Incompatível,Colisão frontal,Pleno dia,Garoa/Chuvisco,Dupla,Curva,Sim,Decrescente
743759,2026-01-05,segunda-feira,07:50:00,PE,101.0,48,abreu e lima,-7.89224,-34.90363,2.0,0.0,0.0,Com Vítimas Feridas,Não,Condutor deixou de manter distância do veículo da frente,Engavetamento,Pleno dia,Céu Claro,Múltipla,Reta,Sim,Crescente
743761,2026-01-05,segunda-feira,07:40:00,PR,277.0,"637,3",ceu azul,-25.142593,-53.832767,2.0,0.0,0.0,Com Vítimas Feridas,Sim,Ausência de reação do condutor,Capotamento,Pleno dia,Céu Claro,Simples,Reta,Sim,Crescente
743762,2026-01-04,domingo,04:50:00,RJ,101.0,"311,1",sao goncalo,-22.81293,-43.073376,0.0,0.0,0.0,Sem Vítimas,Sim,Ausência de reação do condutor,Colisão com objeto,Amanhecer,Céu Claro,Dupla,Reta,Não,Decrescente
743763,2026-01-05,segunda-feira,08:00:00,ES,101.0,"343,2",guarapari,-20.663237,-40.59301,1.0,0.0,0.0,Com Vítimas Feridas,Sim,Avarias e/ou desgaste excessivo no pneu,Colisão com objeto,Pleno dia,Chuva,Dupla,Curva,Não,Decrescente
743764,2026-01-05,segunda-feira,08:00:00,BA,324.0,529,feira de santana,-12.33193,-38.856365,0.0,0.0,0.0,Sem Vítimas,Não,Condutor deixou de manter distância do veículo da frente,Engavetamento,Pleno dia,Céu Claro,Dupla,Reta,Não,Decrescente
743765,2026-01-05,segunda-feira,06:45:00,GO,50.0,198,campo alegre de goias,-17.57465,-47.821316,2.0,0.0,0.0,Com Vítimas Feridas,Sim,Condutor Dormindo,Colisão com objeto,Pleno dia,Chuva,Dupla,Declive;Reta,Não,Crescente
743766,2026-01-05,segunda-feira,06:20:00,RO,364.0,39,vilhena,-12.642014,-60.326614,6.0,2.0,0.0,Com Vítimas Feridas,Não,Neblina,Colisão frontal,Amanhecer,Nevoeiro/Neblina,Simples,Reta,Não,Decrescente
743767,2026-01-05,segunda-feira,06:20:00,TO,153.0,590,santa rita do tocantins,-11.01249,-48.90831,2.0,0.0,0.0,Com Vítimas Feridas,Sim,Condutor Dormindo,Saída de leito carroçável,Amanhecer,Céu Claro,Simples,Reta,Não,Crescente
743769,2026-01-05,segunda-feira,07:30:00,SE,101.0,124,itaporanga dajuda,-11.04573,-37.364925,0.0,0.0,0.0,Sem Vítimas,Sim,Ausência de reação do condutor,Colisão traseira,Pleno dia,Céu Claro,Dupla,Declive;Reta,Não,Decrescente
743770,2026-01-05,segunda-feira,09:05:00,PR,469.0,12,foz do iguacu,-25.59422,-54.511982,3.0,0.0,0.0,Com Vítimas Feridas,Sim,Ultrapassagem Indevida,Colisão lateral mesmo sentido,Pleno dia,Céu Claro,Simples,Reta,Sim,Decrescente
743771,2026-01-05,segunda-feira,08:00:00,RJ,40.0,119,duque de caxias,-22.766762,-43.286842,2.0,0.0,0.0,Com Vítimas Feridas,Sim,Manobra de mudança de faixa,Tombamento,Pleno dia,Nublado,Dupla,Reta,Sim,Crescente
743772,2026-01-05,segunda-feira,07:15:00,PR,376.0,492,ponta grossa,-25.15124,-50.142227,3.0,0.0,0.0,Com Vítimas Feridas,Sim,Manobra de mudança de faixa,Capotamento,Pleno dia,Céu Claro,Dupla,Reta;Declive,Sim,Crescente
743773,2026-01-05,segunda-feira,09:10:00,PR,376.0,"421,1",tibagi,-24.71494,-50.54824,0.0,8.0,0.0,Com Vítimas Feridas,Não,Velocidade Incompatível,Colisão com objeto,Pleno dia,Céu Claro,Dupla,Curva,Não,Decrescente
743774,2026-01-05,segunda-feira,09:15:00,MG,262.0,"364,5",juatuba,-19.9566,-44.3447,2.0,0.0,0.0,Com Vítimas Feridas,Sim,Velocidade Incompatível,Colisão com objeto,Pleno dia,Chuva,Dupla,Curva;Declive,Não,Crescente
743776,2026-01-05,segunda-feira,08:53:00,MS,163.0,626,sao gabriel do oeste,-19.166218,-54.758286,3.0,3.0,0.0,Com Vítimas Feridas,Não,Condutor usando celular,Colisão transversal,Pleno dia,Céu Claro,Simples,Reta;Interseção de Vias,Não,Decrescente
743777,2026-01-05,segunda-feira,07:50:00,RJ,101.0,282,itaborai,-22.735357,-42.804268,1.0,0.0,0.0,Com Vítimas Feridas,Sim,Pista Escorregadia,Queda de ocupante de veículo,Pleno dia,Garoa/Chuvisco,Dupla,Viaduto,Sim,Decrescente
743778,2026-01-05,segunda-feira,09:00:00,ES,101.0,"349,9",anchieta,-20.659054,-40.647865,1.0,1.0,0.0,Com Vítimas Feridas,Sim,Velocidade Incompatível,Colisão com objeto,Pleno dia,Chuva,Dupla,Curva,Não,Crescente
743779,2026-01-05,segunda-feira,09:35:00,GO,50.0,95,cristalina,-16.753788,-47.603764,1.0,0.0,0.0,Com Vítimas Feridas,Sim,Manobra de mudança de faixa,Colisão frontal,Pleno dia,Nublado,Simples,Viaduto;Curva,Sim,Crescente
743780,2026-01-05,segunda-feira,08:30:00,SE,101.0,57,rosario do catete,-10.644654,-37.01856,1.0,0.0,0.0,Com Vítimas Feridas,Sim,Reação tardia ou ineficiente do condutor,Eventos atípicos,Pleno dia,Céu Claro,Simples,Reta,Não,Crescente
743781,2026-01-05,segunda-feira,10:20:00,PB,230.0,"22,5",joao pessoa,-7.156232,-34.85729,4.0,0.0,0.0,Com Vítimas Feridas,Não,Condutor deixou de manter distância do veículo da frente,Engavetamento,Pleno dia,Céu Claro,Dupla,Reta,Sim,Decrescente
743783,2026-01-05,segunda-feira,09:40:00,RJ,493.0,6,itaborai,-22.73439,-42.952595,1.0,0.0,0.0,Com Vítimas Feridas,Sim,Acesso irregular,Colisão lateral mesmo sentido,Pleno dia,Céu Claro,Simples,Reta;Em Obras,Sim,Decrescente
743784,2026-01-05,segunda-feira,10:00:00,DF,70.0,10,brasilia,-15.788342,-48.14513,2.0,0.0,0.0,Com Vítimas Feridas,Sim,Reação tardia ou ineficiente do condutor,Colisão com objeto,Pleno dia,Chuva,Dupla,Reta,Não,Crescente
743786,2026-01-05,segunda-feira,06:45:00,MA,316.0,"394,4",bacabal,-4.182062,-44.50389,6.0,0.0,0.0,Com Vítimas Feridas,Sim,Ausência de reação do condutor,Saída de leito carroçável,Amanhecer,Nublado,Simples,Reta,Não,Crescente
743788,2026-01-05,segunda-feira,10:25:00,GO,60.0,46,alexania,-16.14439,-48.60059,6.0,0.0,0.0,Com Vítimas Feridas,Não,Ausência de reação do condutor,Capotamento,Pleno dia,Chuva,Dupla,Curva;Aclive,Não,Decrescente
743789,2026-01-05,segunda-feira,10:05:00,BA,324.0,527,feira de santana,-12.321912,-38.8696,1.0,0.0,0.0,Com Vítimas Feridas,Sim,Condutor deixou de manter distância do veículo da frente,Colisão traseira,Pleno dia,Céu Claro,Dupla,Reta,Não,Decrescente
743790,2026-01-05,segunda-feira,11:20:00,TO,153.0,794,talisma,-12.7953,-49.091045,6.0,0.0,0.0,Com Vítimas Feridas,Não,Chuva,Queda de ocupante de veículo,Pleno dia,Garoa/Chuvisco,Simples,Reta,Não,Crescente
743791,2026-01-05,segunda-feira,10:25:00,SC,101.0,86,barra velha,-26.6404,-48.694496,0.0,0.0,0.0,Sem Vítimas,Não,Condutor deixou de manter distância do veículo da frente,Engavetamento,Pleno dia,Céu Claro,Dupla,Reta,Não,Decrescente
743792,2026-01-05,segunda-feira,10:00:00,RJ,101.0,514,angra dos reis,-23.006264,-44.474323,4.0,0.0,0.0,Com Vítimas Feridas,Sim,Ausência de reação do condutor,Queda de ocupante de veículo,Pleno dia,Nublado,Simples,Curva,Não,Decrescente
743794,2026-01-05,segunda-feira,10:35:00,PA,316.0,27,benevides,-1.3279519,-48.234306,4.0,0.0,0.0,Com Vítimas Feridas,Não,Acessar a via sem observar a presença dos outros veículos,Derramamento de carga,Pleno dia,Nublado,Dupla,Reta,Não,Crescente
743795,2026-01-05,segunda-feira,10:40:00,GO,20.0,"173,2",alvorada do norte,-14.553807,-46.55797,30.0,30.0,20.0,Com Vítimas Fatais,Sim,Manobra de mudança de faixa,Saída de leito carroçável,Pleno dia,Céu Claro,Simples,Reta,Não,Crescente
743796,2026-01-05,segunda-feira,10:46:00,RN,101.0,"20,4",touros,-5.297965,-35.426144,2.0,0.0,0.0,Com Vítimas Feridas,Sim,Acessar a via sem observar a presença dos outros veículos,Colisão lateral mesmo sentido,Pleno dia,Céu Claro,Simples,Reta,Não,Decrescente
743798,2026-01-05,segunda-feira,10:55:00,MG,40.0,"698,7",barbacena,-21.193644,-43.751026,0.0,4.0,0.0,Com Vítimas Feridas,Sim,Retorno proibido,Colisão com objeto,Pleno dia,Céu Claro,Simples,Aclive;Reta,Não,Decrescente
743799,2026-01-05,segunda-feira,11:14:00,BA,116.0,"648,4",jequie,-13.64738,-40.094078,3.0,0.0,1.0,Com Vítimas Fatais,Sim,Manobra de mudança de faixa,Colisão lateral sentido oposto,Pleno dia,Sol,Simples,Reta,Não,Crescente
743800,2026-01-05,segunda-feira,10:37:00,RJ,101.0,322,niteroi,-22.87665,-43.110565,1.0,0.0,0.0,Com Vítimas Feridas,Sim,Ausência de reação do condutor,Colisão traseira,Pleno dia,Nublado,Dupla,Reta,Sim,Crescente
743801,2026-01-05,segunda-feira,09:20:00,PE,232.0,387,serra talhada,-8.032194,-38.11884,2.0,0.0,0.0,Com Vítimas Feridas,Sim,Condutor deixou de manter distância do veículo da frente,Colisão traseira,Pleno dia,Céu Claro,Simples,Reta,Não,Decrescente
743802,2026-01-05,segunda-feira,12:00:00,SC,101.0,"202,5",sao jose,-27.56111,-48.61694,1.0,0.0,0.0,Com Vítimas Feridas,Sim,Ausência de reação do condutor,Colisão traseira,Pleno dia,Sol,Múltipla,Reta;Interseção de Vias,Sim,Crescente
743803,2026-01-05,segunda-feira,09:30:00,PE,232.0,387,serra talhada,-8.03133,-38.11423,5.0,0.0,0.0,Com Vítimas Feridas,Sim,Condutor deixou de manter distância do veículo da frente,Colisão traseira,Pleno dia,Céu Claro,Simples,Reta,Não,Crescente
743804,2026-01-05,segunda-feira,11:40:00,SP,101.0,48,ubatuba,-23.44168,-45.086,2.0,0.0,0.0,Com Vítimas Feridas,Sim,Velocidade Incompatível,Tombamento,Pleno dia,Garoa/Chuvisco,Simples,Reta,Não,Crescente
743805,2026-01-05,segunda-feira,11:40:00,MG,381.0,"487,4",betim,-19.957575,-44.120262,8.0,0.0,0.0,Com Vítimas Feridas,Não,Chuva,Eventos atípicos,Pleno dia,Chuva,Múltipla,Declive;Curva,Sim,Crescente
743806,2026-01-05,segunda-feira,11:00:00,PI,343.0,"338,5",teresina,-5.064803,-42.727047,9.0,0.0,0.0,Com Vítimas Feridas,Não,Frear bruscamente,Colisão traseira,Pleno dia,Céu Claro,Dupla,Reta,Sim,Crescente
743807,2026-01-05,segunda-feira,12:30:00,SC,101.0,"194,5",biguacu,-27.49549,-48.6569,4.0,0.0,0.0,Com Vítimas Feridas,Não,Trafegar com motocicleta (ou similar) entre as faixas,Queda de ocupante de veículo,Pleno dia,Céu Claro,Múltipla,Curva;Aclive,Sim,Decrescente
743809,2026-01-05,segunda-feira,12:12:00,MG,153.0,84,prata,-19.100473,-48.981403,4.0,0.0,0.0,Com Vítimas Feridas,Não,Demais falhas mecânicas ou elétricas,Colisão com objeto,Pleno dia,Garoa/Chuvisco,Simples,Reta,Não,Crescente
743810,2026-01-05,segunda-feira,12:00:00,SC,470.0,"52,4",blumenau,-26.863594,-49.09783,1.0,0.0,0.0,Com Vítimas Feridas,Sim,Acessar a via sem observar a presença dos outros veículos,Colisão transversal,Pleno dia,Nublado,Simples,Interseção de Vias;Reta;Em Obras,Sim,Crescente
743811,2026-01-05,segunda-feira,10:40:00,PI,316.0,311,picos,-7.078745,-41.461918,8.0,0.0,0.0,Com Vítimas Feridas,Não,Condutor deixou de manter distância do veículo da frente,Queda de ocupante de veículo,Pleno dia,Céu Claro,Simples,Reta,Sim,Decrescente
743812,2026-01-05,segunda-feira,11:51:00,MG,381.0,497,betim,-19.996466,-44.208862,2.0,0.0,0.0,Com Vítimas Feridas,Não,Reação tardia ou ineficiente do condutor,Colisão traseira,Pleno dia,Chuva,Dupla,Reta,Sim,Crescente
743813,2026-01-05,segunda-feira,12:00:00,PE,232.0,"79,9",gravata,-8.195572,-35.568806,0.0,4.0,0.0,Com Vítimas Feridas,Não,Velocidade Incompatível,Colisão transversal,Pleno dia,Céu Claro,Simples,Reta,Sim,Crescente
743814,2026-01-05,segunda-feira,12:10:00,PR,116.0,"121,4",curitiba,-25.598766,-49.31698,18.0,0.0,0.0,Com Vítimas Feridas,Não,Manobra de mudança de faixa,Colisão com objeto,Pleno dia,Céu Claro,Dupla,Aclive,Sim,Decrescente
743815,2026-01-05,segunda-feira,12:20:00,MG,381.0,526,brumadinho,-20.15086,-44.326252,1.0,0.0,0.0,Com Vítimas Feridas,Sim,Chuva,Capotamento,Pleno dia,Chuva,Dupla,Curva,Não,Crescente
743817,2026-01-05,segunda-feira,11:40:00,BA,242.0,269,boa vista do tupim,-12.450031,-40.611122,24.0,0.0,0.0,Com Vítimas Feridas,Não,Reação tardia ou ineficiente do condutor,Colisão com objeto,Pleno dia,Céu Claro,Simples,Reta;Declive,Não,Crescente
743818,2026-01-05,segunda-feira,12:12:00,SC,101.0,"132,2",balneario camboriu,-26.99721,-48.65343,4.0,0.0,0.0,Com Vítimas Feridas,Não,Reação tardia ou ineficiente do condutor,Tombamento,Pleno dia,Céu Claro,Dupla,Reta,Sim,Decrescente
743819,2026-01-05,segunda-feira,12:30:00,PR,277.0,"637,7",ceu azul,-25.143404,-53.834553,5.0,0.0,0.0,Com Vítimas Feridas,Sim,Acessar a via sem observar a presença dos outros veículos,Colisão transversal,Pleno dia,Céu Claro,Simples,Interseção de Vias,Sim,Crescente
743820,2026-01-05,segunda-feira,09:57:00,MG,116.0,"174,2",padre paraiso,-17.050879,-41.45758,8.0,0.0,0.0,Com Vítimas Feridas,Não,Acumulo de água sobre o pavimento,Queda de ocupante de veículo,Pleno dia,Sol,Simples,Curva;Declive,Não,Decrescente
743822,2026-01-05,segunda-feira,11:00:00,RJ,101.0,306,sao goncalo,-22.789318,-43.00594,1.0,0.0,0.0,Com Vítimas Feridas,Sim,Condutor deixou de manter distância do veículo da frente,Engavetamento,Pleno dia,Nublado,Dupla,Reta,Sim,Decrescente
743823,2026-01-05,segunda-feira,12:40:00,RN,101.0,"100,7",parnamirim,-5.886043,-35.2304,0.0,0.0,4.0,Com Vítimas Fatais,Não,Falta de acostamento,Colisão lateral mesmo sentido,Pleno dia,Céu Claro,Dupla,Curva;Aclive,Sim,Crescente
743824,2026-01-05,segunda-feira,09:35:00,MG,40.0,"452,2",caetanopolis,-19.33411,-44.361008,2.0,0.0,0.0,Com Vítimas Feridas,Sim,Velocidade Incompatível,Engavetamento,Pleno dia,Chuva,Dupla,Declive;Reta,Sim,Crescente
743826,2026-01-05,segunda-feira,10:40:00,MG,381.0,"643,4",santo antonio do amparo,-20.923004,-44.87287,3.0,0.0,0.0,Com Vítimas Feridas,Sim,Afundamento ou ondulação no pavimento,Tombamento,Pleno dia,Chuva,Dupla,Curva,Não,Decrescente
743827,2026-01-05,segunda-feira,08:20:00,RJ,101.0,87,campos dos goytacazes,-21.830162,-41.49947,2.0,2.0,0.0,Com Vítimas Feridas,Sim,Chuva,Saída de leito carroçável,Pleno dia,Chuva,Dupla,Curva;Declive,Não,Decrescente
743828,2026-01-05,segunda-feira,11:55:00,MG,262.0,"375,4",juatuba,-19.93679,-44.43255,0.0,0.0,3.0,Com Vítimas Fatais,Sim,Velocidade Incompatível,Capotamento,Pleno dia,Chuva,Dupla,Curva;Declive,Não,Decrescente
743829,2026-01-05,segunda-feira,12:10:00,RS,293.0,"249,4",dom pedrito,-30.97556,-54.64778,0.0,2.0,0.0,Com Vítimas Feridas,Não,Desrespeitar a preferência no cruzamento,Colisão transversal,Pleno dia,Céu Claro,Simples,Curva;Interseção de Vias,Sim,Decrescente
743830,2026-01-05,segunda-feira,13:35:00,RN,101.0,"100,2",parnamirim,-5.8846855,-35.2276,2.0,0.0,0.0,Com Vítimas Feridas,Sim,Condutor deixou de manter distância do veículo da frente,Queda de ocupante de veículo,Pleno dia,Céu Claro,Dupla,Aclive;Reta,Sim,Crescente