id,data_inversa,dia_semana,horario,uf,br,km,municipio,latitude,longitude,feridos_leves,feridos_graves,mortos,classificacao_acidente,causa_principal,causa_acidente,tipo_acidente,fase_dia,condicao_metereologica,tipo_pista,tracado_via,uso_solo,sentido_via
743831,2026-01-05,segunda-feira,08:24:00,MA,10.0,123,estreito,-6.6047144,-47.432663,0.0,1.0,0.0,Com Vítimas Feridas,Sim,Acessar a via sem observar a presença dos outros veículos,Colisão transversal,Pleno dia,Céu Claro,Simples,Interseção de Vias,Não,Decrescente
743832,2026-01-05,segunda-feira,09:15:00,RS,116.0,"349,5",tapes,-30.70324,-51.57947,1.0,0.0,0.0,Com Vítimas Feridas,Sim,Reação tardia ou ineficiente do condutor,Saída de leito carroçável,Pleno dia,Céu Claro,Dupla,Curva;Declive,Não,Decrescente
743833,2026-01-05,segunda-feira,10:30:00,RJ,40.0,91,petropolis,-22.560678,-43.226135,1.0,0.0,0.0,Com Vítimas Feridas,Sim,Acumulo de água sobre o pavimento,Queda de ocupante de veículo,Pleno dia,Chuva,Dupla,Curva;Aclive,Não,Decrescente
743834,2026-01-05,segunda-feira,12:30:00,BA,407.0,"191,8",ponto novo,-11.03632,-40.09618,2.0,0.0,0.0,Com Vítimas Feridas,Sim,Ultrapassagem Indevida,Capotamento,Pleno dia,Céu Claro,Simples,Reta,Não,Crescente
743835,2026-01-05,segunda-feira,12:40:00,RJ,101.0,58,campos dos goytacazes,-21.708414,-41.309013,6.0,0.0,0.0,Com Vítimas Feridas,Não,Condutor deixou de manter distância do veículo da frente,Queda de ocupante de veículo,Pleno dia,Chuva,Simples,Interseção de Vias;Reta,Sim,Crescente
743836,2026-01-05,segunda-feira,11:00:00,RJ,40.0,81,petropolis,-22.510094,-43.23183,1.0,0.0,0.0,Com Vítimas Feridas,Sim,Acumulo de água sobre o pavimento,Colisão com objeto,Pleno dia,Chuva,Dupla,Curva,Não,Crescente
743837,2026-01-05,segunda-feira,12:20:00,MS,163.0,"208,9",caarapo,-22.631588,-54.81902,3.0,0.0,0.0,Com Vítimas Feridas,Sim,Acessar a via sem observar a presença dos outros veículos,Queda de ocupante de veículo,Pleno dia,Céu Claro,Simples,Reta,Sim,Decrescente
743838,2026-01-05,segunda-feira,12:58:00,SP,153.0,"304,4",campos novos paulista,-22.622568,-49.889515,0.0,0.0,4.0,Com Vítimas Fatais,Não,Ausência de reação do condutor,Saída de leito carroçável,Pleno dia,Céu Claro,Simples,Declive;Reta,Não,Decrescente
743839,2026-01-05,segunda-feira,14:40:00,SC,101.0,45,joinville,-26.342176,-48.858555,1.0,0.0,0.0,Com Vítimas Feridas,Sim,Acessar a via sem observar a presença dos outros veículos,Colisão traseira,Pleno dia,Céu Claro,Dupla,Interseção de Vias,Não,Decrescente
743840,2026-01-05,segunda-feira,13:36:00,MG,381.0,"526,9",brumadinho,-20.15721,-44.32866,2.0,0.0,0.0,Com Vítimas Feridas,Sim,Velocidade Incompatível,Capotamento,Pleno dia,Nublado,Dupla,Curva,Não,Decrescente
743842,2026-01-05,segunda-feira,14:50:00,AL,101.0,"197,4",sao sebastiao,-9.933078,-36.521107,0.0,1.0,0.0,Com Vítimas Feridas,Sim,Reação tardia ou ineficiente do condutor,Colisão traseira,Pleno dia,Céu Claro,Dupla,Curva,Sim,Crescente
743843,2026-01-05,segunda-feira,15:01:00,RN,405.0,2,mossoro,-5.1931677,-37.373962,1.0,0.0,0.0,Com Vítimas Feridas,Sim,Acessar a via sem observar a presença dos outros veículos,Colisão transversal,Pleno dia,Céu Claro,Dupla,Reta,Sim,Crescente
743844,2026-01-05,segunda-feira,15:00:00,RJ,101.0,95,campos dos goytacazes,-21.825966,-41.4909,8.0,0.0,0.0,Com Vítimas Feridas,Não,Chuva,Saída de leito carroçável,Pleno dia,Garoa/Chuvisco,Dupla,Curva,Não,Decrescente
743845,2026-01-05,segunda-feira,14:10:00,RJ,101.0,328,rio de janeiro,-22.86948,-43.17595,2.0,0.0,0.0,Com Vítimas Feridas,Não,Reação tardia ou ineficiente do condutor,Colisão traseira,Pleno dia,Nublado,Múltipla,Reta,Sim,Crescente
743847,2026-01-05,segunda-feira,13:30:00,PR,369.0,35,andira,-23.031034,-50.21431,0.0,0.0,2.0,Com Vítimas Fatais,Sim,Ausência de reação do condutor,Queda de ocupante de veículo,Pleno dia,Céu Claro,Simples,Aclive;Reta,Não,Crescente
743848,2026-01-05,segunda-feira,14:30:00,PI,343.0,"1,5",teresina,-5.0815625,-42.765236,0.0,4.0,0.0,Com Vítimas Feridas,Não,Falta de elemento de contenção que evite a saída do leito carroçável,Saída de leito carroçável,Pleno dia,Céu Claro,Dupla,Reta,Sim,Decrescente
743849,2026-01-05,segunda-feira,14:30:00,MT,70.0,380,campo verde,-15.55612,-55.170753,0.0,1.0,0.0,Com Vítimas Feridas,Sim,Acessar a via sem observar a presença dos outros veículos,Colisão transversal,Pleno dia,Céu Claro,Simples,Reta,Sim,Crescente
743850,2026-01-04,domingo,11:40:00,MT,364.0,169,pedra preta,-16.628393,-54.444324,4.0,0.0,0.0,Com Vítimas Feridas,Não,Falta de elemento de contenção que evite a saída do leito carroçável,Tombamento,Pleno dia,Céu Claro,Simples,Reta,Não,Decrescente
743852,2026-01-05,segunda-feira,15:30:00,GO,60.0,102,anapolis,-16.40433,-48.97852,0.0,0.0,0.0,Sem Vítimas,Sim,Ingestão de álcool pelo condutor,Queda de ocupante de veículo,Pleno dia,Nublado,Dupla,Reta,Sim,Crescente
743853,2026-01-05,segunda-feira,15:30:00,RS,116.0,254,sapucaia do sul,-29.823753,-51.171577,0.0,0.0,0.0,Sem Vítimas,Sim,Ausência de reação do condutor,Colisão traseira,Pleno dia,Céu Claro,Múltipla,Em Obras;Reta;Interseção de Vias,Sim,Crescente
743854,2026-01-05,segunda-feira,13:00:00,GO,153.0,385,sao francisco de goias,-15.946351,-49.191196,2.0,0.0,0.0,Com Vítimas Feridas,Sim,Animais na Pista,Queda de ocupante de veículo,Pleno dia,Chuva,Simples,Reta,Não,Crescente
743855,2026-01-05,segunda-feira,14:30:00,GO,153.0,330,jaragua,-15.548625,-49.43228,6.0,0.0,0.0,Com Vítimas Feridas,Não,Velocidade Incompatível,Saída de leito carroçável,Pleno dia,Chuva,Simples,Curva;Aclive,Não,Crescente
743856,2026-01-05,segunda-feira,15:00:00,BA,324.0,537,amelia rodrigues,-12.376573,-38.80294,1.0,0.0,0.0,Com Vítimas Feridas,Sim,Acessar a via sem observar a presença dos outros veículos,Colisão lateral mesmo sentido,Pleno dia,Céu Claro,Dupla,Rotatória,Não,Decrescente
743857,2026-01-05,segunda-feira,15:50:00,SC,101.0,193,biguacu,-27.49302,-48.6566,6.0,0.0,0.0,Com Vítimas Feridas,Não,Ausência de reação do condutor,Queda de ocupante de veículo,Pleno dia,Céu Claro,Múltipla,Reta;Interseção de Vias,Sim,Decrescente
743858,2026-01-05,segunda-feira,16:00:00,PR,116.0,38,campina grande do sul,-25.164886,-48.862453,2.0,0.0,0.0,Com Vítimas Feridas,Sim,Ausência de reação do condutor,Capotamento,Pleno dia,Chuva,Dupla,Curva,Não,Decrescente
743859,2026-01-05,segunda-feira,13:40:00,BA,135.0,72,formosa do rio preto,-11.339027,-45.899075,0.0,6.0,0.0,Com Vítimas Feridas,Não,Reação tardia ou ineficiente do condutor,Colisão traseira,Pleno dia,Céu Claro,Simples,Reta,Não,Decrescente
743860,2026-01-05,segunda-feira,12:14:00,RO,364.0,"226,8",cacoal,-11.497992,-61.372925,0.0,9.0,0.0,Com Vítimas Feridas,Não,Velocidade Incompatível,Queda de ocupante de veículo,Pleno dia,Nublado,Simples,Reta,Sim,Decrescente
743861,2026-01-05,segunda-feira,12:20:00,RJ,101.0,293,itaborai,-22.755209,-42.891365,1.0,0.0,0.0,Com Vítimas Feridas,Sim,Ultrapassagem Indevida,Colisão lateral mesmo sentido,Pleno dia,Nublado,Dupla,Reta,Não,Crescente
743863,2026-01-05,segunda-feira,06:00:00,BA,20.0,6,correntina,-13.966293,-46.193203,0.0,2.0,0.0,Com Vítimas Feridas,Sim,Velocidade Incompatível,Capotamento,Pleno dia,Nublado,Simples,Reta,Não,Decrescente
743864,2026-01-05,segunda-feira,13:15:00,RS,386.0,"154,9",almirante tamandare do sul,-28.078814,-52.86818,1.0,0.0,0.0,Com Vítimas Feridas,Sim,Demais falhas mecânicas ou elétricas,Incêndio,Pleno dia,Céu Claro,Simples,Declive;Curva,Não,Decrescente
743865,2026-01-05,segunda-feira,15:15:00,SC,101.0,124,itajai,-26.941505,-48.694706,1.0,0.0,0.0,Com Vítimas Feridas,Sim,Trafegar com motocicleta (ou similar) entre as faixas,Colisão lateral mesmo sentido,Pleno dia,Céu Claro,Dupla,Reta,Não,Decrescente
743866,2026-01-05,segunda-feira,14:00:00,MT,163.0,"71,9",rondonopolis,-16.88209,-54.71514,0.0,0.0,0.0,Sem Vítimas,Não,Chuva,Colisão com objeto,Pleno dia,Chuva,Dupla,Reta,Não,Crescente
743867,2026-01-05,segunda-feira,15:30:00,GO,70.0,"48,4",cocalzinho de goias,-15.749288,-48.599438,0.0,6.0,0.0,Com Vítimas Feridas,Não,Sistema de drenagem ineficiente,Colisão com objeto,Pleno dia,Chuva,Simples,Declive;Curva,Não,Crescente
743868,2026-01-05,segunda-feira,14:31:00,SC,163.0,"70,2",sao miguel do oeste,-26.73387,-53.50788,0.0,4.0,0.0,Com Vítimas Feridas,Sim,Manobra de mudança de faixa,Tombamento,Pleno dia,Céu Claro,Dupla,Interseção de Vias;Reta,Sim,Crescente
743870,2026-01-05,segunda-feira,12:51:00,MT,364.0,326,campo verde,-15.815976,-55.39489,8.0,2.0,0.0,Com Vítimas Feridas,Sim,Acumulo de água sobre o pavimento,Capotamento,Pleno dia,Chuva,Dupla,Reta,Não,Decrescente
743871,2026-01-05,segunda-feira,12:00:00,MA,10.0,354,acailandia,-4.6881356,-47.49363,1.0,0.0,0.0,Com Vítimas Feridas,Sim,Ultrapassagem Indevida,Queda de ocupante de veículo,Pleno dia,Sol,Simples,Reta,Não,Crescente
743873,2026-01-05,segunda-feira,16:45:00,GO,40.0,6,valparaiso de goias,-16.100885,-47.977276,0.0,0.0,0.0,Sem Vítimas,Não,Condutor deixou de manter distância do veículo da frente,Engavetamento,Pleno dia,Chuva,Dupla,Reta,Sim,Crescente
743874,2026-01-05,segunda-feira,15:40:00,SC,282.0,368,erval velho,-27.283249,-51.43703,0.0,6.0,0.0,Com Vítimas Feridas,Não,Retorno proibido,Capotamento,Pleno dia,Céu Claro,Simples,Reta,Sim,Crescente
743875,2026-01-05,segunda-feira,14:00:00,RJ,40.0,4,comendador levy gasparian,-22.013956,-43.23547,0.0,12.0,0.0,Com Vítimas Feridas,Não,Ausência de reação do condutor,Capotamento,Pleno dia,Chuva,Simples,Curva,Não,Decrescente
743876,2026-01-05,segunda-feira,17:30:00,PR,277.0,"13,8",paranagua,-25.558756,-48.651073,1.0,0.0,0.0,Com Vítimas Feridas,Sim,Avarias e/ou desgaste excessivo no pneu,Queda de ocupante de veículo,Pleno dia,Céu Claro,Dupla,Reta,Não,Crescente
743877,2026-01-05,segunda-feira,17:20:00,ES,101.0,267,serra,-20.197554,-40.26922,1.0,0.0,0.0,Com Vítimas Feridas,Sim,Ausência de reação do condutor,Engavetamento,Pleno dia,Chuva,Múltipla,Reta,Sim,Decrescente
743878,2026-01-05,segunda-feira,13:50:00,SC,101.0,116,itajai,-26.877413,-48.72653,1.0,0.0,0.0,Com Vítimas Feridas,Sim,Reação tardia ou ineficiente do condutor,Colisão lateral mesmo sentido,Pleno dia,Céu Claro,Múltipla,Reta,Sim,Decrescente
743879,2026-01-05,segunda-feira,17:16:00,SP,116.0,206,guarulhos,-23.420944,-46.388664,4.0,0.0,0.0,Com Vítimas Feridas,Sim,Avarias e/ou desgaste excessivo no pneu,Queda de ocupante de veículo,Pleno dia,Nublado,Dupla,Reta,Sim,Decrescente
743880,2026-01-05,segunda-feira,16:05:00,BA,324.0,527,feira de santana,-12.317377,-38.876396,4.0,0.0,0.0,Com Vítimas Feridas,Sim,Condutor deixou de manter distância do veículo da frente,Colisão traseira,Pleno dia,Céu Claro,Dupla,Reta,Sim,Crescente
743881,2026-01-05,segunda-feira,16:00:00,MG,262.0,"691,8",araxa,-19.58948,-47.07802,2.0,0.0,0.0,Com Vítimas Feridas,Sim,Reação tardia ou ineficiente do condutor,Colisão traseira,Pleno dia,Chuva,Simples,Curva,Não,Crescente
743883,2026-01-05,segunda-feira,16:50:00,GO,60.0,39,alexania,-16.111008,-48.56189,1.0,0.0,0.0,Com Vítimas Feridas,Sim,Avarias e/ou desgaste excessivo no pneu,Saída de leito carroçável,Pleno dia,Nublado,Dupla,Aclive;Curva,Não,Crescente
743885,2026-01-05,segunda-feira,17:10:00,MG,116.0,"429,5",alpercata,-18.994852,-41.98009,18.0,0.0,0.0,Com Vítimas Feridas,Sim,Pista Escorregadia,Atropelamento de Pedestre,Anoitecer,Chuva,Simples,Reta,Não,Crescente
743886,2026-01-05,segunda-feira,14:10:00,RJ,40.0,7,comendador levy gasparian,-22.031088,-43.22623,1.0,3.0,0.0,Com Vítimas Feridas,Sim,Pista Escorregadia,Saída de leito carroçável,Pleno dia,Garoa/Chuvisco,Simples,Curva,Não,Decrescente
743887,2026-01-05,segunda-feira,16:15:00,MG,40.0,"37,5",paracatu,-17.20783,-46.903614,12.0,0.0,0.0,Com Vítimas Feridas,Não,Chuva,Colisão com objeto,Pleno dia,Chuva,Simples,Curva;Aclive,Sim,Decrescente
743888,2026-01-05,segunda-feira,15:25:00,MG,381.0,"161,8",governador valadares,-18.938538,-42.055016,4.0,0.0,0.0,Com Vítimas Feridas,Sim,Acessar a via sem observar a presença dos outros veículos,Colisão transversal,Pleno dia,Chuva,Simples,Reta,Não,Decrescente
743889,2026-01-05,segunda-feira,17:50:00,SP,116.0,288,itapecerica da serra,-23.706179,-46.874165,0.0,1.0,0.0,Com Vítimas Feridas,Sim,Ausência de reação do condutor,Queda de ocupante de veículo,Anoitecer,Nublado,Simples,Retorno Regulamentado;Reta,Sim,Crescente
743890,2026-01-05,segunda-feira,17:55:00,SC,101.0,"234,8",palhoca,-27.810638,-48.635292,0.0,0.0,0.0,Sem Vítimas,Sim,Ausência de reação do condutor,Incêndio,Pleno dia,Céu Claro,Dupla,Reta,Não,Decrescente
743891,2026-01-05,segunda-feira,18:15:00,RS,386.0,28,frederico westphalen,-27.31268,-53.377224,0.0,1.0,0.0,Com Vítimas Feridas,Sim,Ausência de reação do condutor,Colisão transversal,Pleno dia,Céu Claro,Simples,Reta,Não,Decrescente
743892,2026-01-05,segunda-feira,18:15:00,PR,476.0,150,araucaria,-25.557924,-49.36629,1.0,0.0,0.0,Com Vítimas Feridas,Sim,Ausência de reação do condutor,Colisão traseira,Anoitecer,Céu Claro,Dupla,Aclive;Curva,Não,Decrescente
743893,2026-01-05,segunda-feira,18:30:00,MG,381.0,"485,8",betim,-19.955954,-44.104816,8.0,0.0,0.0,Com Vítimas Feridas,Não,Pista Escorregadia,Queda de ocupante de veículo,Plena Noite,Garoa/Chuvisco,Múltipla,Reta;Aclive,Sim,Crescente
743894,2026-01-05,segunda-feira,18:00:00,SC,101.0,124,itajai,-26.94816,-48.68279,1.0,0.0,0.0,Com Vítimas Feridas,Sim,Reação tardia ou ineficiente do condutor,Queda de ocupante de veículo,Pleno dia,Céu Claro,Múltipla,Reta,Sim,Decrescente
743896,2026-01-05,segunda-feira,18:25:00,MG,459.0,"96,1",pouso alegre,-22.185905,-45.984283,6.0,0.0,0.0,Com Vítimas Feridas,Não,Chuva,Colisão transversal,Pleno dia,Chuva,Simples,Declive;Interseção de Vias,Não,Decrescente
743897,2026-01-05,segunda-feira,18:45:00,ES,101.0,261,serra,-20.147446,-40.280533,2.0,0.0,0.0,Com Vítimas Feridas,Não,Chuva,Colisão traseira,Plena Noite,Chuva,Dupla,Curva,Sim,Crescente
743898,2026-01-05,segunda-feira,19:12:00,GO,40.0,4,valparaiso de goias,-16.07088,-47.98585,1.0,0.0,0.0,Com Vítimas Feridas,Sim,Acesso irregular,Colisão transversal,Plena Noite,Nublado,Dupla,Reta,Sim,Crescente
743899,2026-01-05,segunda-feira,11:04:00,MS,262.0,"710,4",corumba,-19.485722,-57.427612,0.0,0.0,0.0,Sem Vítimas,Não,Velocidade Incompatível,Colisão com objeto,Pleno dia,Céu Claro,Simples,Reta,Não,Decrescente
743900,2026-01-05,segunda-feira,18:20:00,RS,116.0,400,camaqua,-30.875153,-51.81211,0.0,0.0,0.0,Sem Vítimas,Sim,Desvio temporário,Colisão lateral mesmo sentido,Pleno dia,Sol,Dupla,Desvio Temporário,Sim,Decrescente
743902,2026-01-05,segunda-feira,18:05:00,RS,153.0,"50,7",erechim,-27.656452,-52.276436,0.0,0.0,0.0,Sem Vítimas,Sim,Condutor deixou de manter distância do veículo da frente,Colisão traseira,Pleno dia,Céu Claro,Simples,Rotatória,Sim,Decrescente
743903,2026-01-05,segunda-feira,19:00:00,DF,40.0,0,brasilia,-15.973954,-47.9906,1.0,0.0,0.0,Com Vítimas Feridas,Sim,Acessar a via sem observar a presença dos outros veículos,Colisão lateral mesmo sentido,Plena Noite,Céu Claro,Dupla,Reta,Sim,Crescente
743904,2026-01-05,segunda-feira,18:15:00,MG,50.0,"50,9",araguari,-18.743517,-48.230816,24.0,0.0,0.0,Com Vítimas Feridas,Não,Chuva,Queda de ocupante de veículo,Pleno dia,Chuva,Dupla,Curva,Não,Decrescente
743905,2026-01-05,segunda-feira,18:00:00,RS,153.0,"49,9",erechim,-27.655611,-52.270245,1.0,0.0,0.0,Com Vítimas Feridas,Sim,Reação tardia ou ineficiente do condutor,Tombamento,Pleno dia,Céu Claro,Simples,Interseção de Vias;Reta,Não,Decrescente
743906,2026-01-05,segunda-feira,15:55:00,MG,365.0,"305,7",joao pinheiro,-18.171528,-45.782513,18.0,0.0,0.0,Com Vítimas Feridas,Não,Velocidade Incompatível,Tombamento,Pleno dia,Chuva,Simples,Reta,Não,Crescente
743908,2026-01-05,segunda-feira,14:30:00,MG,262.0,435,nova serrana,-19.876186,-44.94658,1.0,0.0,0.0,Com Vítimas Feridas,Sim,Animais na Pista,Atropelamento de Animal,Pleno dia,Nublado,Dupla,Reta,Não,Crescente
743909,2026-01-05,segunda-feira,14:00:00,BA,367.0,22,porto seguro,-16.43516,-39.072006,0.0,1.0,0.0,Com Vítimas Feridas,Sim,Transitar na contramão,Colisão frontal,Pleno dia,Sol,Simples,Curva,Sim,Crescente
743910,2026-01-05,segunda-feira,19:50:00,TO,153.0,439,miracema do tocantins,-9.738168,-48.696674,0.0,0.0,0.0,Sem Vítimas,Não,Velocidade Incompatível,Colisão com objeto,Plena Noite,Chuva,Simples,Reta,Não,Decrescente
743911,2026-01-05,segunda-feira,19:30:00,PI,343.0,"307,1",altos,-5.039713,-42.460033,6.0,6.0,0.0,Com Vítimas Feridas,Não,Ausência de reação do condutor,Queda de ocupante de veículo,Plena Noite,Céu Claro,Simples,Reta;Interseção de Vias,Sim,Crescente
743912,2026-01-05,segunda-feira,16:55:00,RO,364.0,197,pimenta bueno,-11.678568,-61.18772,6.0,6.0,0.0,Com Vítimas Feridas,Não,Manobra de mudança de faixa,Queda de ocupante de veículo,Anoitecer,Nublado,Simples,Interseção de Vias,Sim,Crescente
743913,2026-01-05,segunda-feira,16:00:00,RJ,40.0,104,duque de caxias,-22.628073,-43.286064,4.0,0.0,0.0,Com Vítimas Feridas,Sim,Avarias e/ou desgaste excessivo no pneu,Queda de ocupante de veículo,Pleno dia,Nublado,Dupla,Reta,Não,Crescente
743914,2026-01-05,segunda-feira,19:40:00,SC,280.0,55,guaramirim,-26.479633,-49.005104,1.0,0.0,0.0,Com Vítimas Feridas,Sim,Velocidade Incompatível,Queda de ocupante de veículo,Plena Noite,Céu Claro,Dupla,Reta,Não,Crescente
743915,2026-01-05,segunda-feira,19:20:00,GO,40.0,4,valparaiso de goias,-16.088734,-47.98519,0.0,0.0,0.0,Sem Vítimas,Sim,Ultrapassagem Indevida,Capotamento,Plena Noite,Vento,Dupla,Reta,Sim,Crescente
743916,2026-01-05,segunda-feira,17:40:00,RJ,116.0,261,pirai,-22.585611,-44.05441,6.0,2.0,0.0,Com Vítimas Feridas,Sim,Reação tardia ou ineficiente do condutor,Capotamento,Pleno dia,Céu Claro,Dupla,Declive;Reta,Não,Decrescente
743917,2026-01-05,segunda-feira,19:20:00,MT,70.0,2,barra do garcas,-15.888713,-52.2661,4.0,0.0,0.0,Com Vítimas Feridas,Não,Reação tardia ou ineficiente do condutor,Queda de ocupante de veículo,Plena Noite,Céu Claro,Simples,Reta,Sim,Crescente
743918,2026-01-05,segunda-feira,18:50:00,MA,135.0,0,sao luis,-2.58229,-44.24285,0.0,2.0,0.0,Com Vítimas Feridas,Não,Condutor deixou de manter distância do veículo da frente,Colisão lateral mesmo sentido,Plena Noite,Ignorado,Múltipla,Reta,Sim,Crescente
743919,2026-01-05,segunda-feira,19:25:00,MG,381.0,"401,5",nova uniao,-19.751608,-43.54125,3.0,0.0,0.0,Com Vítimas Feridas,Não,Neblina,Colisão traseira,Plena Noite,Chuva,Dupla,Reta,Sim,Decrescente
743921,2026-01-05,segunda-feira,20:30:00,RS,153.0,48,erechim,-27.648336,-52.25312,1.0,0.0,0.0,Com Vítimas Feridas,Sim,Reação tardia ou ineficiente do condutor,Colisão transversal,Anoitecer,Céu Claro,Simples,Interseção de Vias;Viaduto,Sim,Decrescente
743922,2026-01-05,segunda-feira,19:40:00,MS,163.0,742,coxim,-18.423,-54.691,3.0,0.0,0.0,Com Vítimas Feridas,Sim,Condutor Dormindo,Tombamento,Plena Noite,Nublado,Simples,Declive;Ponte;Reta,Não,Crescente
743923,2026-01-05,segunda-feira,17:40:00,MA,10.0,289,imperatriz,-5.198545,-47.51945,3.0,0.0,0.0,Com Vítimas Feridas,Sim,Transitar na contramão,Capotamento,Anoitecer,Sol,Simples,Reta;Declive,Não,Crescente
743924,2026-01-05,segunda-feira,21:00:00,ES,101.0,"270,5",serra,-20.230015,-40.27266,2.0,0.0,0.0,Com Vítimas Feridas,Sim,Condutor deixou de manter distância do veículo da frente,Tombamento,Plena Noite,Chuva,Múltipla,Reta;Interseção de Vias,Sim,Decrescente
743926,2026-01-05,segunda-feira,22:00:00,RN,304.0,37,mossoro,-5.178719,-37.36641,1.0,0.0,0.0,Com Vítimas Feridas,Sim,Velocidade Incompatível,Saída de leito carroçável,Plena Noite,Céu Claro,Simples,Retorno Regulamentado,Sim,Crescente
743927,2026-01-05,segunda-feira,18:30:00,RJ,101.0,185,casimiro de abreu,-22.43201,-42.03351,1.0,0.0,0.0,Com Vítimas Feridas,Sim,Reação tardia ou ineficiente do condutor,Tombamento,Anoitecer,Nublado,Simples,Curva,Não,Decrescente
743928,2026-01-05,segunda-feira,20:39:00,PA,230.0,9,altamira,-3.19272,-52.22766,1.0,0.0,0.0,Com Vítimas Feridas,Sim,Reação tardia ou ineficiente do condutor,Queda de ocupante de veículo,Plena Noite,Céu Claro,Simples,Reta,Sim,Decrescente
743929,2026-01-05,segunda-feira,21:30:00,BA,324.0,1,feira de santana,-12.282114,-38.94486,2.0,2.0,0.0,Com Vítimas Feridas,Sim,Ausência de reação do condutor,Colisão transversal,Plena Noite,Céu Claro,Simples,Reta,Sim,Decrescente
743930,2026-01-05,segunda-feira,21:35:00,TO,153.0,290,presidente kennedy,-8.44291,-48.48424,12.0,0.0,12.0,Com Vítimas Fatais,Não,Reação tardia ou ineficiente do condutor,Colisão com objeto,Plena Noite,Nublado,Simples,Reta,Não,Crescente
743931,2026-01-05,segunda-feira,21:25:00,PE,101.0,42,igarassu,-7.846372,-34.90999,1.0,1.0,0.0,Com Vítimas Feridas,Sim,Acessar a via sem observar a presença dos outros veículos,Colisão transversal,Plena Noite,Céu Claro,Dupla,Declive,Sim,Decrescente
743932,2026-01-05,segunda-feira,21:40:00,MG,40.0,"512,6",ribeirao das neves,-19.79571,-44.109367,0.0,3.0,0.0,Com Vítimas Feridas,Sim,Ausência de reação do condutor,Queda de ocupante de veículo,Plena Noite,Céu Claro,Dupla,Declive;Reta,Não,Decrescente
743933,2026-01-05,segunda-feira,21:20:00,SP,116.0,"60,5",guaratingueta,-22.795876,-45.166466,0.0,0.0,0.0,Sem Vítimas,Sim,Velocidade Incompatível,Capotamento,Plena Noite,Céu Claro,Dupla,Declive;Curva,Não,Crescente
743934,2026-01-05,segunda-feira,21:20:00,RS,470.0,224,garibaldi,-29.234127,-51.516167,1.0,0.0,0.0,Com Vítimas Feridas,Sim,Pedestre - Ingestão de álcool/ substâncias psicoativas,Atropelamento de Pedestre,Plena Noite,Céu Claro,Simples,Curva;Aclive,Não,Crescente
743935,2026-01-05,segunda-feira,19:05:00,PE,316.0,26,araripina,-7.590434,-40.49534,0.0,4.0,0.0,Com Vítimas Feridas,Não,Ausência de reação do condutor,Atropelamento de Pedestre,Plena Noite,Céu Claro,Simples,Reta,Não,Decrescente
743936,2026-01-05,segunda-feira,22:45:00,SC,101.0,"212,6",palhoca,-27.632,-48.661,4.0,0.0,0.0,Com Vítimas Feridas,Não,Ausência de sinalização,Colisão lateral mesmo sentido,Plena Noite,Céu Claro,Múltipla,Reta,Sim,Crescente
743937,2026-01-05,segunda-feira,23:40:00,SP,153.0,32,nova granada,-20.56436,-49.32008,8.0,0.0,0.0,Com Vítimas Feridas,Não,Ausência de reação do condutor,Queda de ocupante de veículo,Plena Noite,Céu Claro,Simples,Reta,Não,Crescente
743938,2026-01-05,segunda-feira,18:40:00,BA,324.0,545,amelia rodrigues,-12.419127,-38.747833,0.0,1.0,0.0,Com Vítimas Feridas,Sim,Manobra de mudança de faixa,Queda de ocupante de veículo,Plena Noite,Céu Claro,Dupla,Reta,Não,Decrescente
743939,2026-01-06,terça-feira,00:22:00,MG,381.0,"507,5",sao joaquim de bicas,-20.0425,-44.2663,0.0,0.0,3.0,Com Vítimas Fatais,Não,Pedestre andava na pista,Atropelamento de Pedestre,Plena Noite,Nublado,Múltipla,Aclive;Reta,Sim,Crescente
743940,2026-01-05,segunda-feira,17:35:00,PR,277.0,"486,4",nova laranjeiras,-25.265726,-52.62449,0.0,0.0,0.0,Sem Vítimas,Sim,Demais falhas mecânicas ou elétricas,Tombamento,Pleno dia,Céu Claro,Simples,Curva,Não,Decrescente
743941,2026-01-06,terça-feira,01:00:00,MG,381.0,"484,2",betim,-19.95951,-44.08999,1.0,0.0,0.0,Com Vítimas Feridas,Sim,Mal súbito do condutor,Colisão com objeto,Plena Noite,Céu Claro,Dupla,Curva;Aclive,Sim,Decrescente
743942,2026-01-06,terça-feira,00:40:00,PR,153.0,461,uniao da vitoria,-26.251244,-51.1626,0.0,0.0,0.0,Sem Vítimas,Sim,Velocidade Incompatível,Capotamento,Plena Noite,Nublado,Simples,Curva,Não,Decrescente
743943,2026-01-06,terça-feira,00:30:00,SC,101.0,"130,1",camboriu,-26.98469,-48.66843,0.0,2.0,0.0,Com Vítimas Feridas,Sim,Reação tardia ou ineficiente do condutor,Colisão frontal,Plena Noite,Nublado,Simples,Reta,Não,Crescente