id,data_inversa,dia_semana,horario,uf,br,km,municipio,latitude,longitude,feridos_leves,feridos_graves,mortos,classificacao_acidente,causa_principal,causa_acidente,tipo_acidente,fase_dia,condicao_metereologica,tipo_pista,tracado_via,uso_solo,sentido_via
744061,2026-01-06,terça-feira,14:20:00,BA,407.0,126,senhor do bonfim,-10.458645,-40.178356,4.0,0.0,0.0,Com Vítimas Feridas,Não,Desrespeitar a preferência no cruzamento,Colisão transversal,Pleno dia,Céu Claro,Dupla,Rotatória,Sim,Decrescente
744062,2026-01-06,terça-feira,17:10:00,SP,381.0,82,sao paulo,-23.456158,-46.571182,0.0,1.0,0.0,Com Vítimas Feridas,Sim,Acessar a via sem observar a presença dos outros veículos,Atropelamento de Pedestre,Pleno dia,Céu Claro,Múltipla,Reta,Não,Decrescente
744063,2026-01-06,terça-feira,17:20:00,BA,324.0,513,feira de santana,-12.231213,-38.958847,0.0,1.0,0.0,Com Vítimas Feridas,Sim,Animais na Pista,Atropelamento de Animal,Anoitecer,Céu Claro,Simples,Reta,Sim,Decrescente
744064,2026-01-06,terça-feira,17:00:00,MG,116.0,408,governador valadares,-18.851336,-41.97785,1.0,0.0,0.0,Com Vítimas Feridas,Sim,Acumulo de óleo sobre o pavimento,Tombamento,Pleno dia,Chuva,Dupla,Retorno Regulamentado,Sim,Decrescente
744065,2026-01-06,terça-feira,17:52:00,PE,232.0,107,bezerros,-8.27147,-35.80101,0.0,0.0,0.0,Sem Vítimas,Sim,Demais falhas mecânicas ou elétricas,Incêndio,Plena Noite,Céu Claro,Dupla,Declive;Reta,Não,Crescente
744066,2026-01-06,terça-feira,13:40:00,MT,70.0,667,caceres,-16.094833,-57.29051,4.0,0.0,0.0,Com Vítimas Feridas,Sim,Acumulo de água sobre o pavimento,Capotamento,Pleno dia,Chuva,Simples,Reta,Não,Decrescente
744067,2026-01-06,terça-feira,15:30:00,MG,365.0,"418,5",patos de minas,-18.683592,-46.576344,0.0,0.0,2.0,Com Vítimas Fatais,Não,Velocidade Incompatível,Colisão lateral sentido oposto,Pleno dia,Chuva,Simples,Curva,Não,Crescente
744068,2026-01-06,terça-feira,14:40:00,MT,174.0,462,comodoro,-13.8015585,-59.767868,2.0,0.0,0.0,Com Vítimas Feridas,Sim,Acumulo de água sobre o pavimento,Capotamento,Pleno dia,Chuva,Simples,Curva,Não,Crescente
744069,2026-01-06,terça-feira,18:00:00,SC,153.0,80,irani,-27.13013,-51.915062,0.0,0.0,0.0,Sem Vítimas,Sim,Demais falhas mecânicas ou elétricas,Incêndio,Pleno dia,Céu Claro,Dupla,Curva,Não,Decrescente
744070,2026-01-06,terça-feira,17:40:00,RJ,393.0,167,tres rios,-22.12102,-43.16291,2.0,0.0,0.0,Com Vítimas Feridas,Sim,Velocidade Incompatível,Colisão transversal,Pleno dia,Céu Claro,Simples,Reta,Sim,Decrescente
744071,2026-01-06,terça-feira,18:25:00,SP,116.0,143,sao jose dos campos,-23.17743,-45.836334,1.0,0.0,0.0,Com Vítimas Feridas,Sim,Reação tardia ou ineficiente do condutor,Colisão traseira,Anoitecer,Céu Claro,Dupla,Reta,Não,Crescente
744073,2026-01-06,terça-feira,18:50:00,SP,116.0,135,sao jose dos campos,-23.149734,-45.779926,2.0,0.0,0.0,Com Vítimas Feridas,Sim,Avarias e/ou desgaste excessivo no pneu,Queda de ocupante de veículo,Plena Noite,Céu Claro,Dupla,Reta,Não,Crescente
744074,2026-01-06,terça-feira,17:40:00,RO,174.0,13,vilhena,-12.740519,-60.131836,24.0,0.0,0.0,Com Vítimas Feridas,Não,Reação tardia ou ineficiente do condutor,Queda de ocupante de veículo,Pleno dia,Nublado,Dupla,Interseção de Vias;Reta,Sim,Crescente
744075,2026-01-06,terça-feira,18:10:00,MT,163.0,747,sorriso,-12.593392,-55.743584,3.0,3.0,0.0,Com Vítimas Feridas,Sim,Acessar a via sem observar a presença dos outros veículos,Tombamento,Anoitecer,Céu Claro,Dupla,Retorno Regulamentado;Curva;Interseção de Vias,Sim,Decrescente
744077,2026-01-06,terça-feira,19:10:00,GO,414.0,388,corumba de goias,-15.904188,-48.800545,1.0,0.0,0.0,Com Vítimas Feridas,Sim,Demais falhas mecânicas ou elétricas,Colisão com objeto,Plena Noite,Céu Claro,Simples,Curva,Não,Crescente
744078,2026-01-06,terça-feira,19:45:00,PR,277.0,"73,1",sao jose dos pinhais,-25.500961,-49.15148,3.0,0.0,0.0,Com Vítimas Feridas,Sim,Objeto estático sobre o leito carroçável,Queda de ocupante de veículo,Plena Noite,Nublado,Dupla,Reta,Sim,Crescente
744079,2026-01-06,terça-feira,19:00:00,BA,367.0,"28,4",porto seguro,-16.417307,-39.11074,15.0,15.0,0.0,Com Vítimas Feridas,Sim,Manobra de mudança de faixa,Queda de ocupante de veículo,Plena Noite,Céu Claro,Simples,Curva,Sim,Decrescente
744080,2026-01-06,terça-feira,09:50:00,PR,116.0,"12,5",colombo,-25.37624,-49.15201,2.0,0.0,0.0,Com Vítimas Feridas,Sim,Acumulo de óleo sobre o pavimento,Queda de ocupante de veículo,Pleno dia,Céu Claro,Dupla,Curva;Viaduto;Interseção de Vias;Retorno Regulamentado,Sim,Crescente
744082,2026-01-06,terça-feira,17:50:00,PB,230.0,14,cabedelo,-7.09182,-34.84834,0.0,1.0,0.0,Com Vítimas Feridas,Sim,Ausência de reação do condutor,Colisão traseira,Plena Noite,Céu Claro,Dupla,Reta,Sim,Crescente
744085,2026-01-06,terça-feira,17:30:00,PB,230.0,380,condado,-6.913478,-37.63392,0.0,4.0,4.0,Com Vítimas Fatais,Não,Velocidade Incompatível,Saída de leito carroçável,Plena Noite,Céu Claro,Simples,Reta,Não,Decrescente
744086,2026-01-06,terça-feira,19:50:00,MG,381.0,"732,3",carmo da cachoeira,-21.414719,-45.21286,1.0,0.0,0.0,Com Vítimas Feridas,Sim,Velocidade Incompatível,Saída de leito carroçável,Plena Noite,Nublado,Dupla,Curva,Não,Decrescente
744087,2026-01-06,terça-feira,19:10:00,MA,135.0,"15,6",sao luis,-2.699675,-44.308136,0.0,2.0,0.0,Com Vítimas Feridas,Sim,Acessar a via sem observar a presença dos outros veículos,Atropelamento de Pedestre,Plena Noite,Céu Claro,Dupla,Aclive;Reta,Sim,Decrescente
744088,2026-01-06,terça-feira,19:47:00,SP,116.0,"307,5",sao lourenco da serra,-23.854837,-46.93987,8.0,0.0,0.0,Com Vítimas Feridas,Não,Avarias e/ou desgaste excessivo no pneu,Capotamento,Plena Noite,Céu Claro,Dupla,Curva,Sim,Decrescente
744089,2026-01-06,terça-feira,19:30:00,PE,316.0,83,ouricuri,-7.87462,-40.08528,0.0,6.0,0.0,Com Vítimas Feridas,Não,Iluminação deficiente,Queda de ocupante de veículo,Plena Noite,Céu Claro,Simples,Reta,Sim,Crescente
744090,2026-01-06,terça-feira,19:20:00,SC,101.0,146,itapema,-27.08702,-48.609783,8.0,0.0,0.0,Com Vítimas Feridas,Não,Trafegar com motocicleta (ou similar) entre as faixas,Tombamento,Anoitecer,Nublado,Dupla,Reta,Sim,Decrescente
744091,2026-01-06,terça-feira,19:30:00,RS,290.0,"404,6",santa margarida do sul,-30.364437,-54.20347,0.0,0.0,0.0,Sem Vítimas,Sim,Demais falhas mecânicas ou elétricas,Incêndio,Pleno dia,Céu Claro,Simples,Reta,Não,Decrescente
744092,2026-01-06,terça-feira,19:20:00,RO,364.0,"193,2",pimenta bueno,-11.705317,-61.16618,2.0,0.0,0.0,Com Vítimas Feridas,Sim,Ausência de reação do condutor,Tombamento,Plena Noite,Nublado,Simples,Reta,Não,Decrescente
744093,2026-01-06,terça-feira,21:15:00,GO,40.0,25,luziania,-16.254272,-47.89936,21.0,0.0,0.0,Com Vítimas Feridas,Não,Chuva,Tombamento,Plena Noite,Chuva,Simples,Desvio Temporário;Curva,Não,Decrescente
744094,2026-01-06,terça-feira,20:20:00,PB,104.0,142,queimadas,-7.385056,-35.895706,0.0,0.0,0.0,Sem Vítimas,Sim,Reação tardia ou ineficiente do condutor,Colisão com objeto,Plena Noite,Céu Claro,Simples,Curva,Sim,Decrescente
744095,2026-01-06,terça-feira,20:30:00,PR,476.0,"169,8",contenda,-25.67191,-49.51007,0.0,0.0,1.0,Com Vítimas Fatais,Sim,Acessar a via sem observar a presença dos outros veículos,Atropelamento de Pedestre,Plena Noite,Nublado,Simples,Curva;Aclive,Sim,Decrescente
744096,2026-01-06,terça-feira,21:10:00,PR,163.0,139,capitao leonidas marques,-25.480783,-53.590885,0.0,0.0,0.0,Sem Vítimas,Não,Ingestão de álcool pelo condutor,Saída de leito carroçável,Plena Noite,Céu Claro,Simples,Curva,Não,Crescente
744098,2026-01-06,terça-feira,08:00:00,MG,50.0,17,araguari,-18.565006,-48.05669,0.0,3.0,0.0,Com Vítimas Feridas,Sim,Chuva,Colisão traseira,Pleno dia,Chuva,Dupla,Curva,Não,Crescente
744099,2026-01-06,terça-feira,21:15:00,MG,153.0,27,centralina,-18.652008,-49.171787,9.0,0.0,0.0,Com Vítimas Feridas,Não,Velocidade Incompatível,Colisão traseira,Plena Noite,Nublado,Dupla,Reta,Não,Decrescente
744100,2026-01-06,terça-feira,22:45:00,MG,116.0,"757,7",leopoldina,-21.501268,-42.596508,0.0,0.0,0.0,Sem Vítimas,Sim,Demais falhas mecânicas ou elétricas,Incêndio,Plena Noite,Céu Claro,Simples,Reta,Não,Decrescente
744101,2026-01-06,terça-feira,23:43:00,SP,116.0,398,miracatu,-24.311255,-47.510376,2.0,0.0,0.0,Com Vítimas Feridas,Sim,Velocidade Incompatível,Saída de leito carroçável,Plena Noite,Nublado,Dupla,Reta,Sim,Crescente
744102,2026-01-06,terça-feira,23:45:00,MG,354.0,"732,3",pouso alto,-22.167177,-44.96516,0.0,0.0,0.0,Sem Vítimas,Sim,Ingestão de álcool pelo condutor,Colisão frontal,Plena Noite,Nublado,Simples,Aclive;Curva,Não,Decrescente
744104,2026-01-06,terça-feira,23:45:00,MS,376.0,32,vicentina,-22.398584,-54.462826,9.0,0.0,0.0,Com Vítimas Feridas,Não,Reação tardia ou ineficiente do condutor,Queda de ocupante de veículo,Plena Noite,Céu Claro,Simples,Reta,Não,Crescente
744105,2026-01-06,terça-feira,23:00:00,RO,364.0,649,candeias do jamari,-8.931702,-63.432526,0.0,4.0,0.0,Com Vítimas Feridas,Não,Condutor Dormindo,Tombamento,Plena Noite,Céu Claro,Simples,Aclive;Reta,Não,Decrescente
744106,2026-01-07,quarta-feira,01:10:00,MS,262.0,"552,4",miranda,-20.26735,-56.33599,0.0,0.0,0.0,Sem Vítimas,Não,Transitar na contramão,Colisão frontal,Plena Noite,Céu Claro,Simples,Reta,Sim,Crescente
744107,2026-01-07,quarta-feira,02:20:00,MG,267.0,"154,8",lima duarte,-21.813835,-43.737698,0.0,3.0,0.0,Com Vítimas Feridas,Sim,Ausência de reação do condutor,Saída de leito carroçável,Plena Noite,Ignorado,Simples,Reta,Não,Crescente
744108,2026-01-07,quarta-feira,03:00:00,MG,381.0,356,sao goncalo do rio abaixo,-19.85456,-43.225365,1.0,0.0,0.0,Com Vítimas Feridas,Sim,Velocidade Incompatível,Tombamento,Plena Noite,Garoa/Chuvisco,Simples,Declive;Curva,Não,Crescente
744109,2026-01-07,quarta-feira,02:59:00,PE,232.0,16,jaboatao dos guararapes,-8.09389,-35.03492,0.0,0.0,0.0,Sem Vítimas,Sim,Animais na Pista,Atropelamento de Animal,Plena Noite,Céu Claro,Dupla,Reta,Não,Crescente
744110,2026-01-07,quarta-feira,01:54:00,PI,316.0,"72,3",monsenhor gil,-5.651478,-42.59198,6.0,0.0,0.0,Com Vítimas Feridas,Não,Reação tardia ou ineficiente do condutor,Capotamento,Plena Noite,Céu Claro,Simples,Curva,Não,Decrescente
744111,2026-01-07,quarta-feira,03:39:00,PE,232.0,7,recife,-8.075328,-34.966873,6.0,0.0,0.0,Com Vítimas Feridas,Sim,Velocidade Incompatível,Capotamento,Plena Noite,Céu Claro,Múltipla,Reta;Retorno Regulamentado,Não,Decrescente
744112,2026-01-07,quarta-feira,04:00:00,SC,101.0,206,sao jose,-27.591135,-48.61793,2.0,0.0,0.0,Com Vítimas Feridas,Sim,Ausência de reação do condutor,Queda de ocupante de veículo,Plena Noite,Céu Claro,Dupla,Reta,Sim,Decrescente
744113,2026-01-07,quarta-feira,04:50:00,MG,40.0,34,paracatu,-17.193,-46.922,4.0,0.0,0.0,Com Vítimas Feridas,Não,Reação tardia ou ineficiente do condutor,Tombamento,Amanhecer,Nevoeiro/Neblina,Simples,Curva,Não,Crescente
744114,2026-01-07,quarta-feira,04:45:00,SP,116.0,"208,8",guarulhos,-23.423882,-46.399006,1.0,0.0,0.0,Com Vítimas Feridas,Sim,Condutor Dormindo,Queda de ocupante de veículo,Plena Noite,Céu Claro,Dupla,Reta,Sim,Crescente
744115,2026-01-07,quarta-feira,05:30:00,MG,381.0,343,joao monlevade,-19.866,-43.125,3.0,0.0,0.0,Com Vítimas Feridas,Não,Demais falhas mecânicas ou elétricas,Queda de ocupante de veículo,Amanhecer,Garoa/Chuvisco,Simples,Curva,Não,Decrescente
744116,2026-01-06,terça-feira,21:50:00,MG,153.0,43,canapolis,-18.789074,-49.08434,0.0,0.0,0.0,Sem Vítimas,Sim,Reação tardia ou ineficiente do condutor,Colisão lateral mesmo sentido,Plena Noite,Céu Claro,Dupla,Reta,Não,Decrescente
744117,2026-01-07,quarta-feira,02:30:00,MT,364.0,456,varzea grande,-15.495025,-56.276382,0.0,0.0,1.0,Com Vítimas Fatais,Sim,Pedestre andava na pista,Atropelamento de Pedestre,Plena Noite,Céu Claro,Simples,Reta,Não,Decrescente
744118,2026-01-07,quarta-feira,04:40:00,MT,163.0,"119,5",rondonopolis,-16.490515,-54.64711,0.0,0.0,0.0,Sem Vítimas,Sim,Demais falhas mecânicas ou elétricas,Incêndio,Amanhecer,Céu Claro,Dupla,Reta,Sim,Decrescente
744119,2026-01-06,terça-feira,22:40:00,GO,60.0,"104,4",goianapolis,-16.412743,-49.00537,0.0,0.0,0.0,Sem Vítimas,Sim,Velocidade Incompatível,Saída de leito carroçável,Plena Noite,Chuva,Dupla,Declive;Curva,Não,Crescente
744121,2026-01-07,quarta-feira,06:40:00,PA,316.0,"56,4",castanhal,-1.29952,-47.97199,0.0,0.0,0.0,Sem Vítimas,Não,Transitar na contramão,Colisão lateral sentido oposto,Pleno dia,Céu Claro,Dupla,Reta,Sim,Decrescente
744122,2026-01-06,terça-feira,23:40:00,RO,425.0,55,nova mamore,-10.186962,-65.28931,12.0,0.0,0.0,Com Vítimas Feridas,Não,Falta de elemento de contenção que evite a saída do leito carroçável,Capotamento,Plena Noite,Céu Claro,Simples,Reta;Em Obras,Não,Crescente
744123,2026-01-06,terça-feira,21:50:00,SP,116.0,560,barra do turvo,-24.987303,-48.507385,1.0,0.0,0.0,Com Vítimas Feridas,Sim,Ausência de reação do condutor,Tombamento,Plena Noite,Chuva,Simples,Curva,Não,Crescente
744124,2026-01-07,quarta-feira,04:30:00,GO,153.0,258,sao luiz do norte,-14.989078,-49.41023,0.0,0.0,0.0,Sem Vítimas,Sim,Transitar na contramão,Saída de leito carroçável,Plena Noite,Chuva,Simples,Aclive;Reta,Não,Decrescente
744125,2026-01-07,quarta-feira,06:00:00,GO,153.0,"241,8",sao luiz do norte,-14.863086,-49.326626,6.0,0.0,0.0,Com Vítimas Feridas,Não,Chuva,Colisão transversal,Amanhecer,Chuva,Simples,Aclive;Interseção de Vias;Curva;Rotatória,Sim,Decrescente
744126,2026-01-07,quarta-feira,06:50:00,MG,381.0,561,itaguara,-20.338491,-44.442123,0.0,2.0,0.0,Com Vítimas Feridas,Sim,Velocidade Incompatível,Tombamento,Pleno dia,Garoa/Chuvisco,Dupla,Curva,Não,Crescente
744127,2026-01-06,terça-feira,21:30:00,SP,116.0,513,cajati,-24.853683,-48.210022,1.0,0.0,0.0,Com Vítimas Feridas,Sim,Reação tardia ou ineficiente do condutor,Colisão traseira,Plena Noite,Garoa/Chuvisco,Simples,Curva,Não,Decrescente
744128,2026-01-07,quarta-feira,06:38:00,PE,101.0,92,cabo de santo agostinho,-8.2353,-35.00026,4.0,0.0,0.0,Com Vítimas Feridas,Sim,Manobra de mudança de faixa,Queda de ocupante de veículo,Pleno dia,Sol,Dupla,Reta,Não,Crescente
744129,2026-01-07,quarta-feira,07:15:00,BA,324.0,623,salvador,-12.949899,-38.47045,6.0,0.0,0.0,Com Vítimas Feridas,Sim,Reação tardia ou ineficiente do condutor,Colisão transversal,Pleno dia,Céu Claro,Múltipla,Reta,Sim,Crescente
744130,2026-01-07,quarta-feira,04:30:00,RJ,101.0,142,carapebus,-22.195034,-41.74942,0.0,0.0,0.0,Sem Vítimas,Não,Reação tardia ou ineficiente do condutor,Engavetamento,Amanhecer,Nublado,Dupla,Reta,Não,Crescente
744131,2026-01-07,quarta-feira,07:14:00,PI,343.0,"2,2",teresina,-5.081525,-42.770054,0.0,3.0,0.0,Com Vítimas Feridas,Sim,Reação tardia ou ineficiente do condutor,Colisão com objeto,Pleno dia,Céu Claro,Dupla,Reta,Sim,Crescente
744132,2026-01-07,quarta-feira,07:14:00,ES,101.0,"139,3",linhares,-19.313305,-40.078358,0.0,6.0,0.0,Com Vítimas Feridas,Não,Desrespeitar a preferência no cruzamento,Queda de ocupante de veículo,Pleno dia,Céu Claro,Simples,Reta;Retorno Regulamentado,Não,Decrescente
744133,2026-01-06,terça-feira,08:52:00,PE,232.0,408,serra talhada,-7.982575,-38.287132,0.0,9.0,0.0,Com Vítimas Feridas,Não,Ausência de sinalização,Queda de ocupante de veículo,Pleno dia,Céu Claro,Simples,Interseção de Vias;Reta,Sim,Decrescente
744134,2026-01-07,quarta-feira,07:30:00,PR,376.0,"178,2",maringa,-23.417158,-51.919243,1.0,0.0,0.0,Com Vítimas Feridas,Sim,Reação tardia ou ineficiente do condutor,Colisão traseira,Pleno dia,Céu Claro,Múltipla,Reta,Sim,Crescente
744135,2026-01-07,quarta-feira,07:15:00,PB,230.0,364,malta,-6.904922,-37.516365,3.0,0.0,0.0,Com Vítimas Feridas,Sim,Acessar a via sem observar a presença dos outros veículos,Queda de ocupante de veículo,Pleno dia,Céu Claro,Simples,Reta,Não,Decrescente
744136,2026-01-07,quarta-feira,08:00:00,PB,101.0,"84,5",bayeux,-7.142137,-34.920555,1.0,0.0,0.0,Com Vítimas Feridas,Sim,Acessar a via sem observar a presença dos outros veículos,Colisão lateral mesmo sentido,Pleno dia,Céu Claro,Simples,Reta,Não,Crescente
744137,2026-01-07,quarta-feira,07:20:00,SC,280.0,"29,5",araquari,-26.413204,-48.75788,1.0,0.0,0.0,Com Vítimas Feridas,Sim,Transitar no Acostamento,Atropelamento de Pedestre,Pleno dia,Céu Claro,Simples,Curva,Sim,Decrescente
744139,2026-01-07,quarta-feira,07:30:00,RJ,101.0,"268,6",rio bonito,-22.712404,-42.674324,0.0,0.0,0.0,Sem Vítimas,Sim,Manobra de mudança de faixa,Colisão lateral mesmo sentido,Pleno dia,Nublado,Dupla,Reta,Não,Decrescente
744140,2026-01-07,quarta-feira,08:00:00,PI,343.0,2,teresina,-5.0814652,-42.767822,0.0,0.0,0.0,Sem Vítimas,Não,Acessar a via sem observar a presença dos outros veículos,Colisão transversal,Pleno dia,Céu Claro,Dupla,Reta,Sim,Crescente
744141,2026-01-07,quarta-feira,08:00:00,GO,70.0,4,aguas lindas de goias,-15.759846,-48.2463,0.0,0.0,0.0,Sem Vítimas,Sim,Condutor Dormindo,Capotamento,Amanhecer,Céu Claro,Dupla,Reta,Sim,Crescente
744142,2026-01-07,quarta-feira,07:20:00,MG,262.0,399,para de minas,-19.886045,-44.633884,2.0,0.0,0.0,Com Vítimas Feridas,Sim,Velocidade Incompatível,Queda de ocupante de veículo,Pleno dia,Nublado,Dupla,Curva,Não,Decrescente
744143,2026-01-07,quarta-feira,06:20:00,MT,364.0,338,santo antonio do leverger,-15.83278,-55.467503,2.0,0.0,0.0,Com Vítimas Feridas,Não,Condutor deixou de manter distância do veículo da frente,Colisão traseira,Pleno dia,Céu Claro,Dupla,Reta,Não,Decrescente
744144,2026-01-07,quarta-feira,07:30:00,SC,101.0,"206,8",sao jose,-27.59828,-48.620842,3.0,0.0,0.0,Com Vítimas Feridas,Sim,Trafegar com motocicleta (ou similar) entre as faixas,Queda de ocupante de veículo,Pleno dia,Sol,Múltipla,Reta,Sim,Decrescente
744146,2026-01-07,quarta-feira,08:05:00,BA,324.0,525,feira de santana,-12.310597,-38.88454,3.0,0.0,0.0,Com Vítimas Feridas,Sim,Acessar a via sem observar a presença dos outros veículos,Queda de ocupante de veículo,Pleno dia,Céu Claro,Dupla,Reta,Sim,Decrescente
744147,2026-01-07,quarta-feira,05:30:00,GO,153.0,26,porangatu,-13.066453,-49.182858,2.0,0.0,0.0,Com Vítimas Feridas,Sim,Pista Escorregadia,Colisão frontal,Amanhecer,Chuva,Simples,Reta;Declive,Não,Crescente
744148,2026-01-07,quarta-feira,08:42:00,SP,116.0,125,cacapava,-23.097399,-45.684437,2.0,0.0,0.0,Com Vítimas Feridas,Não,Reação tardia ou ineficiente do condutor,Colisão traseira,Pleno dia,Céu Claro,Dupla,Reta,Não,Crescente
744149,2026-01-07,quarta-feira,09:40:00,RN,101.0,"76,3",natal,-5.7266407,-35.285934,2.0,0.0,0.0,Com Vítimas Feridas,Sim,Demais Fenômenos da natureza,Colisão com objeto,Pleno dia,Sol,Dupla,Reta,Não,Crescente
744151,2026-01-07,quarta-feira,09:50:00,SP,381.0,"86,3",sao paulo,-23.463562,-46.57139,0.0,2.0,0.0,Com Vítimas Feridas,Não,Pedestre cruzava a pista fora da faixa,Atropelamento de Pedestre,Pleno dia,Céu Claro,Múltipla,Reta,Sim,Decrescente
744153,2026-01-07,quarta-feira,07:00:00,MT,364.0,269,jaciara,-15.971748,-54.940018,2.0,0.0,0.0,Com Vítimas Feridas,Não,Retorno proibido,Colisão transversal,Pleno dia,Céu Claro,Simples,Reta,Sim,Crescente
744154,2026-01-07,quarta-feira,08:10:00,MG,40.0,"685,8",ressaquinha,-21.08829,-43.772167,4.0,0.0,0.0,Com Vítimas Feridas,Não,Curva acentuada,Tombamento,Pleno dia,Chuva,Simples,Curva,Não,Decrescente
744155,2026-01-07,quarta-feira,09:15:00,SC,282.0,54,aguas mornas,-27.686638,-48.971127,1.0,0.0,0.0,Com Vítimas Feridas,Sim,Retorno proibido,Colisão lateral mesmo sentido,Pleno dia,Céu Claro,Simples,Reta,Não,Crescente
744157,2026-01-07,quarta-feira,10:05:00,RN,101.0,"72,9",extremoz,-5.702687,-35.26487,1.0,0.0,0.0,Com Vítimas Feridas,Sim,Acessar a via sem observar a presença dos outros veículos,Colisão traseira,Pleno dia,Céu Claro,Simples,Aclive,Não,Decrescente
744158,2026-01-07,quarta-feira,10:45:00,SC,101.0,163,tijucas,-27.241766,-48.630917,0.0,2.0,0.0,Com Vítimas Feridas,Sim,Manobra de mudança de faixa,Tombamento,Pleno dia,Céu Claro,Múltipla,Reta,Sim,Decrescente
744159,2026-01-07,quarta-feira,09:21:00,MG,381.0,"603,6",oliveira,-20.623394,-44.733753,24.0,0.0,0.0,Com Vítimas Feridas,Não,Falta de elemento de contenção que evite a saída do leito carroçável,Capotamento,Pleno dia,Chuva,Dupla,Curva;Declive,Não,Crescente
744160,2026-01-07,quarta-feira,06:40:00,PR,277.0,"587,3",cascavel,-24.964209,-53.40944,2.0,0.0,0.0,Com Vítimas Feridas,Sim,Manobra de mudança de faixa,Colisão com objeto,Pleno dia,Céu Claro,Dupla,Interseção de Vias,Sim,Crescente
744161,2026-01-07,quarta-feira,11:15:00,SC,280.0,"28,9",araquari,-26.408072,-48.749577,1.0,0.0,0.0,Com Vítimas Feridas,Sim,Trafegar com motocicleta (ou similar) entre as faixas,Colisão transversal,Pleno dia,Céu Claro,Simples,Reta,Sim,Decrescente
744162,2026-01-07,quarta-feira,11:09:00,MG,381.0,615,oliveira,-20.70025,-44.74885,2.0,0.0,0.0,Com Vítimas Feridas,Sim,Velocidade Incompatível,Colisão com objeto,Pleno dia,Chuva,Dupla,Curva;Declive,Não,Crescente
744163,2026-01-03,sábado,15:09:00,PE,101.0,68,recife,-8.05274,-34.94586,3.0,0.0,0.0,Com Vítimas Feridas,Sim,Desrespeitar a preferência no cruzamento,Queda de ocupante de veículo,Pleno dia,Céu Claro,Dupla,Rotatória,Sim,Crescente
744164,2026-01-07,quarta-feira,08:30:00,MT,364.0,116,pedra preta,-16.829805,-54.015915,12.0,0.0,0.0,Com Vítimas Feridas,Não,Frear bruscamente,Saída de leito carroçável,Pleno dia,Céu Claro,Simples,Aclive,Não,Decrescente
744165,2026-01-07,quarta-feira,10:00:00,PB,104.0,"132,6",queimadas,-7.304331,-35.893074,2.0,0.0,0.0,Com Vítimas Feridas,Sim,Conversão proibida,Queda de ocupante de veículo,Pleno dia,Nublado,Simples,Reta,Não,Decrescente
744166,2026-01-07,quarta-feira,10:00:00,PB,230.0,2,cabedelo,-6.977227,-34.831165,6.0,0.0,0.0,Com Vítimas Feridas,Não,Velocidade Incompatível,Queda de ocupante de veículo,Pleno dia,Céu Claro,Simples,Reta,Sim,Decrescente
744167,2026-01-07,quarta-feira,11:30:00,PI,135.0,227,colonia do gurgueia,-8.202403,-43.79403,0.0,9.0,0.0,Com Vítimas Feridas,Não,Transitar no Acostamento,Tombamento,Pleno dia,Céu Claro,Simples,Reta,Sim,Crescente
744168,2026-01-07,quarta-feira,10:24:00,PE,423.0,"41,5",cachoeirinha,-8.5056,-36.24925,0.0,0.0,1.0,Com Vítimas Fatais,Sim,Ausência de reação do condutor,Atropelamento de Pedestre,Pleno dia,Céu Claro,Simples,Reta,Não,Crescente
744169,2026-01-07,quarta-feira,11:36:00,CE,116.0,41,horizonte,-4.1110697,-38.49135,1.0,0.0,0.0,Com Vítimas Feridas,Sim,Manobra de mudança de faixa,Colisão transversal,Pleno dia,Nublado,Múltipla,Declive;Reta,Sim,Decrescente
744170,2026-01-07,quarta-feira,10:00:00,PR,476.0,210,lapa,-25.784082,-49.855473,0.0,0.0,0.0,Sem Vítimas,Sim,Demais falhas mecânicas ou elétricas,Incêndio,Pleno dia,Céu Claro,Simples,Reta,Não,Crescente
744171,2026-01-07,quarta-feira,11:50:00,SP,116.0,283,embu das artes,-23.672153,-46.856194,30.0,0.0,0.0,Com Vítimas Feridas,Não,Trafegar com motocicleta (ou similar) entre as faixas,Colisão lateral mesmo sentido,Pleno dia,Céu Claro,Dupla,Reta,Sim,Decrescente
744172,2026-01-07,quarta-feira,06:30:00,BA,101.0,615,mascote,-15.552508,-39.397873,0.0,0.0,4.0,Com Vítimas Fatais,Não,Velocidade Incompatível,Queda de ocupante de veículo,Pleno dia,Céu Claro,Simples,Curva,Não,Crescente
744173,2026-01-04,domingo,07:40:00,RJ,116.0,174,sao joao de meriti,-22.792364,-43.36718,4.0,0.0,0.0,Com Vítimas Feridas,Não,Condutor Dormindo,Capotamento,Pleno dia,Nublado,Dupla,Reta,Não,Crescente
744174,2026-01-07,quarta-feira,10:56:00,SC,116.0,"0,9",mafra,-26.115759,-49.78697,0.0,0.0,0.0,Sem Vítimas,Sim,Demais falhas mecânicas ou elétricas,Colisão com objeto,Pleno dia,Céu Claro,Simples,Reta,Sim,Crescente
744175,2026-01-07,quarta-feira,10:50:00,MA,135.0,80,santa rita,-3.22193,-44.36208,1.0,0.0,0.0,Com Vítimas Feridas,Sim,Demais falhas mecânicas ou elétricas,Colisão com objeto,Pleno dia,Céu Claro,Simples,Reta,Não,Crescente