id,data_inversa,dia_semana,horario,uf,br,km,municipio,latitude,longitude,feridos_leves,feridos_graves,mortos,classificacao_acidente,causa_principal,causa_acidente,tipo_acidente,fase_dia,condicao_metereologica,tipo_pista,tracado_via,uso_solo,sentido_via
744177,2026-01-07,quarta-feira,12:07:00,MG,381.0,"627,6",oliveira,-20.817608,-44.797176,24.0,0.0,0.0,Com Vítimas Feridas,Não,Velocidade Incompatível,Capotamento,Pleno dia,Chuva,Dupla,Aclive;Reta,Não,Crescente
744178,2026-01-07,quarta-feira,11:57:00,MG,381.0,630,oliveira,-20.814552,-44.792084,3.0,0.0,0.0,Com Vítimas Feridas,Sim,Velocidade Incompatível,Capotamento,Pleno dia,Chuva,Dupla,Declive,Não,Crescente
744179,2026-01-07,quarta-feira,12:03:00,SP,116.0,"204,5",aruja,-23.41312,-46.361053,0.0,0.0,0.0,Sem Vítimas,Sim,Reação tardia ou ineficiente do condutor,Engavetamento,Pleno dia,Chuva,Dupla,Reta,Sim,Decrescente
744181,2026-01-06,terça-feira,19:11:00,AC,364.0,734,cruzeiro do sul,-7.741494,-72.483734,0.0,5.0,0.0,Com Vítimas Feridas,Não,Frear bruscamente,Colisão frontal,Plena Noite,Nublado,Simples,Reta,Sim,Decrescente
744182,2026-01-07,quarta-feira,10:30:00,SC,280.0,"139,4",rio negrinho,-26.25377,-49.60667,1.0,0.0,0.0,Com Vítimas Feridas,Sim,Reação tardia ou ineficiente do condutor,Colisão transversal,Pleno dia,Céu Claro,Simples,Curva,Não,Decrescente
744183,2026-01-07,quarta-feira,11:00:00,RS,293.0,141,candiota,-31.443266,-53.689133,0.0,0.0,0.0,Sem Vítimas,Sim,Problema com o freio,Eventos atípicos,Pleno dia,Céu Claro,Simples,Reta,Não,Crescente
744184,2026-01-07,quarta-feira,10:00:00,BA,110.0,341,alagoinhas,-12.164837,-38.413013,1.0,0.0,0.0,Com Vítimas Feridas,Sim,Acessar a via sem observar a presença dos outros veículos,Colisão transversal,Pleno dia,Sol,Dupla,Reta,Sim,Decrescente
744185,2026-01-07,quarta-feira,12:15:00,MG,381.0,855,pouso alegre,-22.27856,-45.89447,1.0,0.0,0.0,Com Vítimas Feridas,Sim,Mal súbito do condutor,Saída de leito carroçável,Pleno dia,Céu Claro,Dupla,Reta,Não,Crescente
744186,2026-01-07,quarta-feira,11:40:00,SC,101.0,328,tubarao,-28.452843,-48.975445,0.0,0.0,0.0,Sem Vítimas,Sim,Reação tardia ou ineficiente do condutor,Colisão traseira,Pleno dia,Céu Claro,Dupla,Reta,Não,Decrescente
744187,2026-01-07,quarta-feira,10:00:00,CE,222.0,316,tiangua,-3.75804,-41.02348,12.0,12.0,0.0,Com Vítimas Feridas,Não,Reação tardia ou ineficiente do condutor,Saída de leito carroçável,Pleno dia,Nublado,Simples,Reta,Não,Decrescente
744188,2026-01-07,quarta-feira,12:30:00,MG,365.0,384,patos de minas,-18.597,-46.2799,0.0,0.0,1.0,Com Vítimas Fatais,Sim,Chuva,Capotamento,Pleno dia,Chuva,Simples,Reta,Não,Decrescente
744189,2026-01-07,quarta-feira,10:00:00,PR,153.0,177,ventania,-24.344,-50.30869,0.0,4.0,0.0,Com Vítimas Feridas,Não,Reação tardia ou ineficiente do condutor,Capotamento,Pleno dia,Céu Claro,Simples,Reta,Não,Decrescente
744190,2026-01-07,quarta-feira,09:00:00,BA,116.0,410,feira de santana,-12.122024,-38.968323,1.0,0.0,0.0,Com Vítimas Feridas,Sim,Velocidade Incompatível,Colisão traseira,Pleno dia,Céu Claro,Dupla,Reta,Não,Decrescente
744191,2026-01-07,quarta-feira,12:30:00,RJ,116.0,186,nova iguacu,-22.740763,-43.45644,1.0,0.0,0.0,Com Vítimas Feridas,Sim,Ausência de reação do condutor,Engavetamento,Pleno dia,Nublado,Dupla,Reta,Sim,Crescente
744192,2026-01-07,quarta-feira,13:20:00,MS,163.0,243,dourados,-22.367186,-54.79832,0.0,0.0,0.0,Sem Vítimas,Sim,Ingestão de álcool pelo condutor,Saída de leito carroçável,Pleno dia,Céu Claro,Dupla,Reta,Não,Crescente
744195,2026-01-07,quarta-feira,14:00:00,GO,60.0,"3,4",santo antonio do descoberto,-16.080704,-48.27055,2.0,0.0,0.0,Com Vítimas Feridas,Não,Velocidade Incompatível,Saída de leito carroçável,Pleno dia,Chuva,Dupla,Declive,Sim,Crescente
744196,2026-01-07,quarta-feira,14:05:00,PE,101.0,75,recife,-8.113973,-34.945114,1.0,0.0,0.0,Com Vítimas Feridas,Sim,Condutor deixou de manter distância do veículo da frente,Colisão lateral mesmo sentido,Pleno dia,Céu Claro,Dupla,Reta,Sim,Crescente
744198,2026-01-07,quarta-feira,08:55:00,BA,116.0,422,feira de santana,-12.22862,-38.964706,3.0,0.0,0.0,Com Vítimas Feridas,Sim,Acessar a via sem observar a presença dos outros veículos,Queda de ocupante de veículo,Pleno dia,Sol,Dupla,Viaduto;Rotatória,Sim,Crescente
744199,2026-01-07,quarta-feira,04:30:00,MG,40.0,"394,9",curvelo,-18.989292,-44.662186,0.0,2.0,0.0,Com Vítimas Feridas,Sim,Ausência de reação do condutor,Saída de leito carroçável,Plena Noite,Céu Claro,Simples,Reta,Não,Crescente
744200,2026-01-07,quarta-feira,14:30:00,ES,101.0,"370,6",anchieta,-20.770882,-40.76358,2.0,0.0,0.0,Com Vítimas Feridas,Sim,Reação tardia ou ineficiente do condutor,Colisão transversal,Pleno dia,Céu Claro,Simples,Reta,Não,Crescente
744201,2026-01-07,quarta-feira,14:30:00,PE,101.0,64,recife,-8.018832,-34.942314,3.0,0.0,0.0,Com Vítimas Feridas,Sim,Manobra de mudança de faixa,Queda de ocupante de veículo,Pleno dia,Sol,Múltipla,Reta;Interseção de Vias,Sim,Crescente
744203,2026-01-07,quarta-feira,14:34:00,RS,386.0,"286,2",sao jose do herval,-29.077263,-52.27477,9.0,3.0,0.0,Com Vítimas Feridas,Não,Condutor Dormindo,Colisão frontal,Pleno dia,Sol,Simples,Reta,Não,Decrescente
744205,2026-01-07,quarta-feira,10:45:00,RJ,116.0,189,nova iguacu,-22.737965,-43.491093,2.0,0.0,0.0,Com Vítimas Feridas,Sim,Demais falhas mecânicas ou elétricas,Tombamento,Pleno dia,Nublado,Dupla,Reta;Em Obras,Sim,Crescente
744206,2026-01-07,quarta-feira,14:30:00,PR,153.0,"25,5",jacarezinho,-23.207232,-49.98629,1.0,0.0,0.0,Com Vítimas Feridas,Sim,Reação tardia ou ineficiente do condutor,Saída de leito carroçável,Pleno dia,Céu Claro,Simples,Curva,Não,Decrescente
744207,2026-01-07,quarta-feira,13:45:00,MS,163.0,261,dourados,-22.24292,-54.770405,2.0,0.0,0.0,Com Vítimas Feridas,Sim,Transitar no Acostamento,Queda de ocupante de veículo,Pleno dia,Céu Claro,Simples,Reta,Não,Crescente
744208,2026-01-07,quarta-feira,08:30:00,BA,116.0,422,feira de santana,-12.254163,-38.92831,1.0,0.0,0.0,Com Vítimas Feridas,Sim,Reação tardia ou ineficiente do condutor,Colisão lateral mesmo sentido,Pleno dia,Céu Claro,Dupla,Interseção de Vias;Curva,Sim,Decrescente
744210,2026-01-07,quarta-feira,14:35:00,MS,163.0,31,mundo novo,-23.83754,-54.334286,1.0,1.0,0.0,Com Vítimas Feridas,Sim,Ausência de reação do condutor,Colisão traseira,Pleno dia,Céu Claro,Simples,Reta,Não,Crescente
744211,2026-01-07,quarta-feira,14:20:00,PB,230.0,"7,2",cabedelo,-7.0460286,-34.847557,1.0,0.0,0.0,Com Vítimas Feridas,Sim,Acesso irregular,Colisão lateral mesmo sentido,Pleno dia,Céu Claro,Dupla,Interseção de Vias;Reta,Sim,Decrescente
744213,2026-01-07,quarta-feira,10:42:00,MT,364.0,"492,2",cuiaba,-15.687781,-55.91021,6.0,0.0,0.0,Com Vítimas Feridas,Não,Reação tardia ou ineficiente do condutor,Tombamento,Pleno dia,Céu Claro,Dupla,Reta,Não,Crescente
744214,2026-01-06,terça-feira,22:30:00,PA,222.0,"69,9",dom eliseu,-4.5622225,-47.834816,24.0,0.0,0.0,Com Vítimas Feridas,Não,Chuva,Tombamento,Plena Noite,Chuva,Simples,Declive;Curva,Não,Decrescente
744215,2026-01-07,quarta-feira,14:20:00,RJ,40.0,"31,8",areal,-22.199297,-43.15747,8.0,0.0,0.0,Com Vítimas Feridas,Não,Avarias e/ou desgaste excessivo no pneu,Tombamento,Pleno dia,Nublado,Dupla,Curva,Não,Crescente
744216,2026-01-07,quarta-feira,16:00:00,PR,116.0,"0,5",quatro barras,-25.346722,-49.046425,6.0,0.0,0.0,Com Vítimas Feridas,Não,Ausência de reação do condutor,Colisão com objeto,Pleno dia,Sol,Dupla,Retorno Regulamentado,Sim,Crescente
744217,2026-01-07,quarta-feira,16:22:00,PE,101.0,50,abreu e lima,-7.914739,-34.898754,0.0,0.0,0.0,Sem Vítimas,Não,Reação tardia ou ineficiente do condutor,Queda de ocupante de veículo,Pleno dia,Céu Claro,Múltipla,Reta;Retorno Regulamentado,Sim,Decrescente
744218,2026-01-07,quarta-feira,16:00:00,GO,153.0,535,hidrolandia,-16.983027,-49.22967,2.0,0.0,0.0,Com Vítimas Feridas,Não,Acumulo de água sobre o pavimento,Saída de leito carroçável,Pleno dia,Chuva,Dupla,Reta;Declive,Não,Crescente
744219,2026-01-07,quarta-feira,15:45:00,TO,226.0,21,palmeiras do tocantins,-6.633057,-47.6266,1.0,0.0,0.0,Com Vítimas Feridas,Sim,Demais Fenômenos da natureza,Colisão com objeto,Pleno dia,Chuva,Simples,Reta,Não,Crescente
744220,2026-01-07,quarta-feira,14:30:00,MG,381.0,"651,2",santo antonio do amparo,-20.958023,-44.92142,1.0,0.0,0.0,Com Vítimas Feridas,Sim,Chuva,Colisão com objeto,Pleno dia,Chuva,Dupla,Curva,Não,Crescente
744221,2026-01-07,quarta-feira,14:20:00,MG,381.0,"652,5",santo antonio do amparo,-20.963606,-44.929974,2.0,0.0,0.0,Com Vítimas Feridas,Sim,Velocidade Incompatível,Colisão com objeto,Pleno dia,Chuva,Dupla,Declive;Curva,Não,Crescente
744222,2026-01-07,quarta-feira,15:15:00,PE,428.0,"145,6",petrolina,-9.042303,-40.29497,0.0,4.0,0.0,Com Vítimas Feridas,Não,Frear bruscamente,Capotamento,Pleno dia,Céu Claro,Simples,Reta,Não,Crescente
744223,2026-01-07,quarta-feira,16:50:00,ES,101.0,"297,8",cariacica,-20.348188,-40.411854,1.0,0.0,0.0,Com Vítimas Feridas,Sim,Trafegar com motocicleta (ou similar) entre as faixas,Colisão traseira,Pleno dia,Céu Claro,Dupla,Reta,Não,Crescente
744224,2026-01-07,quarta-feira,15:45:00,PR,376.0,"6,4",maringa,-23.37597,-51.939434,0.0,0.0,0.0,Sem Vítimas,Sim,Avarias e/ou desgaste excessivo no pneu,Incêndio,Pleno dia,Céu Claro,Dupla,Reta,Não,Decrescente
744225,2026-01-07,quarta-feira,17:30:00,SC,280.0,18,balneario barra do sul,-26.368483,-48.668987,1.0,0.0,0.0,Com Vítimas Feridas,Sim,Ausência de reação do condutor,Colisão traseira,Pleno dia,Céu Claro,Simples,Curva,Não,Decrescente
744226,2026-01-07,quarta-feira,17:00:00,PR,369.0,438,ubirata,-24.55212,-53.03032,3.0,0.0,0.0,Com Vítimas Feridas,Não,Frear bruscamente,Colisão lateral sentido oposto,Pleno dia,Céu Claro,Simples,Reta,Não,Crescente
744228,2026-01-07,quarta-feira,16:37:00,RJ,40.0,78,petropolis,-22.48572,-43.227085,4.0,0.0,0.0,Com Vítimas Feridas,Sim,Avarias e/ou desgaste excessivo no pneu,Capotamento,Pleno dia,Chuva,Dupla,Declive;Curva,Não,Crescente
744229,2026-01-07,quarta-feira,16:30:00,AL,104.0,"30,7",uniao dos palmares,-9.131209,-36.028477,0.0,2.0,0.0,Com Vítimas Feridas,Sim,Transitar na contramão,Colisão transversal,Pleno dia,Céu Claro,Simples,Reta,Não,Crescente
744231,2026-01-07,quarta-feira,18:10:00,MG,365.0,573,indianopolis,-18.908136,-47.88435,0.0,0.0,0.0,Sem Vítimas,Não,Pista Escorregadia,Saída de leito carroçável,Pleno dia,Nublado,Simples,Reta,Não,Crescente
744232,2026-01-07,quarta-feira,18:00:00,TO,153.0,486,paraiso do tocantins,-10.097425,-48.867943,0.0,0.0,9.0,Com Vítimas Fatais,Não,Ultrapassagem Indevida,Queda de ocupante de veículo,Pleno dia,Céu Claro,Simples,Aclive;Reta,Não,Crescente
744234,2026-01-07,quarta-feira,17:30:00,RS,448.0,17,canoas,-29.92776,-51.217293,0.0,0.0,0.0,Sem Vítimas,Sim,Demais falhas mecânicas ou elétricas,Incêndio,Pleno dia,Céu Claro,Dupla,Reta,Não,Crescente
744235,2026-01-07,quarta-feira,14:20:00,MA,135.0,21,sao luis,-2.56605,-44.32566,1.0,0.0,0.0,Com Vítimas Feridas,Sim,Reação tardia ou ineficiente do condutor,Colisão traseira,Pleno dia,Céu Claro,Dupla,Reta,Sim,Decrescente
744236,2026-01-07,quarta-feira,17:30:00,SC,116.0,30,itaiopolis,-26.315474,-49.967834,2.0,0.0,0.0,Com Vítimas Feridas,Sim,Velocidade Incompatível,Tombamento,Pleno dia,Céu Claro,Simples,Interseção de Vias,Não,Decrescente
744237,2026-01-07,quarta-feira,16:40:00,MA,316.0,"271,2",bela vista do maranhao,-3.7059867,-45.30457,2.0,0.0,0.0,Com Vítimas Feridas,Sim,Acesso irregular,Colisão lateral mesmo sentido,Pleno dia,Céu Claro,Simples,Interseção de Vias,Sim,Decrescente
744238,2026-01-07,quarta-feira,17:51:00,PE,101.0,85,jaboatao dos guararapes,-8.179523,-34.95791,6.0,0.0,0.0,Com Vítimas Feridas,Sim,Trafegar com motocicleta (ou similar) entre as faixas,Queda de ocupante de veículo,Anoitecer,Céu Claro,Dupla,Viaduto;Reta,Não,Decrescente
744239,2026-01-07,quarta-feira,18:00:00,SC,116.0,"54,2",papanduva,-26.394093,-50.169403,4.0,0.0,0.0,Com Vítimas Feridas,Sim,Velocidade Incompatível,Colisão com objeto,Pleno dia,Céu Claro,Simples,Declive;Reta,Sim,Crescente
744241,2026-01-07,quarta-feira,18:35:00,GO,40.0,"4,3",valparaiso de goias,-16.08966,-47.98451,2.0,0.0,0.0,Com Vítimas Feridas,Sim,Pista Escorregadia,Queda de ocupante de veículo,Anoitecer,Chuva,Dupla,Reta;Declive,Sim,Crescente
744242,2026-01-07,quarta-feira,17:10:00,RJ,493.0,109,seropedica,-22.794699,-43.784294,3.0,0.0,0.0,Com Vítimas Feridas,Sim,Ausência de reação do condutor,Capotamento,Pleno dia,Nublado,Múltipla,Reta,Não,Crescente
744243,2026-01-07,quarta-feira,18:10:00,SC,101.0,"204,4",sao jose,-27.578457,-48.613422,1.0,0.0,0.0,Com Vítimas Feridas,Sim,Transitar na calçada,Atropelamento de Pedestre,Pleno dia,Céu Claro,Múltipla,Reta,Sim,Decrescente
744244,2026-01-07,quarta-feira,17:26:00,SP,116.0,"215,5",guarulhos,-23.450428,-46.461967,12.0,0.0,0.0,Com Vítimas Feridas,Não,Velocidade Incompatível,Queda de ocupante de veículo,Pleno dia,Nublado,Múltipla,Reta;Declive,Sim,Decrescente
744245,2026-01-07,quarta-feira,18:00:00,PR,116.0,103,sao jose dos pinhais,-25.571062,-49.196785,3.0,0.0,0.0,Com Vítimas Feridas,Sim,Desrespeitar a preferência no cruzamento,Queda de ocupante de veículo,Pleno dia,Céu Claro,Simples,Interseção de Vias,Não,Crescente
744246,2026-01-07,quarta-feira,18:00:00,PE,423.0,22,sao caitano,-8.352747,-36.171284,0.0,0.0,0.0,Sem Vítimas,Sim,Ingestão de álcool pelo condutor,Tombamento,Anoitecer,Céu Claro,Simples,Curva,Não,Crescente
744247,2026-01-07,quarta-feira,18:15:00,RS,285.0,"313,3",passo fundo,-28.24271,-52.56362,0.0,0.0,0.0,Sem Vítimas,Sim,Demais falhas mecânicas ou elétricas,Incêndio,Pleno dia,Céu Claro,Simples,Reta,Não,Decrescente
744248,2026-01-07,quarta-feira,16:30:00,PR,277.0,"170,1",palmeira,-25.453917,-49.94384,2.0,10.0,0.0,Com Vítimas Feridas,Não,Chuva,Colisão frontal,Pleno dia,Chuva,Simples,Curva,Não,Crescente
744249,2026-01-07,quarta-feira,16:30:00,MT,70.0,519,varzea grande,-15.689154,-56.168976,0.0,1.0,0.0,Com Vítimas Feridas,Sim,Condutor deixou de manter distância do veículo da frente,Colisão traseira,Pleno dia,Céu Claro,Simples,Reta;Aclive,Sim,Crescente
744250,2026-01-06,terça-feira,17:30:00,MS,163.0,"334,4",rio brilhante,-21.69534,-54.49634,4.0,0.0,0.0,Com Vítimas Feridas,Sim,Conversão proibida,Saída de leito carroçável,Pleno dia,Céu Claro,Dupla,Reta,Não,Crescente
744251,2026-01-07,quarta-feira,18:40:00,DF,20.0,7,brasilia,-15.660353,-47.795887,3.0,0.0,0.0,Com Vítimas Feridas,Não,Condutor deixou de manter distância do veículo da frente,Engavetamento,Plena Noite,Nublado,Dupla,Aclive;Reta,Sim,Crescente
744252,2026-01-07,quarta-feira,19:10:00,SC,101.0,125,itajai,-26.946192,-48.68705,0.0,1.0,0.0,Com Vítimas Feridas,Sim,Ausência de reação do condutor,Colisão lateral mesmo sentido,Anoitecer,Nublado,Dupla,Reta,Não,Crescente
744253,2026-01-07,quarta-feira,19:45:00,SC,101.0,143,itapema,-27.068617,-48.59565,1.0,0.0,0.0,Com Vítimas Feridas,Sim,Ausência de reação do condutor,Engavetamento,Plena Noite,Céu Claro,Dupla,Reta,Não,Crescente
744254,2026-01-07,quarta-feira,19:19:00,ES,101.0,"125,9",sooretama,-19.19336,-40.095116,0.0,2.0,0.0,Com Vítimas Feridas,Não,Velocidade Incompatível,Colisão transversal,Anoitecer,Céu Claro,Múltipla,Retorno Regulamentado;Reta,Sim,Crescente
744255,2026-01-07,quarta-feira,19:30:00,PR,116.0,103,sao jose dos pinhais,-25.570555,-49.191807,12.0,0.0,0.0,Com Vítimas Feridas,Não,Reação tardia ou ineficiente do condutor,Queda de ocupante de veículo,Plena Noite,Céu Claro,Dupla,Reta,Sim,Crescente
744256,2026-01-07,quarta-feira,19:00:00,MS,60.0,426,sidrolandia,-20.937857,-54.962982,0.0,4.0,0.0,Com Vítimas Feridas,Sim,Acessar a via sem observar a presença dos outros veículos,Saída de leito carroçável,Plena Noite,Céu Claro,Dupla,Reta;Interseção de Vias,Sim,Crescente
744257,2026-01-07,quarta-feira,19:30:00,GO,60.0,"5,5",santo antonio do descoberto,-16.094612,-48.281376,12.0,0.0,0.0,Com Vítimas Feridas,Não,Acumulo de água sobre o pavimento,Capotamento,Plena Noite,Nublado,Múltipla,Reta,Não,Decrescente
744258,2026-01-07,quarta-feira,12:59:00,ES,101.0,146,linhares,-19.370014,-40.065323,0.0,2.0,0.0,Com Vítimas Feridas,Não,Velocidade Incompatível,Colisão lateral mesmo sentido,Pleno dia,Céu Claro,Múltipla,Reta;Aclive;Interseção de Vias,Sim,Decrescente
744259,2026-01-07,quarta-feira,19:05:00,SP,101.0,"49,6",ubatuba,-23.448044,-45.07974,6.0,0.0,0.0,Com Vítimas Feridas,Sim,Transitar no Acostamento,Queda de ocupante de veículo,Plena Noite,Céu Claro,Simples,Reta,Sim,Crescente
744260,2026-01-07,quarta-feira,19:35:00,MG,381.0,"700,6",lavras,-21.286469,-45.141323,1.0,0.0,0.0,Com Vítimas Feridas,Sim,Chuva,Colisão com objeto,Plena Noite,Chuva,Dupla,Aclive;Curva,Não,Decrescente
744261,2026-01-07,quarta-feira,19:00:00,PE,424.0,31,venturosa,-8.59262,-36.86272,0.0,8.0,0.0,Com Vítimas Feridas,Não,Iluminação deficiente,Tombamento,Plena Noite,Céu Claro,Simples,Reta,Não,Crescente
744262,2026-01-07,quarta-feira,17:07:00,BA,324.0,516,feira de santana,-12.254741,-38.932438,2.0,0.0,0.0,Com Vítimas Feridas,Sim,Ultrapassagem Indevida,Colisão frontal,Pleno dia,Céu Claro,Simples,Reta,Sim,Crescente
744263,2026-01-07,quarta-feira,19:45:00,TO,10.0,460,palmas,-10.260975,-48.309204,6.0,0.0,0.0,Com Vítimas Feridas,Não,Ausência de reação do condutor,Saída de leito carroçável,Plena Noite,Céu Claro,Múltipla,Aclive,Sim,Crescente
744264,2026-01-07,quarta-feira,17:30:00,RJ,40.0,123,duque de caxias,-22.79945,-43.28989,2.0,0.0,0.0,Com Vítimas Feridas,Sim,Pista Escorregadia,Queda de ocupante de veículo,Anoitecer,Garoa/Chuvisco,Múltipla,Curva,Sim,Decrescente
744265,2026-01-07,quarta-feira,15:40:00,BA,116.0,242,quijingue,-10.70464,-38.92798,0.0,1.0,0.0,Com Vítimas Feridas,Sim,Ausência de reação do condutor,Atropelamento de Pedestre,Pleno dia,Céu Claro,Simples,Reta,Não,Crescente
744267,2026-01-07,quarta-feira,20:42:00,GO,60.0,"97,5",anapolis,-16.381102,-48.952072,0.0,1.0,0.0,Com Vítimas Feridas,Sim,Acessar a via sem observar a presença dos outros veículos,Colisão traseira,Plena Noite,Chuva,Dupla,Retorno Regulamentado,Sim,Crescente
744268,2026-01-07,quarta-feira,20:38:00,ES,101.0,266,serra,-20.183638,-40.2665,0.0,0.0,0.0,Sem Vítimas,Sim,Reação tardia ou ineficiente do condutor,Colisão lateral mesmo sentido,Plena Noite,Céu Claro,Dupla,Reta,Não,Crescente
744269,2026-01-07,quarta-feira,20:22:00,RN,101.0,"95,5",natal,-5.84535,-35.208656,1.0,0.0,0.0,Com Vítimas Feridas,Sim,Manobra de mudança de faixa,Colisão lateral mesmo sentido,Plena Noite,Céu Claro,Dupla,Reta,Sim,Crescente
744270,2026-01-07,quarta-feira,19:55:00,AL,104.0,64,murici,-9.333069,-35.89705,0.0,1.0,0.0,Com Vítimas Feridas,Sim,Acessar a via sem observar a presença dos outros veículos,Atropelamento de Pedestre,Plena Noite,Céu Claro,Simples,Reta,Não,Crescente
744271,2026-01-07,quarta-feira,17:10:00,MG,116.0,"481,8",dom cavati,-19.411943,-42.118008,2.0,0.0,0.0,Com Vítimas Feridas,Sim,Avarias e/ou desgaste excessivo no pneu,Capotamento,Pleno dia,Sol,Simples,Reta,Não,Decrescente
744272,2026-01-07,quarta-feira,21:00:00,MG,40.0,"524,5",contagem,-19.881647,-44.05039,0.0,0.0,1.0,Com Vítimas Fatais,Sim,Entrada inopinada do pedestre,Atropelamento de Pedestre,Plena Noite,Nublado,Dupla,Reta,Sim,Crescente
744273,2026-01-07,quarta-feira,19:55:00,MS,158.0,83,paranaiba,-19.58562,-51.22825,12.0,0.0,0.0,Com Vítimas Feridas,Não,Reação tardia ou ineficiente do condutor,Capotamento,Plena Noite,Ignorado,Simples,Em Obras;Reta;Declive,Não,Crescente
744274,2026-01-03,sábado,15:00:00,MG,381.0,482,betim,-19.96012,-44.080925,4.0,0.0,0.0,Com Vítimas Feridas,Não,Reação tardia ou ineficiente do condutor,Colisão com objeto,Pleno dia,Céu Claro,Dupla,Aclive,Não,Decrescente
744275,2026-01-07,quarta-feira,16:50:00,BA,242.0,758,catolandia,-12.18618,-44.511967,6.0,0.0,0.0,Com Vítimas Feridas,Não,Condutor Dormindo,Saída de leito carroçável,Pleno dia,Céu Claro,Simples,Reta,Não,Decrescente
744276,2026-01-07,quarta-feira,20:10:00,BA,116.0,"710,6",manoel vitorino,-14.156915,-40.24906,0.0,6.0,3.0,Com Vítimas Fatais,Sim,Transitar no Acostamento,Queda de ocupante de veículo,Plena Noite,Nublado,Simples,Reta,Não,Decrescente
744277,2026-01-07,quarta-feira,19:40:00,GO,40.0,156,cristalina,-17.03454,-47.16914,0.0,2.0,0.0,Com Vítimas Feridas,Sim,Chuva,Capotamento,Plena Noite,Chuva,Simples,Curva,Não,Crescente
744278,2026-01-07,quarta-feira,21:20:00,MG,40.0,"518,5",ribeirao das neves,-19.835875,-44.08015,0.0,12.0,0.0,Com Vítimas Feridas,Não,Pedestre - Ingestão de álcool/ substâncias psicoativas,Queda de ocupante de veículo,Plena Noite,Céu Claro,Dupla,Reta,Sim,Crescente
744279,2026-01-07,quarta-feira,19:42:00,MA,135.0,0,sao luis,-2.582557,-44.242367,0.0,0.0,0.0,Sem Vítimas,Sim,Ingestão de álcool pelo condutor,Colisão traseira,Plena Noite,Céu Claro,Dupla,Reta,Sim,Decrescente
744280,2026-01-07,quarta-feira,22:20:00,SC,101.0,137,balneario camboriu,-27.022709,-48.606853,2.0,0.0,0.0,Com Vítimas Feridas,Sim,Reação tardia ou ineficiente do condutor,Queda de ocupante de veículo,Plena Noite,Céu Claro,Dupla,Reta,Não,Decrescente
744281,2026-01-07,quarta-feira,21:30:00,MS,163.0,"0,3",mundo novo,-24.042982,-54.27485,4.0,0.0,0.0,Com Vítimas Feridas,Sim,Ausência de reação do condutor,Derramamento de carga,Plena Noite,Céu Claro,Simples,Curva,Não,Decrescente
744283,2026-01-07,quarta-feira,22:00:00,SP,101.0,47,ubatuba,-23.43369,-45.086197,1.0,0.0,0.0,Com Vítimas Feridas,Sim,Condutor deixou de manter distância do veículo da frente,Colisão lateral mesmo sentido,Plena Noite,Céu Claro,Simples,Rotatória,Sim,Crescente
744284,2026-01-07,quarta-feira,21:30:00,PE,232.0,415,serra talhada,-7.996422,-38.34598,0.0,0.0,0.0,Sem Vítimas,Sim,Animais na Pista,Atropelamento de Animal,Plena Noite,Nublado,Simples,Reta,Não,Decrescente
744285,2026-01-07,quarta-feira,18:00:00,PI,222.0,"4,6",sao joao da fronteira,-3.940062,-41.26327,0.0,3.0,0.0,Com Vítimas Feridas,Sim,Acessar a via sem observar a presença dos outros veículos,Queda de ocupante de veículo,Plena Noite,Céu Claro,Simples,Reta,Sim,Decrescente
744286,2026-01-07,quarta-feira,16:30:00,RS,116.0,"85,9",campestre da serra,-28.84065,-51.128204,1.0,0.0,0.0,Com Vítimas Feridas,Sim,Ingestão de álcool pelo condutor,Saída de leito carroçável,Pleno dia,Céu Claro,Simples,Curva,Não,Crescente
744287,2026-01-07,quarta-feira,22:40:00,MG,153.0,43,canapolis,-18.762615,-49.075047,0.0,0.0,0.0,Sem Vítimas,Sim,Avarias e/ou desgaste excessivo no pneu,Incêndio,Plena Noite,Nublado,Dupla,Reta,Não,Decrescente
744288,2026-01-07,quarta-feira,22:50:00,SC,470.0,148,agronomica,-27.246752,-49.694794,0.0,6.0,0.0,Com Vítimas Feridas,Não,Ingestão de álcool pelo condutor,Queda de ocupante de veículo,Plena Noite,Céu Claro,Simples,Curva,Sim,Decrescente
744289,2026-01-07,quarta-feira,20:21:00,RO,364.0,"346,6",ji-parana,-10.861795,-61.974487,0.0,0.0,16.0,Com Vítimas Fatais,Não,Reação tardia ou ineficiente do condutor,Atropelamento de Pedestre,Plena Noite,Céu Claro,Simples,Aclive;Reta,Sim,Crescente
744290,2026-01-07,quarta-feira,23:24:00,SE,101.0,195,cristinapolis,-11.460216,-37.735504,2.0,0.0,0.0,Com Vítimas Feridas,Não,Carga excessiva e/ou mal acondicionada,Tombamento,Plena Noite,Nublado,Simples,Curva,Não,Decrescente
744291,2026-01-07,quarta-feira,23:50:00,SC,101.0,133,balneario camboriu,-26.996746,-48.6539,0.0,0.0,0.0,Sem Vítimas,Sim,Ausência de reação do condutor,Engavetamento,Plena Noite,Céu Claro,Múltipla,Interseção de Vias,Sim,Decrescente
744293,2026-01-07,quarta-feira,23:50:00,SC,101.0,131,balneario camboriu,-26.992163,-48.66146,1.0,0.0,0.0,Com Vítimas Feridas,Sim,Acumulo de areia ou detritos sobre o pavimento,Tombamento,Plena Noite,Céu Claro,Múltipla,Reta,Sim,Decrescente
744294,2026-01-08,quinta-feira,00:10:00,MG,381.0,"346,8",joao monlevade,-19.85379,-43.136433,2.0,0.0,0.0,Com Vítimas Feridas,Não,Acostamento em desnível,Saída de leito carroçável,Pleno dia,Céu Claro,Simples,Reta,Não,Decrescente