id,data_inversa,dia_semana,horario,uf,br,km,municipio,latitude,longitude,feridos_leves,feridos_graves,mortos,classificacao_acidente,causa_principal,causa_acidente,tipo_acidente,fase_dia,condicao_metereologica,tipo_pista,tracado_via,uso_solo,sentido_via
744295,2026-01-07,quarta-feira,23:30:00,BA,116.0,"818,5",vitoria da conquista,-14.824843,-40.820507,1.0,0.0,0.0,Com Vítimas Feridas,Sim,Conversão proibida,Queda de ocupante de veículo,Plena Noite,Chuva,Simples,Declive;Reta,Não,Decrescente
744296,2026-01-08,quinta-feira,00:30:00,AL,101.0,138,sao miguel dos campos,-9.807138,-36.115707,0.0,4.0,0.0,Com Vítimas Feridas,Sim,Velocidade Incompatível,Queda de ocupante de veículo,Plena Noite,Céu Claro,Simples,Desvio Temporário;Em Obras,Sim,Decrescente
744297,2026-01-08,quinta-feira,00:50:00,SC,101.0,199,sao jose,-27.536127,-48.62792,0.0,0.0,0.0,Sem Vítimas,Sim,Ingestão de álcool pelo condutor,Tombamento,Plena Noite,Céu Claro,Dupla,Reta,Sim,Crescente
744298,2026-01-07,quarta-feira,21:57:00,PE,101.0,82,jaboatao dos guararapes,-8.173838,-34.94099,2.0,0.0,2.0,Com Vítimas Fatais,Não,Pista Escorregadia,Queda de ocupante de veículo,Plena Noite,Chuva,Dupla,Reta,Sim,Decrescente
744299,2026-01-07,quarta-feira,23:45:00,SC,282.0,"271,5",sao jose do cerrito,-27.61693,-50.6804,0.0,0.0,0.0,Sem Vítimas,Sim,Demais falhas mecânicas ou elétricas,Incêndio,Plena Noite,Nublado,Simples,Reta,Não,Decrescente
744300,2026-01-07,quarta-feira,23:45:00,SC,116.0,"156,2",santa cecilia,-27.08129,-50.43718,2.0,0.0,0.0,Com Vítimas Feridas,Sim,Velocidade Incompatível,Colisão com objeto,Plena Noite,Nublado,Simples,Curva,Não,Decrescente
744301,2026-01-08,quinta-feira,02:00:00,SC,101.0,195,biguacu,-27.503859,-48.651073,1.0,0.0,0.0,Com Vítimas Feridas,Sim,Manobra de mudança de faixa,Colisão lateral mesmo sentido,Plena Noite,Céu Claro,Dupla,Reta,Sim,Crescente
744302,2026-01-07,quarta-feira,22:10:00,MT,364.0,139,pedra preta,-16.793093,-54.196686,2.0,0.0,0.0,Com Vítimas Feridas,Sim,Reação tardia ou ineficiente do condutor,Tombamento,Plena Noite,Céu Claro,Simples,Curva,Não,Decrescente
744303,2026-01-08,quinta-feira,00:00:00,MT,163.0,745,sorriso,-12.60928,-55.756535,0.0,0.0,0.0,Sem Vítimas,Sim,Pista Escorregadia,Saída de leito carroçável,Plena Noite,Chuva,Dupla,Declive;Reta,Não,Decrescente
744304,2026-01-08,quinta-feira,00:50:00,RJ,101.0,437,mangaratiba,-22.948204,-44.066017,0.0,0.0,0.0,Sem Vítimas,Sim,Ingestão de álcool pelo condutor,Saída de leito carroçável,Plena Noite,Nublado,Simples,Curva,Não,Decrescente
744305,2026-01-08,quinta-feira,02:15:00,SC,282.0,472,vargeao,-26.861307,-52.120102,1.0,0.0,0.0,Com Vítimas Feridas,Sim,Transitar na contramão,Colisão frontal,Plena Noite,Céu Claro,Simples,Reta,Não,Crescente
744306,2026-01-08,quinta-feira,05:20:00,ES,101.0,277,serra,-20.213827,-40.32207,0.0,1.0,0.0,Com Vítimas Feridas,Sim,Ausência de reação do condutor,Colisão lateral mesmo sentido,Amanhecer,Sol,Dupla,Reta,Sim,Decrescente
744307,2026-01-08,quinta-feira,04:30:00,RJ,116.0,"121,9",mage,-22.630169,-43.05059,0.0,0.0,1.0,Com Vítimas Fatais,Sim,Acessar a via sem observar a presença dos outros veículos,Atropelamento de Pedestre,Amanhecer,Céu Claro,Dupla,Reta,Não,Decrescente
744308,2026-01-08,quinta-feira,04:50:00,RS,116.0,240,novo hamburgo,-29.701054,-51.146313,8.0,0.0,0.0,Com Vítimas Feridas,Não,Ingestão de álcool pelo condutor,Tombamento,Plena Noite,Nublado,Dupla,Declive;Interseção de Vias,Sim,Crescente
744309,2026-01-08,quinta-feira,04:40:00,MG,381.0,503,betim,-20.02768,-44.233036,0.0,0.0,2.0,Com Vítimas Fatais,Não,Reação tardia ou ineficiente do condutor,Atropelamento de Pedestre,Plena Noite,Céu Claro,Dupla,Reta,Sim,Decrescente
744311,2026-01-08,quinta-feira,05:00:00,BA,101.0,24,esplanada,-11.69273,-37.90236,0.0,0.0,0.0,Sem Vítimas,Sim,Ausência de reação do condutor,Saída de leito carroçável,Amanhecer,Nublado,Dupla,Declive;Em Obras;Desvio Temporário,Não,Decrescente
744312,2026-01-08,quinta-feira,03:00:00,GO,153.0,696,itumbiara,-18.350227,-49.21921,6.0,0.0,0.0,Com Vítimas Feridas,Sim,Manobra de mudança de faixa,Capotamento,Plena Noite,Garoa/Chuvisco,Dupla,Reta,Não,Decrescente
744313,2026-01-08,quinta-feira,04:00:00,SC,101.0,158,porto belo,-27.19652,-48.613766,0.0,0.0,0.0,Sem Vítimas,Sim,Demais falhas mecânicas ou elétricas,Incêndio,Plena Noite,Céu Claro,Dupla,Reta,Sim,Crescente
744314,2026-01-07,quarta-feira,23:55:00,SC,101.0,115,itajai,-26.875795,-48.727585,1.0,0.0,0.0,Com Vítimas Feridas,Sim,Ausência de reação do condutor,Tombamento,Plena Noite,Nublado,Múltipla,Reta,Não,Decrescente
744315,2026-01-08,quinta-feira,06:00:00,MG,40.0,"808,3",matias barbosa,-21.866491,-43.36557,0.0,2.0,0.0,Com Vítimas Feridas,Sim,Reação tardia ou ineficiente do condutor,Queda de ocupante de veículo,Amanhecer,Nevoeiro/Neblina,Dupla,Curva;Aclive,Não,Decrescente
744316,2026-01-08,quinta-feira,05:42:00,MG,40.0,"475,9",sete lagoas,-19.512308,-44.270977,0.0,18.0,0.0,Com Vítimas Feridas,Não,Reação tardia ou ineficiente do condutor,Queda de ocupante de veículo,Amanhecer,Céu Claro,Simples,Aclive;Reta,Sim,Decrescente
744317,2026-01-08,quinta-feira,06:02:00,ES,101.0,"149,2",linhares,-19.39883,-40.06277,0.0,3.0,0.0,Com Vítimas Feridas,Sim,Condutor desrespeitou a iluminação vermelha do semáforo,Queda de ocupante de veículo,Pleno dia,Céu Claro,Múltipla,Reta;Declive;Interseção de Vias,Sim,Decrescente
744318,2026-01-08,quinta-feira,06:20:00,RJ,116.0,323,itatiaia,-22.487701,-44.55194,0.0,1.0,0.0,Com Vítimas Feridas,Sim,Condutor Dormindo,Colisão com objeto,Pleno dia,Sol,Simples,Retorno Regulamentado,Sim,Crescente
744319,2026-01-08,quinta-feira,07:15:00,SC,101.0,"119,2",itajai,-26.90561,-48.715015,4.0,0.0,0.0,Com Vítimas Feridas,Sim,Acessar a via sem observar a presença dos outros veículos,Queda de ocupante de veículo,Pleno dia,Céu Claro,Múltipla,Interseção de Vias;Reta,Sim,Crescente
744320,2026-01-08,quinta-feira,05:30:00,SE,101.0,130,itaporanga dajuda,-11.075619,-37.3638,0.0,0.0,0.0,Sem Vítimas,Sim,Demais falhas mecânicas ou elétricas,Colisão com objeto,Amanhecer,Chuva,Dupla,Reta,Não,Crescente
744321,2026-01-08,quinta-feira,07:05:00,RJ,495.0,31,petropolis,-22.39648,-43.12372,4.0,0.0,0.0,Com Vítimas Feridas,Não,Ultrapassagem Indevida,Tombamento,Pleno dia,Sol,Simples,Reta,Sim,Crescente
744323,2026-01-08,quinta-feira,06:50:00,SP,116.0,550,barra do turvo,-24.968319,-48.449707,6.0,0.0,0.0,Com Vítimas Feridas,Não,Velocidade Incompatível,Saída de leito carroçável,Pleno dia,Céu Claro,Simples,Curva;Aclive,Não,Decrescente
744324,2026-01-08,quinta-feira,07:25:00,RJ,101.0,323,niteroi,-22.87396,-43.12786,1.0,0.0,0.0,Com Vítimas Feridas,Sim,Ausência de reação do condutor,Engavetamento,Pleno dia,Céu Claro,Múltipla,Reta,Sim,Crescente
744325,2026-01-08,quinta-feira,05:00:00,MG,365.0,318,sao goncalo do abaete,-18.243483,-45.86388,5.0,3.0,0.0,Com Vítimas Feridas,Sim,Reação tardia ou ineficiente do condutor,Colisão frontal,Amanhecer,Ignorado,Simples,Aclive;Reta,Não,Decrescente
744326,2026-01-08,quinta-feira,07:30:00,ES,101.0,"167,4",linhares,-19.533062,-40.15638,0.0,0.0,0.0,Sem Vítimas,Sim,Demais falhas mecânicas ou elétricas,Colisão com objeto,Pleno dia,Céu Claro,Simples,Reta,Sim,Crescente
744327,2026-01-07,quarta-feira,23:45:00,PR,373.0,414,foz do jordao,-25.663834,-52.12074,0.0,1.0,0.0,Com Vítimas Feridas,Sim,Avarias e/ou desgaste excessivo no pneu,Saída de leito carroçável,Plena Noite,Céu Claro,Simples,Reta,Não,Crescente
744329,2026-01-08,quinta-feira,07:55:00,PB,230.0,"26,1",joao pessoa,-7.169277,-34.878635,1.0,0.0,0.0,Com Vítimas Feridas,Sim,Ausência de reação do condutor,Colisão traseira,Pleno dia,Céu Claro,Dupla,Reta,Não,Crescente
744330,2026-01-08,quinta-feira,08:00:00,SP,101.0,40,ubatuba,-23.41766,-45.038513,6.0,0.0,0.0,Com Vítimas Feridas,Não,Reação tardia ou ineficiente do condutor,Queda de ocupante de veículo,Pleno dia,Sol,Simples,Reta,Não,Decrescente
744331,2026-01-08,quinta-feira,06:34:00,MT,364.0,291,jaciara,-15.892176,-55.103867,1.0,0.0,0.0,Com Vítimas Feridas,Sim,Manobra de mudança de faixa,Colisão lateral mesmo sentido,Pleno dia,Céu Claro,Dupla,Declive;Reta,Não,Decrescente
744332,2026-01-07,quarta-feira,06:30:00,SC,101.0,"137,7",balneario camboriu,-27.021936,-48.60891,0.0,0.0,0.0,Sem Vítimas,Sim,Ingestão de álcool pelo condutor,Saída de leito carroçável,Pleno dia,Céu Claro,Múltipla,Reta,Sim,Crescente
744333,2026-01-08,quinta-feira,07:30:00,SC,101.0,149,itapema,-27.104313,-48.61671,1.0,0.0,0.0,Com Vítimas Feridas,Sim,Ausência de reação do condutor,Atropelamento de Pedestre,Pleno dia,Céu Claro,Dupla,Reta,Sim,Crescente
744334,2026-01-08,quinta-feira,07:35:00,MS,163.0,483,campo grande,-20.45745,-54.54662,6.0,0.0,0.0,Com Vítimas Feridas,Não,Condutor deixou de manter distância do veículo da frente,Queda de ocupante de veículo,Pleno dia,Céu Claro,Simples,Reta,Sim,Crescente
744335,2026-01-08,quinta-feira,08:40:00,RJ,101.0,322,niteroi,-22.87926,-43.112164,0.0,2.0,0.0,Com Vítimas Feridas,Sim,Condutor deixou de manter distância do veículo da frente,Queda de ocupante de veículo,Pleno dia,Céu Claro,Dupla,Curva;Declive,Não,Decrescente
744336,2026-01-08,quinta-feira,07:30:00,PE,101.0,"46,7",abreu e lima,-7.887,-34.904,0.0,1.0,0.0,Com Vítimas Feridas,Sim,Reação tardia ou ineficiente do condutor,Colisão traseira,Pleno dia,Sol,Múltipla,Reta,Sim,Crescente
744337,2026-01-08,quinta-feira,08:20:00,PR,277.0,"80,2",curitiba,-25.468548,-49.21364,15.0,0.0,0.0,Com Vítimas Feridas,Não,Trafegar com motocicleta (ou similar) entre as faixas,Queda de ocupante de veículo,Pleno dia,Sol,Dupla,Reta,Sim,Crescente
744338,2026-01-08,quinta-feira,06:00:00,MT,163.0,747,sorriso,-12.593435,-55.743565,1.0,0.0,0.0,Com Vítimas Feridas,Sim,Acessar a via sem observar a presença dos outros veículos,Colisão transversal,Pleno dia,Céu Claro,Dupla,Retorno Regulamentado,Sim,Decrescente
744341,2026-01-08,quinta-feira,08:40:00,SE,101.0,112,sao cristovao,-10.957939,-37.23464,0.0,1.0,0.0,Com Vítimas Feridas,Sim,Reação tardia ou ineficiente do condutor,Queda de ocupante de veículo,Pleno dia,Céu Claro,Dupla,Reta,Não,Decrescente
744342,2026-01-07,quarta-feira,20:30:00,MA,222.0,313,vitoria do mearim,-3.5974,-44.996,0.0,6.0,0.0,Com Vítimas Feridas,Não,Reação tardia ou ineficiente do condutor,Tombamento,Plena Noite,Nublado,Simples,Curva,Não,Decrescente
744344,2026-01-08,quinta-feira,08:35:00,MG,50.0,42,araguari,-18.69427,-48.18204,10.0,0.0,0.0,Com Vítimas Feridas,Não,Ausência de reação do condutor,Colisão traseira,Pleno dia,Nublado,Dupla,Reta,Não,Decrescente
744345,2026-01-08,quinta-feira,05:15:00,PB,230.0,"199,9",pocinhos,-7.1053963,-36.232716,0.0,0.0,0.0,Sem Vítimas,Não,Avarias e/ou desgaste excessivo no pneu,Colisão com objeto,Amanhecer,Nublado,Simples,Reta;Ponte,Não,Decrescente
744346,2026-01-08,quinta-feira,07:55:00,RS,470.0,226,garibaldi,-29.258411,-51.509182,1.0,0.0,0.0,Com Vítimas Feridas,Sim,Manobra de mudança de faixa,Colisão lateral mesmo sentido,Pleno dia,Céu Claro,Dupla,Reta,Sim,Decrescente
744347,2026-01-08,quinta-feira,06:40:00,RS,158.0,392,cacequi,-29.93473,-54.360844,1.0,0.0,0.0,Com Vítimas Feridas,Sim,Ausência de reação do condutor,Colisão traseira,Pleno dia,Céu Claro,Simples,Reta,Não,Decrescente
744348,2026-01-08,quinta-feira,02:50:00,RJ,116.0,210,seropedica,-22.716553,-43.715908,0.0,0.0,0.0,Sem Vítimas,Sim,Demais falhas mecânicas ou elétricas,Incêndio,Plena Noite,Céu Claro,Múltipla,Reta,Não,Decrescente
744349,2026-01-08,quinta-feira,08:55:00,ES,101.0,289,cariacica,-20.283148,-40.39305,0.0,0.0,3.0,Com Vítimas Fatais,Sim,Reação tardia ou ineficiente do condutor,Tombamento,Pleno dia,Céu Claro,Dupla,Declive;Reta,Não,Crescente
744350,2026-01-08,quinta-feira,08:15:00,SC,101.0,135,balneario camboriu,-27.00522,-48.625057,2.0,0.0,0.0,Com Vítimas Feridas,Sim,Ausência de reação do condutor,Colisão traseira,Pleno dia,Céu Claro,Múltipla,Reta,Sim,Decrescente
744351,2026-01-08,quinta-feira,08:00:00,PB,101.0,"79,8",santa rita,-7.1169667,-34.94985,2.0,0.0,0.0,Com Vítimas Feridas,Sim,Afundamento ou ondulação no pavimento,Colisão lateral mesmo sentido,Pleno dia,Céu Claro,Dupla,Curva,Sim,Crescente
744352,2026-01-08,quinta-feira,08:06:00,PR,277.0,"590,3",cascavel,-24.973715,-53.43756,0.0,20.0,20.0,Com Vítimas Fatais,Não,Reação tardia ou ineficiente do condutor,Queda de ocupante de veículo,Pleno dia,Céu Claro,Simples,Declive;Reta,Sim,Decrescente
744354,2026-01-07,quarta-feira,00:50:00,DF,70.0,2,brasilia,-15.797765,-48.072327,0.0,0.0,0.0,Sem Vítimas,Não,Curva acentuada,Atropelamento de Animal,Plena Noite,Chuva,Múltipla,Reta,Sim,Crescente
744355,2026-01-08,quinta-feira,09:30:00,RJ,116.0,118,mage,-22.613367,-43.03465,0.0,0.0,0.0,Sem Vítimas,Sim,Velocidade Incompatível,Tombamento,Pleno dia,Nublado,Simples,Curva,Sim,Crescente
744356,2026-01-08,quinta-feira,09:30:00,PB,230.0,"17,8",joao pessoa,-7.120905,-34.845,1.0,0.0,0.0,Com Vítimas Feridas,Sim,Ausência de reação do condutor,Colisão traseira,Pleno dia,Céu Claro,Dupla,Reta,Não,Decrescente
744357,2026-01-08,quinta-feira,08:25:00,RO,364.0,437,jaru,-10.37059,-62.55992,1.0,0.0,0.0,Com Vítimas Feridas,Sim,Manobra de mudança de faixa,Colisão lateral mesmo sentido,Pleno dia,Céu Claro,Simples,Aclive;Reta,Não,Decrescente
744358,2026-01-08,quinta-feira,09:28:00,PB,101.0,83,bayeux,-7.135098,-34.92824,2.0,0.0,0.0,Com Vítimas Feridas,Sim,Ausência de reação do condutor,Colisão lateral mesmo sentido,Pleno dia,Céu Claro,Dupla,Reta,Sim,Crescente
744359,2026-01-08,quinta-feira,10:00:00,SC,101.0,165,tijucas,-27.254988,-48.631527,0.0,2.0,0.0,Com Vítimas Feridas,Sim,Ausência de reação do condutor,Capotamento,Pleno dia,Céu Claro,Dupla,Reta,Sim,Crescente
744360,2026-01-08,quinta-feira,10:00:00,PB,101.0,82,bayeux,-7.1328015,-34.93259,1.0,0.0,0.0,Com Vítimas Feridas,Sim,Ausência de reação do condutor,Engavetamento,Pleno dia,Céu Claro,Dupla,Viaduto,Sim,Crescente
744361,2026-01-08,quinta-feira,10:15:00,MG,381.0,577,itaguara,-20.464949,-44.577,0.0,0.0,0.0,Sem Vítimas,Sim,Ingestão de álcool pelo condutor,Colisão com objeto,Pleno dia,Sol,Dupla,Curva,Não,Decrescente
744362,2026-01-08,quinta-feira,10:30:00,SC,101.0,123,itajai,-26.941788,-48.69381,2.0,0.0,0.0,Com Vítimas Feridas,Sim,Ausência de reação do condutor,Queda de ocupante de veículo,Pleno dia,Céu Claro,Múltipla,Reta,Sim,Decrescente
744363,2026-01-08,quinta-feira,10:15:00,PR,153.0,"24,6",jacarezinho,-23.189407,-49.98588,1.0,0.0,0.0,Com Vítimas Feridas,Sim,Desrespeitar a preferência no cruzamento,Colisão transversal,Pleno dia,Céu Claro,Simples,Interseção de Vias;Reta,Sim,Crescente
744364,2026-01-08,quinta-feira,09:43:00,RS,285.0,"151,5",muitos capoes,-28.34075,-51.15307,4.0,0.0,0.0,Com Vítimas Feridas,Não,Acostamento em desnível,Derramamento de carga,Pleno dia,Céu Claro,Simples,Declive;Curva,Não,Decrescente
744365,2026-01-08,quinta-feira,08:40:00,MA,135.0,99,itapecuru mirim,-3.35518,-44.46642,4.0,0.0,0.0,Com Vítimas Feridas,Não,Reação tardia ou ineficiente do condutor,Queda de ocupante de veículo,Pleno dia,Céu Claro,Simples,Reta,Não,Decrescente
744366,2026-01-07,quarta-feira,19:30:00,PA,230.0,798,uruara,-3.618608,-53.34224,8.0,0.0,8.0,Com Vítimas Fatais,Não,Reação tardia ou ineficiente do condutor,Capotamento,Plena Noite,Chuva,Simples,Reta,Não,Decrescente
744367,2026-01-08,quinta-feira,08:40:00,PR,376.0,261,california,-23.704203,-51.32931,0.0,1.0,0.0,Com Vítimas Feridas,Sim,Reação tardia ou ineficiente do condutor,Colisão lateral mesmo sentido,Pleno dia,Céu Claro,Dupla,Reta;Aclive,Não,Crescente
744368,2026-01-08,quinta-feira,09:55:00,PR,116.0,"103,7",sao jose dos pinhais,-25.571312,-49.196365,2.0,0.0,0.0,Com Vítimas Feridas,Não,Condutor deixou de manter distância do veículo da frente,Engavetamento,Pleno dia,Céu Claro,Dupla,Reta,Sim,Crescente
744369,2026-01-08,quinta-feira,10:45:00,SC,280.0,"24,1",araquari,-26.378433,-48.72115,3.0,0.0,0.0,Com Vítimas Feridas,Sim,Acessar a via sem observar a presença dos outros veículos,Queda de ocupante de veículo,Pleno dia,Céu Claro,Simples,Reta,Não,Crescente
744370,2026-01-08,quinta-feira,09:00:00,SC,101.0,"281,5",imbituba,-28.156282,-48.690468,0.0,0.0,0.0,Sem Vítimas,Sim,Ausência de reação do condutor,Capotamento,Pleno dia,Nublado,Múltipla,Reta,Não,Decrescente
744371,2026-01-08,quinta-feira,07:20:00,RJ,393.0,"116,5",sapucaia,-21.922993,-42.77181,2.0,0.0,0.0,Com Vítimas Feridas,Sim,Ultrapassagem Indevida,Engavetamento,Pleno dia,Nublado,Simples,Reta,Não,Crescente
744372,2026-01-01,quinta-feira,23:30:00,SP,381.0,8,vargem,-22.914118,-46.426834,20.0,0.0,4.0,Com Vítimas Fatais,Não,Chuva,Colisão com objeto,Plena Noite,Chuva,Dupla,Curva,Não,Decrescente
744373,2026-01-08,quinta-feira,10:20:00,PR,476.0,"145,3",curitiba,-25.54912,-49.32459,12.0,0.0,0.0,Com Vítimas Feridas,Não,Ausência de reação do condutor,Colisão transversal,Pleno dia,Céu Claro,Dupla,Reta;Aclive;Retorno Regulamentado,Não,Decrescente
744374,2026-01-08,quinta-feira,09:45:00,BA,324.0,0,feira de santana,-12.271323,-38.93557,0.0,0.0,0.0,Sem Vítimas,Sim,Demais falhas mecânicas ou elétricas,Derramamento de carga,Pleno dia,Céu Claro,Dupla,Curva;Aclive;Viaduto,Sim,Crescente
744376,2026-01-08,quinta-feira,11:10:00,ES,101.0,207,ibiracu,-19.779882,-40.37149,9.0,0.0,0.0,Com Vítimas Feridas,Sim,Retorno proibido,Queda de ocupante de veículo,Pleno dia,Céu Claro,Dupla,Curva,Não,Crescente
744377,2026-01-08,quinta-feira,11:00:00,GO,40.0,"72,4",cristalina,-16.62135,-47.74984,1.0,2.0,0.0,Com Vítimas Feridas,Sim,Condutor Dormindo,Capotamento,Pleno dia,Nublado,Dupla,Reta,Não,Decrescente
744378,2026-01-08,quinta-feira,09:45:00,PA,230.0,116,maraba,-5.358912,-49.084198,3.0,0.0,0.0,Com Vítimas Feridas,Sim,Reação tardia ou ineficiente do condutor,Tombamento,Pleno dia,Chuva,Dupla,Retorno Regulamentado;Reta,Sim,Decrescente
744379,2026-01-08,quinta-feira,12:00:00,ES,101.0,258,serra,-20.131048,-40.29565,2.0,0.0,0.0,Com Vítimas Feridas,Sim,Animais na Pista,Atropelamento de Animal,Pleno dia,Sol,Dupla,Reta,Sim,Decrescente
744380,2026-01-08,quinta-feira,10:00:00,BA,116.0,"493,4",rafael jambeiro,-12.578344,-39.510365,6.0,0.0,0.0,Com Vítimas Feridas,Sim,Reação tardia ou ineficiente do condutor,Capotamento,Pleno dia,Céu Claro,Dupla,Interseção de Vias,Não,Crescente
744381,2026-01-08,quinta-feira,12:30:00,ES,101.0,70,sao mateus,-18.748297,-39.86204,4.0,0.0,0.0,Com Vítimas Feridas,Não,Demais Fenômenos da natureza,Colisão lateral sentido oposto,Pleno dia,Céu Claro,Simples,Reta,Não,Decrescente
744383,2026-01-08,quinta-feira,12:20:00,RJ,116.0,181,nova iguacu,-22.759342,-43.42696,1.0,0.0,0.0,Com Vítimas Feridas,Sim,Condutor Dormindo,Engavetamento,Pleno dia,Céu Claro,Dupla,Reta,Sim,Crescente
744385,2026-01-08,quinta-feira,07:00:00,BA,135.0,300,santa maria da vitoria,-13.033,-44.618,0.0,4.0,0.0,Com Vítimas Feridas,Sim,Reação tardia ou ineficiente do condutor,Colisão com objeto,Pleno dia,Céu Claro,Simples,Reta,Não,Crescente
744386,2026-01-08,quinta-feira,10:10:00,SC,101.0,"379,7",icara,-28.756828,-49.280033,1.0,0.0,0.0,Com Vítimas Feridas,Sim,Transitar na contramão,Colisão lateral sentido oposto,Pleno dia,Céu Claro,Múltipla,Curva,Não,Decrescente
744387,2026-01-08,quinta-feira,12:40:00,PR,376.0,635,sao jose dos pinhais,-25.74662,-49.130272,3.0,0.0,0.0,Com Vítimas Feridas,Sim,Ausência de reação do condutor,Queda de ocupante de veículo,Pleno dia,Céu Claro,Dupla,Aclive;Reta,Não,Crescente
744388,2026-01-08,quinta-feira,10:20:00,SC,101.0,"379,7",icara,-28.792234,-49.349598,2.0,0.0,0.0,Com Vítimas Feridas,Sim,Demais falhas mecânicas ou elétricas,Queda de ocupante de veículo,Pleno dia,Céu Claro,Múltipla,Reta,Não,Crescente
744390,2026-01-08,quinta-feira,11:00:00,RJ,40.0,85,petropolis,-22.551483,-43.226223,0.0,0.0,0.0,Sem Vítimas,Não,Acumulo de água sobre o pavimento,Colisão lateral mesmo sentido,Pleno dia,Céu Claro,Dupla,Curva,Não,Decrescente
744391,2026-01-08,quinta-feira,13:40:00,ES,101.0,"291,2",cariacica,-20.299456,-40.39531,12.0,0.0,0.0,Com Vítimas Feridas,Não,Acessar a via sem observar a presença dos outros veículos,Queda de ocupante de veículo,Pleno dia,Sol,Dupla,Reta,Sim,Crescente
744392,2026-01-08,quinta-feira,12:20:00,SP,116.0,111,taubate,-23.03706,-45.55711,0.0,1.0,0.0,Com Vítimas Feridas,Sim,Reação tardia ou ineficiente do condutor,Colisão traseira,Pleno dia,Céu Claro,Dupla,Reta,Sim,Decrescente
744393,2026-01-08,quinta-feira,09:00:00,PE,316.0,246,belem de sao francisco,-8.676558,-38.972572,1.0,0.0,0.0,Com Vítimas Feridas,Sim,Reação tardia ou ineficiente do condutor,Tombamento,Pleno dia,Céu Claro,Simples,Curva,Não,Decrescente
744394,2026-01-08,quinta-feira,10:40:00,MA,316.0,616,timon,-5.092071,-42.83362,0.0,1.0,0.0,Com Vítimas Feridas,Sim,Acessar a via sem observar a presença dos outros veículos,Atropelamento de Pedestre,Pleno dia,Sol,Dupla,Reta,Sim,Decrescente
744395,2026-01-08,quinta-feira,12:45:00,RS,448.0,"9,5",canoas,-29.87995,-51.23666,0.0,1.0,0.0,Com Vítimas Feridas,Sim,Ausência de reação do condutor,Queda de ocupante de veículo,Pleno dia,Céu Claro,Simples,Viaduto;Curva,Não,Crescente
744396,2026-01-08,quinta-feira,13:15:00,SC,470.0,14,ilhota,-26.843441,-48.794323,0.0,0.0,0.0,Sem Vítimas,Sim,Ingestão de álcool pelo condutor,Capotamento,Pleno dia,Nublado,Dupla,Curva,Não,Decrescente
744397,2026-01-08,quinta-feira,12:05:00,MG,116.0,"303,2",itambacuri,-18.017838,-41.645153,0.0,16.0,0.0,Com Vítimas Feridas,Não,Condutor deixou de manter distância do veículo da frente,Queda de ocupante de veículo,Pleno dia,Céu Claro,Simples,Aclive;Curva,Não,Decrescente
744398,2026-01-08,quinta-feira,14:00:00,BA,101.0,"675,3",itagimirim,-16.0418,-39.61326,2.0,0.0,0.0,Com Vítimas Feridas,Não,Condutor deixou de manter distância do veículo da frente,Colisão traseira,Pleno dia,Céu Claro,Simples,Reta,Não,Crescente
744399,2026-01-08,quinta-feira,14:00:00,MG,381.0,519,betim,-19.9808,-44.1751,1.0,0.0,0.0,Com Vítimas Feridas,Sim,Ausência de reação do condutor,Colisão traseira,Pleno dia,Céu Claro,Dupla,Curva,Não,Crescente
744401,2026-01-08,quinta-feira,13:30:00,PR,373.0,176,ponta grossa,-25.058441,-50.222626,2.0,0.0,0.0,Com Vítimas Feridas,Sim,Ausência de reação do condutor,Queda de ocupante de veículo,Pleno dia,Sol,Dupla,Reta,Sim,Decrescente
744402,2026-01-08,quinta-feira,14:00:00,SC,470.0,"77,2",rodeio,-26.944088,-49.29412,1.0,0.0,0.0,Com Vítimas Feridas,Sim,Velocidade Incompatível,Tombamento,Pleno dia,Nublado,Simples,Reta,Não,Decrescente
744403,2026-01-08,quinta-feira,14:30:00,MG,381.0,886,estiva,-22.51446,-46.02112,0.0,0.0,0.0,Sem Vítimas,Sim,Velocidade Incompatível,Queda de ocupante de veículo,Pleno dia,Céu Claro,Dupla,Curva,Não,Crescente
744405,2026-01-08,quinta-feira,14:50:00,BA,116.0,759,pocoes,-14.541382,-40.393833,18.0,0.0,0.0,Com Vítimas Feridas,Não,Condutor deixou de manter distância do veículo da frente,Colisão traseira,Pleno dia,Nublado,Simples,Reta,Não,Crescente
744406,2026-01-08,quinta-feira,13:30:00,PI,343.0,591,floriano,-6.78019,-43.02626,6.0,0.0,0.0,Com Vítimas Feridas,Sim,Reação tardia ou ineficiente do condutor,Colisão transversal,Pleno dia,Sol,Dupla,Reta;Interseção de Vias;Retorno Regulamentado,Sim,Decrescente
744408,2026-01-08,quinta-feira,11:20:00,PI,343.0,"338,5",teresina,-5.064675,-42.7269,3.0,0.0,0.0,Com Vítimas Feridas,Sim,Acessar a via sem observar a presença dos outros veículos,Queda de ocupante de veículo,Pleno dia,Céu Claro,Dupla,Reta,Sim,Decrescente
744409,2026-01-08,quinta-feira,13:46:00,MG,381.0,949,extrema,-22.87538,-46.367516,6.0,2.0,0.0,Com Vítimas Feridas,Não,Demais Fenômenos da natureza,Colisão com objeto,Pleno dia,Chuva,Dupla,Reta,Não,Crescente