id,data_inversa,dia_semana,horario,uf,br,km,municipio,latitude,longitude,feridos_leves,feridos_graves,mortos,classificacao_acidente,causa_principal,causa_acidente,tipo_acidente,fase_dia,condicao_metereologica,tipo_pista,tracado_via,uso_solo,sentido_via
744529,2026-01-09,sexta-feira,07:50:00,SC,282.0,"3,3",florianopolis,-27.599628,-48.60006,0.0,2.0,0.0,Com Vítimas Feridas,Não,Trafegar com motocicleta (ou similar) entre as faixas,Colisão lateral mesmo sentido,Pleno dia,Céu Claro,Múltipla,Reta,Sim,Decrescente
744532,2026-01-09,sexta-feira,06:50:00,MA,316.0,"255,8",pindare-mirim,-3.6534717,-45.426327,4.0,0.0,2.0,Com Vítimas Fatais,Sim,Ausência de reação do condutor,Tombamento,Pleno dia,Céu Claro,Simples,Curva,Não,Crescente
744533,2026-01-09,sexta-feira,09:15:00,SP,101.0,50,ubatuba,-23.45297,-45.07461,1.0,0.0,0.0,Com Vítimas Feridas,Sim,Ausência de reação do condutor,Colisão traseira,Pleno dia,Céu Claro,Simples,Reta,Sim,Crescente
744534,2026-01-09,sexta-feira,08:36:00,SP,116.0,186,santa isabel,-23.352524,-46.19895,8.0,0.0,0.0,Com Vítimas Feridas,Não,Ausência de reação do condutor,Tombamento,Pleno dia,Céu Claro,Simples,Retorno Regulamentado;Interseção de Vias,Não,Decrescente
744535,2026-01-09,sexta-feira,08:30:00,SC,101.0,"203,1",sao jose,-27.5666,-48.6136,2.0,0.0,0.0,Com Vítimas Feridas,Sim,Reação tardia ou ineficiente do condutor,Tombamento,Pleno dia,Sol,Simples,Curva,Sim,Decrescente
744536,2026-01-09,sexta-feira,07:00:00,PA,316.0,140,peixe-boi,-1.25297,-47.25355,4.0,4.0,0.0,Com Vítimas Feridas,Não,Condutor deixou de manter distância do veículo da frente,Saída de leito carroçável,Pleno dia,Sol,Simples,Reta,Não,Crescente
744537,2026-01-09,sexta-feira,09:10:00,PR,376.0,676,guaratuba,-25.938412,-48.910007,4.0,0.0,0.0,Com Vítimas Feridas,Sim,Problema com o freio,Colisão com objeto,Pleno dia,Céu Claro,Dupla,Curva;Declive,Não,Crescente
744538,2026-01-09,sexta-feira,09:00:00,PR,153.0,"463,8",uniao da vitoria,-26.251823,-51.16267,4.0,10.0,0.0,Com Vítimas Feridas,Não,Demais falhas na via,Colisão frontal,Pleno dia,Céu Claro,Simples,Curva,Não,Crescente
744539,2026-01-09,sexta-feira,09:30:00,SC,280.0,"24,5",araquari,-26.37986,-48.72256,2.0,0.0,0.0,Com Vítimas Feridas,Sim,Acessar a via sem observar a presença dos outros veículos,Colisão transversal,Pleno dia,Céu Claro,Simples,Reta,Sim,Crescente
744540,2026-01-09,sexta-feira,06:40:00,GO,50.0,"108,4",cristalina,-16.838112,-47.675346,1.0,0.0,0.0,Com Vítimas Feridas,Sim,Velocidade Incompatível,Queda de ocupante de veículo,Pleno dia,Céu Claro,Dupla,Reta,Não,Crescente
744541,2026-01-09,sexta-feira,06:40:00,RN,304.0,15,mossoro,-4.996137,-37.374393,2.0,0.0,0.0,Com Vítimas Feridas,Sim,Ausência de reação do condutor,Saída de leito carroçável,Pleno dia,Céu Claro,Simples,Reta,Não,Decrescente
744542,2026-01-09,sexta-feira,10:20:00,SC,101.0,135,balneario camboriu,-27.003468,-48.63201,0.0,2.0,0.0,Com Vítimas Feridas,Sim,Reação tardia ou ineficiente do condutor,Queda de ocupante de veículo,Pleno dia,Céu Claro,Dupla,Reta,Sim,Crescente
744543,2026-01-09,sexta-feira,09:00:00,MG,365.0,686,monte alegre de minas,-18.875732,-48.875217,3.0,0.0,0.0,Com Vítimas Feridas,Sim,Demais falhas mecânicas ou elétricas,Capotamento,Pleno dia,Sol,Dupla,Curva,Sim,Crescente
744544,2026-01-09,sexta-feira,10:00:00,PR,277.0,"71,8",sao jose dos pinhais,-25.504776,-49.143192,6.0,0.0,0.0,Com Vítimas Feridas,Não,Manobra de mudança de faixa,Queda de ocupante de veículo,Pleno dia,Céu Claro,Dupla,Reta,Sim,Decrescente
744546,2026-01-09,sexta-feira,08:55:00,PR,376.0,"524,2",ponta grossa,-25.29697,-49.895397,0.0,8.0,0.0,Com Vítimas Feridas,Sim,Velocidade Incompatível,Colisão lateral mesmo sentido,Pleno dia,Sol,Dupla,Declive;Curva,Não,Crescente
744547,2026-01-09,sexta-feira,09:00:00,RJ,393.0,189,paraiba do sul,-22.17844,-43.340813,1.0,0.0,0.0,Com Vítimas Feridas,Sim,Demais falhas mecânicas ou elétricas,Colisão com objeto,Pleno dia,Céu Claro,Simples,Reta,Não,Crescente
744549,2026-01-09,sexta-feira,11:10:00,ES,101.0,"211,7",ibiracu,-19.814665,-40.36609,0.0,0.0,1.0,Com Vítimas Fatais,Sim,Ausência de reação do condutor,Colisão traseira,Pleno dia,Céu Claro,Simples,Reta,Não,Decrescente
744551,2026-01-09,sexta-feira,10:00:00,MT,364.0,"0,5",alto araguaia,-17.315166,-53.215324,1.0,0.0,0.0,Com Vítimas Feridas,Sim,Reação tardia ou ineficiente do condutor,Atropelamento de Pedestre,Pleno dia,Sol,Dupla,Reta,Sim,Crescente
744552,2026-01-09,sexta-feira,11:37:00,RS,116.0,266,canoas,-29.937891,-51.177055,1.0,0.0,0.0,Com Vítimas Feridas,Sim,Acessar a via sem observar a presença dos outros veículos,Colisão transversal,Pleno dia,Nublado,Dupla,Reta,Sim,Decrescente
744553,2026-01-09,sexta-feira,09:00:00,BA,242.0,768,catolandia,-12.192909,-44.496502,2.0,0.0,0.0,Com Vítimas Feridas,Não,Velocidade Incompatível,Capotamento,Pleno dia,Sol,Simples,Reta,Não,Crescente
744554,2026-01-09,sexta-feira,11:00:00,SC,101.0,"207,5",sao jose,-27.601992,-48.627525,2.0,0.0,0.0,Com Vítimas Feridas,Sim,Manobra de mudança de faixa,Queda de ocupante de veículo,Pleno dia,Céu Claro,Múltipla,Reta,Sim,Decrescente
744555,2026-01-09,sexta-feira,11:20:00,RS,290.0,"28,7",santo antonio da patrulha,-29.883598,-50.542828,4.0,0.0,0.0,Com Vítimas Feridas,Sim,Demais falhas na via,Queda de ocupante de veículo,Pleno dia,Sol,Dupla,Reta,Não,Decrescente
744556,2026-01-09,sexta-feira,11:50:00,PI,343.0,"4,1",teresina,-5.080463,-42.787544,2.0,0.0,0.0,Com Vítimas Feridas,Sim,Reação tardia ou ineficiente do condutor,Tombamento,Pleno dia,Céu Claro,Dupla,Reta,Sim,Decrescente
744557,2026-01-09,sexta-feira,12:00:00,SP,101.0,41,ubatuba,-23.413095,-45.051586,0.0,0.0,0.0,Sem Vítimas,Sim,Condutor Dormindo,Colisão transversal,Pleno dia,Céu Claro,Simples,Reta,Não,Crescente
744558,2026-01-09,sexta-feira,11:00:00,BA,116.0,689,jequie,-13.935242,-40.160297,0.0,1.0,0.0,Com Vítimas Feridas,Sim,Ausência de reação do condutor,Colisão traseira,Pleno dia,Garoa/Chuvisco,Simples,Aclive,Não,Decrescente
744559,2026-01-09,sexta-feira,11:40:00,SC,282.0,"32,4",santo amaro da imperatriz,-27.703606,-48.804028,2.0,4.0,0.0,Com Vítimas Feridas,Sim,Acessar a via sem observar a presença dos outros veículos,Queda de ocupante de veículo,Pleno dia,Céu Claro,Simples,Reta,Sim,Crescente
744560,2026-01-09,sexta-feira,11:03:00,MG,50.0,93,uberlandia,-19.0815,-48.187,1.0,0.0,0.0,Com Vítimas Feridas,Sim,Condutor Dormindo,Saída de leito carroçável,Pleno dia,Céu Claro,Dupla,Reta,Não,Crescente
744561,2026-01-09,sexta-feira,11:35:00,MG,40.0,"483,7",sete lagoas,-19.471231,-44.29348,6.0,0.0,0.0,Com Vítimas Feridas,Não,Demais falhas mecânicas ou elétricas,Tombamento,Pleno dia,Céu Claro,Dupla,Declive;Curva,Não,Decrescente
744562,2026-01-09,sexta-feira,09:15:00,MG,381.0,"520,3",igarape,-20.113771,-44.307255,0.0,0.0,0.0,Sem Vítimas,Sim,Demais falhas mecânicas ou elétricas,Colisão com objeto,Pleno dia,Sol,Dupla,Aclive;Reta,Não,Crescente
744563,2026-01-09,sexta-feira,12:45:00,TO,153.0,"496,3",paraiso do tocantins,-10.165878,-48.880554,6.0,0.0,0.0,Com Vítimas Feridas,Não,Velocidade Incompatível,Queda de ocupante de veículo,Pleno dia,Céu Claro,Simples,Reta;Interseção de Vias,Sim,Decrescente
744564,2026-01-09,sexta-feira,12:40:00,BA,242.0,810,barreiras,-12.140841,-44.947388,1.0,0.0,0.0,Com Vítimas Feridas,Sim,Acessar a via sem observar a presença dos outros veículos,Colisão transversal,Pleno dia,Céu Claro,Simples,Interseção de Vias,Não,Crescente
744566,2026-01-09,sexta-feira,13:50:00,TO,10.0,"455,7",palmas,-10.299857,-48.29725,12.0,3.0,0.0,Com Vítimas Feridas,Não,Ingestão de álcool pelo condutor,Colisão traseira,Pleno dia,Sol,Múltipla,Reta,Sim,Crescente
744567,2026-01-09,sexta-feira,12:00:00,GO,153.0,55,porangatu,-13.30655,-49.11881,2.0,0.0,0.0,Com Vítimas Feridas,Sim,Condutor Dormindo,Saída de leito carroçável,Pleno dia,Céu Claro,Simples,Reta,Não,Crescente
744568,2026-01-09,sexta-feira,13:50:00,MG,262.0,"31,7",reduto,-20.253138,-41.990047,0.0,1.0,0.0,Com Vítimas Feridas,Sim,Reação tardia ou ineficiente do condutor,Tombamento,Pleno dia,Céu Claro,Simples,Declive;Reta,Não,Crescente
744569,2026-01-09,sexta-feira,13:20:00,DF,70.0,4,brasilia,-15.801888,-48.0846,2.0,0.0,0.0,Com Vítimas Feridas,Sim,Manobra de mudança de faixa,Queda de ocupante de veículo,Pleno dia,Céu Claro,Dupla,Reta,Sim,Crescente
744570,2026-01-09,sexta-feira,07:00:00,RJ,101.0,313,sao goncalo,-22.808996,-43.06722,4.0,4.0,0.0,Com Vítimas Feridas,Não,Reação tardia ou ineficiente do condutor,Queda de ocupante de veículo,Pleno dia,Céu Claro,Dupla,Reta,Sim,Crescente
744571,2026-01-09,sexta-feira,13:20:00,ES,101.0,169,aracruz,-19.564194,-40.17759,0.0,2.0,0.0,Com Vítimas Feridas,Sim,Ausência de reação do condutor,Tombamento,Pleno dia,Céu Claro,Simples,Reta,Não,Crescente
744572,2026-01-09,sexta-feira,08:15:00,CE,20.0,"34,7",parambu,-6.2883554,-40.600437,3.0,2.0,1.0,Com Vítimas Fatais,Sim,Acessar a via sem observar a presença dos outros veículos,Colisão transversal,Pleno dia,Sol,Simples,Aclive;Reta,Não,Decrescente
744573,2026-01-09,sexta-feira,11:30:00,BA,101.0,446,aurelino leal,-14.334098,-39.317307,0.0,0.0,3.0,Com Vítimas Fatais,Sim,Chuva,Colisão frontal,Pleno dia,Chuva,Simples,Curva,Não,Decrescente
744575,2026-01-09,sexta-feira,13:45:00,MG,40.0,"527,2",contagem,-19.90453,-44.048588,2.0,2.0,0.0,Com Vítimas Feridas,Sim,Avarias e/ou desgaste excessivo no pneu,Queda de ocupante de veículo,Pleno dia,Céu Claro,Dupla,Curva,Não,Crescente
744576,2026-01-09,sexta-feira,14:00:00,PR,277.0,"494,4",nova laranjeiras,-25.21154,-52.65064,0.0,6.0,0.0,Com Vítimas Feridas,Não,Ausência de reação do condutor,Queda de ocupante de veículo,Pleno dia,Céu Claro,Simples,Declive;Curva,Sim,Decrescente
744577,2026-01-09,sexta-feira,14:10:00,PB,230.0,15,joao pessoa,-7.103508,-34.847424,1.0,0.0,0.0,Com Vítimas Feridas,Sim,Condutor deixou de manter distância do veículo da frente,Colisão traseira,Pleno dia,Céu Claro,Dupla,Reta,Não,Decrescente
744578,2026-01-09,sexta-feira,15:00:00,PR,277.0,"491,5",nova laranjeiras,-25.235579,-52.646103,2.0,0.0,0.0,Com Vítimas Feridas,Não,Pista Escorregadia,Saída de leito carroçável,Pleno dia,Céu Claro,Simples,Curva,Não,Crescente
744580,2026-01-09,sexta-feira,14:54:00,PB,101.0,89,joao pessoa,-7.168498,-34.896584,3.0,0.0,0.0,Com Vítimas Feridas,Sim,Manobra de mudança de faixa,Queda de ocupante de veículo,Pleno dia,Céu Claro,Dupla,Reta,Sim,Decrescente
744582,2026-01-09,sexta-feira,15:30:00,MG,40.0,551,nova lima,-20.056711,-43.97418,9.0,0.0,0.0,Com Vítimas Feridas,Não,Reação tardia ou ineficiente do condutor,Capotamento,Pleno dia,Céu Claro,Dupla,Reta,Sim,Decrescente
744583,2026-01-09,sexta-feira,15:04:00,SP,116.0,211,guarulhos,-23.430405,-46.414516,1.0,0.0,0.0,Com Vítimas Feridas,Sim,Ausência de reação do condutor,Colisão lateral mesmo sentido,Pleno dia,Céu Claro,Múltipla,Reta,Sim,Decrescente
744584,2026-01-09,sexta-feira,14:30:00,SC,101.0,"207,7",sao jose,-27.602335,-48.62936,0.0,0.0,3.0,Com Vítimas Fatais,Sim,Ausência de reação do condutor,Queda de ocupante de veículo,Pleno dia,Céu Claro,Múltipla,Reta,Sim,Decrescente
744585,2026-01-09,sexta-feira,16:05:00,SC,101.0,149,itapema,-27.10836,-48.61322,0.0,2.0,0.0,Com Vítimas Feridas,Sim,Acessar a via sem observar a presença dos outros veículos,Tombamento,Pleno dia,Céu Claro,Simples,Reta,Sim,Decrescente
744586,2026-01-09,sexta-feira,15:10:00,MG,153.0,"190,4",frutal,-19.88665,-48.97456,8.0,0.0,0.0,Com Vítimas Feridas,Não,Demais falhas mecânicas ou elétricas,Capotamento,Pleno dia,Sol,Simples,Declive;Reta,Não,Decrescente
744587,2026-01-09,sexta-feira,13:20:00,MT,174.0,570,comodoro,-13.012656,-59.935246,12.0,0.0,0.0,Com Vítimas Feridas,Não,Curva acentuada,Capotamento,Pleno dia,Chuva,Simples,Declive;Curva,Não,Decrescente
744588,2026-01-09,sexta-feira,15:20:00,SP,116.0,"337,4",juquitiba,-23.985886,-47.147835,1.0,0.0,0.0,Com Vítimas Feridas,Sim,Acostamento em desnível,Queda de ocupante de veículo,Pleno dia,Nublado,Dupla,Aclive;Curva,Sim,Decrescente
744589,2026-01-09,sexta-feira,16:40:00,MG,40.0,"512,3",ribeirao das neves,-19.785667,-44.114597,0.0,0.0,15.0,Com Vítimas Fatais,Não,Trafegar com motocicleta (ou similar) entre as faixas,Queda de ocupante de veículo,Pleno dia,Céu Claro,Dupla,Declive;Reta,Não,Decrescente
744590,2026-01-09,sexta-feira,13:00:00,MA,230.0,49,barao de grajau,-6.612615,-43.399773,9.0,0.0,0.0,Com Vítimas Feridas,Não,Curva acentuada,Derramamento de carga,Pleno dia,Céu Claro,Simples,Curva,Não,Decrescente
744591,2026-01-09,sexta-feira,15:55:00,CE,222.0,"222,4",sobral,-3.7150645,-40.338192,0.0,1.0,0.0,Com Vítimas Feridas,Sim,Acessar a via sem observar a presença dos outros veículos,Colisão transversal,Pleno dia,Céu Claro,Simples,Reta,Sim,Crescente
744592,2026-01-09,sexta-feira,16:20:00,PB,101.0,82,bayeux,-7.1311607,-34.93299,1.0,0.0,0.0,Com Vítimas Feridas,Sim,Ausência de reação do condutor,Colisão lateral mesmo sentido,Pleno dia,Céu Claro,Dupla,Reta,Não,Crescente
744594,2026-01-09,sexta-feira,16:30:00,MG,40.0,552,nova lima,-20.0617,-43.97767,2.0,0.0,0.0,Com Vítimas Feridas,Sim,Ausência de reação do condutor,Engavetamento,Pleno dia,Céu Claro,Dupla,Reta,Sim,Decrescente
744595,2026-01-09,sexta-feira,16:50:00,SC,101.0,"191,5",biguacu,-27.481005,-48.645535,3.0,0.0,0.0,Com Vítimas Feridas,Sim,Reação tardia ou ineficiente do condutor,Queda de ocupante de veículo,Pleno dia,Céu Claro,Dupla,Reta,Não,Crescente
744597,2026-01-09,sexta-feira,16:02:00,MT,364.0,249,juscimeira,-16.125654,-54.84506,1.0,0.0,0.0,Com Vítimas Feridas,Sim,Ausência de reação do condutor,Queda de ocupante de veículo,Pleno dia,Céu Claro,Dupla,Curva,Não,Crescente
744599,2026-01-09,sexta-feira,17:10:00,SC,280.0,"128,2",rio negrinho,-26.244066,-49.515446,0.0,3.0,0.0,Com Vítimas Feridas,Sim,Trafegar com motocicleta (ou similar) entre as faixas,Queda de ocupante de veículo,Pleno dia,Garoa/Chuvisco,Simples,Reta,Não,Decrescente
744600,2026-01-09,sexta-feira,15:10:00,RJ,116.0,106,guapimirim,-22.508425,-42.99978,1.0,1.0,0.0,Com Vítimas Feridas,Sim,Pista Escorregadia,Queda de ocupante de veículo,Pleno dia,Sol,Simples,Aclive;Curva,Não,Decrescente
744601,2026-01-09,sexta-feira,17:00:00,RJ,101.0,61,campos dos goytacazes,-21.731447,-41.323612,20.0,0.0,0.0,Com Vítimas Feridas,Não,Condutor deixou de manter distância do veículo da frente,Engavetamento,Pleno dia,Céu Claro,Simples,Reta,Sim,Decrescente
744602,2026-01-09,sexta-feira,17:20:00,DF,20.0,15,brasilia,-15.63403,-47.73961,6.0,0.0,0.0,Com Vítimas Feridas,Não,Trafegar com motocicleta (ou similar) entre as faixas,Queda de ocupante de veículo,Pleno dia,Céu Claro,Múltipla,Reta;Em Obras,Sim,Crescente
744603,2026-01-09,sexta-feira,16:20:00,PR,369.0,"17,7",cambara,-23.033596,-50.05995,2.0,0.0,0.0,Com Vítimas Feridas,Sim,Ingestão de álcool pelo condutor,Colisão transversal,Pleno dia,Céu Claro,Simples,Interseção de Vias;Reta,Sim,Decrescente
744604,2026-01-09,sexta-feira,17:30:00,GO,20.0,219,posse,-14.183052,-46.33003,0.0,0.0,4.0,Com Vítimas Fatais,Não,Reação tardia ou ineficiente do condutor,Queda de ocupante de veículo,Pleno dia,Céu Claro,Simples,Reta,Não,Crescente
744605,2026-01-09,sexta-feira,13:55:00,RO,364.0,333,ji-parana,-10.954175,-61.92007,1.0,0.0,0.0,Com Vítimas Feridas,Sim,Ausência de reação do condutor,Saída de leito carroçável,Pleno dia,Céu Claro,Simples,Curva,Não,Decrescente
744606,2026-01-09,sexta-feira,16:25:00,AL,316.0,267,satuba,-9.58326,-35.84016,4.0,0.0,0.0,Com Vítimas Feridas,Não,Condutor deixou de manter distância do veículo da frente,Queda de ocupante de veículo,Pleno dia,Céu Claro,Simples,Reta,Não,Decrescente
744607,2026-01-09,sexta-feira,16:30:00,GO,60.0,370,rio verde,-17.70294,-50.84639,1.0,0.0,0.0,Com Vítimas Feridas,Sim,Demais falhas mecânicas ou elétricas,Incêndio,Pleno dia,Céu Claro,Dupla,Reta,Não,Decrescente
744608,2026-01-09,sexta-feira,14:15:00,SC,282.0,"406,9",catanduvas,-27.08396,-51.66165,6.0,0.0,0.0,Com Vítimas Feridas,Não,Chuva,Colisão com objeto,Pleno dia,Chuva,Simples,Declive;Curva,Não,Crescente
744609,2026-01-09,sexta-feira,17:15:00,MS,60.0,427,sidrolandia,-20.944138,-54.966774,0.0,0.0,3.0,Com Vítimas Fatais,Sim,Acessar a via sem observar a presença dos outros veículos,Queda de ocupante de veículo,Pleno dia,Nublado,Dupla,Reta;Interseção de Vias,Sim,Crescente
744610,2026-01-09,sexta-feira,17:10:00,GO,153.0,334,jaragua,-15.559134,-49.424183,0.0,0.0,0.0,Sem Vítimas,Não,Ausência de reação do condutor,Colisão traseira,Pleno dia,Céu Claro,Simples,Aclive;Reta,Não,Crescente
744611,2026-01-09,sexta-feira,17:00:00,MT,174.0,484,comodoro,-13.672174,-59.790585,1.0,0.0,0.0,Com Vítimas Feridas,Sim,Acessar a via sem observar a presença dos outros veículos,Colisão transversal,Pleno dia,Céu Claro,Simples,Interseção de Vias;Reta,Sim,Crescente
744612,2026-01-09,sexta-feira,15:30:00,BA,101.0,873,caravelas,-17.593521,-39.683945,0.0,1.0,0.0,Com Vítimas Feridas,Sim,Demais falhas mecânicas ou elétricas,Capotamento,Pleno dia,Céu Claro,Simples,Curva,Não,Decrescente
744613,2026-01-09,sexta-feira,17:50:00,PE,104.0,"48,4",caruaru,-8.138587,-35.98893,2.0,0.0,0.0,Com Vítimas Feridas,Sim,Ingestão de álcool pelo condutor,Saída de leito carroçável,Plena Noite,Céu Claro,Dupla,Reta,Não,Decrescente
744614,2026-01-09,sexta-feira,17:10:00,PR,376.0,349,ortigueira,-24.223112,-50.930065,12.0,0.0,0.0,Com Vítimas Feridas,Não,Ausência de reação do condutor,Colisão transversal,Pleno dia,Céu Claro,Dupla,Declive;Reta,Não,Decrescente
744615,2026-01-09,sexta-feira,17:15:00,MT,163.0,118,rondonopolis,-16.503088,-54.65015,2.0,0.0,0.0,Com Vítimas Feridas,Não,Ausência de reação do condutor,Colisão traseira,Pleno dia,Céu Claro,Dupla,Reta,Não,Crescente
744616,2026-01-09,sexta-feira,16:30:00,RJ,116.0,251,pirai,-22.666903,-43.841114,4.0,0.0,0.0,Com Vítimas Feridas,Não,Condutor deixou de manter distância do veículo da frente,Queda de ocupante de veículo,Pleno dia,Céu Claro,Dupla,Reta;Em Obras;Aclive,Não,Crescente
744617,2026-01-09,sexta-feira,17:00:00,RS,290.0,"69,5",gravatai,-29.9468,-50.951965,4.0,0.0,0.0,Com Vítimas Feridas,Não,Condutor deixou de manter distância do veículo da frente,Colisão traseira,Pleno dia,Céu Claro,Dupla,Reta,Sim,Decrescente
744618,2026-01-09,sexta-feira,18:10:00,SP,116.0,551,barra do turvo,-24.997261,-48.50876,1.0,0.0,0.0,Com Vítimas Feridas,Sim,Velocidade Incompatível,Tombamento,Pleno dia,Nublado,Dupla,Curva,Não,Decrescente
744619,2026-01-09,sexta-feira,14:50:00,RJ,393.0,107,sapucaia,-21.89274,-42.708313,0.0,1.0,0.0,Com Vítimas Feridas,Sim,Acesso irregular,Colisão traseira,Pleno dia,Céu Claro,Simples,Reta,Sim,Crescente
744621,2026-01-09,sexta-feira,18:02:00,MS,463.0,1,dourados,-22.259132,-54.81004,1.0,0.0,0.0,Com Vítimas Feridas,Sim,Acesso irregular,Colisão lateral mesmo sentido,Anoitecer,Céu Claro,Simples,Reta,Sim,Decrescente
744622,2026-01-09,sexta-feira,19:10:00,GO,40.0,"3,9",valparaiso de goias,-16.08633,-47.98653,0.0,0.0,0.0,Sem Vítimas,Não,Condutor deixou de manter distância do veículo da frente,Colisão traseira,Plena Noite,Céu Claro,Dupla,Declive;Reta,Sim,Crescente
744623,2026-01-09,sexta-feira,17:07:00,PI,316.0,"23,8",teresina,-5.293965,-42.713547,0.0,18.0,0.0,Com Vítimas Feridas,Não,Ingestão de álcool pelo condutor,Queda de ocupante de veículo,Pleno dia,Céu Claro,Dupla,Reta,Não,Crescente
744625,2026-01-09,sexta-feira,18:00:00,BA,242.0,812,barreiras,-12.129471,-44.949444,4.0,0.0,0.0,Com Vítimas Feridas,Não,Acesso irregular,Queda de ocupante de veículo,Anoitecer,Céu Claro,Simples,Interseção de Vias;Reta,Não,Crescente
744626,2026-01-09,sexta-feira,18:15:00,RJ,101.0,311,sao goncalo,-22.804668,-43.05851,1.0,0.0,0.0,Com Vítimas Feridas,Sim,Trafegar com motocicleta (ou similar) entre as faixas,Queda de ocupante de veículo,Pleno dia,Céu Claro,Dupla,Reta,Sim,Decrescente
744627,2026-01-09,sexta-feira,17:00:00,MT,364.0,400,cuiaba,-15.664303,-55.964497,1.0,0.0,0.0,Com Vítimas Feridas,Sim,Ausência de reação do condutor,Saída de leito carroçável,Pleno dia,Nublado,Dupla,Reta,Sim,Crescente
744628,2026-01-09,sexta-feira,18:44:00,PE,232.0,8,recife,-8.07569,-34.97005,0.0,1.0,0.0,Com Vítimas Feridas,Sim,Objeto estático sobre o leito carroçável,Colisão com objeto,Plena Noite,Garoa/Chuvisco,Múltipla,Reta,Sim,Crescente
744629,2026-01-09,sexta-feira,16:20:00,SC,101.0,153,porto belo,-27.143036,-48.610027,3.0,3.0,0.0,Com Vítimas Feridas,Sim,Trafegar com motocicleta (ou similar) entre as faixas,Queda de ocupante de veículo,Pleno dia,Céu Claro,Dupla,Reta,Sim,Decrescente
744630,2026-01-09,sexta-feira,19:02:00,PE,101.0,"51,8",paulista,-7.919298,-34.89562,0.0,2.0,0.0,Com Vítimas Feridas,Sim,Ausência de reação do condutor,Tombamento,Plena Noite,Céu Claro,Dupla,Reta,Sim,Crescente
744631,2026-01-09,sexta-feira,18:45:00,PE,316.0,94,ouricuri,-7.918988,-39.991257,2.0,0.0,0.0,Com Vítimas Feridas,Sim,Ultrapassagem Indevida,Saída de leito carroçável,Plena Noite,Céu Claro,Simples,Aclive;Reta,Não,Decrescente
744632,2026-01-09,sexta-feira,17:40:00,RS,116.0,253,sapucaia do sul,-29.815887,-51.169605,0.0,0.0,0.0,Sem Vítimas,Sim,Ingestão de álcool pelo condutor,Colisão traseira,Pleno dia,Céu Claro,Múltipla,Reta,Sim,Crescente
744633,2026-01-09,sexta-feira,19:20:00,ES,101.0,267,serra,-20.20586,-40.2691,6.0,0.0,0.0,Com Vítimas Feridas,Não,Reação tardia ou ineficiente do condutor,Queda de ocupante de veículo,Plena Noite,Céu Claro,Dupla,Reta,Sim,Decrescente
744634,2026-01-09,sexta-feira,16:30:00,RJ,116.0,323,itatiaia,-22.489834,-44.55825,6.0,0.0,0.0,Com Vítimas Feridas,Não,Velocidade Incompatível,Colisão transversal,Pleno dia,Céu Claro,Simples,Reta,Sim,Crescente
744635,2026-01-09,sexta-feira,19:10:00,PR,277.0,"2,3",paranagua,-25.545815,-48.543915,0.0,0.0,2.0,Com Vítimas Fatais,Não,Entrada inopinada do pedestre,Atropelamento de Pedestre,Plena Noite,Nublado,Dupla,Reta,Sim,Decrescente
744636,2026-01-09,sexta-feira,19:30:00,PR,277.0,80,curitiba,-25.46798,-49.214005,8.0,0.0,0.0,Com Vítimas Feridas,Não,Manobra de mudança de faixa,Colisão lateral mesmo sentido,Plena Noite,Garoa/Chuvisco,Dupla,Reta,Não,Decrescente
744637,2026-01-09,sexta-feira,19:00:00,RJ,101.0,46,campos dos goytacazes,-21.606504,-41.31678,2.0,0.0,0.0,Com Vítimas Feridas,Não,Deixar de acionar o farol da motocicleta (ou similar),Colisão transversal,Plena Noite,Ignorado,Simples,Rotatória;Reta;Interseção de Vias,Sim,Crescente
744638,2026-01-09,sexta-feira,17:40:00,PI,316.0,"6,8",teresina,-5.142116,-42.784855,0.0,24.0,0.0,Com Vítimas Feridas,Não,Condutor deixou de manter distância do veículo da frente,Atropelamento de Pedestre,Pleno dia,Céu Claro,Múltipla,Reta,Sim,Crescente
744639,2026-01-09,sexta-feira,19:30:00,PE,232.0,54,pombos,-8.130104,-35.359386,0.0,2.0,0.0,Com Vítimas Feridas,Não,Pedestre andava na pista,Atropelamento de Pedestre,Plena Noite,Céu Claro,Dupla,Retorno Regulamentado;Reta,Não,Crescente
744642,2026-01-09,sexta-feira,20:20:00,SC,101.0,122,itajai,-26.933111,-48.70229,1.0,0.0,0.0,Com Vítimas Feridas,Sim,Trafegar com motocicleta (ou similar) entre as faixas,Colisão lateral mesmo sentido,Plena Noite,Nublado,Dupla,Reta,Sim,Crescente
744643,2026-01-09,sexta-feira,20:30:00,SP,116.0,"187,5",santa isabel,-23.358017,-46.212383,3.0,0.0,0.0,Com Vítimas Feridas,Sim,Objeto estático sobre o leito carroçável,Queda de ocupante de veículo,Plena Noite,Céu Claro,Dupla,Reta,Não,Crescente
744644,2026-01-09,sexta-feira,18:50:00,PA,163.0,28,novo progresso,-9.331671,-54.841015,4.0,0.0,0.0,Com Vítimas Feridas,Não,Reação tardia ou ineficiente do condutor,Saída de leito carroçável,Anoitecer,Ignorado,Simples,Reta,Não,Crescente
744645,2026-01-09,sexta-feira,19:25:00,GO,153.0,175,campinorte,-14.31485,-49.150135,4.0,2.0,0.0,Com Vítimas Feridas,Não,Deficiência do Sistema de Iluminação/Sinalização,Colisão transversal,Plena Noite,Céu Claro,Simples,Interseção de Vias,Sim,Crescente