id,data_inversa,dia_semana,horario,uf,br,km,municipio,latitude,longitude,feridos_leves,feridos_graves,mortos,classificacao_acidente,causa_principal,causa_acidente,tipo_acidente,fase_dia,condicao_metereologica,tipo_pista,tracado_via,uso_solo,sentido_via
744647,2026-01-09,sexta-feira,20:05:00,PR,369.0,122,jataizinho,-23.285788,-50.913883,0.0,0.0,1.0,Com Vítimas Fatais,Sim,Condutor usando celular,Atropelamento de Pedestre,Plena Noite,Céu Claro,Dupla,Reta,Não,Decrescente
744648,2026-01-09,sexta-feira,20:20:00,SP,116.0,280,embu das artes,-23.645075,-46.840843,0.0,4.0,0.0,Com Vítimas Feridas,Não,Ausência de reação do condutor,Colisão traseira,Plena Noite,Céu Claro,Dupla,Aclive;Reta,Sim,Crescente
744649,2026-01-09,sexta-feira,16:10:00,RJ,101.0,326,rio de janeiro,-22.870466,-43.16403,2.0,0.0,0.0,Com Vítimas Feridas,Sim,Ausência de reação do condutor,Queda de ocupante de veículo,Pleno dia,Céu Claro,Dupla,Reta,Sim,Decrescente
744650,2026-01-09,sexta-feira,20:25:00,PE,423.0,"94,3",garanhuns,-8.878589,-36.477196,6.0,3.0,0.0,Com Vítimas Feridas,Sim,Acessar a via sem observar a presença dos outros veículos,Queda de ocupante de veículo,Plena Noite,Céu Claro,Simples,Reta,Sim,Decrescente
744651,2026-01-09,sexta-feira,20:35:00,PR,116.0,113,curitiba,-25.550308,-49.28235,0.0,0.0,0.0,Sem Vítimas,Sim,Manobra de mudança de faixa,Colisão lateral mesmo sentido,Plena Noite,Nublado,Dupla,Reta,Não,Decrescente
744652,2026-01-09,sexta-feira,21:10:00,SC,101.0,"234,1",palhoca,-27.81047,-48.63525,0.0,0.0,6.0,Com Vítimas Fatais,Não,Velocidade Incompatível,Queda de ocupante de veículo,Plena Noite,Céu Claro,Dupla,Aclive;Reta,Não,Decrescente
744653,2026-01-09,sexta-feira,20:50:00,CE,116.0,53,pacajus,-4.2016263,-38.470127,0.0,1.0,0.0,Com Vítimas Feridas,Sim,Acostamento em desnível,Tombamento,Plena Noite,Céu Claro,Simples,Reta,Não,Crescente
744654,2026-01-09,sexta-feira,17:30:00,MG,153.0,112,prata,-19.329441,-48.905537,1.0,0.0,0.0,Com Vítimas Feridas,Sim,Conversão proibida,Colisão transversal,Pleno dia,Sol,Simples,Reta,Não,Crescente
744655,2026-01-09,sexta-feira,18:00:00,SC,470.0,"13,9",ilhota,-26.83781,-48.775227,2.0,2.0,0.0,Com Vítimas Feridas,Sim,Reação tardia ou ineficiente do condutor,Colisão traseira,Pleno dia,Nublado,Dupla,Reta,Não,Decrescente
744656,2026-01-09,sexta-feira,21:00:00,PI,343.0,"3,3",teresina,-5.080633,-42.77973,3.0,0.0,0.0,Com Vítimas Feridas,Sim,Ausência de reação do condutor,Queda de ocupante de veículo,Plena Noite,Céu Claro,Múltipla,Reta,Sim,Crescente
744657,2026-01-09,sexta-feira,21:00:00,PR,277.0,"115,8",campo largo,-25.437115,-49.444397,0.0,3.0,0.0,Com Vítimas Feridas,Sim,Reação tardia ou ineficiente do condutor,Tombamento,Plena Noite,Nublado,Dupla,Interseção de Vias;Curva,Sim,Decrescente
744658,2026-01-09,sexta-feira,21:35:00,SC,101.0,"194,9",biguacu,-27.50423,-48.650925,1.0,0.0,0.0,Com Vítimas Feridas,Sim,Reação tardia ou ineficiente do condutor,Queda de ocupante de veículo,Plena Noite,Céu Claro,Múltipla,Reta,Sim,Crescente
744659,2026-01-09,sexta-feira,21:00:00,PE,101.0,86,jaboatao dos guararapes,-8.18628,-34.97133,0.0,2.0,0.0,Com Vítimas Feridas,Sim,Reação tardia ou ineficiente do condutor,Capotamento,Plena Noite,Nublado,Dupla,Ponte,Sim,Decrescente
744660,2026-01-09,sexta-feira,21:00:00,RJ,101.0,299,itaborai,-22.773155,-42.9347,12.0,0.0,0.0,Com Vítimas Feridas,Não,Área urbana sem a presença de local apropriado para a travessia de pedestres,Queda de ocupante de veículo,Plena Noite,Céu Claro,Dupla,Reta,Sim,Decrescente
744661,2026-01-09,sexta-feira,21:00:00,MG,40.0,"622,5",conselheiro lafaiete,-20.601767,-43.806667,1.0,0.0,0.0,Com Vítimas Feridas,Sim,Reação tardia ou ineficiente do condutor,Colisão traseira,Plena Noite,Céu Claro,Simples,Reta,Não,Decrescente
744662,2026-01-09,sexta-feira,14:50:00,PR,163.0,"147,8",santa lucia,-25.413979,-53.574074,0.0,2.0,0.0,Com Vítimas Feridas,Sim,Velocidade Incompatível,Capotamento,Pleno dia,Céu Claro,Simples,Curva,Não,Crescente
744663,2026-01-09,sexta-feira,20:45:00,MS,163.0,"622,3",sao gabriel do oeste,-19.294353,-54.634346,1.0,0.0,0.0,Com Vítimas Feridas,Sim,Reação tardia ou ineficiente do condutor,Colisão com objeto,Plena Noite,Nublado,Dupla,Reta,Não,Crescente
744664,2026-01-09,sexta-feira,21:23:00,ES,101.0,"331,8",guarapari,-20.607,-40.508,0.0,4.0,0.0,Com Vítimas Feridas,Sim,Manobra de mudança de faixa,Queda de ocupante de veículo,Plena Noite,Céu Claro,Dupla,Reta,Não,Decrescente
744665,2026-01-09,sexta-feira,19:20:00,MG,381.0,"839,9",sao sebastiao da bela vista,-22.16423,-45.83202,1.0,0.0,0.0,Com Vítimas Feridas,Sim,Reação tardia ou ineficiente do condutor,Saída de leito carroçável,Plena Noite,Nublado,Dupla,Reta,Não,Decrescente
744666,2026-01-09,sexta-feira,22:00:00,RJ,116.0,189,nova iguacu,-22.738848,-43.494442,2.0,0.0,0.0,Com Vítimas Feridas,Sim,Velocidade Incompatível,Colisão lateral mesmo sentido,Plena Noite,Céu Claro,Dupla,Reta,Sim,Decrescente
744667,2026-01-09,sexta-feira,22:08:00,RJ,116.0,103,guapimirim,-22.53798,-42.989117,1.0,0.0,0.0,Com Vítimas Feridas,Sim,Ausência de reação do condutor,Queda de ocupante de veículo,Plena Noite,Ignorado,Dupla,Reta,Sim,Decrescente
744668,2026-01-09,sexta-feira,20:50:00,SC,282.0,381,herval doeste,-27.20557,-51.50151,2.0,0.0,0.0,Com Vítimas Feridas,Sim,Reação tardia ou ineficiente do condutor,Tombamento,Plena Noite,Garoa/Chuvisco,Simples,Reta,Não,Crescente
744669,2026-01-09,sexta-feira,22:08:00,CE,116.0,163,russas,-4.9493537,-37.993427,1.0,1.0,0.0,Com Vítimas Feridas,Sim,Ultrapassagem Indevida,Colisão lateral mesmo sentido,Plena Noite,Céu Claro,Simples,Reta,Não,Decrescente
744670,2026-01-09,sexta-feira,22:50:00,MG,262.0,815,uberaba,-19.709951,-47.98218,0.0,2.0,0.0,Com Vítimas Feridas,Sim,Demais falhas na via,Queda de ocupante de veículo,Plena Noite,Céu Claro,Dupla,Reta,Não,Decrescente
744671,2026-01-09,sexta-feira,18:45:00,RJ,101.0,271,rio bonito,-22.72576,-42.694202,2.0,0.0,0.0,Com Vítimas Feridas,Sim,Avarias e/ou desgaste excessivo no pneu,Queda de ocupante de veículo,Plena Noite,Céu Claro,Dupla,Reta,Sim,Decrescente
744672,2026-01-09,sexta-feira,17:00:00,SP,116.0,549,barra do turvo,-24.966007,-48.462574,3.0,0.0,0.0,Com Vítimas Feridas,Sim,Reação tardia ou ineficiente do condutor,Colisão com objeto,Pleno dia,Nublado,Simples,Reta,Não,Decrescente
744673,2026-01-09,sexta-feira,21:00:00,MT,163.0,758,sorriso,-12.507351,-55.692562,2.0,0.0,0.0,Com Vítimas Feridas,Não,Velocidade Incompatível,Colisão com objeto,Plena Noite,Céu Claro,Dupla,Curva,Não,Decrescente
744674,2026-01-09,sexta-feira,17:15:00,RJ,116.0,187,nova iguacu,-22.738451,-43.479755,2.0,0.0,0.0,Com Vítimas Feridas,Sim,Condutor deixou de manter distância do veículo da frente,Queda de ocupante de veículo,Pleno dia,Céu Claro,Dupla,Reta,Sim,Decrescente
744675,2026-01-09,sexta-feira,23:50:00,PR,376.0,248,apucarana,-23.61065,-51.398674,2.0,0.0,0.0,Com Vítimas Feridas,Sim,Ausência de reação do condutor,Queda de ocupante de veículo,Plena Noite,Céu Claro,Dupla,Declive;Curva,Não,Decrescente
744676,2026-01-09,sexta-feira,21:25:00,PB,361.0,110,itaporanga,-7.300996,-38.1333,0.0,0.0,2.0,Com Vítimas Fatais,Sim,Ausência de reação do condutor,Queda de ocupante de veículo,Plena Noite,Céu Claro,Simples,Reta,Não,Crescente
744677,2026-01-09,sexta-feira,23:50:00,PE,101.0,"7,1",goiana,-7.560885,-34.990322,1.0,0.0,0.0,Com Vítimas Feridas,Sim,Reação tardia ou ineficiente do condutor,Colisão traseira,Plena Noite,Céu Claro,Dupla,Reta,Não,Decrescente
744678,2026-01-10,sábado,00:00:00,PB,230.0,478,marizopolis,-6.851441,-38.363274,0.0,0.0,3.0,Com Vítimas Fatais,Sim,Acessar a via sem observar a presença dos outros veículos,Queda de ocupante de veículo,Plena Noite,Céu Claro,Simples,Reta,Não,Crescente
744679,2026-01-10,sábado,01:00:00,MG,381.0,"931,8",extrema,-22.788338,-46.24337,1.0,0.0,0.0,Com Vítimas Feridas,Sim,Curva acentuada,Queda de ocupante de veículo,Plena Noite,Nublado,Dupla,Curva,Não,Decrescente
744680,2026-01-10,sábado,00:55:00,RS,116.0,"37,2",vacaria,-28.50056,-50.91917,2.0,0.0,0.0,Com Vítimas Feridas,Sim,Ingestão de álcool pelo condutor,Capotamento,Plena Noite,Chuva,Simples,Interseção de Vias,Sim,Decrescente
744681,2026-01-10,sábado,01:00:00,RS,287.0,288,sao pedro do sul,-29.634344,-54.257164,12.0,0.0,0.0,Com Vítimas Feridas,Sim,Ausência de reação do condutor,Capotamento,Plena Noite,Nublado,Simples,Reta,Não,Crescente
744682,2026-01-10,sábado,00:40:00,PR,153.0,"32,5",jacarezinho,-23.218431,-49.99875,18.0,12.0,0.0,Com Vítimas Feridas,Não,Ausência de reação do condutor,Queda de ocupante de veículo,Plena Noite,Céu Claro,Simples,Curva,Não,Decrescente
744683,2026-01-09,sexta-feira,14:00:00,BA,324.0,560,sao sebastiao do passe,-12.502113,-38.64149,1.0,0.0,0.0,Com Vítimas Feridas,Sim,Frear bruscamente,Colisão traseira,Pleno dia,Céu Claro,Dupla,Reta,Não,Crescente
744684,2026-01-10,sábado,01:25:00,PR,373.0,"192,2",ponta grossa,-25.06646,-50.353844,1.0,0.0,0.0,Com Vítimas Feridas,Sim,Reação tardia ou ineficiente do condutor,Colisão traseira,Plena Noite,Nublado,Simples,Reta,Sim,Decrescente
744685,2026-01-10,sábado,02:15:00,RS,116.0,"150,2",caxias do sul,-29.170877,-51.159344,0.0,0.0,0.0,Sem Vítimas,Sim,Condutor desrespeitou a iluminação vermelha do semáforo,Colisão transversal,Plena Noite,Chuva,Dupla,Reta;Interseção de Vias,Sim,Crescente
744686,2026-01-10,sábado,02:30:00,RS,472.0,"180,8",santo cristo,-27.838617,-54.568146,1.0,0.0,0.0,Com Vítimas Feridas,Sim,Ingestão de álcool pelo condutor,Saída de leito carroçável,Plena Noite,Nublado,Simples,Curva;Aclive,Não,Crescente
744689,2026-01-10,sábado,04:00:00,ES,259.0,36,colatina,-19.554354,-40.496128,4.0,0.0,0.0,Com Vítimas Feridas,Sim,Velocidade Incompatível,Tombamento,Amanhecer,Nublado,Simples,Curva,Não,Decrescente
744691,2026-01-10,sábado,00:10:00,MT,163.0,"597,1",nova mutum,-13.836309,-56.08301,0.0,0.0,1.0,Com Vítimas Fatais,Sim,Acessar a via sem observar a presença dos outros veículos,Colisão frontal,Plena Noite,Nublado,Simples,Reta,Sim,Decrescente
744692,2026-01-10,sábado,03:05:00,PR,277.0,676,medianeira,-25.29039,-54.105892,0.0,0.0,0.0,Sem Vítimas,Sim,Acumulo de água sobre o pavimento,Saída de leito carroçável,Plena Noite,Chuva,Dupla,Reta,Não,Crescente
744693,2026-01-10,sábado,04:30:00,RS,116.0,518,pelotas,-31.691202,-52.352493,3.0,0.0,0.0,Com Vítimas Feridas,Sim,Animais na Pista,Capotamento,Plena Noite,Garoa/Chuvisco,Dupla,Reta,Sim,Crescente
744694,2026-01-10,sábado,04:30:00,SC,470.0,"54,2",blumenau,-26.87179,-49.11218,8.0,0.0,0.0,Com Vítimas Feridas,Não,Condutor Dormindo,Saída de leito carroçável,Plena Noite,Nublado,Simples,Reta,Sim,Crescente
744695,2026-01-10,sábado,02:30:00,RS,472.0,"180,9",santo cristo,-27.838617,-54.568146,0.0,0.0,0.0,Sem Vítimas,Sim,Reação tardia ou ineficiente do condutor,Saída de leito carroçável,Plena Noite,Céu Claro,Simples,Aclive;Curva,Não,Crescente
744696,2026-01-09,sexta-feira,15:10:00,BA,101.0,118,alagoinhas,-12.165755,-38.474876,0.0,1.0,0.0,Com Vítimas Feridas,Sim,Mal súbito do condutor,Colisão frontal,Pleno dia,Céu Claro,Simples,Reta,Não,Crescente
744697,2026-01-09,sexta-feira,23:00:00,RJ,116.0,211,seropedica,-22.717924,-43.705933,0.0,0.0,0.0,Sem Vítimas,Sim,Ausência de reação do condutor,Colisão com objeto,Plena Noite,Céu Claro,Dupla,Reta,Não,Crescente
744698,2026-01-10,sábado,04:40:00,RJ,101.0,322,niteroi,-22.880785,-43.111897,4.0,0.0,0.0,Com Vítimas Feridas,Não,Velocidade Incompatível,Queda de ocupante de veículo,Amanhecer,Céu Claro,Dupla,Declive,Sim,Decrescente
744699,2026-01-10,sábado,04:30:00,SP,381.0,"48,3",atibaia,-23.201113,-46.589012,0.0,0.0,0.0,Sem Vítimas,Não,Ausência de reação do condutor,Tombamento,Amanhecer,Céu Claro,Dupla,Reta,Não,Crescente
744700,2026-01-09,sexta-feira,20:00:00,SC,101.0,"48,5",joinville,-26.379875,-48.851395,2.0,0.0,0.0,Com Vítimas Feridas,Não,Acessar a via sem observar a presença dos outros veículos,Tombamento,Plena Noite,Céu Claro,Dupla,Curva,Não,Decrescente
744701,2026-01-10,sábado,05:12:00,PR,277.0,"76,8",sao jose dos pinhais,-25.486732,-49.183807,0.0,0.0,0.0,Sem Vítimas,Não,Ingestão de álcool pelo condutor,Colisão com objeto,Amanhecer,Nublado,Dupla,Reta,Sim,Decrescente
744702,2026-01-10,sábado,05:00:00,GO,153.0,546,piracanjuba,-17.089773,-49.220413,0.0,2.0,0.0,Com Vítimas Feridas,Não,Velocidade Incompatível,Colisão traseira,Amanhecer,Nublado,Dupla,Reta,Não,Decrescente
744703,2026-01-10,sábado,05:28:00,PB,230.0,27,joao pessoa,-7.1686516,-34.883183,6.0,0.0,0.0,Com Vítimas Feridas,Sim,Ingestão de álcool pelo condutor,Queda de ocupante de veículo,Pleno dia,Céu Claro,Dupla,Declive;Reta,Sim,Crescente
744705,2026-01-10,sábado,03:30:00,MG,262.0,356,juatuba,-19.97114,-44.28447,1.0,0.0,0.0,Com Vítimas Feridas,Sim,Animais na Pista,Atropelamento de Animal,Plena Noite,Céu Claro,Múltipla,Reta,Sim,Decrescente
744706,2026-01-10,sábado,04:30:00,MG,365.0,786,ituiutaba,-18.938969,-49.78138,0.0,0.0,0.0,Sem Vítimas,Sim,Animais na Pista,Atropelamento de Animal,Plena Noite,Nublado,Simples,Reta,Não,Decrescente
744707,2026-01-10,sábado,06:00:00,SP,116.0,564,barra do turvo,-25.045341,-48.54253,0.0,2.0,0.0,Com Vítimas Feridas,Sim,Condutor Dormindo,Capotamento,Amanhecer,Ignorado,Dupla,Declive;Reta,Não,Decrescente
744708,2026-01-10,sábado,00:15:00,SC,280.0,23,araquari,-26.371891,-48.712624,2.0,0.0,0.0,Com Vítimas Feridas,Não,Pista esburacada,Colisão lateral mesmo sentido,Plena Noite,Nublado,Simples,Rotatória,Não,Crescente
744709,2026-01-10,sábado,05:25:00,RR,174.0,602,amajari,3.636418,-60.971004,0.0,0.0,36.0,Com Vítimas Fatais,Não,Velocidade Incompatível,Queda de ocupante de veículo,Amanhecer,Céu Claro,Simples,Reta,Não,Crescente
744710,2026-01-10,sábado,07:00:00,SP,101.0,"39,6",ubatuba,-23.414202,-45.028816,1.0,0.0,0.0,Com Vítimas Feridas,Sim,Reação tardia ou ineficiente do condutor,Queda de ocupante de veículo,Pleno dia,Céu Claro,Simples,Curva;Aclive,Não,Crescente
744711,2026-01-10,sábado,06:46:00,ES,101.0,"139,8",linhares,-19.331997,-40.068928,3.0,0.0,0.0,Com Vítimas Feridas,Sim,Acumulo de areia ou detritos sobre o pavimento,Queda de ocupante de veículo,Pleno dia,Céu Claro,Simples,Reta,Sim,Crescente
744712,2026-01-10,sábado,07:20:00,SC,101.0,110,penha,-26.835007,-48.70757,1.0,0.0,0.0,Com Vítimas Feridas,Sim,Reação tardia ou ineficiente do condutor,Colisão lateral mesmo sentido,Pleno dia,Chuva,Dupla,Reta,Não,Decrescente
744713,2026-01-10,sábado,05:30:00,PE,101.0,"35,6",itapissuma,-7.78502,-34.93055,0.0,4.0,0.0,Com Vítimas Feridas,Não,Chuva,Colisão com objeto,Amanhecer,Chuva,Dupla,Declive;Reta,Não,Decrescente
744715,2026-01-10,sábado,00:55:00,RJ,40.0,121,duque de caxias,-22.783949,-43.285297,6.0,6.0,0.0,Com Vítimas Feridas,Não,Ausência de reação do condutor,Queda de ocupante de veículo,Plena Noite,Céu Claro,Dupla,Reta,Sim,Decrescente
744716,2026-01-10,sábado,07:00:00,RJ,101.0,429,mangaratiba,-22.929815,-43.97227,4.0,0.0,0.0,Com Vítimas Feridas,Sim,Acessar a via sem observar a presença dos outros veículos,Colisão transversal,Amanhecer,Céu Claro,Simples,Rotatória,Sim,Crescente
744717,2026-01-10,sábado,07:30:00,SE,101.0,97,sao cristovao,-10.921635,-37.17312,6.0,0.0,0.0,Com Vítimas Feridas,Não,Chuva,Queda de ocupante de veículo,Pleno dia,Chuva,Dupla,Reta;Interseção de Vias,Não,Crescente
744719,2026-01-10,sábado,07:05:00,RS,116.0,"471,8",sao lourenco do sul,-31.36,-52.08,0.0,0.0,0.0,Sem Vítimas,Sim,Ausência de reação do condutor,Saída de leito carroçável,Pleno dia,Sol,Dupla,Reta,Não,Crescente
744720,2026-01-10,sábado,06:45:00,RS,158.0,181,pejucara,-28.534197,-53.55937,0.0,4.0,0.0,Com Vítimas Feridas,Sim,Ultrapassagem Indevida,Capotamento,Pleno dia,Céu Claro,Simples,Aclive;Curva,Não,Crescente
744721,2026-01-10,sábado,07:20:00,MG,40.0,279,tres marias,-18.228167,-45.220314,0.0,4.0,0.0,Com Vítimas Feridas,Não,Ingestão de álcool pelo condutor,Capotamento,Amanhecer,Céu Claro,Simples,Reta,Não,Crescente
744722,2026-01-10,sábado,08:00:00,BA,324.0,354,capim grosso,-11.386475,-40.006027,0.0,1.0,0.0,Com Vítimas Feridas,Sim,Ausência de reação do condutor,Saída de leito carroçável,Pleno dia,Chuva,Simples,Rotatória,Não,Crescente
744723,2026-01-02,sexta-feira,08:00:00,RS,290.0,60,gravatai,-29.949217,-50.958965,2.0,0.0,0.0,Com Vítimas Feridas,Sim,Reação tardia ou ineficiente do condutor,Engavetamento,Pleno dia,Céu Claro,Dupla,Reta,Não,Decrescente
744724,2026-01-10,sábado,07:55:00,MG,116.0,"279,3",teofilo otoni,-17.878393,-41.521812,8.0,0.0,0.0,Com Vítimas Feridas,Não,Velocidade Incompatível,Capotamento,Pleno dia,Sol,Simples,Reta,Sim,Crescente
744725,2026-01-10,sábado,07:55:00,PA,163.0,996,santarem,-2.500295,-54.73044,0.0,0.0,0.0,Sem Vítimas,Não,Condutor usando celular,Engavetamento,Pleno dia,Céu Claro,Simples,Aclive;Reta,Não,Decrescente
744726,2026-01-10,sábado,03:00:00,MA,316.0,"223,1",bom jardim,-3.498876,-45.660744,0.0,0.0,0.0,Sem Vítimas,Sim,Animais na Pista,Atropelamento de Animal,Plena Noite,Céu Claro,Simples,Declive;Reta,Não,Decrescente
744727,2026-01-10,sábado,09:00:00,SP,381.0,44,atibaia,-23.167574,-46.573563,3.0,0.0,0.0,Com Vítimas Feridas,Sim,Reação tardia ou ineficiente do condutor,Tombamento,Pleno dia,Céu Claro,Múltipla,Aclive;Reta,Sim,Crescente
744728,2026-01-10,sábado,08:45:00,SP,381.0,44,atibaia,-23.168613,-46.576027,12.0,0.0,0.0,Com Vítimas Feridas,Não,Reação tardia ou ineficiente do condutor,Queda de ocupante de veículo,Pleno dia,Céu Claro,Múltipla,Aclive;Reta,Sim,Crescente
744729,2026-01-10,sábado,07:10:00,SC,282.0,"308,1",vargem,-27.499271,-50.95253,0.0,0.0,0.0,Sem Vítimas,Sim,Velocidade Incompatível,Capotamento,Amanhecer,Céu Claro,Simples,Curva;Declive,Não,Crescente
744730,2026-01-10,sábado,05:10:00,GO,153.0,118,terezopolis de goias,-16.4843,-49.093014,0.0,0.0,0.0,Sem Vítimas,Sim,Ingestão de substâncias psicoativas pelo condutor,Colisão traseira,Amanhecer,Céu Claro,Dupla,Reta;Declive;Interseção de Vias,Sim,Crescente
744731,2026-01-10,sábado,08:40:00,SC,470.0,113,ibirama,-27.081902,-49.502506,18.0,0.0,0.0,Com Vítimas Feridas,Não,Velocidade Incompatível,Capotamento,Pleno dia,Garoa/Chuvisco,Simples,Curva,Não,Decrescente
744733,2026-01-10,sábado,07:45:00,ES,101.0,44,conceicao da barra,-18.53908,-39.906624,3.0,0.0,0.0,Com Vítimas Feridas,Sim,Reação tardia ou ineficiente do condutor,Capotamento,Pleno dia,Sol,Simples,Reta,Não,Decrescente
744735,2026-01-10,sábado,09:25:00,RS,116.0,304,guaiba,-30.155994,-51.371105,0.0,0.0,0.0,Sem Vítimas,Não,Ingestão de álcool pelo condutor,Capotamento,Pleno dia,Nublado,Simples,Reta,Não,Crescente
744736,2026-01-10,sábado,08:00:00,SC,470.0,"47,1",blumenau,-26.863007,-49.048996,1.0,0.0,0.0,Com Vítimas Feridas,Sim,Acumulo de água sobre o pavimento,Colisão traseira,Pleno dia,Chuva,Dupla,Reta,Sim,Crescente
744737,2026-01-10,sábado,08:40:00,PR,376.0,170,maringa,-23.408699,-51.989613,0.0,12.0,0.0,Com Vítimas Feridas,Não,Reação tardia ou ineficiente do condutor,Queda de ocupante de veículo,Pleno dia,Céu Claro,Dupla,Reta,Sim,Crescente
744738,2026-01-09,sexta-feira,18:30:00,RJ,40.0,82,duque de caxias,-22.519455,-43.227856,4.0,0.0,0.0,Com Vítimas Feridas,Não,Reação tardia ou ineficiente do condutor,Queda de ocupante de veículo,Anoitecer,Céu Claro,Simples,Reta,Sim,Decrescente
744740,2026-01-10,sábado,07:00:00,RO,364.0,"546,8",alto paraiso,-9.668903,-63.0991,0.0,0.0,0.0,Sem Vítimas,Sim,Ingestão de álcool pelo condutor,Colisão lateral sentido oposto,Pleno dia,Nublado,Simples,Curva,Não,Crescente
744741,2026-01-10,sábado,08:45:00,SC,470.0,"66,6",indaial,-26.870338,-49.22731,1.0,0.0,0.0,Com Vítimas Feridas,Sim,Acessar a via sem observar a presença dos outros veículos,Saída de leito carroçável,Pleno dia,Nublado,Simples,Rotatória,Sim,Crescente
744742,2026-01-10,sábado,09:15:00,RS,293.0,187,bage,-31.267694,-54.1341,0.0,0.0,0.0,Sem Vítimas,Sim,Acesso irregular,Colisão traseira,Pleno dia,Nublado,Simples,Interseção de Vias,Não,Decrescente
744744,2026-01-10,sábado,08:29:00,PI,343.0,166,piripiri,-4.315107,-41.777878,0.0,2.0,0.0,Com Vítimas Feridas,Não,Ausência de reação do condutor,Atropelamento de Pedestre,Pleno dia,Céu Claro,Simples,Reta,Sim,Decrescente
744745,2026-01-10,sábado,07:30:00,CE,116.0,502,brejo santo,-7.493798,-38.984318,4.0,0.0,0.0,Com Vítimas Feridas,Não,Reação tardia ou ineficiente do condutor,Colisão traseira,Pleno dia,Nublado,Simples,Reta,Sim,Crescente
744747,2026-01-10,sábado,09:40:00,PE,232.0,11,jaboatao dos guararapes,-8.082397,-34.9961,0.0,12.0,0.0,Com Vítimas Feridas,Não,Trafegar com motocicleta (ou similar) entre as faixas,Queda de ocupante de veículo,Pleno dia,Céu Claro,Dupla,Aclive;Reta,Não,Crescente
744748,2026-01-10,sábado,10:00:00,SC,282.0,"398,2",joacaba,-27.146418,-51.61275,1.0,0.0,0.0,Com Vítimas Feridas,Sim,Acessar a via sem observar a presença dos outros veículos,Colisão traseira,Pleno dia,Nublado,Simples,Aclive,Não,Crescente
744749,2026-01-10,sábado,07:30:00,MS,262.0,560,miranda,-20.230118,-56.392056,1.0,1.0,0.0,Com Vítimas Feridas,Sim,Desrespeitar a preferência no cruzamento,Colisão transversal,Pleno dia,Céu Claro,Simples,Curva;Interseção de Vias,Não,Crescente
744750,2026-01-07,quarta-feira,02:03:00,SC,282.0,"558,1",nova itaberaba,-26.930702,-52.827274,3.0,0.0,0.0,Com Vítimas Feridas,Sim,Transitar na contramão,Colisão lateral sentido oposto,Plena Noite,Nublado,Simples,Aclive;Curva,Não,Decrescente
744751,2026-01-10,sábado,10:25:00,RS,116.0,300,eldorado do sul,-30.025318,-51.321243,2.0,0.0,0.0,Com Vítimas Feridas,Sim,Acessar a via sem observar a presença dos outros veículos,Tombamento,Pleno dia,Nublado,Simples,Reta,Não,Crescente
744752,2026-01-10,sábado,10:25:00,GO,153.0,"515,6",aparecida de goiania,-16.837656,-49.244076,0.0,0.0,1.0,Com Vítimas Fatais,Sim,Pedestre cruzava a pista fora da faixa,Atropelamento de Pedestre,Pleno dia,Céu Claro,Dupla,Reta,Sim,Decrescente
744753,2026-01-10,sábado,06:45:00,RO,364.0,705,porto velho,-8.800303,-63.81736,2.0,0.0,0.0,Com Vítimas Feridas,Sim,Ausência de reação do condutor,Saída de leito carroçável,Pleno dia,Céu Claro,Dupla,Retorno Regulamentado,Não,Crescente
744754,2026-01-10,sábado,10:30:00,SC,470.0,"85,8",rodeio,-26.94994,-49.35732,0.0,1.0,0.0,Com Vítimas Feridas,Sim,Condutor Dormindo,Saída de leito carroçável,Pleno dia,Nublado,Simples,Reta,Não,Crescente
744755,2026-01-10,sábado,08:30:00,SC,282.0,70,rancho queimado,-27.694067,-49.089214,9.0,0.0,0.0,Com Vítimas Feridas,Sim,Velocidade Incompatível,Capotamento,Pleno dia,Garoa/Chuvisco,Simples,Curva;Declive,Não,Decrescente
744756,2026-01-10,sábado,09:30:00,MT,364.0,138,pedra preta,-16.79504,-54.19136,6.0,0.0,0.0,Com Vítimas Feridas,Não,Falta de acostamento,Colisão traseira,Pleno dia,Céu Claro,Simples,Reta,Não,Crescente
744761,2026-01-10,sábado,11:10:00,AL,104.0,59,murici,-9.307164,-35.940414,1.0,0.0,0.0,Com Vítimas Feridas,Sim,Retorno proibido,Tombamento,Pleno dia,Céu Claro,Dupla,Reta,Sim,Decrescente
744762,2026-01-02,sexta-feira,10:35:00,RJ,40.0,118,duque de caxias,-22.754803,-43.287167,4.0,0.0,0.0,Com Vítimas Feridas,Não,Reação tardia ou ineficiente do condutor,Queda de ocupante de veículo,Pleno dia,Nublado,Dupla,Reta,Sim,Decrescente
744764,2026-01-10,sábado,09:40:00,MS,163.0,726,coxim,-18.537487,-54.742657,0.0,0.0,0.0,Sem Vítimas,Não,Ingestão de álcool pelo condutor,Colisão traseira,Pleno dia,Céu Claro,Simples,Reta,Sim,Decrescente
744765,2026-01-10,sábado,11:30:00,PB,230.0,"497,6",cajazeiras,-6.898092,-38.521656,3.0,0.0,0.0,Com Vítimas Feridas,Sim,Acessar a via sem observar a presença dos outros veículos,Queda de ocupante de veículo,Pleno dia,Céu Claro,Simples,Reta,Sim,Decrescente