id,data_inversa,dia_semana,horario,uf,br,km,municipio,latitude,longitude,feridos_leves,feridos_graves,mortos,classificacao_acidente,causa_principal,causa_acidente,tipo_acidente,fase_dia,condicao_metereologica,tipo_pista,tracado_via,uso_solo,sentido_via
744887,2026-01-10,sábado,21:45:00,SC,101.0,"435,3",sombrio,-29.108053,-49.63761,3.0,0.0,0.0,Com Vítimas Feridas,Sim,Ultrapassagem Indevida,Queda de ocupante de veículo,Plena Noite,Garoa/Chuvisco,Simples,Reta;Interseção de Vias,Sim,Crescente
744888,2026-01-10,sábado,20:00:00,RJ,101.0,428,mangaratiba,-22.93531,-43.998154,2.0,0.0,0.0,Com Vítimas Feridas,Sim,Desrespeitar a preferência no cruzamento,Capotamento,Plena Noite,Céu Claro,Simples,Interseção de Vias,Sim,Crescente
744889,2026-01-10,sábado,19:40:00,MG,116.0,"508,6",ubaporanga,-19.633312,-42.105865,4.0,0.0,0.0,Com Vítimas Feridas,Não,Transitar na contramão,Colisão transversal,Plena Noite,Céu Claro,Simples,Curva;Interseção de Vias,Sim,Crescente
744890,2026-01-10,sábado,21:00:00,AL,101.0,"45,8",flexeiras,-9.208557,-35.7833,0.0,0.0,0.0,Sem Vítimas,Sim,Ausência de reação do condutor,Colisão frontal,Plena Noite,Nublado,Dupla,Curva,Não,Crescente
744891,2026-01-10,sábado,21:15:00,RN,110.0,"43,5",mossoro,-5.18415,-37.30002,0.0,1.0,0.0,Com Vítimas Feridas,Sim,Reação tardia ou ineficiente do condutor,Colisão traseira,Plena Noite,Céu Claro,Simples,Reta,Sim,Decrescente
744892,2026-01-10,sábado,21:57:00,SE,235.0,51,itabaiana,-10.701852,-37.429474,6.0,0.0,0.0,Com Vítimas Feridas,Sim,Ingestão de álcool pelo condutor,Queda de ocupante de veículo,Plena Noite,Céu Claro,Simples,Reta;Retorno Regulamentado,Não,Crescente
744893,2026-01-10,sábado,21:40:00,RJ,493.0,96,seropedica,-22.711416,-43.70013,1.0,0.0,0.0,Com Vítimas Feridas,Sim,Ausência de reação do condutor,Capotamento,Plena Noite,Nublado,Dupla,Reta,Não,Crescente
744894,2026-01-10,sábado,13:30:00,RJ,465.0,14,seropedica,-22.801947,-43.642563,1.0,0.0,0.0,Com Vítimas Feridas,Sim,Reação tardia ou ineficiente do condutor,Colisão lateral mesmo sentido,Pleno dia,Céu Claro,Simples,Reta,Não,Decrescente
744895,2026-01-10,sábado,22:00:00,GO,60.0,"164,1",goiania,-16.713165,-49.35821,2.0,0.0,0.0,Com Vítimas Feridas,Sim,Velocidade Incompatível,Colisão com objeto,Plena Noite,Nublado,Múltipla,Reta,Sim,Decrescente
744897,2026-01-10,sábado,23:15:00,SC,101.0,"202,2",sao jose,-27.55814,-48.618317,2.0,0.0,0.0,Com Vítimas Feridas,Não,Condutor Dormindo,Colisão com objeto,Plena Noite,Nublado,Múltipla,Reta,Sim,Decrescente
744898,2026-01-10,sábado,22:45:00,SC,282.0,"18,6",palhoca,-27.67622,-48.69906,0.0,0.0,0.0,Sem Vítimas,Sim,Ausência de reação do condutor,Colisão com objeto,Plena Noite,Nublado,Simples,Viaduto;Reta,Sim,Crescente
744899,2026-01-10,sábado,22:30:00,RJ,101.0,309,sao goncalo,-22.7974,-43.044918,0.0,0.0,1.0,Com Vítimas Fatais,Sim,Pedestre cruzava a pista fora da faixa,Atropelamento de Pedestre,Plena Noite,Céu Claro,Dupla,Reta,Não,Decrescente
744900,2026-01-10,sábado,22:00:00,MT,364.0,388,santo antonio do leverger,-15.701301,-55.87482,1.0,0.0,0.0,Com Vítimas Feridas,Sim,Acumulo de areia ou detritos sobre o pavimento,Queda de ocupante de veículo,Plena Noite,Céu Claro,Dupla,Reta,Não,Decrescente
744901,2026-01-10,sábado,23:10:00,SC,280.0,7,sao francisco do sul,-26.269888,-48.640034,2.0,0.0,0.0,Com Vítimas Feridas,Sim,Reação tardia ou ineficiente do condutor,Engavetamento,Plena Noite,Chuva,Simples,Rotatória,Sim,Crescente
744902,2026-01-10,sábado,21:30:00,PR,376.0,341,ortigueira,-24.159302,-50.972565,0.0,1.0,0.0,Com Vítimas Feridas,Sim,Ausência de reação do condutor,Saída de leito carroçável,Plena Noite,Chuva,Simples,Curva,Não,Decrescente
744903,2026-01-10,sábado,23:18:00,PE,232.0,407,serra talhada,-7.984832,-38.274284,0.0,0.0,0.0,Sem Vítimas,Não,Ingestão de álcool pelo condutor,Colisão traseira,Plena Noite,Céu Claro,Simples,Reta,Sim,Crescente
744904,2026-01-10,sábado,21:34:00,RO,364.0,"340,4",ji-parana,-10.89181,-61.930687,9.0,9.0,0.0,Com Vítimas Feridas,Não,Ingestão de álcool pelo condutor,Queda de ocupante de veículo,Plena Noite,Céu Claro,Simples,Reta,Sim,Crescente
744905,2026-01-11,domingo,00:10:00,SP,116.0,229,sao paulo,-23.51462,-46.577953,6.0,3.0,0.0,Com Vítimas Feridas,Sim,Transitar no Acostamento,Colisão traseira,Plena Noite,Céu Claro,Múltipla,Reta,Não,Decrescente
744906,2026-01-10,sábado,21:20:00,SP,101.0,50,ubatuba,-23.45322,-45.074406,0.0,0.0,0.0,Sem Vítimas,Não,Ingestão de álcool pelo condutor,Colisão traseira,Plena Noite,Céu Claro,Simples,Interseção de Vias,Sim,Crescente
744907,2026-01-10,sábado,21:15:00,RS,285.0,671,sao borja,-28.668182,-55.953472,0.0,0.0,0.0,Sem Vítimas,Sim,Transitar na contramão,Saída de leito carroçável,Plena Noite,Nublado,Simples,Reta,Não,Decrescente
744908,2026-01-11,domingo,00:20:00,RS,116.0,"150,2",caxias do sul,-29.17043,-51.1596,1.0,0.0,0.0,Com Vítimas Feridas,Sim,Acessar a via sem observar a presença dos outros veículos,Colisão transversal,Plena Noite,Chuva,Dupla,Interseção de Vias,Sim,Crescente
744909,2026-01-11,domingo,00:08:00,RS,285.0,"157,2",muitos capoes,-28.324848,-51.20028,6.0,0.0,2.0,Com Vítimas Fatais,Não,Transitar na contramão,Colisão frontal,Plena Noite,Céu Claro,Simples,Curva,Não,Crescente
744910,2026-01-11,domingo,01:30:00,MG,381.0,"322,2",nova era,-19.755129,-43.027298,0.0,0.0,1.0,Com Vítimas Fatais,Sim,Pedestre andava na pista,Atropelamento de Pedestre,Plena Noite,Céu Claro,Dupla,Aclive;Reta,Sim,Crescente
744911,2026-01-11,domingo,01:20:00,SP,153.0,27,nova granada,-20.514933,-49.32328,18.0,0.0,0.0,Com Vítimas Feridas,Não,Ingestão de álcool pelo condutor,Capotamento,Plena Noite,Céu Claro,Simples,Aclive;Curva,Não,Decrescente
744913,2026-01-10,sábado,23:30:00,SC,470.0,170,pouso redondo,-27.265644,-49.888218,0.0,0.0,0.0,Sem Vítimas,Sim,Reação tardia ou ineficiente do condutor,Colisão lateral mesmo sentido,Plena Noite,Chuva,Simples,Curva;Aclive,Não,Decrescente
744914,2026-01-11,domingo,00:14:00,PE,232.0,333,custodia,-8.084312,-37.645916,0.0,3.0,0.0,Com Vítimas Feridas,Sim,Animais na Pista,Queda de ocupante de veículo,Plena Noite,Céu Claro,Simples,Curva,Sim,Crescente
744915,2026-01-11,domingo,02:20:00,PB,104.0,130,campina grande,-7.282026,-35.88918,0.0,4.0,0.0,Com Vítimas Feridas,Não,Ingestão de álcool pelo condutor,Queda de ocupante de veículo,Plena Noite,Céu Claro,Simples,Reta;Em Obras;Interseção de Vias;Desvio Temporário,Sim,Crescente
744916,2026-01-11,domingo,02:00:00,MG,365.0,"614,5",uberlandia,-18.90987,-48.224457,0.0,2.0,0.0,Com Vítimas Feridas,Sim,Ausência de reação do condutor,Queda de ocupante de veículo,Plena Noite,Céu Claro,Simples,Viaduto;Curva,Sim,Decrescente
744917,2026-01-11,domingo,03:45:00,SP,116.0,223,guarulhos,-23.480257,-46.53168,0.0,0.0,0.0,Sem Vítimas,Sim,Ingestão de álcool pelo condutor,Saída de leito carroçável,Plena Noite,Céu Claro,Dupla,Interseção de Vias;Reta,Sim,Decrescente
744918,2026-01-11,domingo,02:30:00,MA,135.0,180,sao mateus do maranhao,-4.038869,-44.465145,0.0,0.0,1.0,Com Vítimas Fatais,Sim,Animais na Pista,Atropelamento de Animal,Plena Noite,Céu Claro,Simples,Reta,Sim,Crescente
744919,2026-01-10,sábado,23:50:00,RS,386.0,"356,6",estrela,-29.527971,-51.930725,0.0,0.0,0.0,Sem Vítimas,Sim,Avarias e/ou desgaste excessivo no pneu,Colisão com objeto,Plena Noite,Garoa/Chuvisco,Dupla,Curva;Retorno Regulamentado,Não,Crescente
744920,2026-01-11,domingo,04:00:00,PR,369.0,162,cambe,-23.293512,-51.268494,4.0,0.0,0.0,Com Vítimas Feridas,Sim,Velocidade Incompatível,Saída de leito carroçável,Amanhecer,Céu Claro,Dupla,Declive;Reta,Não,Crescente
744921,2026-01-11,domingo,04:00:00,SP,116.0,187,santa isabel,-23.357876,-46.210796,0.0,2.0,0.0,Com Vítimas Feridas,Não,Ausência de sinalização,Colisão lateral mesmo sentido,Plena Noite,Céu Claro,Dupla,Reta,Não,Decrescente
744922,2026-01-11,domingo,03:00:00,SE,101.0,"9,8",cedro de sao joao,-10.27449,-36.87131,0.0,0.0,0.0,Sem Vítimas,Sim,Velocidade Incompatível,Colisão com objeto,Amanhecer,Céu Claro,Dupla,Reta,Não,Decrescente
744923,2026-01-11,domingo,02:50:00,MT,70.0,733,caceres,-16.090162,-57.68946,6.0,0.0,0.0,Com Vítimas Feridas,Não,Condutor Dormindo,Tombamento,Plena Noite,Céu Claro,Simples,Reta,Sim,Crescente
744924,2026-01-11,domingo,05:00:00,SC,101.0,144,itapema,-27.073978,-48.596916,6.0,3.0,0.0,Com Vítimas Feridas,Sim,Acessar a via sem observar a presença dos outros veículos,Queda de ocupante de veículo,Amanhecer,Céu Claro,Dupla,Reta,Não,Decrescente
744925,2026-01-11,domingo,03:40:00,SC,101.0,"177,7",biguacu,-27.362103,-48.633617,1.0,0.0,0.0,Com Vítimas Feridas,Sim,Ausência de reação do condutor,Queda de ocupante de veículo,Plena Noite,Garoa/Chuvisco,Dupla,Reta,Não,Crescente
744926,2026-01-11,domingo,04:35:00,RS,386.0,"444,6",canoas,-29.892578,-51.195976,0.0,0.0,0.0,Sem Vítimas,Sim,Ingestão de álcool pelo condutor,Colisão com objeto,Plena Noite,Garoa/Chuvisco,Dupla,Reta,Não,Crescente
744927,2026-01-11,domingo,05:20:00,RS,158.0,334,santa maria,-29.707834,-53.855713,0.0,0.0,0.0,Sem Vítimas,Não,Ingestão de álcool pelo condutor,Saída de leito carroçável,Amanhecer,Nublado,Simples,Reta,Sim,Crescente
744928,2026-01-11,domingo,05:15:00,SC,470.0,54,blumenau,-26.871046,-49.109722,0.0,0.0,2.0,Com Vítimas Fatais,Sim,Suicídio (presumido),Incêndio,Amanhecer,Nublado,Simples,Curva,Sim,Decrescente
744929,2026-01-11,domingo,05:30:00,SP,116.0,205,aruja,-23.413572,-46.361893,1.0,0.0,0.0,Com Vítimas Feridas,Sim,Condutor deixou de manter distância do veículo da frente,Colisão lateral mesmo sentido,Pleno dia,Céu Claro,Múltipla,Reta,Não,Decrescente
744930,2026-01-11,domingo,04:40:00,MT,174.0,7,pontes e lacerda,-15.207772,-59.361324,0.0,0.0,0.0,Sem Vítimas,Não,Condutor deixou de manter distância do veículo da frente,Saída de leito carroçável,Amanhecer,Céu Claro,Simples,Reta,Não,Crescente
744931,2026-01-11,domingo,05:30:00,GO,20.0,"242,4",guarani de goias,-14.02,-46.23,0.0,2.0,4.0,Com Vítimas Fatais,Não,Velocidade Incompatível,Colisão frontal,Amanhecer,Céu Claro,Simples,Reta,Não,Decrescente
744932,2026-01-11,domingo,06:00:00,BA,324.0,552,amelia rodrigues,-12.451745,-38.708504,2.0,0.0,0.0,Com Vítimas Feridas,Não,Reação tardia ou ineficiente do condutor,Queda de ocupante de veículo,Pleno dia,Céu Claro,Dupla,Declive;Reta,Não,Crescente
744934,2026-01-10,sábado,12:30:00,BA,407.0,125,senhor do bonfim,-10.449298,-40.18414,4.0,0.0,0.0,Com Vítimas Feridas,Não,Reação tardia ou ineficiente do condutor,Colisão traseira,Pleno dia,Céu Claro,Simples,Reta,Sim,Decrescente
744936,2026-01-11,domingo,04:30:00,BA,101.0,"782,9",porto seguro,-16.83539,-39.48622,0.0,12.0,0.0,Com Vítimas Feridas,Não,Ausência de reação do condutor,Queda de ocupante de veículo,Plena Noite,Nublado,Simples,Reta,Não,Decrescente
744937,2026-01-11,domingo,07:20:00,ES,262.0,"58,5",marechal floriano,-20.422592,-40.775616,0.0,3.0,0.0,Com Vítimas Feridas,Sim,Manobra de mudança de faixa,Queda de ocupante de veículo,Pleno dia,Sol,Dupla,Curva,Não,Crescente
744938,2026-01-11,domingo,04:50:00,MT,174.0,118,mirassol doeste,-15.823966,-58.000946,8.0,0.0,0.0,Com Vítimas Feridas,Não,Demais falhas mecânicas ou elétricas,Saída de leito carroçável,Amanhecer,Céu Claro,Simples,Reta,Não,Decrescente
744939,2026-01-11,domingo,07:09:00,MG,381.0,570,carmopolis de minas,-20.558443,-44.662792,9.0,0.0,0.0,Com Vítimas Feridas,Sim,Condutor Dormindo,Capotamento,Pleno dia,Chuva,Dupla,Curva,Não,Crescente
744941,2026-01-11,domingo,01:00:00,RS,293.0,368,santana do livramento,-30.719408,-55.79679,8.0,0.0,0.0,Com Vítimas Feridas,Sim,Reação tardia ou ineficiente do condutor,Tombamento,Plena Noite,Céu Claro,Simples,Reta,Não,Decrescente
744942,2026-01-10,sábado,22:00:00,SC,282.0,"589,8",saudades,-26.82587,-53.07287,12.0,3.0,0.0,Com Vítimas Feridas,Sim,Velocidade Incompatível,Colisão com objeto,Plena Noite,Ignorado,Simples,Aclive;Curva,Não,Crescente
744943,2026-01-11,domingo,03:20:00,PI,230.0,"179,4",sao joao da varjota,-6.944702,-41.986336,24.0,0.0,0.0,Com Vítimas Feridas,Não,Condutor usando celular,Tombamento,Plena Noite,Céu Claro,Simples,Reta,Não,Crescente
744944,2026-01-11,domingo,03:30:00,BA,110.0,400,sao sebastiao do passe,-12.552905,-38.519554,0.0,4.0,0.0,Com Vítimas Feridas,Sim,Acessar a via sem observar a presença dos outros veículos,Queda de ocupante de veículo,Plena Noite,Céu Claro,Simples,Reta,Sim,Crescente
744945,2026-01-11,domingo,05:30:00,SC,470.0,32,gaspar,-26.902185,-48.932514,2.0,0.0,0.0,Com Vítimas Feridas,Sim,Velocidade Incompatível,Colisão frontal,Amanhecer,Céu Claro,Simples,Curva;Viaduto,Não,Crescente
744946,2026-01-11,domingo,07:35:00,SC,101.0,"136,7",balneario camboriu,-27.01179,-48.61398,6.0,0.0,0.0,Com Vítimas Feridas,Sim,Ingestão de álcool pelo condutor,Colisão traseira,Pleno dia,Nublado,Múltipla,Reta,Sim,Crescente
744947,2026-01-11,domingo,06:30:00,BA,110.0,179,ribeira do pombal,-10.874355,-38.526726,4.0,0.0,0.0,Com Vítimas Feridas,Sim,Demais falhas mecânicas ou elétricas,Queda de ocupante de veículo,Pleno dia,Céu Claro,Simples,Reta,Não,Crescente
744948,2026-01-11,domingo,06:20:00,SC,101.0,387,icara,-28.792862,-49.35029,0.0,2.0,0.0,Com Vítimas Feridas,Sim,Ultrapassagem Indevida,Colisão com objeto,Amanhecer,Chuva,Dupla,Reta,Não,Decrescente
744949,2026-01-11,domingo,06:33:00,RN,405.0,163,rafael fernandes,-6.218292,-38.23492,0.0,0.0,3.0,Com Vítimas Fatais,Sim,Ingestão de álcool pelo condutor,Queda de ocupante de veículo,Pleno dia,Sol,Simples,Reta,Não,Decrescente
744952,2026-01-11,domingo,07:20:00,RJ,101.0,388,itaguai,-22.864168,-43.75294,1.0,0.0,0.0,Com Vítimas Feridas,Sim,Condutor deixou de manter distância do veículo da frente,Engavetamento,Pleno dia,Sol,Dupla,Reta,Não,Crescente
744954,2026-01-03,sábado,18:00:00,MT,364.0,205,rondonopolis,-16.439873,-54.68422,1.0,0.0,0.0,Com Vítimas Feridas,Sim,Ingestão de álcool pelo condutor,Colisão lateral mesmo sentido,Anoitecer,Céu Claro,Dupla,Reta,Sim,Decrescente
744956,2026-01-10,sábado,23:35:00,AC,364.0,19,acrelandia,-9.884527,-66.92968,8.0,0.0,0.0,Com Vítimas Feridas,Sim,Pista esburacada,Queda de ocupante de veículo,Plena Noite,Nublado,Simples,Reta,Não,Crescente
744957,2026-01-11,domingo,07:50:00,SC,101.0,38,joinville,-26.296724,-48.884182,1.0,0.0,0.0,Com Vítimas Feridas,Sim,Desrespeitar a preferência no cruzamento,Queda de ocupante de veículo,Pleno dia,Nublado,Dupla,Viaduto;Rotatória,Não,Crescente
744958,2026-01-11,domingo,08:20:00,PR,376.0,673,tijucas do sul,-25.841648,-49.03051,0.0,0.0,0.0,Sem Vítimas,Sim,Demais falhas mecânicas ou elétricas,Incêndio,Pleno dia,Céu Claro,Dupla,Reta,Não,Decrescente
744959,2026-01-11,domingo,09:25:00,MG,50.0,"6,8",araguari,-18.477654,-48.049255,1.0,0.0,1.0,Com Vítimas Fatais,Sim,Pedestre andava na pista,Atropelamento de Pedestre,Pleno dia,Céu Claro,Dupla,Aclive;Reta,Não,Crescente
744961,2026-01-11,domingo,09:10:00,SP,116.0,279,embu das artes,-23.64103,-46.836525,6.0,0.0,0.0,Com Vítimas Feridas,Sim,Condutor deixou de manter distância do veículo da frente,Queda de ocupante de veículo,Pleno dia,Céu Claro,Dupla,Curva,Não,Decrescente
744963,2026-01-11,domingo,09:45:00,SC,282.0,75,rancho queimado,-27.691,-49.1291,12.0,0.0,0.0,Com Vítimas Feridas,Não,Reação tardia ou ineficiente do condutor,Capotamento,Pleno dia,Chuva,Simples,Declive;Reta,Não,Decrescente
744964,2026-01-11,domingo,07:30:00,AL,104.0,23,sao jose da laje,-9.059056,-36.035336,0.0,4.0,0.0,Com Vítimas Feridas,Sim,Acessar a via sem observar a presença dos outros veículos,Queda de ocupante de veículo,Pleno dia,Céu Claro,Simples,Reta,Não,Decrescente
744965,2026-01-11,domingo,08:40:00,RS,116.0,231,estancia velha,-29.627941,-51.13907,1.0,0.0,0.0,Com Vítimas Feridas,Sim,Condutor Dormindo,Colisão com objeto,Pleno dia,Chuva,Dupla,Curva,Não,Decrescente
744966,2026-01-11,domingo,10:10:00,SC,282.0,"71,3",rancho queimado,-27.68978,-49.091507,0.0,0.0,0.0,Sem Vítimas,Sim,Pista Escorregadia,Saída de leito carroçável,Pleno dia,Chuva,Dupla,Aclive;Curva,Não,Crescente
744967,2026-01-11,domingo,09:10:00,RJ,101.0,65,campos dos goytacazes,-21.757626,-41.34844,2.0,0.0,0.0,Com Vítimas Feridas,Não,Ausência de reação do condutor,Colisão traseira,Pleno dia,Céu Claro,Simples,Curva,Sim,Crescente
744968,2026-01-11,domingo,10:20:00,RJ,393.0,274,barra do pirai,-22.474073,-43.994057,0.0,1.0,0.0,Com Vítimas Feridas,Sim,Velocidade Incompatível,Tombamento,Pleno dia,Sol,Simples,Declive;Curva,Não,Decrescente
744969,2026-01-11,domingo,04:40:00,RO,435.0,"85,1",colorado do oeste,-13.119444,-60.53563,6.0,0.0,0.0,Com Vítimas Feridas,Sim,Ausência de reação do condutor,Queda de ocupante de veículo,Plena Noite,Nublado,Dupla,Aclive;Reta,Sim,Crescente
744971,2026-01-11,domingo,10:00:00,SP,153.0,"25,3",nova granada,-20.505924,-49.32213,4.0,0.0,0.0,Com Vítimas Feridas,Sim,Avarias e/ou desgaste excessivo no pneu,Queda de ocupante de veículo,Pleno dia,Céu Claro,Simples,Reta,Não,Crescente
744972,2026-01-11,domingo,05:00:00,RO,435.0,"83,8",colorado do oeste,-13.117553,-60.523968,12.0,0.0,0.0,Com Vítimas Feridas,Não,Reação tardia ou ineficiente do condutor,Tombamento,Amanhecer,Céu Claro,Simples,Reta,Sim,Crescente
744973,2026-01-11,domingo,10:23:00,PE,101.0,"57,3",recife,-7.966526,-34.917915,0.0,3.0,0.0,Com Vítimas Feridas,Sim,Condutor deixou de manter distância do veículo da frente,Queda de ocupante de veículo,Pleno dia,Céu Claro,Dupla,Aclive;Reta,Sim,Decrescente
744974,2026-01-11,domingo,08:30:00,SE,101.0,123,itaporanga dajuda,-11.04272,-37.36577,0.0,0.0,0.0,Sem Vítimas,Sim,Ingestão de álcool pelo condutor,Colisão com objeto,Pleno dia,Céu Claro,Dupla,Declive;Curva,Não,Decrescente
744975,2026-01-03,sábado,14:20:00,MS,267.0,299,rio brilhante,-21.75121,-54.600334,0.0,0.0,0.0,Sem Vítimas,Sim,Ingestão de álcool pelo condutor,Colisão lateral sentido oposto,Pleno dia,Céu Claro,Simples,Reta,Não,Crescente
744976,2026-01-11,domingo,08:25:00,MT,364.0,"348,9",santo antonio do leverger,-15.803,-55.564,2.0,0.0,0.0,Com Vítimas Feridas,Sim,Reação tardia ou ineficiente do condutor,Tombamento,Pleno dia,Chuva,Dupla,Curva;Aclive,Não,Decrescente
744977,2026-01-11,domingo,10:15:00,RJ,101.0,"408,8",itaguai,-22.885847,-43.834408,1.0,1.0,0.0,Com Vítimas Feridas,Sim,Avarias e/ou desgaste excessivo no pneu,Queda de ocupante de veículo,Pleno dia,Céu Claro,Dupla,Reta,Sim,Crescente
744979,2026-01-11,domingo,09:50:00,MG,116.0,"641,6",fervedouro,-20.657454,-42.26482,1.0,0.0,0.0,Com Vítimas Feridas,Sim,Velocidade Incompatível,Colisão lateral sentido oposto,Pleno dia,Sol,Simples,Aclive;Curva,Não,Crescente
744980,2026-01-11,domingo,11:00:00,ES,262.0,"98,5",venda nova do imigrante,-20.351517,-41.091778,2.0,0.0,0.0,Com Vítimas Feridas,Sim,Condutor Dormindo,Colisão frontal,Pleno dia,Sol,Simples,Aclive;Reta,Não,Decrescente
744981,2026-01-11,domingo,11:10:00,PR,277.0,"286,6",prudentopolis,-25.320442,-50.968323,4.0,0.0,0.0,Com Vítimas Feridas,Sim,Acessar a via sem observar a presença dos outros veículos,Colisão transversal,Pleno dia,Garoa/Chuvisco,Simples,Reta;Interseção de Vias,Não,Decrescente
744983,2026-01-11,domingo,00:20:00,MT,158.0,"718,8",barra do garcas,-15.22935,-52.181904,0.0,0.0,0.0,Sem Vítimas,Sim,Ausência de reação do condutor,Saída de leito carroçável,Plena Noite,Céu Claro,Simples,Reta,Não,Crescente
744984,2026-01-11,domingo,06:46:00,MT,364.0,253,juscimeira,-16.026796,-54.895096,0.0,0.0,0.0,Sem Vítimas,Sim,Reação tardia ou ineficiente do condutor,Tombamento,Pleno dia,Céu Claro,Dupla,Aclive;Reta,Não,Decrescente
744985,2026-01-11,domingo,12:10:00,SC,101.0,"213,2",palhoca,-27.637627,-48.665657,45.0,0.0,0.0,Com Vítimas Feridas,Sim,Frear bruscamente,Queda de ocupante de veículo,Pleno dia,Sol,Múltipla,Reta,Sim,Crescente
744987,2026-01-11,domingo,10:30:00,SC,101.0,20,biguacu,-27.494854,-48.71293,2.0,0.0,0.0,Com Vítimas Feridas,Sim,Carga excessiva e/ou mal acondicionada,Tombamento,Pleno dia,Sol,Simples,Curva,Não,Decrescente
744988,2026-01-11,domingo,12:30:00,SC,101.0,"117,2",itajai,-26.890388,-48.72172,1.0,0.0,0.0,Com Vítimas Feridas,Sim,Ausência de reação do condutor,Colisão transversal,Pleno dia,Sol,Simples,Interseção de Vias,Não,Crescente
744990,2026-01-11,domingo,10:00:00,MA,402.0,9,rosario,-2.94094,-44.24686,3.0,0.0,0.0,Com Vítimas Feridas,Não,Reação tardia ou ineficiente do condutor,Colisão transversal,Pleno dia,Céu Claro,Simples,Interseção de Vias,Sim,Decrescente
744991,2026-01-11,domingo,13:45:00,SC,101.0,"146,5",itapema,-27.08855,-48.61258,3.0,0.0,0.0,Com Vítimas Feridas,Sim,Manobra de mudança de faixa,Tombamento,Pleno dia,Nublado,Dupla,Reta,Sim,Decrescente
744992,2026-01-10,sábado,08:15:00,MS,262.0,328,campo grande,-20.465576,-54.548126,6.0,0.0,0.0,Com Vítimas Feridas,Sim,Acessar a via sem observar a presença dos outros veículos,Tombamento,Pleno dia,Céu Claro,Dupla,Reta,Sim,Decrescente
744993,2026-01-11,domingo,14:30:00,PB,230.0,21,joao pessoa,-7.144861,-34.851192,2.0,0.0,0.0,Com Vítimas Feridas,Sim,Ausência de reação do condutor,Tombamento,Pleno dia,Céu Claro,Dupla,Reta,Não,Crescente
744994,2026-01-11,domingo,14:40:00,RS,116.0,386,arambare,-30.805346,-51.684525,2.0,0.0,0.0,Com Vítimas Feridas,Sim,Ausência de reação do condutor,Tombamento,Pleno dia,Sol,Dupla,Reta,Não,Decrescente
744995,2026-01-11,domingo,14:31:00,GO,153.0,420,anapolis,-16.19047,-49.03566,2.0,0.0,0.0,Com Vítimas Feridas,Sim,Reação tardia ou ineficiente do condutor,Queda de ocupante de veículo,Pleno dia,Céu Claro,Simples,Viaduto,Sim,Crescente
744996,2026-01-11,domingo,14:20:00,PR,277.0,215,palmeira,-25.462383,-50.34544,4.0,0.0,0.0,Com Vítimas Feridas,Não,Condutor Dormindo,Capotamento,Pleno dia,Céu Claro,Simples,Aclive;Reta,Não,Crescente
744997,2026-01-11,domingo,14:50:00,MG,381.0,417,caete,-19.772459,-43.650013,2.0,0.0,0.0,Com Vítimas Feridas,Sim,Acumulo de areia ou detritos sobre o pavimento,Queda de ocupante de veículo,Pleno dia,Céu Claro,Simples,Curva,Não,Crescente
744998,2026-01-11,domingo,14:50:00,MG,40.0,"787,8",juiz de fora,-21.731756,-43.43994,10.0,0.0,0.0,Com Vítimas Feridas,Sim,Reação tardia ou ineficiente do condutor,Colisão com objeto,Pleno dia,Céu Claro,Dupla,Curva,Não,Crescente
744999,2026-01-11,domingo,14:30:00,SC,101.0,198,biguacu,-27.499754,-48.655304,0.0,1.0,0.0,Com Vítimas Feridas,Sim,Ausência de reação do condutor,Queda de ocupante de veículo,Pleno dia,Céu Claro,Dupla,Reta,Sim,Decrescente
745000,2026-01-05,segunda-feira,04:50:00,RJ,101.0,101,sao goncalo,-22.809994,-43.069214,1.0,0.0,0.0,Com Vítimas Feridas,Sim,Condutor deixou de manter distância do veículo da frente,Colisão traseira,Pleno dia,Céu Claro,Dupla,Reta,Não,Crescente
745001,2026-01-11,domingo,14:00:00,PA,10.0,"225,8",ipixuna do para,-2.4601429,-47.509743,4.0,0.0,0.0,Com Vítimas Feridas,Sim,Condutor Dormindo,Capotamento,Pleno dia,Sol,Simples,Reta,Não,Decrescente
745002,2026-01-11,domingo,14:55:00,GO,40.0,"7,5",valparaiso de goias,-16.114412,-47.96837,2.0,0.0,0.0,Com Vítimas Feridas,Sim,Ausência de reação do condutor,Queda de ocupante de veículo,Pleno dia,Céu Claro,Dupla,Reta,Sim,Decrescente
745003,2026-01-11,domingo,15:00:00,CE,116.0,"14,3",fortaleza,-3.874852,-38.499344,4.0,0.0,0.0,Com Vítimas Feridas,Não,Condutor Dormindo,Capotamento,Pleno dia,Céu Claro,Dupla,Reta,Não,Decrescente
745004,2026-01-11,domingo,15:30:00,SC,101.0,397,maracaja,-28.842342,-49.429592,2.0,1.0,0.0,Com Vítimas Feridas,Sim,Desrespeitar a preferência no cruzamento,Colisão transversal,Pleno dia,Céu Claro,Dupla,Viaduto;Retorno Regulamentado,Não,Crescente
745005,2026-01-11,domingo,13:30:00,MG,262.0,"69,3",matipo,-20.307724,-42.290447,24.0,0.0,0.0,Com Vítimas Feridas,Não,Condutor deixou de manter distância do veículo da frente,Capotamento,Pleno dia,Sol,Simples,Reta,Não,Decrescente