id,data_inversa,dia_semana,horario,uf,br,km,municipio,latitude,longitude,feridos_leves,feridos_graves,mortos,classificacao_acidente,causa_principal,causa_acidente,tipo_acidente,fase_dia,condicao_metereologica,tipo_pista,tracado_via,uso_solo,sentido_via
745234,2026-01-12,segunda-feira,15:00:00,MG,381.0,496,betim,-19.9863,-44.2034,4.0,0.0,0.0,Com Vítimas Feridas,Sim,Ausência de reação do condutor,Queda de ocupante de veículo,Pleno dia,Céu Claro,Dupla,Viaduto;Reta,Não,Crescente
745235,2026-01-12,segunda-feira,14:45:00,SC,282.0,4,sao jose,-27.589893,-48.610176,12.0,0.0,0.0,Com Vítimas Feridas,Não,Manobra de mudança de faixa,Queda de ocupante de veículo,Pleno dia,Nublado,Múltipla,Reta,Sim,Crescente
745237,2026-01-12,segunda-feira,14:25:00,SC,282.0,"68,3",rancho queimado,-27.693163,-49.07938,24.0,0.0,0.0,Com Vítimas Feridas,Não,Ausência de reação do condutor,Colisão transversal,Pleno dia,Chuva,Simples,Curva,Não,Decrescente
745238,2026-01-12,segunda-feira,13:00:00,PR,153.0,"105,4",ibaiti,-23.817268,-50.180782,3.0,0.0,3.0,Com Vítimas Fatais,Sim,Ultrapassagem Indevida,Queda de ocupante de veículo,Pleno dia,Céu Claro,Simples,Reta,Não,Crescente
745240,2026-01-12,segunda-feira,08:30:00,BA,20.0,"154,8",sao desiderio,-12.59794,-45.91075,0.0,0.0,0.0,Sem Vítimas,Sim,Transitar na contramão,Saída de leito carroçável,Pleno dia,Céu Claro,Simples,Reta,Não,Decrescente
745242,2026-01-12,segunda-feira,14:50:00,ES,262.0,158,ibatiba,-20.23366,-41.50586,1.0,0.0,0.0,Com Vítimas Feridas,Sim,Manobra de mudança de faixa,Colisão transversal,Pleno dia,Sol,Simples,Reta,Sim,Crescente
745243,2026-01-12,segunda-feira,15:20:00,PR,116.0,117,curitiba,-25.5626,-49.30844,4.0,0.0,0.0,Com Vítimas Feridas,Não,Reação tardia ou ineficiente do condutor,Queda de ocupante de veículo,Pleno dia,Chuva,Dupla,Declive;Reta,Sim,Crescente
745244,2026-01-12,segunda-feira,15:40:00,ES,101.0,279,serra,-20.217571,-40.33536,1.0,0.0,0.0,Com Vítimas Feridas,Sim,Demais falhas mecânicas ou elétricas,Colisão com objeto,Pleno dia,Sol,Dupla,Viaduto,Não,Crescente
745246,2026-01-12,segunda-feira,15:15:00,SC,116.0,"1,2",mafra,-26.11851,-49.78841,2.0,0.0,0.0,Com Vítimas Feridas,Sim,Desrespeitar a preferência no cruzamento,Colisão transversal,Pleno dia,Garoa/Chuvisco,Simples,Rotatória,Sim,Crescente
745247,2026-01-12,segunda-feira,12:10:00,SC,280.0,121,sao bento do sul,-26.255293,-49.450706,0.0,9.0,0.0,Com Vítimas Feridas,Sim,Reação tardia ou ineficiente do condutor,Saída de leito carroçável,Pleno dia,Céu Claro,Simples,Declive;Reta,Não,Crescente
745248,2026-01-12,segunda-feira,15:25:00,MG,381.0,"748,5",tres coracoes,-21.630102,-45.274307,2.0,0.0,0.0,Com Vítimas Feridas,Sim,Reação tardia ou ineficiente do condutor,Colisão com objeto,Pleno dia,Sol,Dupla,Reta,Não,Decrescente
745249,2026-01-12,segunda-feira,14:51:00,MS,163.0,560,bandeirantes,-19.81557,-54.37084,4.0,0.0,0.0,Com Vítimas Feridas,Sim,Ultrapassagem Indevida,Colisão traseira,Pleno dia,Chuva,Simples,Reta,Não,Decrescente
745252,2026-01-12,segunda-feira,15:15:00,SC,282.0,24,santo amaro da imperatriz,-27.676357,-48.767097,0.0,0.0,0.0,Sem Vítimas,Sim,Condutor deixou de manter distância do veículo da frente,Colisão traseira,Pleno dia,Nublado,Simples,Aclive,Não,Decrescente
745253,2026-01-12,segunda-feira,15:00:00,RO,364.0,"139,6",pimenta bueno,-12.01524,-60.84262,8.0,0.0,0.0,Com Vítimas Feridas,Sim,Ultrapassagem Indevida,Capotamento,Pleno dia,Céu Claro,Simples,Aclive;Reta,Não,Decrescente
745255,2026-01-12,segunda-feira,15:45:00,MG,50.0,53,araguari,-18.761133,-48.24059,8.0,0.0,0.0,Com Vítimas Feridas,Não,Chuva,Colisão com objeto,Pleno dia,Chuva,Dupla,Curva;Aclive,Não,Decrescente
745256,2026-01-10,sábado,11:00:00,TO,153.0,176,araguaina,-7.4639573,-48.37209,0.0,0.0,0.0,Sem Vítimas,Sim,Ausência de reação do condutor,Capotamento,Pleno dia,Nublado,Simples,Reta,Não,Crescente
745257,2026-01-12,segunda-feira,15:30:00,RS,116.0,"198,1",picada cafe,-29.47719,-51.143364,2.0,2.0,0.0,Com Vítimas Feridas,Não,Transitar na contramão,Colisão frontal,Pleno dia,Céu Claro,Simples,Curva,Não,Crescente
745258,2026-01-12,segunda-feira,16:30:00,SP,116.0,1,guarulhos,-23.448284,-46.492683,3.0,0.0,0.0,Com Vítimas Feridas,Sim,Reação tardia ou ineficiente do condutor,Queda de ocupante de veículo,Pleno dia,Nublado,Dupla,Reta,Sim,Decrescente
745259,2026-01-12,segunda-feira,16:40:00,MG,262.0,513,luz,-19.783136,-45.658257,2.0,0.0,0.0,Com Vítimas Feridas,Sim,Acessar a via sem observar a presença dos outros veículos,Colisão traseira,Pleno dia,Céu Claro,Simples,Declive,Não,Crescente
745260,2026-01-12,segunda-feira,16:20:00,RJ,465.0,2,seropedica,-22.722565,-43.723015,0.0,0.0,0.0,Sem Vítimas,Sim,Ausência de reação do condutor,Colisão traseira,Pleno dia,Céu Claro,Simples,Reta,Não,Crescente
745261,2026-01-12,segunda-feira,17:00:00,RS,116.0,"143,2",caxias do sul,-29.123196,-51.12299,1.0,0.0,0.0,Com Vítimas Feridas,Sim,Reação tardia ou ineficiente do condutor,Colisão traseira,Pleno dia,Nublado,Dupla,Reta,Sim,Crescente
745263,2026-01-12,segunda-feira,13:05:00,MG,354.0,"703,5",caxambu,-21.98269,-44.92395,0.0,2.0,0.0,Com Vítimas Feridas,Sim,Ultrapassagem Indevida,Colisão frontal,Pleno dia,Céu Claro,Simples,Reta,Não,Crescente
745264,2026-01-12,segunda-feira,17:00:00,GO,153.0,429,anapolis,-16.26435,-48.98268,0.0,0.0,0.0,Sem Vítimas,Sim,Demais falhas mecânicas ou elétricas,Incêndio,Pleno dia,Céu Claro,Dupla,Reta,Não,Decrescente
745265,2026-01-12,segunda-feira,17:00:00,PR,376.0,"217,8",jandaia do sul,-23.58237,-51.630398,0.0,2.0,0.0,Com Vítimas Feridas,Sim,Reação tardia ou ineficiente do condutor,Capotamento,Pleno dia,Chuva,Dupla,Reta,Não,Decrescente
745266,2026-01-12,segunda-feira,16:00:00,RJ,101.0,586,paraty,-23.2746,-44.68807,4.0,0.0,0.0,Com Vítimas Feridas,Não,Ausência de reação do condutor,Colisão traseira,Pleno dia,Nublado,Simples,Reta,Não,Crescente
745268,2026-01-12,segunda-feira,15:23:00,MG,116.0,276,teofilo otoni,-17.85664,-41.514545,0.0,3.0,0.0,Com Vítimas Feridas,Sim,Ausência de reação do condutor,Queda de ocupante de veículo,Pleno dia,Céu Claro,Simples,Reta,Sim,Decrescente
745269,2026-01-12,segunda-feira,16:06:00,MA,10.0,"253,3",imperatriz,-5.517753,-47.47134,2.0,0.0,0.0,Com Vítimas Feridas,Não,Ausência de sinalização,Colisão lateral mesmo sentido,Pleno dia,Céu Claro,Simples,Retorno Regulamentado;Reta,Sim,Crescente
745270,2026-01-12,segunda-feira,18:00:00,SP,116.0,147,sao jose dos campos,-23.195147,-45.87104,5.0,0.0,0.0,Com Vítimas Feridas,Sim,Reação tardia ou ineficiente do condutor,Queda de ocupante de veículo,Pleno dia,Céu Claro,Dupla,Reta,Sim,Decrescente
745271,2026-01-12,segunda-feira,17:00:00,RJ,40.0,109,duque de caxias,-22.680721,-43.28572,1.0,0.0,0.0,Com Vítimas Feridas,Sim,Reação tardia ou ineficiente do condutor,Colisão traseira,Pleno dia,Sol,Múltipla,Reta,Sim,Decrescente
745272,2026-01-12,segunda-feira,16:27:00,MT,163.0,843,sinop,-11.790693,-55.47686,6.0,0.0,0.0,Com Vítimas Feridas,Não,Chuva,Colisão frontal,Pleno dia,Chuva,Simples,Declive;Reta,Não,Crescente
745275,2026-01-12,segunda-feira,17:45:00,MG,381.0,"945,5",extrema,-22.85941,-46.340237,3.0,0.0,0.0,Com Vítimas Feridas,Sim,Condutor deixou de manter distância do veículo da frente,Saída de leito carroçável,Pleno dia,Chuva,Dupla,Reta,Não,Crescente
745276,2026-01-12,segunda-feira,09:12:00,SC,280.0,27,araquari,-26.388319,-48.73187,2.0,0.0,0.0,Com Vítimas Feridas,Sim,Trafegar com motocicleta (ou similar) entre as faixas,Queda de ocupante de veículo,Pleno dia,Nublado,Simples,Reta,Sim,Crescente
745277,2026-01-12,segunda-feira,18:10:00,PR,376.0,"433,7",tibagi,-24.805471,-50.488583,0.0,0.0,0.0,Sem Vítimas,Não,Velocidade Incompatível,Colisão com objeto,Pleno dia,Garoa/Chuvisco,Dupla,Curva;Aclive,Não,Decrescente
745278,2026-01-12,segunda-feira,17:30:00,RJ,101.0,313,sao goncalo,-22.792845,-43.024853,2.0,0.0,0.0,Com Vítimas Feridas,Sim,Condutor deixou de manter distância do veículo da frente,Colisão com objeto,Pleno dia,Céu Claro,Dupla,Reta,Sim,Decrescente
745279,2026-01-12,segunda-feira,17:30:00,PR,376.0,444,tibagi,-24.876017,-50.443172,4.0,0.0,0.0,Com Vítimas Feridas,Sim,Velocidade Incompatível,Colisão com objeto,Pleno dia,Chuva,Dupla,Curva,Não,Crescente
745280,2026-01-12,segunda-feira,16:50:00,PR,467.0,"101,7",cascavel,-24.900053,-53.526478,6.0,0.0,0.0,Com Vítimas Feridas,Não,Velocidade Incompatível,Tombamento,Pleno dia,Céu Claro,Dupla,Reta,Não,Crescente
745281,2026-01-12,segunda-feira,19:00:00,SC,280.0,24,araquari,-26.379856,-48.72255,0.0,3.0,0.0,Com Vítimas Feridas,Sim,Trafegar com motocicleta (ou similar) entre as faixas,Queda de ocupante de veículo,Anoitecer,Chuva,Simples,Reta,Não,Decrescente
745282,2026-01-12,segunda-feira,18:05:00,PR,376.0,13,maringa,-23.39713,-51.884033,2.0,0.0,0.0,Com Vítimas Feridas,Não,Velocidade Incompatível,Colisão com objeto,Pleno dia,Chuva,Dupla,Reta;Declive,Não,Decrescente
745283,2026-01-12,segunda-feira,19:00:00,PB,101.0,"84,3",bayeux,-7.142817,-34.91928,2.0,0.0,0.0,Com Vítimas Feridas,Sim,Reação tardia ou ineficiente do condutor,Queda de ocupante de veículo,Plena Noite,Céu Claro,Dupla,Reta,Sim,Decrescente
745285,2026-01-12,segunda-feira,18:10:00,RS,470.0,225,garibaldi,-29.246674,-51.515965,2.0,0.0,0.0,Com Vítimas Feridas,Não,Ausência de sinalização,Colisão transversal,Anoitecer,Céu Claro,Simples,Curva;Aclive;Interseção de Vias,Não,Crescente
745286,2026-01-12,segunda-feira,15:00:00,PR,376.0,"432,3",tibagi,-24.79623,-50.494255,36.0,12.0,0.0,Com Vítimas Feridas,Não,Velocidade Incompatível,Colisão com objeto,Pleno dia,Chuva,Dupla,Curva;Aclive,Não,Crescente
745288,2026-01-12,segunda-feira,17:33:00,RS,470.0,223,garibaldi,-29.232864,-51.51591,3.0,0.0,0.0,Com Vítimas Feridas,Sim,Transitar no Acostamento,Queda de ocupante de veículo,Pleno dia,Céu Claro,Simples,Reta;Declive;Retorno Regulamentado,Não,Decrescente
745289,2026-01-12,segunda-feira,15:00:00,SC,116.0,207,ponte alta,-27.478764,-50.380836,4.0,0.0,0.0,Com Vítimas Feridas,Não,Transitar na contramão,Colisão frontal,Pleno dia,Céu Claro,Simples,Interseção de Vias,Sim,Crescente
745291,2026-01-12,segunda-feira,18:52:00,RN,101.0,94,natal,-5.825775,-35.209927,2.0,0.0,0.0,Com Vítimas Feridas,Sim,Condutor deixou de manter distância do veículo da frente,Queda de ocupante de veículo,Plena Noite,Céu Claro,Múltipla,Reta,Não,Crescente
745292,2026-01-12,segunda-feira,19:05:00,BA,242.0,410,seabra,-12.456129,-41.749718,0.0,1.0,0.0,Com Vítimas Feridas,Sim,Animais na Pista,Atropelamento de Animal,Plena Noite,Céu Claro,Simples,Reta,Não,Crescente
745293,2026-01-12,segunda-feira,17:30:00,PI,343.0,"2,8",teresina,-5.0810704,-42.777927,1.0,0.0,0.0,Com Vítimas Feridas,Sim,Condutor deixou de manter distância do veículo da frente,Colisão traseira,Pleno dia,Céu Claro,Dupla,Reta,Sim,Decrescente
745294,2026-01-12,segunda-feira,16:20:00,SP,116.0,481,jacupiranga,-24.713896,-48.029125,3.0,0.0,0.0,Com Vítimas Feridas,Não,Pista Escorregadia,Queda de ocupante de veículo,Pleno dia,Chuva,Dupla,Reta,Não,Crescente
745295,2026-01-12,segunda-feira,18:30:00,SP,116.0,488,cajati,-24.731293,-48.10152,1.0,0.0,0.0,Com Vítimas Feridas,Sim,Acumulo de água sobre o pavimento,Colisão com objeto,Anoitecer,Chuva,Dupla,Reta,Sim,Decrescente
745296,2026-01-12,segunda-feira,17:35:00,PA,155.0,338,maraba,-5.41851,-49.07633,0.0,0.0,0.0,Sem Vítimas,Não,Falta de acostamento,Colisão traseira,Pleno dia,Céu Claro,Simples,Reta,Sim,Crescente
745298,2026-01-12,segunda-feira,15:19:00,MT,163.0,783,sorriso,-12.313895,-55.57948,0.0,12.0,0.0,Com Vítimas Feridas,Não,Velocidade Incompatível,Capotamento,Pleno dia,Chuva,Simples,Desvio Temporário;Reta,Não,Crescente
745299,2026-01-12,segunda-feira,18:00:00,MG,50.0,156,uberaba,-19.61982,-48.017666,3.0,3.0,0.0,Com Vítimas Feridas,Sim,Condutor Dormindo,Capotamento,Pleno dia,Nublado,Dupla,Reta,Não,Decrescente
745300,2026-01-12,segunda-feira,19:30:00,GO,20.0,217,posse,-14.127014,-46.315247,0.0,1.0,0.0,Com Vítimas Feridas,Sim,Reação tardia ou ineficiente do condutor,Colisão lateral mesmo sentido,Plena Noite,Chuva,Simples,Declive,Não,Crescente
745301,2026-01-12,segunda-feira,18:45:00,MS,262.0,380,terenos,-20.449505,-54.84815,3.0,0.0,0.0,Com Vítimas Feridas,Sim,Conversão proibida,Queda de ocupante de veículo,Plena Noite,Garoa/Chuvisco,Simples,Reta,Não,Crescente
745302,2026-01-12,segunda-feira,19:20:00,BA,235.0,247,uaua,-9.774232,-39.601673,0.0,0.0,3.0,Com Vítimas Fatais,Não,Ingestão de álcool pelo condutor,Colisão traseira,Plena Noite,Céu Claro,Simples,Reta,Não,Crescente
745303,2026-01-12,segunda-feira,19:20:00,RS,386.0,"79,2",boa vista das missoes,-27.70772,-53.27877,1.0,1.0,0.0,Com Vítimas Feridas,Sim,Transitar na contramão,Capotamento,Anoitecer,Nublado,Simples,Reta,Não,Decrescente
745304,2026-01-12,segunda-feira,19:55:00,RJ,116.0,184,nova iguacu,-22.744665,-43.448566,2.0,0.0,0.0,Com Vítimas Feridas,Não,Ingestão de álcool pelo condutor,Queda de ocupante de veículo,Plena Noite,Céu Claro,Múltipla,Em Obras;Reta;Interseção de Vias,Sim,Crescente
745305,2026-01-12,segunda-feira,20:45:00,CE,116.0,"14,8",fortaleza,-3.8774,-38.50022,4.0,0.0,0.0,Com Vítimas Feridas,Sim,Condutor deixou de manter distância do veículo da frente,Colisão com objeto,Plena Noite,Céu Claro,Múltipla,Reta,Sim,Decrescente
745306,2026-01-12,segunda-feira,19:10:00,MG,356.0,"285,9",patrocinio do muriae,-21.122725,-42.216324,3.0,0.0,0.0,Com Vítimas Feridas,Sim,Objeto estático sobre o leito carroçável,Queda de ocupante de veículo,Plena Noite,Céu Claro,Simples,Curva,Não,Decrescente
745307,2026-01-12,segunda-feira,21:20:00,RS,480.0,66,barao de cotegipe,-27.625362,-52.368088,1.0,0.0,0.0,Com Vítimas Feridas,Sim,Velocidade Incompatível,Colisão frontal,Plena Noite,Céu Claro,Simples,Curva,Não,Decrescente
745308,2026-01-12,segunda-feira,21:00:00,SC,101.0,"206,2",sao jose,-27.59477,-48.61892,8.0,0.0,0.0,Com Vítimas Feridas,Não,Desrespeitar a preferência no cruzamento,Queda de ocupante de veículo,Plena Noite,Chuva,Múltipla,Interseção de Vias;Reta,Sim,Decrescente
745309,2026-01-12,segunda-feira,17:40:00,BA,116.0,"2,5",vitoria da conquista,-14.825224,-40.85006,1.0,0.0,0.0,Com Vítimas Feridas,Sim,Reação tardia ou ineficiente do condutor,Saída de leito carroçável,Pleno dia,Céu Claro,Simples,Reta,Não,Crescente
745310,2026-01-12,segunda-feira,21:15:00,GO,40.0,"15,8",luziania,-16.179684,-47.928997,0.0,0.0,0.0,Sem Vítimas,Sim,Ingestão de álcool pelo condutor,Capotamento,Plena Noite,Céu Claro,Dupla,Reta,Sim,Crescente
745311,2026-01-12,segunda-feira,21:00:00,SC,280.0,6,sao francisco do sul,-26.260061,-48.625572,2.0,0.0,0.0,Com Vítimas Feridas,Sim,Iluminação deficiente,Queda de ocupante de veículo,Plena Noite,Céu Claro,Simples,Reta,Não,Decrescente
745312,2026-01-12,segunda-feira,16:00:00,RJ,354.0,12,resende,-22.434551,-44.737366,0.0,2.0,0.0,Com Vítimas Feridas,Sim,Ultrapassagem Indevida,Queda de ocupante de veículo,Pleno dia,Céu Claro,Simples,Curva,Não,Crescente
745313,2026-01-12,segunda-feira,21:29:00,PE,408.0,65,paudalho,-7.8887296,-35.180233,0.0,0.0,0.0,Sem Vítimas,Não,Condutor deixou de manter distância do veículo da frente,Queda de ocupante de veículo,Plena Noite,Céu Claro,Dupla,Declive;Reta,Sim,Decrescente
745314,2026-01-12,segunda-feira,13:30:00,GO,364.0,276,mineiros,-17.647339,-52.363388,0.0,15.0,0.0,Com Vítimas Feridas,Não,Afundamento ou ondulação no pavimento,Colisão transversal,Pleno dia,Chuva,Simples,Reta,Não,Decrescente
745315,2026-01-12,segunda-feira,20:10:00,AC,364.0,124,rio branco,-10.011967,-67.79835,4.0,0.0,0.0,Com Vítimas Feridas,Sim,Acessar a via sem observar a presença dos outros veículos,Capotamento,Plena Noite,Céu Claro,Dupla,Rotatória;Reta,Sim,Crescente
745316,2026-01-12,segunda-feira,21:50:00,MG,116.0,"413,7",governador valadares,-18.883873,-41.95198,1.0,0.0,0.0,Com Vítimas Feridas,Sim,Condutor deixou de manter distância do veículo da frente,Colisão traseira,Plena Noite,Céu Claro,Simples,Reta;Ponte,Sim,Crescente
745317,2026-01-12,segunda-feira,22:10:00,RS,116.0,336,barra do ribeiro,-30.424072,-51.467567,4.0,0.0,0.0,Com Vítimas Feridas,Sim,Reação tardia ou ineficiente do condutor,Capotamento,Plena Noite,Nublado,Dupla,Reta,Não,Crescente
745318,2026-01-12,segunda-feira,23:00:00,PR,116.0,"5,5",quatro barras,-25.365353,-49.090878,1.0,0.0,0.0,Com Vítimas Feridas,Sim,Reação tardia ou ineficiente do condutor,Engavetamento,Plena Noite,Céu Claro,Dupla,Reta,Sim,Decrescente
745319,2026-01-12,segunda-feira,20:40:00,MG,40.0,460,caetanopolis,-19.396389,-44.334442,4.0,0.0,0.0,Com Vítimas Feridas,Não,Pedestre andava na pista,Queda de ocupante de veículo,Plena Noite,Céu Claro,Dupla,Reta,Não,Decrescente
745321,2026-01-12,segunda-feira,19:30:00,MT,364.0,"437,7",varzea grande,-15.622517,-56.205242,0.0,0.0,0.0,Sem Vítimas,Sim,Acesso irregular,Saída de leito carroçável,Plena Noite,Nublado,Dupla,Reta,Não,Crescente
745322,2026-01-12,segunda-feira,22:30:00,RJ,116.0,"236,1",pirai,-22.66584,-43.863438,3.0,0.0,0.0,Com Vítimas Feridas,Não,Condutor Dormindo,Colisão com objeto,Plena Noite,Céu Claro,Dupla,Curva,Não,Decrescente
745323,2026-01-12,segunda-feira,23:25:00,PA,316.0,55,castanhal,-1.30424,-47.994984,6.0,0.0,0.0,Com Vítimas Feridas,Sim,Ausência de reação do condutor,Saída de leito carroçável,Plena Noite,Céu Claro,Dupla,Reta,Sim,Crescente
745324,2026-01-12,segunda-feira,23:40:00,SP,116.0,195,aruja,-23.391266,-46.281307,0.0,0.0,0.0,Sem Vítimas,Sim,Ausência de reação do condutor,Colisão com objeto,Plena Noite,Céu Claro,Múltipla,Reta,Sim,Decrescente
745325,2026-01-12,segunda-feira,20:30:00,MT,364.0,198,rondonopolis,-16.50625,-54.622894,1.0,0.0,0.0,Com Vítimas Feridas,Sim,Acumulo de areia ou detritos sobre o pavimento,Saída de leito carroçável,Plena Noite,Garoa/Chuvisco,Dupla,Declive;Retorno Regulamentado,Sim,Decrescente
745326,2026-01-12,segunda-feira,22:00:00,RO,364.0,460,cacaulandia,-10.246245,-62.728287,6.0,0.0,0.0,Com Vítimas Feridas,Não,Velocidade Incompatível,Queda de ocupante de veículo,Plena Noite,Céu Claro,Simples,Curva,Não,Crescente
745327,2026-01-12,segunda-feira,17:00:00,MT,163.0,983,terra nova do norte,-10.633183,-55.1324,27.0,0.0,0.0,Com Vítimas Feridas,Não,Reação tardia ou ineficiente do condutor,Capotamento,Anoitecer,Céu Claro,Simples,Reta,Não,Crescente
745328,2026-01-12,segunda-feira,18:30:00,MT,70.0,522,varzea grande,-15.661233,-56.186623,1.0,0.0,0.0,Com Vítimas Feridas,Sim,Acesso irregular,Colisão transversal,Plena Noite,Garoa/Chuvisco,Simples,Aclive;Reta,Sim,Decrescente
745329,2026-01-12,segunda-feira,22:00:00,BA,235.0,98,jeremoabo,-10.067804,-38.473907,0.0,0.0,2.0,Com Vítimas Fatais,Não,Transitar na contramão,Colisão lateral sentido oposto,Plena Noite,Céu Claro,Simples,Reta,Não,Decrescente
745330,2026-01-13,terça-feira,02:00:00,ES,101.0,261,serra,-20.147537,-40.28047,1.0,0.0,0.0,Com Vítimas Feridas,Sim,Transitar na contramão,Colisão frontal,Plena Noite,Céu Claro,Dupla,Interseção de Vias,Sim,Crescente
745333,2026-01-13,terça-feira,06:10:00,SC,101.0,"108,1",penha,-26.826765,-48.69091,4.0,0.0,0.0,Com Vítimas Feridas,Não,Ausência de reação do condutor,Queda de ocupante de veículo,Pleno dia,Nublado,Dupla,Aclive;Interseção de Vias;Curva,Não,Crescente
745334,2026-01-13,terça-feira,06:00:00,RJ,101.0,265,rio bonito,-22.706146,-42.654896,1.0,0.0,0.0,Com Vítimas Feridas,Sim,Reação tardia ou ineficiente do condutor,Colisão com objeto,Amanhecer,Céu Claro,Dupla,Curva,Não,Crescente
745335,2026-01-13,terça-feira,05:50:00,PE,101.0,68,recife,-8.05267,-34.943573,0.0,0.0,0.0,Sem Vítimas,Sim,Manobra de mudança de faixa,Colisão lateral mesmo sentido,Pleno dia,Céu Claro,Dupla,Rotatória,Sim,Crescente
745336,2026-01-13,terça-feira,06:20:00,RJ,116.0,174,sao joao de meriti,-22.799164,-43.356014,1.0,0.0,0.0,Com Vítimas Feridas,Sim,Ausência de reação do condutor,Queda de ocupante de veículo,Pleno dia,Céu Claro,Dupla,Reta,Sim,Decrescente
745337,2026-01-12,segunda-feira,22:20:00,PR,163.0,209,cascavel,-24.931562,-53.53781,3.0,0.0,0.0,Com Vítimas Feridas,Sim,Velocidade Incompatível,Capotamento,Plena Noite,Céu Claro,Dupla,Reta,Não,Decrescente
745338,2026-01-13,terça-feira,06:50:00,GO,153.0,"434,1",anapolis,-16.286697,-48.944504,2.0,0.0,0.0,Com Vítimas Feridas,Sim,Chuva,Queda de ocupante de veículo,Pleno dia,Chuva,Dupla,Reta,Sim,Crescente
745339,2026-01-13,terça-feira,02:50:00,PE,316.0,263,belem de sao francisco,-8.727753,-38.916416,12.0,0.0,0.0,Com Vítimas Feridas,Não,Ausência de reação do condutor,Colisão com objeto,Plena Noite,Ignorado,Simples,Reta;Ponte,Não,Decrescente
745340,2026-01-13,terça-feira,04:40:00,RJ,116.0,317,itatiaia,-22.467655,-44.50598,0.0,0.0,1.0,Com Vítimas Fatais,Sim,Pedestre andava na pista,Atropelamento de Pedestre,Plena Noite,Céu Claro,Dupla,Reta,Sim,Decrescente
745341,2026-01-13,terça-feira,07:00:00,PR,376.0,"186,5",marialva,-23.453768,-51.85019,2.0,0.0,0.0,Com Vítimas Feridas,Sim,Animais na Pista,Queda de ocupante de veículo,Pleno dia,Céu Claro,Dupla,Declive;Reta,Não,Crescente
745342,2026-01-13,terça-feira,07:20:00,PE,428.0,185,petrolina,-9.346333,-40.474323,2.0,0.0,0.0,Com Vítimas Feridas,Sim,Condutor deixou de manter distância do veículo da frente,Colisão traseira,Pleno dia,Sol,Dupla,Curva,Não,Crescente
745343,2026-01-13,terça-feira,07:42:00,CE,116.0,"481,3",milagres,-7.3155103,-38.93831,1.0,0.0,0.0,Com Vítimas Feridas,Sim,Acesso irregular,Colisão lateral sentido oposto,Pleno dia,Céu Claro,Simples,Interseção de Vias;Reta,Sim,Crescente
745344,2026-01-13,terça-feira,06:55:00,ES,262.0,"161,9",ibatiba,-20.234495,-41.529007,8.0,0.0,0.0,Com Vítimas Feridas,Sim,Transitar na contramão,Colisão transversal,Pleno dia,Céu Claro,Simples,Reta,Não,Decrescente
745345,2026-01-13,terça-feira,07:07:00,PB,230.0,28,joao pessoa,-7.166155,-34.894653,2.0,0.0,0.0,Com Vítimas Feridas,Sim,Ausência de reação do condutor,Queda de ocupante de veículo,Amanhecer,Céu Claro,Simples,Curva,Não,Decrescente
745346,2026-01-13,terça-feira,06:30:00,AL,101.0,71,messias,-9.373223,-35.82856,0.0,6.0,0.0,Com Vítimas Feridas,Não,Reação tardia ou ineficiente do condutor,Queda de ocupante de veículo,Pleno dia,Sol,Dupla,Aclive;Reta,Não,Crescente
745347,2026-01-12,segunda-feira,15:30:00,MT,364.0,151,pedra preta,-16.7286,-54.2652,2.0,0.0,0.0,Com Vítimas Feridas,Sim,Acostamento em desnível,Colisão frontal,Pleno dia,Céu Claro,Simples,Reta,Não,Crescente
745348,2026-01-13,terça-feira,07:30:00,RJ,116.0,193,queimados,-22.730734,-43.576534,1.0,0.0,0.0,Com Vítimas Feridas,Sim,Condutor deixou de manter distância do veículo da frente,Colisão traseira,Pleno dia,Céu Claro,Dupla,Reta,Sim,Crescente
745349,2026-01-13,terça-feira,07:16:00,ES,101.0,18,conceicao da barra,-18.314754,-39.950573,1.0,0.0,0.0,Com Vítimas Feridas,Sim,Ausência de reação do condutor,Queda de ocupante de veículo,Pleno dia,Céu Claro,Simples,Reta,Sim,Crescente
745350,2026-01-13,terça-feira,07:45:00,PR,116.0,115,curitiba,-25.54673,-49.303783,4.0,0.0,0.0,Com Vítimas Feridas,Não,Trafegar com motocicleta (ou similar) entre as faixas,Queda de ocupante de veículo,Pleno dia,Nublado,Dupla,Reta,Sim,Decrescente
745351,2026-01-13,terça-feira,07:15:00,MG,381.0,"455,2",sabara,-19.83436,-43.859577,0.0,2.0,0.0,Com Vítimas Feridas,Sim,Mal súbito do condutor,Colisão frontal,Pleno dia,Céu Claro,Simples,Curva,Sim,Crescente
745352,2026-01-13,terça-feira,07:30:00,SC,101.0,148,itapema,-27.090364,-48.615135,3.0,0.0,0.0,Com Vítimas Feridas,Sim,Desrespeitar a preferência no cruzamento,Queda de ocupante de veículo,Pleno dia,Nublado,Simples,Interseção de Vias;Viaduto,Sim,Decrescente
745353,2026-01-13,terça-feira,08:00:00,AL,316.0,155,palmeira dos indios,-9.426124,-36.61919,1.0,0.0,0.0,Com Vítimas Feridas,Sim,Conversão proibida,Colisão transversal,Pleno dia,Céu Claro,Simples,Declive,Sim,Decrescente