id,data_inversa,dia_semana,horario,uf,br,km,municipio,latitude,longitude,feridos_leves,feridos_graves,mortos,classificacao_acidente,causa_principal,causa_acidente,tipo_acidente,fase_dia,condicao_metereologica,tipo_pista,tracado_via,uso_solo,sentido_via
745354,2026-01-13,terça-feira,08:10:00,GO,153.0,"493,9",goiania,-16.652872,-49.216682,18.0,0.0,0.0,Com Vítimas Feridas,Sim,Trafegar com motocicleta (ou similar) entre as faixas,Queda de ocupante de veículo,Pleno dia,Chuva,Dupla,Reta;Ponte,Sim,Crescente
745355,2026-01-13,terça-feira,07:32:00,PR,116.0,"45,2",campina grande do sul,-25.198406,-48.894665,0.0,0.0,0.0,Sem Vítimas,Não,Falta de elemento de contenção que evite a saída do leito carroçável,Colisão com objeto,Pleno dia,Nublado,Dupla,Curva,Não,Decrescente
745356,2026-01-13,terça-feira,07:30:00,RS,470.0,"323,4",triunfo,-29.874865,-51.709244,0.0,0.0,3.0,Com Vítimas Fatais,Sim,Reação tardia ou ineficiente do condutor,Capotamento,Pleno dia,Céu Claro,Simples,Curva,Não,Decrescente
745357,2026-01-13,terça-feira,07:00:00,PR,277.0,376,guarapuava,-25.418055,-51.78014,8.0,0.0,0.0,Com Vítimas Feridas,Não,Mal súbito do condutor,Tombamento,Amanhecer,Céu Claro,Simples,Aclive;Reta,Não,Decrescente
745358,2026-01-13,terça-feira,08:20:00,PB,230.0,18,joao pessoa,-7.1271615,-34.84566,6.0,0.0,0.0,Com Vítimas Feridas,Sim,Condutor deixou de manter distância do veículo da frente,Queda de ocupante de veículo,Pleno dia,Céu Claro,Dupla,Curva,Sim,Decrescente
745359,2026-01-13,terça-feira,05:50:00,MS,262.0,"210,8",ribas do rio pardo,-20.464903,-53.489704,0.0,0.0,0.0,Sem Vítimas,Sim,Demais falhas mecânicas ou elétricas,Saída de leito carroçável,Amanhecer,Céu Claro,Simples,Aclive,Não,Crescente
745360,2026-01-13,terça-feira,08:00:00,PR,116.0,116,curitiba,-25.557028,-49.30589,6.0,0.0,0.0,Com Vítimas Feridas,Não,Trafegar com motocicleta (ou similar) entre as faixas,Queda de ocupante de veículo,Pleno dia,Céu Claro,Dupla,Reta,Sim,Decrescente
745361,2026-01-13,terça-feira,08:30:00,RJ,116.0,186,nova iguacu,-22.73901,-43.474564,1.0,0.0,0.0,Com Vítimas Feridas,Sim,Trafegar com motocicleta (ou similar) entre as faixas,Colisão traseira,Pleno dia,Céu Claro,Dupla,Reta,Sim,Decrescente
745362,2026-01-13,terça-feira,08:20:00,MG,381.0,654,santo antonio do amparo,-20.960157,-44.921722,3.0,0.0,0.0,Com Vítimas Feridas,Sim,Chuva,Capotamento,Pleno dia,Garoa/Chuvisco,Dupla,Curva,Não,Decrescente
745363,2026-01-13,terça-feira,08:55:00,SC,101.0,147,itapema,-27.10436,-48.616154,0.0,1.0,0.0,Com Vítimas Feridas,Sim,Ausência de reação do condutor,Colisão traseira,Pleno dia,Nublado,Dupla,Reta,Sim,Decrescente
745364,2026-01-13,terça-feira,09:40:00,TO,153.0,336,guarai,-8.852714,-48.508842,8.0,0.0,0.0,Com Vítimas Feridas,Sim,Reação tardia ou ineficiente do condutor,Queda de ocupante de veículo,Pleno dia,Céu Claro,Simples,Reta,Sim,Decrescente
745366,2026-01-13,terça-feira,05:40:00,MG,381.0,276,jaguaracu,-19.58884,-42.73469,3.0,0.0,3.0,Com Vítimas Fatais,Sim,Ultrapassagem Indevida,Colisão frontal,Amanhecer,Céu Claro,Simples,Curva,Não,Crescente
745367,2026-01-13,terça-feira,08:15:00,MT,70.0,523,varzea grande,-15.65566,-56.190327,2.0,2.0,0.0,Com Vítimas Feridas,Sim,Ausência de reação do condutor,Queda de ocupante de veículo,Pleno dia,Céu Claro,Simples,Reta,Sim,Crescente
745369,2026-01-12,segunda-feira,00:20:00,RJ,101.0,458,angra dos reis,-23.041172,-44.187477,1.0,0.0,0.0,Com Vítimas Feridas,Sim,Ingestão de álcool pelo condutor,Colisão transversal,Plena Noite,Céu Claro,Simples,Reta,Não,Crescente
745370,2026-01-13,terça-feira,09:15:00,SC,282.0,"16,4",palhoca,-27.66197,-48.684772,6.0,0.0,0.0,Com Vítimas Feridas,Sim,Conversão proibida,Queda de ocupante de veículo,Pleno dia,Céu Claro,Simples,Reta,Sim,Decrescente
745371,2026-01-13,terça-feira,09:45:00,PE,428.0,"125,8",petrolina,-9.359569,-40.480434,1.0,1.0,0.0,Com Vítimas Feridas,Sim,Ausência de reação do condutor,Colisão transversal,Pleno dia,Céu Claro,Dupla,Curva,Sim,Crescente
745372,2026-01-13,terça-feira,09:58:00,SC,101.0,149,itapema,-27.1166,-48.609222,6.0,0.0,0.0,Com Vítimas Feridas,Não,Ultrapassagem Indevida,Queda de ocupante de veículo,Pleno dia,Nublado,Simples,Reta,Sim,Decrescente
745375,2026-01-13,terça-feira,10:05:00,SP,381.0,75,sao paulo,-23.37826,-46.564682,0.0,0.0,0.0,Sem Vítimas,Não,Acumulo de água sobre o pavimento,Saída de leito carroçável,Pleno dia,Chuva,Dupla,Aclive;Curva,Não,Decrescente
745376,2026-01-13,terça-feira,08:40:00,SC,470.0,"252,8",curitibanos,-27.3094,-50.63341,1.0,0.0,0.0,Com Vítimas Feridas,Sim,Ausência de reação do condutor,Colisão traseira,Pleno dia,Céu Claro,Simples,Reta,Não,Decrescente
745377,2026-01-13,terça-feira,07:50:00,RJ,116.0,170,rio de janeiro,-22.810863,-43.334732,0.0,0.0,0.0,Sem Vítimas,Sim,Demais falhas mecânicas ou elétricas,Incêndio,Pleno dia,Céu Claro,Dupla,Reta,Sim,Decrescente
745380,2026-01-13,terça-feira,09:30:00,RJ,40.0,124,duque de caxias,-22.809574,-43.28888,0.0,0.0,0.0,Sem Vítimas,Sim,Mal súbito do condutor,Colisão lateral mesmo sentido,Pleno dia,Céu Claro,Múltipla,Reta,Sim,Crescente
745382,2026-01-13,terça-feira,10:50:00,BA,101.0,"879,6",teixeira de freitas,-17.554693,-39.723698,0.0,0.0,0.0,Sem Vítimas,Sim,Acessar a via sem observar a presença dos outros veículos,Saída de leito carroçável,Pleno dia,Céu Claro,Simples,Reta,Sim,Decrescente
745383,2026-01-13,terça-feira,10:50:00,PR,277.0,"132,5",balsa nova,-25.464153,-49.589878,6.0,0.0,0.0,Com Vítimas Feridas,Não,Restrição de visibilidade em curvas verticais,Saída de leito carroçável,Pleno dia,Céu Claro,Dupla,Aclive;Reta;Interseção de Vias,Sim,Decrescente
745384,2026-01-13,terça-feira,11:15:00,PE,408.0,"48,3",nazare da mata,-7.77935,-35.23885,1.0,1.0,0.0,Com Vítimas Feridas,Sim,Ultrapassagem Indevida,Colisão lateral mesmo sentido,Pleno dia,Céu Claro,Simples,Reta;Declive;Interseção de Vias,Não,Decrescente
745388,2026-01-13,terça-feira,10:20:00,MG,381.0,923,camanducaia,-22.760748,-46.16573,1.0,0.0,0.0,Com Vítimas Feridas,Sim,Velocidade Incompatível,Capotamento,Pleno dia,Chuva,Dupla,Curva,Não,Decrescente
745389,2026-01-13,terça-feira,10:40:00,PE,104.0,"120,6",panelas,-8.703623,-36.026012,0.0,1.0,0.0,Com Vítimas Feridas,Sim,Ultrapassagem Indevida,Colisão frontal,Pleno dia,Céu Claro,Simples,Curva;Aclive,Não,Crescente
745390,2026-01-13,terça-feira,12:01:00,RO,364.0,"235,6",cacoal,-11.44615,-61.43626,6.0,0.0,0.0,Com Vítimas Feridas,Não,Reação tardia ou ineficiente do condutor,Queda de ocupante de veículo,Pleno dia,Chuva,Simples,Reta;Interseção de Vias,Sim,Crescente
745391,2026-01-13,terça-feira,11:50:00,MG,40.0,"293,7",tres marias,-18.28623,-45.1311,4.0,0.0,0.0,Com Vítimas Feridas,Sim,Acesso irregular,Saída de leito carroçável,Pleno dia,Sol,Simples,Aclive;Reta,Não,Crescente
745392,2026-01-13,terça-feira,12:30:00,DF,70.0,"3,1",brasilia,-15.802458,-48.082996,1.0,0.0,0.0,Com Vítimas Feridas,Sim,Pedestre cruzava a pista fora da faixa,Atropelamento de Pedestre,Pleno dia,Céu Claro,Dupla,Curva,Não,Decrescente
745393,2026-01-13,terça-feira,12:50:00,PI,316.0,11,teresina,-5.190663,-42.761364,2.0,0.0,0.0,Com Vítimas Feridas,Não,Desrespeitar a preferência no cruzamento,Colisão transversal,Pleno dia,Céu Claro,Simples,Rotatória,Sim,Crescente
745395,2026-01-13,terça-feira,10:45:00,RS,290.0,"24,4",santo antonio da patrulha,-29.881323,-50.49858,0.0,3.0,0.0,Com Vítimas Feridas,Sim,Manobra de mudança de faixa,Queda de ocupante de veículo,Pleno dia,Céu Claro,Dupla,Reta,Não,Decrescente
745396,2026-01-13,terça-feira,09:50:00,RJ,101.0,333,rio de janeiro,-22.881569,-43.213688,2.0,0.0,0.0,Com Vítimas Feridas,Sim,Manobra de mudança de faixa,Queda de ocupante de veículo,Pleno dia,Céu Claro,Dupla,Ponte,Sim,Crescente
745397,2026-01-13,terça-feira,12:30:00,PR,373.0,401,candoi,-25.578438,-52.055286,0.0,9.0,0.0,Com Vítimas Feridas,Não,Conversão proibida,Queda de ocupante de veículo,Pleno dia,Céu Claro,Simples,Reta,Sim,Crescente
745398,2026-01-13,terça-feira,08:30:00,RJ,101.0,297,itaborai,-22.769938,-42.91532,0.0,3.0,0.0,Com Vítimas Feridas,Não,Condutor deixou de manter distância do veículo da frente,Colisão traseira,Pleno dia,Céu Claro,Dupla,Reta,Sim,Decrescente
745399,2026-01-13,terça-feira,11:00:00,RJ,101.0,129,conceicao de macabu,-22.101692,-41.69043,4.0,1.0,0.0,Com Vítimas Feridas,Sim,Acessar a via sem observar a presença dos outros veículos,Colisão transversal,Pleno dia,Céu Claro,Dupla,Reta,Não,Crescente
745400,2026-01-13,terça-feira,11:50:00,CE,222.0,"120,6",itapaje,-3.706843,-39.569878,2.0,0.0,0.0,Com Vítimas Feridas,Sim,Conversão proibida,Colisão transversal,Pleno dia,Céu Claro,Simples,Reta,Sim,Crescente
745404,2026-01-13,terça-feira,12:50:00,RJ,40.0,122,duque de caxias,-22.787191,-43.285072,0.0,0.0,0.0,Sem Vítimas,Sim,Demais falhas mecânicas ou elétricas,Incêndio,Pleno dia,Céu Claro,Dupla,Reta,Não,Decrescente
745405,2026-01-13,terça-feira,13:50:00,PR,376.0,"519,9",ponta grossa,-25.275488,-49.926258,1.0,0.0,0.0,Com Vítimas Feridas,Sim,Reação tardia ou ineficiente do condutor,Tombamento,Pleno dia,Nublado,Dupla,Aclive;Reta,Não,Crescente
745407,2026-01-13,terça-feira,14:15:00,PR,277.0,69,sao jose dos pinhais,-25.516151,-49.118626,1.0,0.0,0.0,Com Vítimas Feridas,Sim,Acostamento em desnível,Tombamento,Pleno dia,Céu Claro,Dupla,Reta,Sim,Decrescente
745408,2026-01-13,terça-feira,13:20:00,PI,316.0,180,valenca do piaui,-6.3191333,-41.906998,3.0,0.0,0.0,Com Vítimas Feridas,Sim,Ausência de reação do condutor,Capotamento,Pleno dia,Céu Claro,Simples,Curva;Aclive,Não,Decrescente
745409,2026-01-13,terça-feira,14:00:00,PE,101.0,70,recife,-8.07337,-34.94297,1.0,0.0,0.0,Com Vítimas Feridas,Sim,Reação tardia ou ineficiente do condutor,Colisão lateral mesmo sentido,Pleno dia,Céu Claro,Dupla,Reta,Não,Crescente
745410,2026-01-13,terça-feira,12:33:00,RJ,101.0,326,niteroi,-22.871153,-43.155285,1.0,0.0,0.0,Com Vítimas Feridas,Sim,Condutor deixou de manter distância do veículo da frente,Colisão traseira,Pleno dia,Céu Claro,Dupla,Ponte,Não,Crescente
745411,2026-01-13,terça-feira,12:50:00,BA,101.0,85,entre rios,-11.995629,-38.24937,2.0,0.0,0.0,Com Vítimas Feridas,Sim,Reação tardia ou ineficiente do condutor,Saída de leito carroçável,Pleno dia,Céu Claro,Simples,Reta,Não,Crescente
745412,2026-01-13,terça-feira,14:45:00,PB,104.0,118,lagoa seca,-7.193434,-35.871113,1.0,0.0,0.0,Com Vítimas Feridas,Sim,Manobra de mudança de faixa,Colisão transversal,Pleno dia,Sol,Simples,Reta,Não,Decrescente
745413,2026-01-13,terça-feira,14:30:00,RJ,116.0,310,resende,-22.459522,-44.43781,2.0,0.0,0.0,Com Vítimas Feridas,Não,Avarias e/ou desgaste excessivo no pneu,Colisão com objeto,Pleno dia,Chuva,Dupla,Reta,Sim,Decrescente
745414,2026-01-13,terça-feira,11:35:00,MS,163.0,"608,9",sao gabriel do oeste,-19.486374,-54.48528,6.0,0.0,0.0,Com Vítimas Feridas,Não,Desrespeitar a preferência no cruzamento,Queda de ocupante de veículo,Pleno dia,Céu Claro,Simples,Declive;Reta,Não,Crescente
745415,2026-01-13,terça-feira,10:50:00,MS,262.0,"702,4",corumba,-19.547783,-57.396633,2.0,0.0,0.0,Com Vítimas Feridas,Sim,Ultrapassagem Indevida,Colisão com objeto,Pleno dia,Sol,Simples,Ponte;Reta,Não,Decrescente
745417,2026-01-13,terça-feira,15:06:00,CE,20.0,"11,4",parambu,-6.447982,-40.727314,6.0,0.0,0.0,Com Vítimas Feridas,Não,Carga excessiva e/ou mal acondicionada,Colisão lateral sentido oposto,Pleno dia,Céu Claro,Simples,Declive;Curva,Não,Crescente
745418,2026-01-13,terça-feira,15:30:00,DF,20.0,10,brasilia,-15.6296835,-47.73145,0.0,1.0,0.0,Com Vítimas Feridas,Sim,Manobra de mudança de faixa,Colisão traseira,Pleno dia,Sol,Dupla,Reta,Sim,Decrescente
745419,2026-01-13,terça-feira,14:03:00,MS,163.0,266,dourados,-22.217846,-54.72208,0.0,2.0,0.0,Com Vítimas Feridas,Sim,Ausência de reação do condutor,Queda de ocupante de veículo,Pleno dia,Céu Claro,Dupla,Reta,Sim,Crescente
745420,2026-01-11,domingo,18:20:00,MT,364.0,440,varzea grande,-15.603241,-56.20426,0.0,0.0,0.0,Sem Vítimas,Sim,Reação tardia ou ineficiente do condutor,Colisão lateral sentido oposto,Plena Noite,Chuva,Simples,Declive;Reta,Não,Crescente
745421,2026-01-13,terça-feira,15:00:00,RN,304.0,"122,6",itaja,-5.644496,-36.83486,0.0,0.0,0.0,Sem Vítimas,Sim,Transitar na contramão,Tombamento,Pleno dia,Céu Claro,Simples,Reta,Não,Decrescente
745422,2026-01-13,terça-feira,09:40:00,RO,364.0,354,ji-parana,-10.814645,-62.018463,1.0,0.0,0.0,Com Vítimas Feridas,Sim,Condutor deixou de manter distância do veículo da frente,Colisão traseira,Pleno dia,Céu Claro,Simples,Aclive,Não,Decrescente
745423,2026-01-13,terça-feira,14:00:00,PR,476.0,"308,7",sao mateus do sul,-26.01624,-50.64024,6.0,0.0,0.0,Com Vítimas Feridas,Não,Acumulo de água sobre o pavimento,Colisão com objeto,Pleno dia,Chuva,Simples,Reta,Não,Decrescente
745424,2026-01-13,terça-feira,14:40:00,MG,50.0,187,uberaba,-19.66568,-48.00011,6.0,0.0,0.0,Com Vítimas Feridas,Não,Velocidade Incompatível,Queda de ocupante de veículo,Pleno dia,Chuva,Dupla,Reta,Sim,Crescente
745426,2026-01-13,terça-feira,15:20:00,RS,386.0,142,sarandi,-28.019072,-52.887947,2.0,0.0,0.0,Com Vítimas Feridas,Sim,Mal súbito do condutor,Capotamento,Pleno dia,Céu Claro,Simples,Reta,Não,Crescente
745427,2026-01-13,terça-feira,09:00:00,RJ,101.0,322,niteroi,-22.875648,-43.11057,1.0,0.0,0.0,Com Vítimas Feridas,Sim,Demais falhas mecânicas ou elétricas,Queda de ocupante de veículo,Pleno dia,Céu Claro,Dupla,Reta,Não,Crescente
745428,2026-01-13,terça-feira,16:00:00,PR,277.0,"594,5",cascavel,-24.982708,-53.47361,1.0,0.0,0.0,Com Vítimas Feridas,Sim,Transitar na contramão,Colisão lateral sentido oposto,Pleno dia,Céu Claro,Simples,Viaduto;Curva,Sim,Decrescente
745429,2026-01-13,terça-feira,16:00:00,PE,423.0,89,sao joao,-8.84177,-36.45796,0.0,3.0,0.0,Com Vítimas Feridas,Sim,Acessar a via sem observar a presença dos outros veículos,Queda de ocupante de veículo,Pleno dia,Céu Claro,Simples,Reta,Não,Crescente
745431,2026-01-13,terça-feira,15:30:00,PR,163.0,25,santo antonio do sudoeste,-26.119772,-53.67898,0.0,0.0,0.0,Sem Vítimas,Não,Sinalização mal posicionada,Colisão traseira,Pleno dia,Céu Claro,Simples,Declive;Reta;Em Obras,Não,Crescente
745432,2026-01-13,terça-feira,15:59:00,PR,277.0,74,sao jose dos pinhais,-25.489773,-49.177204,8.0,0.0,0.0,Com Vítimas Feridas,Não,Acessar a via sem observar a presença dos outros veículos,Queda de ocupante de veículo,Pleno dia,Nublado,Dupla,Interseção de Vias;Reta,Sim,Decrescente
745433,2026-01-13,terça-feira,16:50:00,PB,230.0,"16,7",joao pessoa,-7.113265,-34.842186,3.0,0.0,0.0,Com Vítimas Feridas,Sim,Manobra de mudança de faixa,Tombamento,Pleno dia,Sol,Dupla,Reta,Sim,Decrescente
745434,2026-01-13,terça-feira,16:20:00,BA,101.0,821,itamaraju,-17.1156,-39.5669,6.0,0.0,0.0,Com Vítimas Feridas,Não,Condutor deixou de manter distância do veículo da frente,Saída de leito carroçável,Pleno dia,Céu Claro,Simples,Reta,Não,Crescente
745435,2026-01-13,terça-feira,15:35:00,BA,116.0,567,brejoes,-13.01356,-39.95812,0.0,4.0,1.0,Com Vítimas Fatais,Sim,Acessar a via sem observar a presença dos outros veículos,Colisão transversal,Pleno dia,Céu Claro,Simples,Rotatória;Reta,Não,Decrescente
745436,2026-01-13,terça-feira,15:58:00,ES,101.0,67,sao mateus,-18.72225,-39.861885,1.0,0.0,0.0,Com Vítimas Feridas,Sim,Acesso irregular,Colisão transversal,Anoitecer,Céu Claro,Dupla,Interseção de Vias,Sim,Decrescente
745438,2026-01-13,terça-feira,15:30:00,PR,277.0,305,prudentopolis,-25.301268,-51.148632,0.0,2.0,0.0,Com Vítimas Feridas,Sim,Reação tardia ou ineficiente do condutor,Queda de ocupante de veículo,Pleno dia,Céu Claro,Simples,Em Obras;Reta,Não,Decrescente
745439,2026-01-13,terça-feira,16:38:00,ES,101.0,"394,7",rio novo do sul,-20.866346,-40.937492,0.0,1.0,0.0,Com Vítimas Feridas,Sim,Acessar a via sem observar a presença dos outros veículos,Colisão transversal,Pleno dia,Céu Claro,Simples,Curva;Retorno Regulamentado,Sim,Crescente
745440,2026-01-13,terça-feira,16:00:00,MG,116.0,"810,9",alem paraiba,-21.806683,-42.703514,2.0,0.0,0.0,Com Vítimas Feridas,Sim,Ausência de reação do condutor,Capotamento,Pleno dia,Céu Claro,Simples,Declive,Não,Decrescente
745441,2026-01-13,terça-feira,17:45:00,RN,406.0,167,sao goncalo do amarante,-5.748329,-35.3269,2.0,0.0,0.0,Com Vítimas Feridas,Não,Reação tardia ou ineficiente do condutor,Colisão lateral mesmo sentido,Pleno dia,Céu Claro,Dupla,Reta,Sim,Decrescente
745442,2026-01-13,terça-feira,17:38:00,RN,101.0,66,extremoz,-5.651578,-35.24985,4.0,4.0,0.0,Com Vítimas Feridas,Não,Acessar a via sem observar a presença dos outros veículos,Queda de ocupante de veículo,Anoitecer,Céu Claro,Simples,Aclive;Interseção de Vias;Retorno Regulamentado,Não,Decrescente
745443,2026-01-13,terça-feira,18:00:00,MG,50.0,69,uberlandia,-18.860807,-48.2547,3.0,0.0,0.0,Com Vítimas Feridas,Sim,Reação tardia ou ineficiente do condutor,Queda de ocupante de veículo,Anoitecer,Chuva,Dupla,Reta,Não,Decrescente
745444,2026-01-13,terça-feira,14:25:00,RO,364.0,"147,9",pimenta bueno,-12.009918,-60.918392,6.0,0.0,0.0,Com Vítimas Feridas,Não,Avarias e/ou desgaste excessivo no pneu,Colisão lateral sentido oposto,Pleno dia,Nublado,Simples,Declive;Curva,Não,Crescente
745445,2026-01-13,terça-feira,15:00:00,BA,110.0,365,catu,-12.355954,-38.391617,1.0,1.0,0.0,Com Vítimas Feridas,Sim,Condutor desrespeitou a iluminação vermelha do semáforo,Colisão transversal,Pleno dia,Céu Claro,Simples,Reta,Sim,Crescente
745446,2026-01-13,terça-feira,15:30:00,RJ,40.0,105,duque de caxias,-22.640947,-43.283386,2.0,0.0,0.0,Com Vítimas Feridas,Não,Reação tardia ou ineficiente do condutor,Queda de ocupante de veículo,Pleno dia,Céu Claro,Dupla,Reta,Sim,Decrescente
745447,2026-01-13,terça-feira,17:00:00,PR,376.0,485,ponta grossa,-25.102829,-50.19947,4.0,0.0,0.0,Com Vítimas Feridas,Não,Manobra de mudança de faixa,Tombamento,Pleno dia,Nublado,Dupla,Curva;Declive;Viaduto,Sim,Crescente
745448,2026-01-11,domingo,12:20:00,RJ,101.0,414,mangaratiba,-22.9102,-43.8929,2.0,0.0,0.0,Com Vítimas Feridas,Sim,Velocidade Incompatível,Colisão traseira,Pleno dia,Céu Claro,Simples,Reta,Não,Crescente
745449,2026-01-13,terça-feira,17:30:00,MG,40.0,"630,9",conselheiro lafaiete,-20.669317,-43.801483,0.0,2.0,0.0,Com Vítimas Feridas,Sim,Acessar a via sem observar a presença dos outros veículos,Queda de ocupante de veículo,Anoitecer,Nublado,Simples,Aclive;Reta,Sim,Decrescente
745450,2026-01-13,terça-feira,17:55:00,SC,101.0,137,balneario camboriu,-27.014431,-48.61284,3.0,0.0,0.0,Com Vítimas Feridas,Sim,Manobra de mudança de faixa,Queda de ocupante de veículo,Pleno dia,Nublado,Múltipla,Reta,Sim,Crescente
745451,2026-01-13,terça-feira,18:30:00,SC,101.0,207,florianopolis,-27.593933,-48.555622,1.0,0.0,0.0,Com Vítimas Feridas,Sim,Ausência de reação do condutor,Queda de ocupante de veículo,Anoitecer,Nublado,Múltipla,Reta,Sim,Crescente
745452,2026-01-13,terça-feira,18:20:00,RJ,101.0,"478,5",angra dos reis,-23.005596,-44.27673,2.0,0.0,0.0,Com Vítimas Feridas,Sim,Ausência de reação do condutor,Queda de ocupante de veículo,Pleno dia,Céu Claro,Simples,Reta,Não,Decrescente
745453,2026-01-13,terça-feira,18:30:00,BA,116.0,"10,7",vitoria da conquista,-14.864218,-40.872833,6.0,0.0,0.0,Com Vítimas Feridas,Sim,Acessar a via sem observar a presença dos outros veículos,Queda de ocupante de veículo,Anoitecer,Ignorado,Simples,Interseção de Vias;Reta,Sim,Decrescente
745455,2026-01-13,terça-feira,16:45:00,MT,163.0,"96,9",rondonopolis,-16.679708,-54.671192,2.0,0.0,0.0,Com Vítimas Feridas,Sim,Ingestão de álcool pelo condutor,Saída de leito carroçável,Pleno dia,Nublado,Dupla,Declive;Reta,Não,Crescente
745456,2026-01-13,terça-feira,18:00:00,RO,319.0,142,porto velho,-8.757888,-63.885952,1.0,0.0,0.0,Com Vítimas Feridas,Sim,Reação tardia ou ineficiente do condutor,Atropelamento de Pedestre,Pleno dia,Céu Claro,Dupla,Reta,Sim,Decrescente
745457,2026-01-13,terça-feira,18:40:00,RS,116.0,110,sao marcos,-28.94097,-51.089706,4.0,2.0,0.0,Com Vítimas Feridas,Sim,Acessar a via sem observar a presença dos outros veículos,Saída de leito carroçável,Pleno dia,Céu Claro,Dupla,Reta,Não,Decrescente
745459,2026-01-13,terça-feira,18:20:00,PR,116.0,115,curitiba,-25.54458,-49.302605,3.0,0.0,0.0,Com Vítimas Feridas,Sim,Trafegar com motocicleta (ou similar) entre as faixas,Queda de ocupante de veículo,Plena Noite,Nublado,Dupla,Reta,Não,Decrescente
745462,2026-01-13,terça-feira,17:10:00,AC,317.0,217,xapuri,-10.725791,-68.43022,0.0,0.0,0.0,Sem Vítimas,Não,Pista Escorregadia,Saída de leito carroçável,Pleno dia,Chuva,Simples,Reta,Não,Decrescente
745463,2026-01-13,terça-feira,17:29:00,MS,163.0,490,campo grande,-20.392618,-54.555893,6.0,0.0,0.0,Com Vítimas Feridas,Sim,Ausência de reação do condutor,Queda de ocupante de veículo,Anoitecer,Nublado,Dupla,Curva,Não,Crescente
745464,2026-01-13,terça-feira,17:00:00,MT,70.0,335,dom aquino,-15.522165,-54.75588,0.0,0.0,0.0,Sem Vítimas,Sim,Ausência de reação do condutor,Saída de leito carroçável,Anoitecer,Nublado,Simples,Reta,Não,Decrescente
745465,2026-01-13,terça-feira,19:50:00,MG,40.0,"528,7",contagem,-19.913002,-44.040485,9.0,0.0,0.0,Com Vítimas Feridas,Sim,Reação tardia ou ineficiente do condutor,Queda de ocupante de veículo,Plena Noite,Chuva,Dupla,Curva,Sim,Decrescente
745466,2026-01-13,terça-feira,18:15:00,RJ,40.0,123,duque de caxias,-22.79432,-43.288013,0.0,2.0,0.0,Com Vítimas Feridas,Não,Condutor Dormindo,Colisão traseira,Plena Noite,Céu Claro,Dupla,Reta,Sim,Crescente
745467,2026-01-13,terça-feira,20:15:00,GO,60.0,"1,2",santo antonio do descoberto,-16.062862,-48.264015,2.0,6.0,0.0,Com Vítimas Feridas,Sim,Ausência de reação do condutor,Tombamento,Plena Noite,Céu Claro,Dupla,Curva;Declive,Não,Decrescente
745468,2026-01-13,terça-feira,19:30:00,PE,232.0,390,serra talhada,-8.0311985,-38.138897,4.0,0.0,0.0,Com Vítimas Feridas,Sim,Animais na Pista,Saída de leito carroçável,Plena Noite,Céu Claro,Simples,Reta,Não,Crescente
745469,2026-01-13,terça-feira,17:00:00,PE,424.0,35,venturosa,-8.625498,-36.845036,0.0,0.0,0.0,Sem Vítimas,Não,Falta de elemento de contenção que evite a saída do leito carroçável,Colisão com objeto,Anoitecer,Céu Claro,Simples,Reta,Não,Decrescente
745470,2026-01-13,terça-feira,20:30:00,MG,40.0,"464,3",sete lagoas,-19.420326,-44.34095,2.0,0.0,0.0,Com Vítimas Feridas,Sim,Chuva,Colisão lateral mesmo sentido,Plena Noite,Garoa/Chuvisco,Dupla,Curva,Não,Crescente
745471,2026-01-13,terça-feira,20:15:00,SP,116.0,"371,9",miracatu,-24.164804,-47.332405,0.0,2.0,0.0,Com Vítimas Feridas,Sim,Condutor deixou de manter distância do veículo da frente,Saída de leito carroçável,Plena Noite,Nublado,Dupla,Reta,Não,Decrescente
745472,2026-01-13,terça-feira,19:30:00,RS,116.0,223,dois irmaos,-29.598139,-51.111057,1.0,0.0,0.0,Com Vítimas Feridas,Sim,Animais na Pista,Atropelamento de Animal,Plena Noite,Nublado,Simples,Aclive,Não,Crescente
745473,2026-01-13,terça-feira,20:45:00,PE,101.0,"69,1",recife,-8.06067,-34.94563,2.0,0.0,0.0,Com Vítimas Feridas,Sim,Reação tardia ou ineficiente do condutor,Colisão com objeto,Plena Noite,Céu Claro,Dupla,Curva,Sim,Decrescente
745474,2026-01-13,terça-feira,20:50:00,MG,381.0,"850,7",pouso alegre,-22.241926,-45.882523,3.0,0.0,0.0,Com Vítimas Feridas,Sim,Velocidade Incompatível,Colisão com objeto,Plena Noite,Garoa/Chuvisco,Dupla,Viaduto;Reta,Sim,Crescente
745475,2026-01-13,terça-feira,19:00:00,PI,20.0,342,francisco santos,-6.947046,-41.162254,1.0,0.0,0.0,Com Vítimas Feridas,Sim,Transitar na contramão,Colisão frontal,Plena Noite,Céu Claro,Simples,Reta,Não,Decrescente
745476,2026-01-13,terça-feira,21:14:00,TO,153.0,581,santa rita do tocantins,-10.927617,-48.908485,6.0,0.0,0.0,Com Vítimas Feridas,Não,Transitar no Acostamento,Queda de ocupante de veículo,Plena Noite,Nublado,Simples,Aclive;Reta,Não,Crescente