id,data_inversa,dia_semana,horario,uf,br,km,municipio,latitude,longitude,feridos_leves,feridos_graves,mortos,classificacao_acidente,causa_principal,causa_acidente,tipo_acidente,fase_dia,condicao_metereologica,tipo_pista,tracado_via,uso_solo,sentido_via
745477,2026-01-13,terça-feira,17:40:00,RR,401.0,71,bonfim,3.1727,-60.221535,3.0,3.0,3.0,Com Vítimas Fatais,Sim,Demais falhas mecânicas ou elétricas,Queda de ocupante de veículo,Anoitecer,Nublado,Simples,Reta,Não,Decrescente
745478,2026-01-13,terça-feira,21:30:00,MG,40.0,"629,4",conselheiro lafaiete,-20.656462,-43.80338,2.0,0.0,0.0,Com Vítimas Feridas,Sim,Velocidade Incompatível,Queda de ocupante de veículo,Plena Noite,Chuva,Simples,Ponte,Não,Crescente
745480,2026-01-13,terça-feira,21:40:00,SP,153.0,69,sao jose do rio preto,-20.851238,-49.39821,0.0,0.0,0.0,Sem Vítimas,Sim,Animais na Pista,Colisão com objeto,Plena Noite,Nublado,Dupla,Curva,Sim,Decrescente
745481,2026-01-13,terça-feira,18:15:00,PR,153.0,"7,3",jacarezinho,-23.057304,-49.93051,2.0,0.0,0.0,Com Vítimas Feridas,Sim,Afundamento ou ondulação no pavimento,Queda de ocupante de veículo,Anoitecer,Céu Claro,Simples,Em Obras;Reta,Não,Decrescente
745482,2026-01-13,terça-feira,20:00:00,PR,116.0,12,colombo,-25.373196,-49.14405,2.0,0.0,0.0,Com Vítimas Feridas,Sim,Ausência de reação do condutor,Capotamento,Plena Noite,Céu Claro,Dupla,Curva,Sim,Crescente
745483,2026-01-13,terça-feira,15:30:00,GO,153.0,280,nova gloria,-15.153714,-49.536884,18.0,0.0,0.0,Com Vítimas Feridas,Não,Reação tardia ou ineficiente do condutor,Colisão frontal,Pleno dia,Céu Claro,Simples,Aclive;Reta,Não,Decrescente
745485,2026-01-13,terça-feira,21:30:00,PR,277.0,5,foz do iguacu,-25.53396,-54.528408,4.0,0.0,0.0,Com Vítimas Feridas,Sim,Conversão proibida,Queda de ocupante de veículo,Plena Noite,Céu Claro,Simples,Declive,Sim,Crescente
745487,2026-01-13,terça-feira,22:13:00,SC,101.0,156,itapema,-27.066008,-48.59579,1.0,0.0,0.0,Com Vítimas Feridas,Sim,Avarias e/ou desgaste excessivo no pneu,Queda de ocupante de veículo,Plena Noite,Céu Claro,Dupla,Reta,Não,Decrescente
745488,2026-01-13,terça-feira,23:15:00,SC,101.0,132,balneario camboriu,-26.99889,-48.648457,9.0,0.0,0.0,Com Vítimas Feridas,Sim,Manobra de mudança de faixa,Queda de ocupante de veículo,Plena Noite,Nublado,Múltipla,Reta,Sim,Crescente
745489,2026-01-13,terça-feira,23:00:00,PR,277.0,"132,8",balsa nova,-25.466276,-49.59288,12.0,0.0,0.0,Com Vítimas Feridas,Sim,Acessar a via sem observar a presença dos outros veículos,Saída de leito carroçável,Plena Noite,Nublado,Dupla,Interseção de Vias;Reta;Aclive,Não,Decrescente
745490,2026-01-13,terça-feira,23:15:00,MG,262.0,370,juatuba,-19.936983,-44.39047,0.0,3.0,0.0,Com Vítimas Feridas,Sim,Reação tardia ou ineficiente do condutor,Queda de ocupante de veículo,Plena Noite,Chuva,Dupla,Aclive;Reta,Não,Crescente
745491,2026-01-13,terça-feira,18:50:00,RJ,393.0,142,sapucaia,-22.039469,-42.99032,0.0,1.0,0.0,Com Vítimas Feridas,Sim,Acessar a via sem observar a presença dos outros veículos,Colisão transversal,Plena Noite,Nublado,Simples,Reta,Sim,Crescente
745492,2026-01-13,terça-feira,23:40:00,MG,381.0,398,bom jesus do amparo,-19.741823,-43.518906,0.0,6.0,0.0,Com Vítimas Feridas,Não,Mal súbito do condutor,Queda de ocupante de veículo,Plena Noite,Nublado,Dupla,Reta,Sim,Crescente
745493,2026-01-13,terça-feira,23:15:00,RJ,116.0,304,resende,-22.453777,-44.373665,0.0,2.0,0.0,Com Vítimas Feridas,Não,Deficiência do Sistema de Iluminação/Sinalização,Atropelamento de Pedestre,Plena Noite,Céu Claro,Dupla,Reta,Sim,Decrescente
745494,2026-01-14,quarta-feira,00:30:00,PR,376.0,"543,3",palmeira,-25.422369,-49.76511,2.0,0.0,0.0,Com Vítimas Feridas,Sim,Ausência de reação do condutor,Capotamento,Plena Noite,Nublado,Dupla,Reta,Não,Crescente
745495,2026-01-14,quarta-feira,01:00:00,BA,116.0,290,tucano,-11.091476,-38.83326,0.0,8.0,4.0,Com Vítimas Fatais,Não,Transitar na contramão,Saída de leito carroçável,Plena Noite,Céu Claro,Simples,Reta,Não,Crescente
745496,2026-01-14,quarta-feira,02:20:00,CE,116.0,534,jati,-7.687622,-39.00713,24.0,12.0,0.0,Com Vítimas Feridas,Não,Velocidade Incompatível,Colisão com objeto,Plena Noite,Céu Claro,Simples,Curva;Declive,Sim,Crescente
745497,2026-01-14,quarta-feira,02:25:00,SC,101.0,"150,9",itapema,-27.125566,-48.609898,0.0,0.0,0.0,Sem Vítimas,Sim,Reação tardia ou ineficiente do condutor,Colisão transversal,Plena Noite,Céu Claro,Simples,Reta,Sim,Crescente
745498,2026-01-14,quarta-feira,00:29:00,MT,163.0,678,lucas do rio verde,-13.149509,-55.970905,36.0,0.0,0.0,Com Vítimas Feridas,Não,Desvio temporário,Tombamento,Plena Noite,Céu Claro,Simples,Em Obras;Desvio Temporário;Curva,Não,Decrescente
745499,2026-01-14,quarta-feira,02:53:00,SP,116.0,321,juquitiba,-23.923601,-46.99262,3.0,0.0,0.0,Com Vítimas Feridas,Sim,Ingestão de álcool pelo condutor,Tombamento,Plena Noite,Nublado,Dupla,Reta,Não,Decrescente
745500,2026-01-14,quarta-feira,03:00:00,MG,381.0,"750,2",tres coracoes,-21.643898,-45.291378,1.0,0.0,0.0,Com Vítimas Feridas,Sim,Ausência de reação do condutor,Saída de leito carroçável,Plena Noite,Céu Claro,Dupla,Declive;Curva,Não,Crescente
745501,2026-01-14,quarta-feira,04:00:00,MG,40.0,580,itabirito,-20.295055,-43.937866,6.0,0.0,0.0,Com Vítimas Feridas,Sim,Condutor Dormindo,Colisão com objeto,Plena Noite,Nublado,Dupla,Curva;Declive,Não,Decrescente
745502,2026-01-14,quarta-feira,05:50:00,RS,116.0,299,guaiba,-30.112469,-51.34462,1.0,0.0,0.0,Com Vítimas Feridas,Sim,Condutor usando celular,Colisão traseira,Pleno dia,Sol,Dupla,Reta,Não,Crescente
745503,2026-01-14,quarta-feira,05:20:00,PR,277.0,363,guarapuava,-25.430044,-51.60104,2.0,0.0,0.0,Com Vítimas Feridas,Não,Ultrapassagem Indevida,Colisão traseira,Amanhecer,Céu Claro,Simples,Reta,Não,Decrescente
745505,2026-01-14,quarta-feira,02:30:00,BA,116.0,733,boa nova,-14.33979,-40.32848,0.0,0.0,0.0,Sem Vítimas,Sim,Demais falhas mecânicas ou elétricas,Incêndio,Plena Noite,Céu Claro,Simples,Reta,Não,Crescente
745507,2026-01-14,quarta-feira,06:14:00,MS,60.0,"417,5",sidrolandia,-20.899021,-54.89993,4.0,0.0,0.0,Com Vítimas Feridas,Sim,Demais falhas mecânicas ou elétricas,Queda de ocupante de veículo,Pleno dia,Céu Claro,Dupla,Retorno Regulamentado;Reta;Aclive,Não,Decrescente
745508,2026-01-14,quarta-feira,04:15:00,AL,101.0,"33,9",joaquim gomes,-9.114605,-35.764336,3.0,0.0,0.0,Com Vítimas Feridas,Sim,Ausência de reação do condutor,Capotamento,Amanhecer,Ignorado,Dupla,Curva,Não,Crescente
745509,2026-01-14,quarta-feira,07:00:00,PR,116.0,126,fazenda rio grande,-25.637117,-49.31304,3.0,0.0,0.0,Com Vítimas Feridas,Sim,Condutor desrespeitou a iluminação vermelha do semáforo,Queda de ocupante de veículo,Pleno dia,Céu Claro,Dupla,Reta;Interseção de Vias,Sim,Decrescente
745510,2026-01-14,quarta-feira,06:45:00,SC,470.0,6,navegantes,-26.85379,-48.706562,3.0,6.0,0.0,Com Vítimas Feridas,Sim,Velocidade Incompatível,Colisão traseira,Pleno dia,Céu Claro,Dupla,Reta,Sim,Crescente
745511,2026-01-14,quarta-feira,06:50:00,DF,70.0,19,brasilia,-15.789141,-48.220192,2.0,0.0,0.0,Com Vítimas Feridas,Não,Manobra de mudança de faixa,Queda de ocupante de veículo,Amanhecer,Céu Claro,Dupla,Reta;Aclive,Não,Decrescente
745512,2026-01-13,terça-feira,21:00:00,BA,116.0,303,tucano,-11.202255,-38.87421,2.0,0.0,2.0,Com Vítimas Fatais,Sim,Condutor Dormindo,Capotamento,Plena Noite,Céu Claro,Simples,Reta,Não,Crescente
745513,2026-01-14,quarta-feira,07:20:00,SC,101.0,"84,3",barra velha,-26.626005,-48.711124,3.0,0.0,0.0,Com Vítimas Feridas,Sim,Condutor deixou de manter distância do veículo da frente,Queda de ocupante de veículo,Pleno dia,Céu Claro,Dupla,Reta,Não,Decrescente
745514,2026-01-14,quarta-feira,07:00:00,PR,376.0,"536,3",palmeira,-25.375172,-49.814373,0.0,4.0,0.0,Com Vítimas Feridas,Não,Velocidade Incompatível,Saída de leito carroçável,Pleno dia,Céu Claro,Dupla,Aclive;Reta,Não,Decrescente
745515,2026-01-14,quarta-feira,06:45:00,ES,101.0,285,cariacica,-20.26206,-40.37955,2.0,0.0,0.0,Com Vítimas Feridas,Sim,Condutor deixou de manter distância do veículo da frente,Colisão traseira,Pleno dia,Céu Claro,Múltipla,Reta,Sim,Crescente
745517,2026-01-14,quarta-feira,07:17:00,PB,101.0,88,joao pessoa,-7.173245,-34.898148,3.0,0.0,0.0,Com Vítimas Feridas,Sim,Condutor deixou de manter distância do veículo da frente,Queda de ocupante de veículo,Pleno dia,Nublado,Dupla,Reta,Sim,Decrescente
745518,2026-01-14,quarta-feira,06:45:00,MA,135.0,8,sao luis,-2.615201,-44.32069,0.0,0.0,0.0,Sem Vítimas,Sim,Velocidade Incompatível,Capotamento,Amanhecer,Nublado,Dupla,Reta,Não,Crescente
745519,2026-01-14,quarta-feira,05:50:00,MG,40.0,"519,2",contagem,-19.845861,-44.073612,8.0,0.0,0.0,Com Vítimas Feridas,Sim,Ausência de reação do condutor,Eventos atípicos,Pleno dia,Nublado,Dupla,Reta,Sim,Crescente
745520,2026-01-14,quarta-feira,07:17:00,RN,427.0,111,sao fernando,-6.447832,-37.143806,0.0,2.0,0.0,Com Vítimas Feridas,Sim,Animais na Pista,Queda de ocupante de veículo,Pleno dia,Céu Claro,Simples,Reta,Não,Crescente
745521,2026-01-13,terça-feira,23:00:00,RJ,116.0,187,nova iguacu,-22.739521,-43.46436,0.0,3.0,0.0,Com Vítimas Feridas,Não,Trafegar com motocicleta (ou similar) entre as faixas,Colisão traseira,Plena Noite,Sol,Dupla,Reta,Sim,Crescente
745524,2026-01-10,sábado,20:30:00,BA,116.0,312,araci,-11.252306,-38.909405,0.0,1.0,0.0,Com Vítimas Feridas,Sim,Entrada inopinada do pedestre,Atropelamento de Pedestre,Plena Noite,Céu Claro,Dupla,Reta,Não,Crescente
745526,2026-01-14,quarta-feira,07:50:00,GO,70.0,"2,2",aguas lindas de goias,-15.761915,-48.237095,4.0,0.0,0.0,Com Vítimas Feridas,Não,Reação tardia ou ineficiente do condutor,Queda de ocupante de veículo,Pleno dia,Céu Claro,Dupla,Declive,Sim,Decrescente
745528,2026-01-14,quarta-feira,08:10:00,PR,116.0,112,curitiba,-25.55056,-49.282673,3.0,0.0,0.0,Com Vítimas Feridas,Sim,Trafegar com motocicleta (ou similar) entre as faixas,Queda de ocupante de veículo,Pleno dia,Céu Claro,Dupla,Reta,Não,Decrescente
745529,2026-01-14,quarta-feira,06:42:00,PI,343.0,"189,6",piripiri,-4.316157,-41.778538,2.0,6.0,0.0,Com Vítimas Feridas,Não,Ausência de reação do condutor,Colisão frontal,Amanhecer,Céu Claro,Simples,Reta,Sim,Crescente
745530,2026-01-14,quarta-feira,08:00:00,RJ,116.0,299,resende,-22.454514,-44.379063,1.0,0.0,0.0,Com Vítimas Feridas,Sim,Ausência de reação do condutor,Colisão traseira,Pleno dia,Céu Claro,Dupla,Reta,Não,Crescente
745532,2026-01-14,quarta-feira,06:59:00,MG,116.0,"701,7",muriae,-21.120596,-42.379932,9.0,0.0,0.0,Com Vítimas Feridas,Não,Velocidade Incompatível,Colisão traseira,Pleno dia,Céu Claro,Simples,Reta,Sim,Decrescente
745533,2026-01-14,quarta-feira,07:50:00,MS,163.0,484,campo grande,-20.446571,-54.541183,3.0,0.0,0.0,Com Vítimas Feridas,Sim,Ausência de reação do condutor,Queda de ocupante de veículo,Pleno dia,Céu Claro,Simples,Reta,Sim,Crescente
745535,2026-01-14,quarta-feira,08:10:00,SP,116.0,"19,4",lavrinhas,-22.564383,-44.86527,0.0,2.0,0.0,Com Vítimas Feridas,Sim,Demais falhas mecânicas ou elétricas,Capotamento,Pleno dia,Céu Claro,Dupla,Reta,Não,Decrescente
745536,2026-01-14,quarta-feira,08:00:00,RJ,40.0,115,duque de caxias,-22.731302,-43.28905,3.0,0.0,0.0,Com Vítimas Feridas,Sim,Trafegar com motocicleta (ou similar) entre as faixas,Queda de ocupante de veículo,Pleno dia,Céu Claro,Múltipla,Reta,Sim,Crescente
745539,2026-01-14,quarta-feira,07:52:00,PE,232.0,"408,3",serra talhada,-7.983633,-38.280815,0.0,3.0,0.0,Com Vítimas Feridas,Sim,Conversão proibida,Queda de ocupante de veículo,Pleno dia,Céu Claro,Simples,Reta,Sim,Crescente
745541,2026-01-14,quarta-feira,08:30:00,ES,101.0,"139,7",linhares,-19.315607,-40.07696,1.0,0.0,0.0,Com Vítimas Feridas,Sim,Condutor usando celular,Colisão lateral mesmo sentido,Pleno dia,Nublado,Múltipla,Reta,Não,Decrescente
745542,2026-01-14,quarta-feira,09:35:00,RS,116.0,150,caxias do sul,-29.17022,-51.15913,4.0,0.0,0.0,Com Vítimas Feridas,Sim,Condutor desrespeitou a iluminação vermelha do semáforo,Queda de ocupante de veículo,Pleno dia,Sol,Dupla,Interseção de Vias,Sim,Decrescente
745543,2026-01-12,segunda-feira,12:15:00,BA,110.0,308,alagoinhas,-12.0298395,-38.373222,1.0,0.0,0.0,Com Vítimas Feridas,Sim,Velocidade Incompatível,Saída de leito carroçável,Pleno dia,Céu Claro,Simples,Curva,Não,Crescente
745546,2026-01-14,quarta-feira,05:15:00,MT,163.0,652,lucas do rio verde,-13.3311,-56.051,0.0,0.0,0.0,Sem Vítimas,Sim,Chuva,Saída de leito carroçável,Amanhecer,Chuva,Simples,Em Obras;Reta,Não,Crescente
745547,2026-01-14,quarta-feira,10:00:00,PR,369.0,"142,8",ibipora,-23.292845,-51.092575,6.0,0.0,0.0,Com Vítimas Feridas,Não,Ultrapassagem Indevida,Queda de ocupante de veículo,Pleno dia,Céu Claro,Simples,Reta,Não,Crescente
745548,2026-01-14,quarta-feira,10:00:00,SC,101.0,144,itapema,-27.073978,-48.596916,0.0,0.0,0.0,Sem Vítimas,Sim,Reação tardia ou ineficiente do condutor,Engavetamento,Pleno dia,Céu Claro,Múltipla,Reta,Sim,Decrescente
745550,2026-01-02,sexta-feira,14:15:00,AL,316.0,243,atalaia,-9.508306,-36.016777,4.0,0.0,2.0,Com Vítimas Fatais,Sim,Transitar na contramão,Colisão frontal,Pleno dia,Céu Claro,Simples,Curva;Declive,Não,Decrescente
745556,2026-01-10,sábado,18:40:00,SC,280.0,"163,4",mafra,-26.19407,-49.79824,1.0,0.0,0.0,Com Vítimas Feridas,Sim,Acessar a via sem observar a presença dos outros veículos,Atropelamento de Pedestre,Anoitecer,Chuva,Simples,Reta,Não,Crescente
745559,2026-01-01,quinta-feira,09:30:00,MG,381.0,688,lavras,-21.18708,-45.116795,0.0,3.0,0.0,Com Vítimas Feridas,Sim,Velocidade Incompatível,Tombamento,Pleno dia,Céu Claro,Dupla,Curva,Não,Decrescente
745563,2026-01-14,quarta-feira,10:25:00,PR,277.0,"121,4",campo largo,-25.445042,-49.49914,1.0,0.0,0.0,Com Vítimas Feridas,Sim,Pedestre - Ingestão de álcool/ substâncias psicoativas,Atropelamento de Pedestre,Pleno dia,Nublado,Dupla,Interseção de Vias;Reta,Sim,Decrescente
745564,2026-01-14,quarta-feira,10:35:00,RN,101.0,"104,1",parnamirim,-5.891116,-35.258278,0.0,0.0,0.0,Sem Vítimas,Não,Reação tardia ou ineficiente do condutor,Colisão traseira,Pleno dia,Céu Claro,Dupla,Rotatória;Curva,Não,Crescente
745567,2026-01-14,quarta-feira,12:00:00,MT,163.0,626,nova mutum,-13.4928,-56.05293,0.0,0.0,0.0,Sem Vítimas,Sim,Demais falhas mecânicas ou elétricas,Incêndio,Pleno dia,Nublado,Dupla,Em Obras;Reta,Não,Decrescente
745568,2026-01-14,quarta-feira,17:45:00,RS,285.0,"569,6",sao luiz gonzaga,-28.414913,-54.974438,2.0,0.0,0.0,Com Vítimas Feridas,Sim,Acessar a via sem observar a presença dos outros veículos,Queda de ocupante de veículo,Pleno dia,Céu Claro,Simples,Interseção de Vias;Reta,Sim,Crescente
745569,2026-01-14,quarta-feira,18:10:00,RS,290.0,91,porto alegre,-29.969007,-51.16745,2.0,0.0,0.0,Com Vítimas Feridas,Sim,Manobra de mudança de faixa,Colisão com objeto,Pleno dia,Céu Claro,Dupla,Curva,Sim,Decrescente
745570,2026-01-14,quarta-feira,20:00:00,PR,116.0,1,campina grande do sul,-25.346445,-49.046547,0.0,0.0,0.0,Sem Vítimas,Sim,Reação tardia ou ineficiente do condutor,Saída de leito carroçável,Plena Noite,Nublado,Dupla,Reta,Não,Crescente
745571,2026-01-14,quarta-feira,14:00:00,SC,282.0,"16,6",palhoca,-27.662848,-48.685772,2.0,0.0,0.0,Com Vítimas Feridas,Não,Reação tardia ou ineficiente do condutor,Colisão transversal,Pleno dia,Céu Claro,Simples,Reta,Sim,Crescente
745572,2026-01-14,quarta-feira,20:15:00,MG,153.0,"24,8",centralina,-18.628391,-49.184994,0.0,1.0,0.0,Com Vítimas Feridas,Sim,Chuva,Saída de leito carroçável,Plena Noite,Chuva,Dupla,Declive,Não,Crescente
745573,2026-01-14,quarta-feira,10:25:00,MG,116.0,"767,7",leopoldina,-21.54253,-42.655624,2.0,0.0,0.0,Com Vítimas Feridas,Sim,Acessar a via sem observar a presença dos outros veículos,Queda de ocupante de veículo,Pleno dia,Sol,Simples,Reta,Sim,Decrescente
745574,2026-01-14,quarta-feira,11:50:00,SC,101.0,"0,2",florianopolis,-27.598402,-48.573624,1.0,0.0,0.0,Com Vítimas Feridas,Sim,Condutor deixou de manter distância do veículo da frente,Colisão traseira,Pleno dia,Sol,Múltipla,Declive,Não,Crescente
745575,2026-01-14,quarta-feira,20:30:00,MG,153.0,3,arapora,-18.4417,-49.188343,0.0,0.0,0.0,Sem Vítimas,Sim,Ausência de reação do condutor,Colisão com objeto,Plena Noite,Chuva,Dupla,Reta;Aclive,Sim,Crescente
745576,2026-01-14,quarta-feira,17:00:00,PB,230.0,"462,9",sousa,-6.778695,-38.23659,0.0,30.0,0.0,Com Vítimas Feridas,Não,Velocidade Incompatível,Queda de ocupante de veículo,Anoitecer,Céu Claro,Simples,Reta;Interseção de Vias,Sim,Decrescente
745578,2026-01-14,quarta-feira,10:50:00,PE,408.0,"27,1",alianca,-7.5990453,-35.242554,2.0,0.0,0.0,Com Vítimas Feridas,Sim,Acessar a via sem observar a presença dos outros veículos,Colisão frontal,Pleno dia,Céu Claro,Simples,Reta,Sim,Decrescente
745579,2026-01-14,quarta-feira,20:30:00,MS,163.0,"41,3",eldorado,-23.777615,-54.27667,0.0,0.0,0.0,Sem Vítimas,Sim,Ingestão de álcool pelo condutor,Saída de leito carroçável,Plena Noite,Céu Claro,Simples,Reta,Não,Crescente
745580,2026-01-14,quarta-feira,15:25:00,SP,116.0,216,guarulhos,-23.455368,-46.47395,0.0,16.0,16.0,Com Vítimas Fatais,Não,Estacionar ou parar em local proibido,Queda de ocupante de veículo,Pleno dia,Céu Claro,Múltipla,Viaduto;Reta,Sim,Decrescente
745582,2026-01-14,quarta-feira,19:40:00,MT,163.0,1059,guaranta do norte,-10.003381,-54.907623,2.0,0.0,0.0,Com Vítimas Feridas,Não,Deixar de acionar o farol da motocicleta (ou similar),Capotamento,Plena Noite,Céu Claro,Simples,Reta,Não,Crescente
745583,2026-01-14,quarta-feira,13:30:00,SP,116.0,215,guarulhos,-23.449558,-46.46034,2.0,0.0,0.0,Com Vítimas Feridas,Sim,Avarias e/ou desgaste excessivo no pneu,Queda de ocupante de veículo,Pleno dia,Nublado,Múltipla,Reta,Sim,Crescente
745584,2026-01-14,quarta-feira,17:00:00,RJ,101.0,513,angra dos reis,-22.977655,-44.44564,1.0,1.0,0.0,Com Vítimas Feridas,Sim,Acessar a via sem observar a presença dos outros veículos,Colisão transversal,Anoitecer,Nublado,Simples,Rotatória,Sim,Decrescente
745585,2026-01-14,quarta-feira,10:20:00,MT,163.0,810,sinop,-12.0926285,-55.51774,5.0,0.0,0.0,Com Vítimas Feridas,Sim,Condutor Dormindo,Saída de leito carroçável,Pleno dia,Céu Claro,Simples,Reta,Não,Decrescente
745586,2026-01-14,quarta-feira,14:30:00,RJ,101.0,230,silva jardim,-22.5381,-42.34505,2.0,0.0,0.0,Com Vítimas Feridas,Sim,Condutor Dormindo,Saída de leito carroçável,Pleno dia,Sol,Dupla,Reta,Não,Decrescente
745587,2026-01-14,quarta-feira,20:00:00,MG,262.0,"35,2",manhuacu,-20.260292,-42.032707,2.0,0.0,0.0,Com Vítimas Feridas,Sim,Ultrapassagem Indevida,Colisão transversal,Plena Noite,Céu Claro,Simples,Curva;Declive,Sim,Decrescente
745588,2026-01-14,quarta-feira,19:30:00,RJ,101.0,516,angra dos reis,-22.969458,-44.439697,0.0,0.0,1.0,Com Vítimas Fatais,Sim,Pedestre cruzava a pista fora da faixa,Atropelamento de Pedestre,Plena Noite,Nublado,Simples,Reta,Não,Crescente
745589,2026-01-14,quarta-feira,13:00:00,RJ,356.0,148,campos dos goytacazes,-21.777952,-41.28881,9.0,0.0,0.0,Com Vítimas Feridas,Sim,Manobra de mudança de faixa,Queda de ocupante de veículo,Pleno dia,Céu Claro,Simples,Reta,Sim,Crescente
745590,2026-01-14,quarta-feira,16:30:00,PR,369.0,187,arapongas,-23.412811,-51.427174,2.0,0.0,0.0,Com Vítimas Feridas,Sim,Conversão proibida,Colisão transversal,Pleno dia,Céu Claro,Simples,Reta,Sim,Crescente
745591,2026-01-14,quarta-feira,12:17:00,PB,230.0,9,cabedelo,-7.039712,-34.844494,1.0,0.0,0.0,Com Vítimas Feridas,Sim,Reação tardia ou ineficiente do condutor,Colisão traseira,Pleno dia,Céu Claro,Simples,Reta,Sim,Decrescente
745592,2026-01-14,quarta-feira,20:10:00,SC,101.0,"415,2",ararangua,-28.970316,-49.526382,0.0,1.0,0.0,Com Vítimas Feridas,Sim,Conversão proibida,Colisão frontal,Plena Noite,Céu Claro,Simples,Reta,Sim,Decrescente
745593,2026-01-14,quarta-feira,18:40:00,PR,277.0,701,sao miguel do iguacu,-25.413033,-54.340042,0.0,2.0,0.0,Com Vítimas Feridas,Sim,Ausência de reação do condutor,Tombamento,Amanhecer,Céu Claro,Dupla,Reta,Não,Decrescente
745594,2026-01-14,quarta-feira,14:10:00,MG,381.0,563,itaguara,-20.386936,-44.48314,1.0,0.0,0.0,Com Vítimas Feridas,Sim,Carga excessiva e/ou mal acondicionada,Tombamento,Pleno dia,Chuva,Dupla,Curva,Não,Decrescente
745595,2026-01-14,quarta-feira,15:25:00,MG,381.0,"564,5",itaguara,-20.392408,-44.495842,0.0,1.0,0.0,Com Vítimas Feridas,Sim,Condutor Dormindo,Saída de leito carroçável,Pleno dia,Chuva,Dupla,Reta,Não,Decrescente
745596,2026-01-14,quarta-feira,20:30:00,RJ,40.0,52,petropolis,-22.335905,-43.13333,1.0,0.0,0.0,Com Vítimas Feridas,Sim,Ingestão de álcool pelo condutor,Colisão com objeto,Plena Noite,Céu Claro,Dupla,Curva;Aclive,Não,Crescente
745597,2026-01-14,quarta-feira,15:34:00,MG,381.0,564,itaguara,-20.391888,-44.493637,6.0,0.0,0.0,Com Vítimas Feridas,Não,Condutor deixou de manter distância do veículo da frente,Colisão com objeto,Pleno dia,Chuva,Dupla,Reta,Sim,Crescente
745598,2026-01-14,quarta-feira,15:15:00,PA,163.0,975,santarem,-2.644758,-54.791904,2.0,0.0,0.0,Com Vítimas Feridas,Sim,Demais falhas mecânicas ou elétricas,Capotamento,Pleno dia,Nublado,Simples,Reta,Não,Decrescente
745599,2026-01-14,quarta-feira,18:50:00,SP,116.0,561,barra do turvo,-25.024557,-48.51838,0.0,0.0,4.0,Com Vítimas Fatais,Não,Reação tardia ou ineficiente do condutor,Colisão com objeto,Plena Noite,Garoa/Chuvisco,Simples,Curva;Declive,Não,Crescente
745600,2026-01-14,quarta-feira,22:25:00,SC,280.0,"28,9",araquari,-26.413754,-48.76041,2.0,0.0,0.0,Com Vítimas Feridas,Sim,Demais falhas mecânicas ou elétricas,Queda de ocupante de veículo,Plena Noite,Nublado,Simples,Reta,Sim,Crescente
745601,2026-01-14,quarta-feira,16:05:00,MG,381.0,"749,3",tres coracoes,-21.626108,-45.26898,3.0,0.0,0.0,Com Vítimas Feridas,Sim,Ausência de reação do condutor,Saída de leito carroçável,Pleno dia,Nublado,Dupla,Declive;Reta,Não,Crescente
745602,2026-01-14,quarta-feira,16:20:00,SC,101.0,"3,5",ararangua,-28.946934,-49.50496,0.0,6.0,0.0,Com Vítimas Feridas,Não,Condutor deixou de manter distância do veículo da frente,Queda de ocupante de veículo,Pleno dia,Nublado,Simples,Reta,Sim,Decrescente
745603,2026-01-14,quarta-feira,17:00:00,CE,116.0,"23,5",eusebio,-3.936117,-38.508656,6.0,0.0,0.0,Com Vítimas Feridas,Sim,Ausência de reação do condutor,Queda de ocupante de veículo,Pleno dia,Céu Claro,Dupla,Reta,Sim,Decrescente
745604,2026-01-14,quarta-feira,17:55:00,RO,364.0,13,vilhena,-12.740838,-60.132114,1.0,0.0,0.0,Com Vítimas Feridas,Sim,Ausência de reação do condutor,Tombamento,Pleno dia,Céu Claro,Dupla,Rotatória,Sim,Crescente
745605,2026-01-14,quarta-feira,16:50:00,PB,101.0,107,alhandra,-7.3342595,-34.947582,0.0,0.0,0.0,Sem Vítimas,Não,Chuva,Colisão traseira,Pleno dia,Chuva,Dupla,Reta,Não,Crescente
745606,2026-01-14,quarta-feira,19:40:00,RO,364.0,447,jaru,-10.346745,-62.59235,0.0,5.0,0.0,Com Vítimas Feridas,Não,Chuva,Queda de ocupante de veículo,Plena Noite,Chuva,Simples,Reta,Não,Decrescente
745607,2026-01-14,quarta-feira,21:45:00,PE,101.0,"77,3",recife,-8.13115,-34.945393,6.0,0.0,0.0,Com Vítimas Feridas,Sim,Acessar a via sem observar a presença dos outros veículos,Queda de ocupante de veículo,Plena Noite,Nublado,Dupla,Retorno Regulamentado;Reta,Sim,Crescente
745608,2026-01-14,quarta-feira,15:50:00,SC,280.0,187,mafra,-26.174006,-49.90484,0.0,3.0,0.0,Com Vítimas Feridas,Sim,Ultrapassagem Indevida,Saída de leito carroçável,Pleno dia,Céu Claro,Múltipla,Reta;Declive,Não,Decrescente
745609,2026-01-14,quarta-feira,20:30:00,PE,428.0,"185,6",petrolina,-9.345644,-40.47344,2.0,0.0,0.0,Com Vítimas Feridas,Sim,Animais na Pista,Queda de ocupante de veículo,Plena Noite,Céu Claro,Dupla,Reta,Sim,Crescente
745610,2026-01-14,quarta-feira,21:29:00,TO,10.0,454,palmas,-10.327935,-48.297974,6.0,0.0,0.0,Com Vítimas Feridas,Não,Condutor deixou de manter distância do veículo da frente,Queda de ocupante de veículo,Plena Noite,Céu Claro,Múltipla,Reta,Sim,Decrescente