id,data_inversa,dia_semana,horario,uf,br,km,municipio,latitude,longitude,feridos_leves,feridos_graves,mortos,classificacao_acidente,causa_principal,causa_acidente,tipo_acidente,fase_dia,condicao_metereologica,tipo_pista,tracado_via,uso_solo,sentido_via
745729,2026-01-14,quarta-feira,10:50:00,MG,40.0,519,nova lima,-20.081747,-43.979103,1.0,0.0,0.0,Com Vítimas Feridas,Sim,Ausência de reação do condutor,Colisão traseira,Pleno dia,Céu Claro,Dupla,Reta,Não,Crescente
745730,2026-01-14,quarta-feira,16:00:00,RS,285.0,284,passo fundo,-28.246065,-52.29751,0.0,1.0,0.0,Com Vítimas Feridas,Sim,Ausência de reação do condutor,Colisão traseira,Pleno dia,Céu Claro,Simples,Reta,Não,Crescente
745731,2026-01-15,quinta-feira,06:35:00,MG,116.0,"592,3",manhuacu,-20.280094,-42.145626,1.0,0.0,0.0,Com Vítimas Feridas,Sim,Mal súbito do condutor,Tombamento,Amanhecer,Céu Claro,Simples,Curva,Não,Crescente
745732,2026-01-15,quinta-feira,07:28:00,DF,20.0,"1,2",brasilia,-15.684923,-47.848145,1.0,0.0,0.0,Com Vítimas Feridas,Sim,Reação tardia ou ineficiente do condutor,Colisão traseira,Pleno dia,Céu Claro,Dupla,Reta,Sim,Decrescente
745733,2026-01-04,domingo,16:45:00,PR,277.0,"312,8",prudentopolis,-25.31774,-51.19496,0.0,32.0,32.0,Com Vítimas Fatais,Não,Declive acentuado,Colisão com objeto,Pleno dia,Céu Claro,Simples,Declive;Curva,Não,Decrescente
745734,2026-01-15,quinta-feira,03:45:00,RS,285.0,382,santa barbara do sul,-28.425152,-53.166924,6.0,0.0,0.0,Com Vítimas Feridas,Não,Condutor Dormindo,Capotamento,Plena Noite,Céu Claro,Simples,Curva;Declive,Não,Decrescente
745735,2026-01-15,quinta-feira,07:20:00,BA,324.0,"620,2",salvador,-12.915722,-38.461906,4.0,0.0,0.0,Com Vítimas Feridas,Não,Trafegar com motocicleta (ou similar) entre as faixas,Colisão traseira,Pleno dia,Sol,Múltipla,Reta,Sim,Crescente
745736,2026-01-15,quinta-feira,07:50:00,DF,70.0,5,brasilia,-15.792087,-48.10369,6.0,0.0,0.0,Com Vítimas Feridas,Não,Trafegar com motocicleta (ou similar) entre as faixas,Queda de ocupante de veículo,Pleno dia,Céu Claro,Dupla,Aclive;Reta,Sim,Decrescente
745738,2026-01-15,quinta-feira,08:02:00,RS,158.0,330,santa maria,-29.702053,-53.83772,0.0,4.0,0.0,Com Vítimas Feridas,Não,Velocidade Incompatível,Colisão lateral mesmo sentido,Pleno dia,Sol,Dupla,Reta;Viaduto;Interseção de Vias,Sim,Decrescente
745740,2026-01-14,quarta-feira,17:40:00,MA,135.0,"4,7",sao luis,-2.619675,-44.256405,0.0,0.0,0.0,Sem Vítimas,Sim,Manobra de mudança de faixa,Queda de ocupante de veículo,Plena Noite,Céu Claro,Dupla,Reta,Sim,Decrescente
745741,2026-01-14,quarta-feira,18:15:00,SC,282.0,"509,5",xanxere,-26.891405,-52.457947,1.0,0.0,0.0,Com Vítimas Feridas,Sim,Reação tardia ou ineficiente do condutor,Engavetamento,Pleno dia,Céu Claro,Simples,Reta,Não,Decrescente
745742,2026-01-15,quinta-feira,08:30:00,AL,101.0,"76,5",rio largo,-9.420516,-35.83997,2.0,0.0,0.0,Com Vítimas Feridas,Sim,Manobra de mudança de faixa,Tombamento,Pleno dia,Céu Claro,Dupla,Curva,Não,Crescente
745743,2026-01-15,quinta-feira,07:20:00,RJ,116.0,170,rio de janeiro,-22.804462,-43.345173,1.0,0.0,0.0,Com Vítimas Feridas,Sim,Ausência de reação do condutor,Colisão traseira,Pleno dia,Sol,Dupla,Reta,Sim,Decrescente
745744,2026-01-15,quinta-feira,01:00:00,BA,367.0,33,porto seguro,-16.416365,-39.156994,0.0,0.0,4.0,Com Vítimas Fatais,Sim,Redutor de velocidade em desacordo,Queda de ocupante de veículo,Plena Noite,Garoa/Chuvisco,Simples,Reta,Sim,Crescente
745746,2026-01-15,quinta-feira,07:40:00,SC,101.0,"331,6",tubarao,-28.465937,-48.99542,3.0,0.0,0.0,Com Vítimas Feridas,Sim,Velocidade Incompatível,Queda de ocupante de veículo,Pleno dia,Céu Claro,Simples,Rotatória,Sim,Decrescente
745747,2026-01-15,quinta-feira,08:20:00,RS,116.0,476,turucu,-31.421312,-52.17444,1.0,0.0,0.0,Com Vítimas Feridas,Sim,Ausência de reação do condutor,Saída de leito carroçável,Pleno dia,Céu Claro,Simples,Reta,Não,Crescente
745748,2026-01-15,quinta-feira,05:00:00,MG,116.0,"183,9",carai,-17.115076,-41.503002,1.0,0.0,0.0,Com Vítimas Feridas,Sim,Reação tardia ou ineficiente do condutor,Tombamento,Amanhecer,Céu Claro,Simples,Curva;Declive,Não,Decrescente
745749,2026-01-15,quinta-feira,09:00:00,CE,20.0,"326,3",caridade,-4.2274,-39.1973,0.0,6.0,0.0,Com Vítimas Feridas,Não,Ausência de reação do condutor,Queda de ocupante de veículo,Pleno dia,Céu Claro,Simples,Reta,Sim,Crescente
745750,2026-01-15,quinta-feira,05:30:00,MA,226.0,253,tuntum,-5.400163,-44.89329,4.0,4.0,4.0,Com Vítimas Fatais,Não,Reação tardia ou ineficiente do condutor,Capotamento,Amanhecer,Céu Claro,Simples,Curva,Não,Crescente
745751,2026-01-15,quinta-feira,08:40:00,RS,116.0,"114,5",sao marcos,-28.970018,-51.07199,1.0,0.0,0.0,Com Vítimas Feridas,Sim,Reação tardia ou ineficiente do condutor,Atropelamento de Pedestre,Pleno dia,Sol,Simples,Rotatória,Sim,Decrescente
745753,2026-01-15,quinta-feira,07:00:00,MG,381.0,447,belo horizonte,-19.840248,-43.876,1.0,0.0,0.0,Com Vítimas Feridas,Sim,Acesso irregular,Colisão transversal,Pleno dia,Céu Claro,Simples,Reta,Sim,Crescente
745754,2026-01-15,quinta-feira,06:40:00,CE,116.0,56,pacajus,-4.2035117,-38.47016,1.0,0.0,0.0,Com Vítimas Feridas,Sim,Ausência de reação do condutor,Tombamento,Pleno dia,Céu Claro,Simples,Reta;Em Obras,Não,Decrescente
745755,2026-01-15,quinta-feira,08:42:00,ES,101.0,"370,4",anchieta,-20.770947,-40.763092,0.0,2.0,0.0,Com Vítimas Feridas,Sim,Transitar na contramão,Saída de leito carroçável,Pleno dia,Sol,Simples,Reta,Não,Decrescente
745756,2026-01-15,quinta-feira,08:10:00,PB,101.0,"77,6",santa rita,-7.092192,-34.968132,4.0,0.0,0.0,Com Vítimas Feridas,Sim,Velocidade Incompatível,Saída de leito carroçável,Pleno dia,Céu Claro,Dupla,Aclive,Não,Decrescente
745757,2026-01-15,quinta-feira,08:10:00,MT,70.0,"687,3",caceres,-16.208246,-57.41249,0.0,0.0,2.0,Com Vítimas Fatais,Sim,Ultrapassagem Indevida,Colisão frontal,Pleno dia,Céu Claro,Simples,Reta,Não,Decrescente
745758,2026-01-15,quinta-feira,06:40:00,MA,10.0,"289,6",imperatriz,-5.201382,-47.519154,12.0,0.0,0.0,Com Vítimas Feridas,Não,Transitar na contramão,Derramamento de carga,Pleno dia,Nublado,Simples,Reta,Não,Crescente
745759,2026-01-15,quinta-feira,09:35:00,RS,386.0,"35,6",frederico westphalen,-27.371843,-53.39827,2.0,0.0,0.0,Com Vítimas Feridas,Sim,Pista esburacada,Queda de ocupante de veículo,Pleno dia,Céu Claro,Simples,Reta,Sim,Decrescente
745760,2026-01-15,quinta-feira,06:30:00,TO,242.0,421,cariri do tocantins,-11.94974,-49.226322,4.0,0.0,0.0,Com Vítimas Feridas,Não,Condutor Dormindo,Saída de leito carroçável,Amanhecer,Nublado,Simples,Reta,Não,Decrescente
745761,2026-01-14,quarta-feira,21:00:00,BA,116.0,28,vitoria da conquista,-14.842402,-40.81644,0.0,0.0,0.0,Sem Vítimas,Sim,Ausência de reação do condutor,Incêndio,Plena Noite,Nublado,Simples,Reta,Não,Decrescente
745762,2026-01-15,quinta-feira,08:20:00,RJ,493.0,61,nova iguacu,-22.68012,-43.406605,0.0,0.0,4.0,Com Vítimas Fatais,Não,Reação tardia ou ineficiente do condutor,Colisão traseira,Pleno dia,Céu Claro,Dupla,Reta,Não,Crescente
745764,2026-01-15,quinta-feira,09:00:00,MG,365.0,"294,2",joao pinheiro,-18.109068,-45.70242,0.0,0.0,0.0,Sem Vítimas,Sim,Reação tardia ou ineficiente do condutor,Saída de leito carroçável,Pleno dia,Céu Claro,Simples,Reta,Não,Crescente
745765,2026-01-15,quinta-feira,08:30:00,DF,20.0,16,brasilia,-15.628216,-47.729588,1.0,0.0,0.0,Com Vítimas Feridas,Sim,Manobra de mudança de faixa,Colisão traseira,Pleno dia,Céu Claro,Dupla,Aclive,Não,Crescente
745766,2026-01-11,domingo,22:45:00,RJ,465.0,18,nova iguacu,-22.829388,-43.616554,1.0,0.0,0.0,Com Vítimas Feridas,Sim,Entrada inopinada do pedestre,Atropelamento de Pedestre,Plena Noite,Nublado,Simples,Reta,Sim,Crescente
745767,2026-01-15,quinta-feira,08:40:00,RS,287.0,"399,6",santiago,-29.170065,-54.86084,2.0,0.0,0.0,Com Vítimas Feridas,Não,Desrespeitar a preferência no cruzamento,Queda de ocupante de veículo,Pleno dia,Céu Claro,Simples,Reta,Sim,Decrescente
745769,2026-01-15,quinta-feira,08:40:00,SC,101.0,"201,2",sao jose,-27.550358,-48.619694,1.0,0.0,0.0,Com Vítimas Feridas,Sim,Condutor deixou de manter distância do veículo da frente,Colisão traseira,Pleno dia,Céu Claro,Dupla,Reta,Não,Crescente
745770,2026-01-15,quinta-feira,07:00:00,BA,101.0,765,itabela,-16.712431,-39.453278,24.0,6.0,0.0,Com Vítimas Feridas,Não,Velocidade Incompatível,Colisão com objeto,Pleno dia,Céu Claro,Simples,Reta,Não,Decrescente
745771,2026-01-15,quinta-feira,10:20:00,PR,277.0,"43,9",morretes,-25.593182,-48.88911,0.0,0.0,0.0,Sem Vítimas,Não,Frear bruscamente,Engavetamento,Pleno dia,Céu Claro,Dupla,Em Obras,Não,Crescente
745772,2026-01-15,quinta-feira,09:05:00,RO,364.0,"236,1",cacoal,-11.444867,-61.440746,4.0,0.0,0.0,Com Vítimas Feridas,Não,Condutor Dormindo,Colisão com objeto,Pleno dia,Céu Claro,Simples,Reta,Sim,Crescente
745773,2026-01-15,quinta-feira,07:40:00,SC,470.0,"58,5",blumenau,-26.88402,-49.15101,3.0,0.0,0.0,Com Vítimas Feridas,Sim,Reação tardia ou ineficiente do condutor,Queda de ocupante de veículo,Pleno dia,Céu Claro,Simples,Reta;Em Obras,Não,Decrescente
745774,2026-01-15,quinta-feira,06:50:00,BA,415.0,60,itabuna,-14.855833,-39.39445,1.0,0.0,3.0,Com Vítimas Fatais,Sim,Velocidade Incompatível,Colisão transversal,Pleno dia,Chuva,Simples,Curva,Não,Crescente
745775,2026-01-15,quinta-feira,10:20:00,MS,163.0,495,campo grande,-20.362411,-54.52768,3.0,0.0,0.0,Com Vítimas Feridas,Sim,Ausência de reação do condutor,Queda de ocupante de veículo,Pleno dia,Céu Claro,Dupla,Rotatória,Não,Crescente
745776,2026-01-15,quinta-feira,11:20:00,AP,210.0,5,macapa,0.09130124,-51.10544,1.0,1.0,0.0,Com Vítimas Feridas,Sim,Ausência de reação do condutor,Colisão traseira,Pleno dia,Céu Claro,Dupla,Reta,Sim,Crescente
745777,2026-01-15,quinta-feira,10:40:00,RJ,101.0,506,angra dos reis,-22.935078,-44.404564,0.0,1.0,0.0,Com Vítimas Feridas,Sim,Conversão proibida,Colisão lateral mesmo sentido,Pleno dia,Nublado,Simples,Reta,Não,Crescente
745778,2026-01-15,quinta-feira,10:25:00,RS,285.0,"195,9",lagoa vermelha,-28.225576,-51.507286,2.0,0.0,0.0,Com Vítimas Feridas,Sim,Acessar a via sem observar a presença dos outros veículos,Colisão transversal,Pleno dia,Sol,Simples,Reta;Aclive,Sim,Decrescente
745779,2026-01-15,quinta-feira,11:50:00,BA,324.0,539,amelia rodrigues,-12.388044,-38.787987,1.0,0.0,0.0,Com Vítimas Feridas,Sim,Manobra de mudança de faixa,Colisão traseira,Pleno dia,Céu Claro,Dupla,Reta,Não,Crescente
745780,2026-01-15,quinta-feira,12:00:00,GO,40.0,60,cristalina,-16.556349,-47.791397,1.0,0.0,0.0,Com Vítimas Feridas,Sim,Acessar a via sem observar a presença dos outros veículos,Colisão transversal,Pleno dia,Céu Claro,Simples,Curva;Declive,Sim,Crescente
745781,2026-01-15,quinta-feira,12:20:00,GO,452.0,180,itumbiara,-18.3749,-49.354443,3.0,0.0,0.0,Com Vítimas Feridas,Sim,Reação tardia ou ineficiente do condutor,Tombamento,Pleno dia,Céu Claro,Simples,Reta,Não,Crescente
745782,2026-01-15,quinta-feira,12:20:00,SC,470.0,"89,1",ascurra,-26.96214,-49.370937,2.0,0.0,0.0,Com Vítimas Feridas,Sim,Ausência de reação do condutor,Colisão transversal,Pleno dia,Céu Claro,Simples,Curva;Interseção de Vias,Sim,Decrescente
745783,2026-01-15,quinta-feira,12:55:00,DF,60.0,"8,5",brasilia,-15.905579,-48.13668,18.0,0.0,0.0,Com Vítimas Feridas,Não,Reação tardia ou ineficiente do condutor,Capotamento,Pleno dia,Céu Claro,Dupla,Aclive,Sim,Decrescente
745785,2026-01-05,segunda-feira,15:00:00,RJ,101.0,482,angra dos reis,-23.00475,-44.298035,1.0,0.0,0.0,Com Vítimas Feridas,Sim,Acessar a via sem observar a presença dos outros veículos,Colisão transversal,Pleno dia,Céu Claro,Simples,Rotatória,Não,Decrescente
745786,2026-01-15,quinta-feira,11:40:00,AP,156.0,470,tartarugalzinho,1.5199682,-50.91777,1.0,0.0,0.0,Com Vítimas Feridas,Sim,Avarias e/ou desgaste excessivo no pneu,Saída de leito carroçável,Pleno dia,Céu Claro,Simples,Curva,Não,Crescente
745787,2026-01-15,quinta-feira,11:50:00,PB,230.0,"170,7",campina grande,-7.180289,-35.989796,0.0,3.0,0.0,Com Vítimas Feridas,Sim,Conversão proibida,Queda de ocupante de veículo,Pleno dia,Céu Claro,Simples,Reta,Sim,Decrescente
745788,2026-01-15,quinta-feira,13:30:00,SC,101.0,212,palhoca,-27.632793,-48.662045,2.0,0.0,0.0,Com Vítimas Feridas,Sim,Acessar a via sem observar a presença dos outros veículos,Colisão lateral mesmo sentido,Pleno dia,Céu Claro,Simples,Reta,Sim,Crescente
745789,2026-01-15,quinta-feira,13:00:00,PR,277.0,"29,9",morretes,-25.551714,-48.79789,0.0,0.0,0.0,Sem Vítimas,Não,Velocidade Incompatível,Colisão traseira,Pleno dia,Sol,Dupla,Reta,Não,Decrescente
745790,2026-01-15,quinta-feira,09:00:00,PE,232.0,"226,6",pesqueira,-8.400688,-36.844143,0.0,3.0,0.0,Com Vítimas Feridas,Sim,Reação tardia ou ineficiente do condutor,Queda de ocupante de veículo,Pleno dia,Nublado,Simples,Reta,Não,Crescente
745791,2026-01-15,quinta-feira,12:20:00,PE,407.0,119,petrolina,-9.336708,-40.56023,0.0,0.0,4.0,Com Vítimas Fatais,Não,Participar de racha,Saída de leito carroçável,Pleno dia,Céu Claro,Simples,Reta,Não,Decrescente
745792,2026-01-15,quinta-feira,10:25:00,RS,471.0,"168,9",rio pardo,-29.94004,-52.385166,0.0,0.0,2.0,Com Vítimas Fatais,Sim,Manobra de mudança de faixa,Saída de leito carroçável,Pleno dia,Sol,Simples,Curva,Não,Decrescente
745793,2026-01-15,quinta-feira,14:10:00,ES,101.0,"142,3",linhares,-19.337027,-40.065895,3.0,0.0,0.0,Com Vítimas Feridas,Sim,Manobra de mudança de faixa,Queda de ocupante de veículo,Pleno dia,Céu Claro,Múltipla,Reta,Sim,Decrescente
745795,2026-01-10,sábado,09:20:00,MG,381.0,"509,1",sao joaquim de bicas,-20.049818,-44.27813,0.0,0.0,0.0,Sem Vítimas,Não,Reação tardia ou ineficiente do condutor,Engavetamento,Pleno dia,Céu Claro,Dupla,Reta,Não,Crescente
745796,2026-01-15,quinta-feira,12:00:00,MG,354.0,"717,5",pouso alto,-22.08223,-44.942867,0.0,0.0,0.0,Sem Vítimas,Sim,Velocidade Incompatível,Derramamento de carga,Pleno dia,Chuva,Simples,Curva,Não,Crescente
745797,2026-01-15,quinta-feira,14:50:00,SC,101.0,210,sao jose,-27.617973,-48.646446,0.0,1.0,0.0,Com Vítimas Feridas,Sim,Reação tardia ou ineficiente do condutor,Colisão lateral mesmo sentido,Pleno dia,Céu Claro,Múltipla,Interseção de Vias,Não,Crescente
745798,2026-01-15,quinta-feira,14:50:00,PB,230.0,69,sobrado,-7.191932,-35.227722,0.0,0.0,0.0,Sem Vítimas,Sim,Ausência de reação do condutor,Colisão traseira,Pleno dia,Nublado,Dupla,Reta,Não,Crescente
745799,2026-01-15,quinta-feira,14:40:00,BA,324.0,603,simoes filho,-12.780831,-38.412464,1.0,0.0,0.0,Com Vítimas Feridas,Sim,Reação tardia ou ineficiente do condutor,Queda de ocupante de veículo,Pleno dia,Céu Claro,Dupla,Declive,Não,Decrescente
745800,2026-01-15,quinta-feira,14:20:00,PR,277.0,63,piraquara,-25.538857,-49.06657,0.0,0.0,0.0,Sem Vítimas,Sim,Condutor deixou de manter distância do veículo da frente,Colisão traseira,Pleno dia,Chuva,Dupla,Reta,Não,Crescente
745801,2026-01-15,quinta-feira,14:15:00,BA,101.0,"935,4",mucuri,-18.015371,-39.86193,1.0,0.0,0.0,Com Vítimas Feridas,Sim,Condutor deixou de manter distância do veículo da frente,Colisão traseira,Pleno dia,Céu Claro,Simples,Reta;Declive,Sim,Crescente
745802,2026-01-15,quinta-feira,15:20:00,MG,381.0,"521,4",brumadinho,-20.117144,-44.303513,1.0,0.0,0.0,Com Vítimas Feridas,Sim,Velocidade Incompatível,Colisão com objeto,Pleno dia,Céu Claro,Múltipla,Curva,Não,Decrescente
745805,2026-01-15,quinta-feira,11:15:00,PI,343.0,330,teresina,-5.060905,-42.654297,2.0,0.0,0.0,Com Vítimas Feridas,Sim,Reação tardia ou ineficiente do condutor,Queda de ocupante de veículo,Pleno dia,Nublado,Simples,Reta,Não,Decrescente
745807,2026-01-15,quinta-feira,15:50:00,RS,116.0,302,guaiba,-30.137321,-51.35777,0.0,0.0,0.0,Sem Vítimas,Não,Velocidade Incompatível,Saída de leito carroçável,Pleno dia,Céu Claro,Dupla,Reta,Não,Crescente
745808,2026-01-15,quinta-feira,16:05:00,BA,324.0,618,salvador,-12.8907,-38.44516,1.0,0.0,0.0,Com Vítimas Feridas,Sim,Pista Escorregadia,Queda de ocupante de veículo,Pleno dia,Céu Claro,Múltipla,Curva,Sim,Crescente
745809,2026-01-15,quinta-feira,15:40:00,SP,101.0,48,ubatuba,-23.437647,-45.08772,0.0,0.0,0.0,Sem Vítimas,Sim,Acessar a via sem observar a presença dos outros veículos,Colisão transversal,Pleno dia,Chuva,Simples,Reta,Sim,Crescente
745810,2026-01-15,quinta-feira,14:50:00,MS,163.0,19,mundo novo,-23.935532,-54.28139,0.0,0.0,0.0,Sem Vítimas,Não,Ingestão de álcool pelo condutor,Colisão transversal,Pleno dia,Céu Claro,Simples,Reta,Sim,Crescente
745811,2026-01-15,quinta-feira,15:20:00,RJ,116.0,288,quatis,-22.46574,-44.276123,1.0,0.0,0.0,Com Vítimas Feridas,Sim,Chuva,Colisão traseira,Pleno dia,Chuva,Dupla,Curva,Não,Decrescente
745813,2026-01-15,quinta-feira,16:25:00,ES,101.0,"146,1",linhares,-19.370428,-40.06475,6.0,0.0,0.0,Com Vítimas Feridas,Não,Velocidade Incompatível,Queda de ocupante de veículo,Pleno dia,Céu Claro,Múltipla,Declive;Reta,Sim,Crescente
745814,2026-01-15,quinta-feira,15:30:00,GO,153.0,505,aparecida de goiania,-16.74695,-49.24097,0.0,1.0,0.0,Com Vítimas Feridas,Sim,Reação tardia ou ineficiente do condutor,Queda de ocupante de veículo,Pleno dia,Nublado,Dupla,Reta,Sim,Crescente
745815,2026-01-15,quinta-feira,16:07:00,RN,101.0,75,sao goncalo do amarante,-5.721,-35.278,1.0,0.0,0.0,Com Vítimas Feridas,Sim,Ausência de reação do condutor,Colisão traseira,Pleno dia,Céu Claro,Dupla,Rotatória,Sim,Crescente
745816,2026-01-15,quinta-feira,14:00:00,MT,70.0,678,caceres,-16.16573,-57.352737,6.0,0.0,0.0,Com Vítimas Feridas,Sim,Acumulo de água sobre o pavimento,Colisão com objeto,Pleno dia,Nublado,Simples,Curva,Não,Crescente
745817,2026-01-08,quinta-feira,21:00:00,TO,242.0,161,parana,-12.685894,-47.679977,1.0,1.0,1.0,Com Vítimas Fatais,Sim,Ausência de reação do condutor,Saída de leito carroçável,Plena Noite,Ignorado,Simples,Reta,Não,Decrescente
745818,2026-01-15,quinta-feira,14:00:00,RJ,465.0,3,seropedica,-22.734573,-43.71153,0.0,1.0,0.0,Com Vítimas Feridas,Sim,Ultrapassagem Indevida,Colisão traseira,Pleno dia,Céu Claro,Dupla,Reta,Não,Decrescente
745819,2026-01-15,quinta-feira,16:00:00,PR,277.0,599,cascavel,-24.99858,-53.51769,6.0,0.0,0.0,Com Vítimas Feridas,Não,Reação tardia ou ineficiente do condutor,Capotamento,Pleno dia,Céu Claro,Simples,Reta,Sim,Decrescente
745820,2026-01-15,quinta-feira,14:35:00,SC,280.0,15,araquari,-26.376633,-48.718933,2.0,0.0,0.0,Com Vítimas Feridas,Sim,Acessar a via sem observar a presença dos outros veículos,Colisão transversal,Pleno dia,Céu Claro,Simples,Reta,Sim,Decrescente
745821,2026-01-15,quinta-feira,15:40:00,SC,101.0,119,itajai,-26.910778,-48.712826,1.0,1.0,0.0,Com Vítimas Feridas,Sim,Ausência de reação do condutor,Tombamento,Pleno dia,Sol,Dupla,Reta,Não,Crescente
745822,2026-01-15,quinta-feira,17:10:00,BA,324.0,"615,4",salvador,-12.8826685,-38.434326,6.0,0.0,0.0,Com Vítimas Feridas,Não,Manobra de mudança de faixa,Queda de ocupante de veículo,Pleno dia,Céu Claro,Dupla,Reta;Declive,Sim,Decrescente
745823,2026-01-15,quinta-feira,17:22:00,PB,230.0,"23,6",joao pessoa,-7.1632557,-34.861767,6.0,0.0,0.0,Com Vítimas Feridas,Não,Frear bruscamente,Queda de ocupante de veículo,Anoitecer,Céu Claro,Dupla,Reta,Não,Crescente
745824,2026-01-15,quinta-feira,15:00:00,SC,470.0,207,sao cristovao do sul,-27.29079,-50.19674,6.0,6.0,0.0,Com Vítimas Feridas,Não,Chuva,Colisão com objeto,Pleno dia,Chuva,Simples,Curva,Não,Crescente
745825,2026-01-15,quinta-feira,17:20:00,RJ,101.0,426,mangaratiba,-22.931696,-43.981228,0.0,0.0,2.0,Com Vítimas Fatais,Sim,Reação tardia ou ineficiente do condutor,Colisão frontal,Pleno dia,Chuva,Simples,Reta,Não,Decrescente
745826,2026-01-15,quinta-feira,17:20:00,RJ,116.0,172,sao joao de meriti,-22.801275,-43.351334,0.0,1.0,0.0,Com Vítimas Feridas,Sim,Manobra de mudança de faixa,Colisão lateral mesmo sentido,Anoitecer,Garoa/Chuvisco,Dupla,Reta,Não,Crescente
745827,2026-01-15,quinta-feira,17:20:00,RJ,101.0,483,angra dos reis,-22.99954,-44.30074,1.0,0.0,0.0,Com Vítimas Feridas,Sim,Chuva,Queda de ocupante de veículo,Anoitecer,Chuva,Simples,Curva,Não,Crescente
745828,2026-01-15,quinta-feira,14:40:00,SC,116.0,305,porto uniao,-26.262703,-51.063614,0.0,0.0,0.0,Sem Vítimas,Sim,Condutor deixou de manter distância do veículo da frente,Colisão traseira,Pleno dia,Céu Claro,Simples,Reta,Sim,Crescente
745829,2026-01-15,quinta-feira,14:40:00,PR,277.0,"391,8",candoi,-25.44268,-51.8476,18.0,0.0,0.0,Com Vítimas Feridas,Não,Velocidade Incompatível,Colisão com objeto,Pleno dia,Sol,Simples,Reta,Não,Crescente
745830,2026-01-15,quinta-feira,16:53:00,RS,290.0,301,cachoeira do sul,-30.282917,-53.12786,12.0,0.0,0.0,Com Vítimas Feridas,Não,Ausência de reação do condutor,Capotamento,Pleno dia,Céu Claro,Simples,Aclive;Reta,Não,Decrescente
745831,2026-01-15,quinta-feira,17:50:00,MG,40.0,"635,2",conselheiro lafaiete,-20.703918,-43.792698,0.0,3.0,0.0,Com Vítimas Feridas,Sim,Acessar a via sem observar a presença dos outros veículos,Queda de ocupante de veículo,Pleno dia,Céu Claro,Simples,Reta,Não,Crescente
745832,2026-01-15,quinta-feira,17:25:00,RS,116.0,256,esteio,-29.839733,-51.175987,2.0,0.0,0.0,Com Vítimas Feridas,Sim,Acessar a via sem observar a presença dos outros veículos,Queda de ocupante de veículo,Pleno dia,Céu Claro,Dupla,Interseção de Vias;Reta,Sim,Decrescente
745833,2026-01-15,quinta-feira,15:10:00,CE,116.0,"169,3",russas,-4.981816,-38.0244,0.0,0.0,0.0,Sem Vítimas,Sim,Ausência de reação do condutor,Saída de leito carroçável,Pleno dia,Céu Claro,Simples,Reta,Não,Crescente
745834,2026-01-15,quinta-feira,17:30:00,PB,101.0,86,joao pessoa,-7.155803,-34.907272,0.0,3.0,0.0,Com Vítimas Feridas,Sim,Condutor deixou de manter distância do veículo da frente,Queda de ocupante de veículo,Anoitecer,Céu Claro,Dupla,Reta,Sim,Decrescente
745835,2026-01-15,quinta-feira,18:30:00,MG,381.0,447,belo horizonte,-19.84013,-43.876263,0.0,1.0,0.0,Com Vítimas Feridas,Sim,Acessar a via sem observar a presença dos outros veículos,Colisão transversal,Anoitecer,Céu Claro,Simples,Reta,Sim,Crescente
745836,2026-01-15,quinta-feira,18:00:00,AP,210.0,11,macapa,0.1293853,-51.135475,8.0,0.0,8.0,Com Vítimas Fatais,Não,Ausência de reação do condutor,Atropelamento de Pedestre,Pleno dia,Céu Claro,Simples,Reta,Não,Crescente
745837,2026-01-15,quinta-feira,17:00:00,MG,40.0,520,ribeirao das neves,-19.837528,-44.078503,2.0,0.0,0.0,Com Vítimas Feridas,Sim,Ausência de reação do condutor,Queda de ocupante de veículo,Pleno dia,Céu Claro,Dupla,Aclive;Reta,Sim,Decrescente
745839,2026-01-15,quinta-feira,16:40:00,RJ,101.0,415,mangaratiba,-22.910637,-43.893,1.0,0.0,0.0,Com Vítimas Feridas,Sim,Acessar a via sem observar a presença dos outros veículos,Colisão transversal,Anoitecer,Garoa/Chuvisco,Dupla,Interseção de Vias;Reta,Não,Decrescente
745840,2026-01-15,quinta-feira,18:00:00,TO,153.0,312,guarai,-8.64394,-48.49108,6.0,0.0,0.0,Com Vítimas Feridas,Não,Carga excessiva e/ou mal acondicionada,Queda de ocupante de veículo,Pleno dia,Céu Claro,Simples,Reta,Não,Decrescente
745841,2026-01-15,quinta-feira,18:15:00,GO,70.0,5,aguas lindas de goias,-15.74782,-48.26375,3.0,0.0,0.0,Com Vítimas Feridas,Sim,Reação tardia ou ineficiente do condutor,Queda de ocupante de veículo,Anoitecer,Nublado,Dupla,Reta,Sim,Crescente
745842,2026-01-15,quinta-feira,16:40:00,MG,116.0,"550,2",santa barbara do leste,-19.978905,-42.140335,0.0,2.0,0.0,Com Vítimas Feridas,Sim,Velocidade Incompatível,Tombamento,Pleno dia,Sol,Simples,Reta,Sim,Decrescente
745843,2026-01-15,quinta-feira,18:00:00,RJ,101.0,470,angra dos reis,-22.998781,-44.227703,1.0,0.0,0.0,Com Vítimas Feridas,Sim,Acessar a via sem observar a presença dos outros veículos,Colisão transversal,Anoitecer,Chuva,Dupla,Retorno Regulamentado,Não,Decrescente