id,data_inversa,dia_semana,horario,uf,br,km,municipio,latitude,longitude,feridos_leves,feridos_graves,mortos,classificacao_acidente,causa_principal,causa_acidente,tipo_acidente,fase_dia,condicao_metereologica,tipo_pista,tracado_via,uso_solo,sentido_via
745957,2026-01-16,sexta-feira,10:50:00,RS,116.0,249,sao leopoldo,-29.773537,-51.11551,3.0,0.0,0.0,Com Vítimas Feridas,Sim,Manobra de mudança de faixa,Colisão lateral mesmo sentido,Pleno dia,Céu Claro,Dupla,Reta,Sim,Crescente
745959,2026-01-16,sexta-feira,10:45:00,RN,101.0,69,extremoz,-5.671875,-35.25934,2.0,0.0,0.0,Com Vítimas Feridas,Sim,Acessar a via sem observar a presença dos outros veículos,Colisão transversal,Pleno dia,Céu Claro,Múltipla,Interseção de Vias;Reta,Não,Crescente
745960,2026-01-16,sexta-feira,11:00:00,BA,101.0,103,alagoinhas,-12.115568,-38.392223,1.0,0.0,0.0,Com Vítimas Feridas,Sim,Condutor Dormindo,Capotamento,Pleno dia,Chuva,Simples,Curva,Sim,Crescente
745961,2026-01-16,sexta-feira,08:45:00,PR,376.0,"669,3",guaratuba,-25.87658,-48.935883,2.0,0.0,0.0,Com Vítimas Feridas,Não,Reação tardia ou ineficiente do condutor,Colisão traseira,Pleno dia,Céu Claro,Dupla,Aclive,Não,Decrescente
745962,2026-01-16,sexta-feira,10:30:00,PR,369.0,"162,8",cambe,-23.295595,-51.272163,1.0,0.0,0.0,Com Vítimas Feridas,Sim,Ausência de reação do condutor,Tombamento,Pleno dia,Nublado,Dupla,Em Obras;Reta,Sim,Crescente
745963,2026-01-16,sexta-feira,10:00:00,RO,364.0,592,itapua do oeste,-9.21181,-63.17342,4.0,0.0,0.0,Com Vítimas Feridas,Não,Acesso irregular,Colisão lateral sentido oposto,Pleno dia,Céu Claro,Simples,Reta,Não,Crescente
745964,2026-01-16,sexta-feira,11:30:00,GO,60.0,381,rio verde,-17.789173,-50.905582,4.0,0.0,0.0,Com Vítimas Feridas,Não,Ausência de reação do condutor,Queda de ocupante de veículo,Pleno dia,Nublado,Múltipla,Reta,Sim,Decrescente
745965,2026-01-16,sexta-feira,10:14:00,PR,277.0,"610,9",santa tereza do oeste,-25.045048,-53.608486,3.0,9.0,3.0,Com Vítimas Fatais,Sim,Manobra de mudança de faixa,Colisão com objeto,Pleno dia,Céu Claro,Simples,Reta,Sim,Crescente
745967,2026-01-16,sexta-feira,11:10:00,RO,364.0,"235,5",cacoal,-11.447728,-61.433006,3.0,0.0,0.0,Com Vítimas Feridas,Sim,Desrespeitar a preferência no cruzamento,Queda de ocupante de veículo,Pleno dia,Sol,Simples,Retorno Regulamentado,Sim,Crescente
745969,2026-01-16,sexta-feira,11:45:00,GO,60.0,384,rio verde,-17.808739,-50.92587,2.0,0.0,0.0,Com Vítimas Feridas,Não,Estacionar ou parar em local proibido,Colisão traseira,Pleno dia,Céu Claro,Múltipla,Reta,Sim,Crescente
745970,2026-01-16,sexta-feira,09:30:00,RJ,101.0,504,angra dos reis,-22.989899,-44.241966,1.0,0.0,0.0,Com Vítimas Feridas,Sim,Ausência de reação do condutor,Colisão lateral sentido oposto,Pleno dia,Céu Claro,Simples,Reta,Não,Decrescente
745971,2026-01-16,sexta-feira,12:15:00,SP,116.0,71,aparecida,-22.858044,-45.23319,1.0,0.0,0.0,Com Vítimas Feridas,Sim,Demais falhas mecânicas ou elétricas,Colisão lateral mesmo sentido,Pleno dia,Céu Claro,Dupla,Reta,Sim,Crescente
745975,2026-01-16,sexta-feira,11:00:00,BA,135.0,165,barreiras,-12.0616,-44.96826,16.0,4.0,0.0,Com Vítimas Feridas,Não,Reação tardia ou ineficiente do condutor,Saída de leito carroçável,Pleno dia,Céu Claro,Simples,Curva,Não,Crescente
745977,2026-01-16,sexta-feira,10:18:00,SC,101.0,"333,9",tubarao,-28.470797,-49.01877,0.0,3.0,0.0,Com Vítimas Feridas,Sim,Ausência de reação do condutor,Queda de ocupante de veículo,Pleno dia,Céu Claro,Simples,Reta,Sim,Decrescente
745979,2026-01-16,sexta-feira,13:15:00,SC,282.0,189,bocaina do sul,-27.73449,-49.981087,3.0,0.0,0.0,Com Vítimas Feridas,Sim,Acessar a via sem observar a presença dos outros veículos,Colisão lateral mesmo sentido,Pleno dia,Sol,Simples,Interseção de Vias;Reta;Aclive,Não,Crescente
745980,2026-01-16,sexta-feira,12:25:00,PE,101.0,"137,9",ribeirao,-8.41945,-35.31656,1.0,0.0,0.0,Com Vítimas Feridas,Sim,Reação tardia ou ineficiente do condutor,Colisão lateral mesmo sentido,Pleno dia,Nublado,Dupla,Curva;Aclive,Não,Decrescente
745982,2026-01-16,sexta-feira,12:40:00,RJ,465.0,5,seropedica,-22.74803,-43.69892,2.0,0.0,0.0,Com Vítimas Feridas,Sim,Reação tardia ou ineficiente do condutor,Queda de ocupante de veículo,Pleno dia,Sol,Simples,Reta,Sim,Decrescente
745984,2026-01-16,sexta-feira,08:43:00,RO,435.0,27,vilhena,-12.790132,-60.35831,6.0,0.0,0.0,Com Vítimas Feridas,Sim,Ultrapassagem Indevida,Saída de leito carroçável,Pleno dia,Chuva,Simples,Reta,Não,Crescente
745985,2026-01-16,sexta-feira,10:40:00,BA,110.0,1,paulo afonso,-9.43111,-38.201847,0.0,0.0,0.0,Sem Vítimas,Sim,Reação tardia ou ineficiente do condutor,Colisão com objeto,Pleno dia,Céu Claro,Simples,Reta,Sim,Crescente
745986,2026-01-16,sexta-feira,13:30:00,PR,116.0,126,fazenda rio grande,-25.639587,-49.31289,2.0,0.0,0.0,Com Vítimas Feridas,Sim,Manobra de mudança de faixa,Queda de ocupante de veículo,Pleno dia,Céu Claro,Dupla,Reta,Sim,Decrescente
745987,2026-01-16,sexta-feira,13:29:00,SP,116.0,230,sao paulo,-23.5222,-46.585323,1.0,0.0,0.0,Com Vítimas Feridas,Sim,Acessar a via sem observar a presença dos outros veículos,Atropelamento de Pedestre,Pleno dia,Nublado,Múltipla,Reta,Sim,Crescente
745988,2026-01-16,sexta-feira,13:50:00,PB,230.0,82,bayeux,-7.1279416,-34.939545,2.0,0.0,0.0,Com Vítimas Feridas,Não,Ausência de reação do condutor,Engavetamento,Pleno dia,Céu Claro,Dupla,Reta,Não,Crescente
745989,2026-01-16,sexta-feira,09:30:00,SC,101.0,"363,8",sangao,-28.677773,-49.129436,3.0,0.0,0.0,Com Vítimas Feridas,Sim,Animais na Pista,Queda de ocupante de veículo,Pleno dia,Sol,Dupla,Reta,Não,Crescente
745990,2026-01-16,sexta-feira,13:00:00,SP,,,sao paulo,-23.518732,-46.62402,0.0,0.0,0.0,Sem Vítimas,Sim,Demais falhas mecânicas ou elétricas,Incêndio,Pleno dia,Céu Claro,Múltipla,Reta,Sim,Não Informado
745991,2026-01-16,sexta-feira,14:15:00,RS,392.0,"715,9",porto xavier,-27.93274,-55.136898,0.0,4.0,0.0,Com Vítimas Feridas,Não,Conversão proibida,Tombamento,Pleno dia,Céu Claro,Simples,Curva;Interseção de Vias,Não,Crescente
745993,2026-01-16,sexta-feira,15:00:00,PB,230.0,19,joao pessoa,-7.1295457,-34.850243,2.0,0.0,0.0,Com Vítimas Feridas,Sim,Ausência de reação do condutor,Colisão traseira,Pleno dia,Céu Claro,Dupla,Reta,Sim,Decrescente
745994,2026-01-16,sexta-feira,14:45:00,SP,381.0,"60,5",mairipora,-23.291609,-46.58511,0.0,1.0,0.0,Com Vítimas Feridas,Sim,Velocidade Incompatível,Colisão lateral mesmo sentido,Pleno dia,Nublado,Dupla,Curva;Declive,Não,Decrescente
745995,2026-01-16,sexta-feira,14:05:00,RS,116.0,327,barra do ribeiro,-30.350428,-51.428734,4.0,0.0,0.0,Com Vítimas Feridas,Sim,Ausência de reação do condutor,Capotamento,Pleno dia,Nublado,Dupla,Reta,Não,Decrescente
745996,2026-01-16,sexta-feira,14:00:00,PB,230.0,150,campina grande,-7.2594676,-35.878376,3.0,0.0,0.0,Com Vítimas Feridas,Sim,Transitar na contramão,Queda de ocupante de veículo,Pleno dia,Chuva,Simples,Viaduto;Reta,Sim,Decrescente
745997,2026-01-16,sexta-feira,14:30:00,DF,70.0,"11,5",brasilia,-15.792283,-48.15849,2.0,0.0,0.0,Com Vítimas Feridas,Sim,Reação tardia ou ineficiente do condutor,Engavetamento,Pleno dia,Céu Claro,Dupla,Reta,Sim,Crescente
745998,2026-01-16,sexta-feira,14:20:00,MG,116.0,"415,2",governador valadares,-18.893824,-41.947323,0.0,1.0,0.0,Com Vítimas Feridas,Sim,Acessar a via sem observar a presença dos outros veículos,Colisão transversal,Pleno dia,Céu Claro,Simples,Retorno Regulamentado;Reta,Sim,Crescente
745999,2026-01-16,sexta-feira,14:40:00,RJ,101.0,"205,9",casimiro de abreu,-22.475975,-42.19625,2.0,0.0,0.0,Com Vítimas Feridas,Não,Transitar no Acostamento,Colisão transversal,Pleno dia,Céu Claro,Simples,Reta,Sim,Crescente
746000,2026-01-16,sexta-feira,14:00:00,SC,280.0,"256,7",canoinhas,-26.263887,-50.60693,4.0,0.0,0.0,Com Vítimas Feridas,Não,Ingestão de álcool pelo condutor,Capotamento,Pleno dia,Céu Claro,Simples,Aclive;Reta,Não,Crescente
746001,2026-01-08,quinta-feira,16:00:00,PR,116.0,52,campina grande do sul,-25.24097,-48.904022,2.0,0.0,0.0,Com Vítimas Feridas,Sim,Velocidade Incompatível,Colisão lateral mesmo sentido,Pleno dia,Chuva,Dupla,Curva,Não,Crescente
746002,2026-01-16,sexta-feira,13:10:00,PR,476.0,278,sao mateus do sul,-25.869,-50.398,0.0,1.0,0.0,Com Vítimas Feridas,Sim,Acessar a via sem observar a presença dos outros veículos,Colisão transversal,Pleno dia,Céu Claro,Simples,Reta,Sim,Decrescente
746003,2026-01-16,sexta-feira,14:45:00,ES,101.0,145,linhares,-19.365553,-40.064823,4.0,0.0,0.0,Com Vítimas Feridas,Não,Reação tardia ou ineficiente do condutor,Queda de ocupante de veículo,Pleno dia,Céu Claro,Simples,Reta,Sim,Decrescente
746005,2026-01-16,sexta-feira,15:00:00,MG,40.0,702,barbacena,-21.219664,-43.73698,0.0,2.0,0.0,Com Vítimas Feridas,Sim,Acessar a via sem observar a presença dos outros veículos,Queda de ocupante de veículo,Pleno dia,Céu Claro,Dupla,Curva,Não,Crescente
746006,2026-01-16,sexta-feira,15:30:00,PB,230.0,"22,7",joao pessoa,-7.1505976,-34.8526,8.0,8.0,0.0,Com Vítimas Feridas,Não,Reação tardia ou ineficiente do condutor,Queda de ocupante de veículo,Pleno dia,Céu Claro,Dupla,Reta,Sim,Decrescente
746007,2026-01-16,sexta-feira,14:40:00,RS,386.0,"379,5",paverama,-29.650335,-51.76041,0.0,3.0,0.0,Com Vítimas Feridas,Sim,Acessar a via sem observar a presença dos outros veículos,Queda de ocupante de veículo,Pleno dia,Chuva,Dupla,Reta,Não,Decrescente
746008,2026-01-16,sexta-feira,15:45:00,SP,116.0,216,guarulhos,-23.453491,-46.469585,0.0,0.0,0.0,Sem Vítimas,Sim,Reação tardia ou ineficiente do condutor,Colisão traseira,Pleno dia,Nublado,Múltipla,Reta,Sim,Decrescente
746010,2026-01-16,sexta-feira,14:03:00,MT,364.0,347,santo antonio do leverger,-15.79608,-55.55469,0.0,0.0,0.0,Sem Vítimas,Sim,Demais falhas mecânicas ou elétricas,Colisão traseira,Pleno dia,Chuva,Dupla,Curva,Não,Crescente
746011,2026-01-16,sexta-feira,15:45:00,SC,470.0,2,navegantes,-26.859632,-48.688053,2.0,0.0,0.0,Com Vítimas Feridas,Sim,Acumulo de areia ou detritos sobre o pavimento,Queda de ocupante de veículo,Pleno dia,Céu Claro,Dupla,Reta,Não,Crescente
746012,2026-01-16,sexta-feira,16:20:00,GO,414.0,440,anapolis,-16.286383,-48.94351,3.0,0.0,0.0,Com Vítimas Feridas,Sim,Condutor deixou de manter distância do veículo da frente,Queda de ocupante de veículo,Pleno dia,Céu Claro,Dupla,Rotatória;Viaduto,Sim,Decrescente
746013,2026-01-16,sexta-feira,12:40:00,RS,468.0,"48,9",coronel bicaco,-27.773481,-53.614483,8.0,0.0,0.0,Com Vítimas Feridas,Não,Velocidade Incompatível,Colisão com objeto,Pleno dia,Céu Claro,Simples,Reta,Não,Crescente
746014,2026-01-16,sexta-feira,14:54:00,SC,470.0,81,ascurra,-26.95479,-49.363537,0.0,18.0,0.0,Com Vítimas Feridas,Não,Ausência de reação do condutor,Colisão frontal,Pleno dia,Céu Claro,Simples,Curva,Não,Decrescente
746017,2026-01-16,sexta-feira,05:00:00,BA,324.0,550,amelia rodrigues,-12.448047,-38.713474,0.0,0.0,0.0,Sem Vítimas,Sim,Demais falhas na via,Colisão com objeto,Amanhecer,Céu Claro,Dupla,Aclive,Não,Crescente
746018,2026-01-16,sexta-feira,16:50:00,PE,101.0,"76,2",recife,-8.11988,-34.9428,0.0,4.0,0.0,Com Vítimas Feridas,Não,Acostamento em desnível,Queda de ocupante de veículo,Pleno dia,Céu Claro,Dupla,Reta,Sim,Decrescente
746019,2026-01-16,sexta-feira,16:00:00,SC,101.0,27,joinville,-26.202621,-48.913525,3.0,0.0,0.0,Com Vítimas Feridas,Sim,Ausência de reação do condutor,Queda de ocupante de veículo,Pleno dia,Nublado,Dupla,Aclive;Reta;Viaduto,Sim,Crescente
746020,2026-01-16,sexta-feira,16:25:00,MG,262.0,364,juatuba,-19.972036,-44.298115,0.0,0.0,0.0,Sem Vítimas,Sim,Ausência de reação do condutor,Colisão traseira,Pleno dia,Céu Claro,Dupla,Reta,Sim,Crescente
746021,2026-01-16,sexta-feira,13:45:00,RN,304.0,172,angicos,-5.687133,-36.40913,3.0,0.0,0.0,Com Vítimas Feridas,Sim,Pista esburacada,Colisão frontal,Pleno dia,Céu Claro,Simples,Reta,Não,Crescente
746022,2026-01-16,sexta-feira,10:00:00,RJ,116.0,188,nova iguacu,-22.739456,-43.52852,1.0,0.0,0.0,Com Vítimas Feridas,Sim,Ausência de reação do condutor,Queda de ocupante de veículo,Pleno dia,Céu Claro,Dupla,Reta,Não,Crescente
746023,2026-01-16,sexta-feira,17:00:00,DF,60.0,"9,5",brasilia,-15.90816,-48.146088,0.0,3.0,0.0,Com Vítimas Feridas,Sim,Ausência de reação do condutor,Colisão com objeto,Pleno dia,Céu Claro,Dupla,Reta,Não,Crescente
746024,2026-01-16,sexta-feira,17:40:00,MG,40.0,476,sete lagoas,-19.519928,-44.266296,1.0,0.0,0.0,Com Vítimas Feridas,Sim,Acessar a via sem observar a presença dos outros veículos,Colisão traseira,Anoitecer,Céu Claro,Dupla,Reta;Aclive,Sim,Crescente
746025,2026-01-16,sexta-feira,18:00:00,SC,280.0,"2,7",sao francisco do sul,-26.243221,-48.61652,0.0,4.0,0.0,Com Vítimas Feridas,Não,Ultrapassagem Indevida,Colisão com objeto,Anoitecer,Garoa/Chuvisco,Simples,Interseção de Vias;Reta,Não,Decrescente
746026,2026-01-16,sexta-feira,17:55:00,BA,116.0,673,jequie,-13.868095,-40.112686,0.0,1.0,0.0,Com Vítimas Feridas,Sim,Entrada inopinada do pedestre,Atropelamento de Pedestre,Pleno dia,Céu Claro,Simples,Reta,Não,Crescente
746027,2026-01-16,sexta-feira,18:20:00,SP,116.0,202,aruja,-23.410908,-46.349712,4.0,0.0,0.0,Com Vítimas Feridas,Não,Trafegar com motocicleta (ou similar) entre as faixas,Queda de ocupante de veículo,Anoitecer,Nublado,Múltipla,Reta,Não,Decrescente
746030,2026-01-16,sexta-feira,17:40:00,SC,470.0,99,apiuna,-27.046501,-49.39289,3.0,0.0,0.0,Com Vítimas Feridas,Sim,Trafegar com motocicleta (ou similar) entre as faixas,Queda de ocupante de veículo,Pleno dia,Céu Claro,Simples,Reta,Sim,Decrescente
746031,2026-01-16,sexta-feira,18:19:00,PE,428.0,"185,2",petrolina,-9.347952,-40.47462,0.0,0.0,0.0,Sem Vítimas,Não,Reação tardia ou ineficiente do condutor,Colisão lateral mesmo sentido,Plena Noite,Céu Claro,Múltipla,Retorno Regulamentado;Reta,Sim,Decrescente
746032,2026-01-16,sexta-feira,17:50:00,RS,290.0,313,cacapava do sul,-30.350735,-53.331154,0.0,0.0,0.0,Sem Vítimas,Sim,Transitar no Acostamento,Colisão transversal,Pleno dia,Nublado,Simples,Reta,Não,Crescente
746033,2026-01-16,sexta-feira,18:30:00,RS,290.0,107,eldorado do sul,-30.002348,-51.30839,0.0,0.0,0.0,Sem Vítimas,Sim,Acessar a via sem observar a presença dos outros veículos,Colisão transversal,Anoitecer,Chuva,Dupla,Reta,Sim,Crescente
746034,2026-01-16,sexta-feira,18:58:00,SP,116.0,214,guarulhos,-23.44649,-46.452927,1.0,0.0,0.0,Com Vítimas Feridas,Sim,Reação tardia ou ineficiente do condutor,Queda de ocupante de veículo,Plena Noite,Chuva,Múltipla,Reta,Sim,Decrescente
746035,2026-01-16,sexta-feira,18:25:00,PE,423.0,61,lajedo,-8.658623,-36.331486,0.0,4.0,0.0,Com Vítimas Feridas,Não,Demais falhas mecânicas ou elétricas,Queda de ocupante de veículo,Plena Noite,Céu Claro,Simples,Reta,Sim,Crescente
746036,2026-01-16,sexta-feira,17:30:00,RJ,493.0,61,nova iguacu,-22.680103,-43.406464,2.0,0.0,0.0,Com Vítimas Feridas,Sim,Avarias e/ou desgaste excessivo no pneu,Queda de ocupante de veículo,Pleno dia,Céu Claro,Dupla,Reta,Não,Crescente
746037,2026-01-16,sexta-feira,16:30:00,PR,369.0,"452,9",corbelia,-24.58199,-53.165913,2.0,0.0,0.0,Com Vítimas Feridas,Sim,Manobra de mudança de faixa,Capotamento,Pleno dia,Céu Claro,Simples,Aclive;Curva,Não,Crescente
746038,2026-01-16,sexta-feira,18:50:00,BA,407.0,145,senhor do bonfim,-10.61846,-40.13205,4.0,4.0,0.0,Com Vítimas Feridas,Não,Ingestão de álcool pelo condutor,Colisão frontal,Plena Noite,Céu Claro,Simples,Reta,Não,Crescente
746039,2026-01-16,sexta-feira,19:00:00,SC,101.0,149,itapema,-27.109661,-48.611958,1.0,0.0,0.0,Com Vítimas Feridas,Sim,Ultrapassagem Indevida,Colisão transversal,Anoitecer,Céu Claro,Múltipla,Reta,Sim,Decrescente
746040,2026-01-16,sexta-feira,16:20:00,PE,232.0,"246,3",arcoverde,-8.421114,-37.019966,0.0,0.0,0.0,Sem Vítimas,Não,Ingestão de álcool pelo condutor,Saída de leito carroçável,Anoitecer,Sol,Simples,Declive;Interseção de Vias,Não,Decrescente
746041,2026-01-16,sexta-feira,16:05:00,AM,174.0,1010,presidente figueiredo,-1.891672,-60.068653,3.0,0.0,0.0,Com Vítimas Feridas,Sim,Pista esburacada,Colisão traseira,Pleno dia,Sol,Simples,Declive,Não,Decrescente
746042,2026-01-16,sexta-feira,19:10:00,PR,376.0,"619,3",sao jose dos pinhais,-25.611435,-49.171593,0.0,4.0,0.0,Com Vítimas Feridas,Não,Trafegar com motocicleta (ou similar) entre as faixas,Colisão frontal,Anoitecer,Ignorado,Dupla,Reta;Interseção de Vias,Sim,Crescente
746043,2026-01-16,sexta-feira,18:40:00,SC,470.0,116,ibirama,-27.078106,-49.491344,0.0,1.0,0.0,Com Vítimas Feridas,Sim,Animais na Pista,Atropelamento de Animal,Anoitecer,Céu Claro,Simples,Reta,Não,Crescente
746044,2026-01-16,sexta-feira,18:40:00,SC,470.0,"45,5",gaspar,-26.861612,-49.035427,2.0,0.0,0.0,Com Vítimas Feridas,Sim,Trafegar com motocicleta (ou similar) entre as faixas,Queda de ocupante de veículo,Pleno dia,Céu Claro,Dupla,Reta,Sim,Crescente
746045,2026-01-16,sexta-feira,19:20:00,RN,101.0,"83,7",natal,-5.7723875,-35.262604,12.0,0.0,0.0,Com Vítimas Feridas,Não,Reação tardia ou ineficiente do condutor,Colisão traseira,Plena Noite,Céu Claro,Múltipla,Reta,Sim,Crescente
746046,2026-01-16,sexta-feira,19:10:00,PR,153.0,"42,8",santo antonio da platina,-23.306862,-50.070103,1.0,0.0,0.0,Com Vítimas Feridas,Sim,Desrespeitar a preferência no cruzamento,Colisão transversal,Plena Noite,Céu Claro,Simples,Reta;Interseção de Vias,Sim,Decrescente
746048,2026-01-16,sexta-feira,14:00:00,SC,282.0,"293,6",vargem,-27.534456,-50.872276,0.0,1.0,0.0,Com Vítimas Feridas,Sim,Reação tardia ou ineficiente do condutor,Saída de leito carroçável,Pleno dia,Sol,Simples,Declive;Curva,Não,Decrescente
746049,2026-01-16,sexta-feira,17:30:00,MG,365.0,323,joao pinheiro,-18.277655,-45.898098,1.0,0.0,0.0,Com Vítimas Feridas,Sim,Acessar a via sem observar a presença dos outros veículos,Colisão transversal,Anoitecer,Céu Claro,Simples,Interseção de Vias,Não,Decrescente
746050,2026-01-16,sexta-feira,19:30:00,ES,101.0,"346,9",guarapari,-20.654045,-40.624737,2.0,0.0,0.0,Com Vítimas Feridas,Não,Acessar a via sem observar a presença dos outros veículos,Colisão traseira,Plena Noite,Nublado,Dupla,Curva,Não,Crescente
746051,2026-01-16,sexta-feira,17:21:00,MT,70.0,517,varzea grande,-15.699505,-56.16451,2.0,0.0,0.0,Com Vítimas Feridas,Sim,Transitar no Acostamento,Tombamento,Plena Noite,Céu Claro,Simples,Reta,Não,Crescente
746052,2026-01-16,sexta-feira,19:30:00,SC,101.0,117,itajai,-26.891655,-48.721188,2.0,0.0,0.0,Com Vítimas Feridas,Sim,Acessar a via sem observar a presença dos outros veículos,Colisão lateral mesmo sentido,Plena Noite,Céu Claro,Múltipla,Reta,Sim,Decrescente
746053,2026-01-16,sexta-feira,08:25:00,SC,282.0,342,campos novos,-27.390017,-51.21532,4.0,0.0,0.0,Com Vítimas Feridas,Não,Desrespeitar a preferência no cruzamento,Capotamento,Pleno dia,Céu Claro,Simples,Rotatória,Sim,Crescente
746054,2026-01-16,sexta-feira,19:00:00,MG,50.0,203,delta,-19.95918,-47.79929,1.0,0.0,0.0,Com Vítimas Feridas,Sim,Ausência de reação do condutor,Colisão traseira,Plena Noite,Nublado,Dupla,Aclive,Não,Decrescente
746055,2026-01-16,sexta-feira,20:00:00,SC,101.0,"192,2",biguacu,-27.487839,-48.65286,1.0,0.0,0.0,Com Vítimas Feridas,Sim,Acessar a via sem observar a presença dos outros veículos,Colisão lateral sentido oposto,Plena Noite,Nublado,Múltipla,Reta,Sim,Crescente
746056,2026-01-16,sexta-feira,20:00:00,RS,285.0,"454,1",ijui,-28.379358,-53.875526,1.0,0.0,0.0,Com Vítimas Feridas,Sim,Ingestão de álcool pelo condutor,Colisão com objeto,Plena Noite,Chuva,Simples,Ponte;Declive;Reta,Sim,Crescente
746057,2026-01-16,sexta-feira,19:06:00,BA,116.0,11,vitoria da conquista,-14.873107,-40.871296,4.0,0.0,0.0,Com Vítimas Feridas,Sim,Acessar a via sem observar a presença dos outros veículos,Queda de ocupante de veículo,Plena Noite,Céu Claro,Simples,Reta,Sim,Crescente
746058,2026-01-16,sexta-feira,20:10:00,ES,101.0,"298,2",viana,-20.354187,-40.416447,6.0,0.0,0.0,Com Vítimas Feridas,Sim,Reação tardia ou ineficiente do condutor,Queda de ocupante de veículo,Plena Noite,Céu Claro,Dupla,Reta,Sim,Crescente
746059,2026-01-16,sexta-feira,11:10:00,PR,153.0,"343,3",irati,-25.561033,-50.678017,0.0,0.0,1.0,Com Vítimas Fatais,Sim,Ausência de reação do condutor,Saída de leito carroçável,Pleno dia,Céu Claro,Simples,Reta,Não,Crescente
746060,2026-01-16,sexta-feira,20:45:00,SC,101.0,"209,6",sao jose,-27.61313,-48.64243,8.0,0.0,0.0,Com Vítimas Feridas,Não,Reação tardia ou ineficiente do condutor,Queda de ocupante de veículo,Plena Noite,Céu Claro,Dupla,Reta,Sim,Crescente
746062,2026-01-16,sexta-feira,19:15:00,SP,101.0,50,ubatuba,-23.457022,-45.070473,1.0,0.0,0.0,Com Vítimas Feridas,Sim,Acessar a via sem observar a presença dos outros veículos,Atropelamento de Pedestre,Plena Noite,Chuva,Simples,Reta,Sim,Crescente
746063,2026-01-16,sexta-feira,19:53:00,PE,232.0,8,recife,-8.075832,-34.970158,0.0,2.0,0.0,Com Vítimas Feridas,Sim,Manobra de mudança de faixa,Tombamento,Plena Noite,Céu Claro,Múltipla,Reta,Sim,Crescente
746064,2026-01-16,sexta-feira,20:30:00,PB,101.0,86,joao pessoa,-7.1581535,-34.90653,2.0,0.0,0.0,Com Vítimas Feridas,Sim,Ingestão de álcool pelo condutor,Queda de ocupante de veículo,Plena Noite,Céu Claro,Dupla,Interseção de Vias;Curva,Sim,Crescente
746065,2026-01-16,sexta-feira,18:05:00,RO,364.0,"420,5",jaru,-10.468257,-62.450413,0.0,20.0,0.0,Com Vítimas Feridas,Não,Frear bruscamente,Colisão frontal,Pleno dia,Céu Claro,Simples,Interseção de Vias;Reta,Não,Decrescente
746066,2026-01-16,sexta-feira,16:50:00,RJ,393.0,124,sapucaia,-21.956852,-42.84932,1.0,0.0,0.0,Com Vítimas Feridas,Sim,Ultrapassagem Indevida,Colisão frontal,Pleno dia,Céu Claro,Simples,Reta,Não,Crescente
746067,2026-01-16,sexta-feira,20:20:00,PB,104.0,130,queimadas,-7.287153,-35.889633,0.0,0.0,0.0,Sem Vítimas,Sim,Reação tardia ou ineficiente do condutor,Colisão com objeto,Plena Noite,Céu Claro,Simples,Reta,Sim,Decrescente
746068,2026-01-16,sexta-feira,17:30:00,MG,40.0,"243,9",sao goncalo do abaete,-18.09745,-45.47207,0.0,0.0,0.0,Sem Vítimas,Sim,Demais falhas mecânicas ou elétricas,Incêndio,Anoitecer,Céu Claro,Simples,Aclive;Curva,Não,Decrescente
746069,2026-01-16,sexta-feira,20:30:00,PI,343.0,"345,3",teresina,-5.106962,-42.76836,0.0,9.0,0.0,Com Vítimas Feridas,Não,Ausência de reação do condutor,Queda de ocupante de veículo,Plena Noite,Céu Claro,Simples,Interseção de Vias;Em Obras;Reta,Sim,Decrescente
746070,2026-01-16,sexta-feira,14:15:00,SC,282.0,115,alfredo wagner,-27.751354,-49.39092,24.0,12.0,0.0,Com Vítimas Feridas,Não,Condutor deixou de manter distância do veículo da frente,Colisão lateral mesmo sentido,Pleno dia,Céu Claro,Simples,Reta,Não,Crescente
746071,2026-01-16,sexta-feira,20:17:00,MT,163.0,746,sorriso,-12.598267,-55.747578,0.0,4.0,0.0,Com Vítimas Feridas,Não,Iluminação deficiente,Queda de ocupante de veículo,Plena Noite,Céu Claro,Dupla,Rotatória,Não,Decrescente
746072,2026-01-16,sexta-feira,21:38:00,PE,428.0,"189,8",petrolina,-9.377801,-40.504402,6.0,0.0,0.0,Com Vítimas Feridas,Sim,Condutor desrespeitou a iluminação vermelha do semáforo,Tombamento,Plena Noite,Céu Claro,Dupla,Reta,Não,Crescente
746073,2026-01-16,sexta-feira,18:16:00,RO,425.0,127,guajara-mirim,-10.77684,-65.32956,0.0,4.0,0.0,Com Vítimas Feridas,Não,Ausência de reação do condutor,Queda de ocupante de veículo,Anoitecer,Céu Claro,Dupla,Interseção de Vias,Sim,Crescente
746074,2026-01-16,sexta-feira,20:50:00,MG,116.0,"507,2",ubaporanga,-19.624176,-42.106274,3.0,3.0,0.0,Com Vítimas Feridas,Sim,Transitar na contramão,Tombamento,Plena Noite,Céu Claro,Simples,Reta;Interseção de Vias,Sim,Decrescente
746075,2026-01-16,sexta-feira,11:55:00,MG,146.0,428,muzambinho,-21.38876,-46.447643,0.0,1.0,0.0,Com Vítimas Feridas,Sim,Pedestre andava na pista,Atropelamento de Pedestre,Pleno dia,Céu Claro,Simples,Declive;Reta,Não,Crescente