id,data_inversa,dia_semana,horario,uf,br,km,municipio,latitude,longitude,feridos_leves,feridos_graves,mortos,classificacao_acidente,causa_principal,causa_acidente,tipo_acidente,fase_dia,condicao_metereologica,tipo_pista,tracado_via,uso_solo,sentido_via
746547,2026-01-18,domingo,18:30:00,RR,174.0,485,boa vista,2.7223,-60.8217,4.0,0.0,0.0,Com Vítimas Feridas,Sim,Demais falhas mecânicas ou elétricas,Queda de ocupante de veículo,Plena Noite,Céu Claro,Simples,Reta,Não,Crescente
746548,2026-01-18,domingo,20:00:00,PE,101.0,50,abreu e lima,-7.915633,-34.89829,4.0,0.0,0.0,Com Vítimas Feridas,Sim,Manobra de mudança de faixa,Queda de ocupante de veículo,Plena Noite,Céu Claro,Múltipla,Reta,Sim,Crescente
746549,2026-01-18,domingo,19:30:00,RN,226.0,41,macaiba,-5.936951,-35.549248,18.0,0.0,0.0,Com Vítimas Feridas,Não,Ausência de reação do condutor,Queda de ocupante de veículo,Plena Noite,Céu Claro,Simples,Reta,Não,Crescente
746550,2026-01-18,domingo,20:20:00,RJ,101.0,269,rio bonito,-22.713604,-42.675022,1.0,0.0,0.0,Com Vítimas Feridas,Sim,Trafegar com motocicleta (ou similar) entre as faixas,Colisão lateral mesmo sentido,Plena Noite,Céu Claro,Dupla,Reta,Sim,Crescente
746551,2026-01-18,domingo,20:00:00,MG,40.0,769,juiz de fora,-21.63276,-43.44335,0.0,1.0,0.0,Com Vítimas Feridas,Sim,Ausência de reação do condutor,Colisão transversal,Plena Noite,Nublado,Simples,Interseção de Vias,Não,Crescente
746552,2026-01-18,domingo,20:35:00,RJ,101.0,81,campos dos goytacazes,-21.832123,-41.447746,1.0,0.0,0.0,Com Vítimas Feridas,Sim,Pedestre andava na pista,Atropelamento de Pedestre,Plena Noite,Céu Claro,Simples,Reta,Não,Decrescente
746553,2026-01-18,domingo,19:46:00,MG,116.0,"479,2",dom cavati,-19.38015,-42.11093,0.0,6.0,0.0,Com Vítimas Feridas,Não,Ausência de reação do condutor,Queda de ocupante de veículo,Plena Noite,Céu Claro,Simples,Reta,Sim,Decrescente
746554,2026-01-18,domingo,19:20:00,PI,343.0,138,piracuruca,-3.9128942,-41.712856,2.0,2.0,0.0,Com Vítimas Feridas,Sim,Condutor Dormindo,Tombamento,Plena Noite,Nublado,Simples,Reta,Não,Crescente
746555,2026-01-18,domingo,17:15:00,RJ,116.0,215,paracambi,-22.693537,-43.782146,0.0,0.0,3.0,Com Vítimas Fatais,Sim,Reação tardia ou ineficiente do condutor,Tombamento,Pleno dia,Nublado,Dupla,Reta,Não,Decrescente
746556,2026-01-18,domingo,13:30:00,PR,376.0,154,mandaguacu,-23.338203,-52.100338,1.0,0.0,0.0,Com Vítimas Feridas,Sim,Ingestão de álcool pelo condutor,Queda de ocupante de veículo,Pleno dia,Céu Claro,Dupla,Curva,Sim,Crescente
746557,2026-01-18,domingo,19:30:00,PR,376.0,86,paranavai,-22.976385,-52.60589,4.0,0.0,0.0,Com Vítimas Feridas,Não,Ingestão de álcool pelo condutor,Queda de ocupante de veículo,Pleno dia,Céu Claro,Simples,Curva,Sim,Decrescente
746558,2026-01-18,domingo,16:38:00,RR,174.0,171,rorainopolis,0.579895,-60.46134,18.0,27.0,0.0,Com Vítimas Feridas,Sim,Acessar a via sem observar a presença dos outros veículos,Queda de ocupante de veículo,Pleno dia,Nublado,Simples,Reta,Sim,Crescente
746559,2026-01-18,domingo,17:45:00,MG,251.0,"424,5",grao mogol,-16.220419,-42.863632,0.0,0.0,0.0,Sem Vítimas,Sim,Demais falhas mecânicas ou elétricas,Colisão com objeto,Pleno dia,Céu Claro,Simples,Reta,Não,Crescente
746560,2026-01-18,domingo,19:15:00,SC,280.0,"57,5",guaramirim,-26.474,-49.02,1.0,0.0,0.0,Com Vítimas Feridas,Sim,Reação tardia ou ineficiente do condutor,Colisão com objeto,Plena Noite,Chuva,Dupla,Rotatória,Sim,Decrescente
746561,2026-01-18,domingo,21:20:00,ES,101.0,"144,4",linhares,-19.356134,-40.0636,4.0,0.0,0.0,Com Vítimas Feridas,Sim,Animais na Pista,Queda de ocupante de veículo,Plena Noite,Céu Claro,Dupla,Reta,Sim,Crescente
746562,2026-01-18,domingo,15:10:00,MG,116.0,"606,9",sao joao do manhuacu,-20.393332,-42.14766,1.0,0.0,0.0,Com Vítimas Feridas,Sim,Reação tardia ou ineficiente do condutor,Colisão transversal,Pleno dia,Céu Claro,Simples,Interseção de Vias,Sim,Crescente
746563,2026-01-18,domingo,16:05:00,PR,376.0,"42,6",nova londrina,-22.837795,-52.98671,0.0,6.0,0.0,Com Vítimas Feridas,Não,Chuva,Colisão com objeto,Pleno dia,Nublado,Simples,Reta,Não,Decrescente
746564,2026-01-18,domingo,19:40:00,MT,174.0,486,comodoro,-13.659826,-59.793655,2.0,0.0,0.0,Com Vítimas Feridas,Não,Pedestre - Ingestão de álcool/ substâncias psicoativas,Atropelamento de Pedestre,Plena Noite,Céu Claro,Simples,Reta,Sim,Crescente
746565,2026-01-18,domingo,16:50:00,AM,319.0,726,humaita,-7.890972,-63.2848,0.0,2.0,0.0,Com Vítimas Feridas,Sim,Ausência de reação do condutor,Queda de ocupante de veículo,Pleno dia,Céu Claro,Simples,Reta,Não,Decrescente
746566,2026-01-18,domingo,21:20:00,RJ,116.0,112,guapimirim,-22.560854,-42.996468,2.0,0.0,0.0,Com Vítimas Feridas,Sim,Velocidade Incompatível,Atropelamento de Pedestre,Plena Noite,Céu Claro,Simples,Reta,Sim,Decrescente
746567,2026-01-18,domingo,20:50:00,MG,381.0,"148,3",governador valadares,-18.856577,-41.9841,2.0,4.0,0.0,Com Vítimas Feridas,Sim,Ingestão de álcool pelo condutor,Tombamento,Plena Noite,Nublado,Simples,Reta,Não,Crescente
746568,2026-01-18,domingo,20:50:00,RS,290.0,"46,5",glorinha,-29.893358,-50.726402,0.0,0.0,0.0,Sem Vítimas,Não,Ingestão de álcool pelo condutor,Tombamento,Plena Noite,Céu Claro,Dupla,Reta,Não,Crescente
746569,2026-01-18,domingo,20:30:00,RJ,101.0,588,paraty,-23.174845,-44.710182,1.0,0.0,0.0,Com Vítimas Feridas,Sim,Ingestão de álcool pelo condutor,Tombamento,Plena Noite,Chuva,Simples,Reta,Não,Decrescente
746570,2026-01-18,domingo,18:40:00,PI,343.0,334,teresina,-5.057917,-42.689346,0.0,2.0,0.0,Com Vítimas Feridas,Sim,Ingestão de álcool pelo condutor,Queda de ocupante de veículo,Plena Noite,Garoa/Chuvisco,Dupla,Reta,Não,Decrescente
746571,2026-01-18,domingo,20:45:00,PB,230.0,117,inga,-7.2407856,-35.62113,0.0,0.0,0.0,Sem Vítimas,Sim,Acessar a via sem observar a presença dos outros veículos,Saída de leito carroçável,Plena Noite,Céu Claro,Dupla,Reta,Não,Decrescente
746572,2026-01-18,domingo,19:25:00,PI,316.0,317,picos,-7.0851355,-41.408756,0.0,9.0,0.0,Com Vítimas Feridas,Não,Reação tardia ou ineficiente do condutor,Tombamento,Plena Noite,Céu Claro,Simples,Reta,Sim,Decrescente
746573,2026-01-18,domingo,21:30:00,BA,101.0,254,conceicao do almeida,-12.9169235,-39.24488,0.0,0.0,1.0,Com Vítimas Fatais,Sim,Ingestão de álcool pelo condutor,Colisão traseira,Plena Noite,Céu Claro,Simples,Aclive;Reta,Não,Decrescente
746574,2026-01-18,domingo,22:10:00,SC,101.0,288,imbituba,-28.26848,-48.70074,0.0,2.0,0.0,Com Vítimas Feridas,Sim,Desrespeitar a preferência no cruzamento,Tombamento,Plena Noite,Chuva,Dupla,Rotatória,Não,Decrescente
746575,2026-01-18,domingo,21:50:00,BA,101.0,366,gandu,-13.743997,-39.482872,8.0,0.0,0.0,Com Vítimas Feridas,Não,Transitar na contramão,Saída de leito carroçável,Plena Noite,Nublado,Simples,Reta,Sim,Decrescente
746576,2026-01-18,domingo,22:49:00,ES,101.0,129,sooretama,-19.221903,-40.093685,0.0,6.0,0.0,Com Vítimas Feridas,Não,Reação tardia ou ineficiente do condutor,Queda de ocupante de veículo,Plena Noite,Céu Claro,Simples,Reta,Não,Decrescente
746577,2026-01-18,domingo,22:00:00,SC,101.0,117,itajai,-26.893848,-48.720337,0.0,0.0,0.0,Sem Vítimas,Sim,Ingestão de álcool pelo condutor,Colisão traseira,Plena Noite,Chuva,Múltipla,Reta,Sim,Crescente
746578,2026-01-18,domingo,22:00:00,MT,364.0,"251,7",juscimeira,-16.109526,-54.86087,0.0,3.0,0.0,Com Vítimas Feridas,Sim,Reação tardia ou ineficiente do condutor,Saída de leito carroçável,Plena Noite,Nublado,Dupla,Declive;Reta,Não,Crescente
746579,2026-01-18,domingo,20:00:00,RO,364.0,417,jaru,-10.488,-62.431,8.0,0.0,0.0,Com Vítimas Feridas,Não,Iluminação deficiente,Queda de ocupante de veículo,Plena Noite,Céu Claro,Simples,Curva;Declive,Não,Decrescente
746580,2026-01-18,domingo,21:40:00,DF,70.0,"3,3",brasilia,-15.801727,-48.084225,4.0,0.0,0.0,Com Vítimas Feridas,Não,Acesso irregular,Saída de leito carroçável,Plena Noite,Nevoeiro/Neblina,Dupla,Reta,Sim,Crescente
746582,2026-01-18,domingo,22:00:00,PB,230.0,"196,6",pocinhos,-7.1165533,-36.20303,1.0,0.0,0.0,Com Vítimas Feridas,Sim,Ausência de reação do condutor,Saída de leito carroçável,Plena Noite,Céu Claro,Simples,Reta,Não,Crescente
746583,2026-01-18,domingo,22:40:00,RS,116.0,57,vacaria,-28.616446,-51.04216,1.0,0.0,0.0,Com Vítimas Feridas,Sim,Ausência de reação do condutor,Colisão lateral sentido oposto,Plena Noite,Céu Claro,Simples,Curva,Não,Crescente
746584,2026-01-18,domingo,23:25:00,RN,406.0,149,ceara-mirim,-5.648411,-35.442345,0.0,2.0,0.0,Com Vítimas Feridas,Sim,Ausência de reação do condutor,Colisão traseira,Plena Noite,Céu Claro,Simples,Reta,Sim,Decrescente
746585,2026-01-18,domingo,23:30:00,SP,101.0,"51,5",ubatuba,-23.459782,-45.067497,3.0,0.0,0.0,Com Vítimas Feridas,Sim,Retorno proibido,Queda de ocupante de veículo,Plena Noite,Céu Claro,Simples,Reta,Sim,Decrescente
746587,2026-01-18,domingo,22:10:00,MS,163.0,344,rio brilhante,-21.64357,-54.42294,0.0,0.0,0.0,Sem Vítimas,Sim,Ausência de reação do condutor,Colisão com objeto,Plena Noite,Céu Claro,Simples,Ponte,Sim,Decrescente
746588,2026-01-18,domingo,22:15:00,SC,470.0,"145,1",rio do sul,-27.2326,-49.67287,0.0,0.0,0.0,Sem Vítimas,Não,Condutor deixou de manter distância do veículo da frente,Colisão traseira,Plena Noite,Nublado,Simples,Interseção de Vias;Curva,Sim,Crescente
746589,2026-01-18,domingo,23:30:00,SP,488.0,2,aparecida,-22.851282,-45.238476,1.0,0.0,0.0,Com Vítimas Feridas,Sim,Reação tardia ou ineficiente do condutor,Colisão lateral mesmo sentido,Plena Noite,Céu Claro,Dupla,Reta,Não,Crescente
746591,2026-01-18,domingo,22:30:00,SC,101.0,142,balneario camboriu,-27.053038,-48.600292,1.0,0.0,0.0,Com Vítimas Feridas,Sim,Chuva,Capotamento,Plena Noite,Chuva,Simples,Curva;Declive,Não,Crescente
746592,2026-01-19,segunda-feira,00:03:00,MG,40.0,"392,3",curvelo,-18.968798,-44.67473,4.0,0.0,0.0,Com Vítimas Feridas,Não,Reação tardia ou ineficiente do condutor,Saída de leito carroçável,Plena Noite,Chuva,Simples,Reta,Não,Crescente
746593,2026-01-19,segunda-feira,00:04:00,PE,101.0,"68,5",recife,-8.049976,-34.9456,0.0,2.0,0.0,Com Vítimas Feridas,Sim,Ausência de reação do condutor,Queda de ocupante de veículo,Plena Noite,Céu Claro,Dupla,Reta,Sim,Crescente
746594,2026-01-19,segunda-feira,00:05:00,SP,101.0,"23,2",ubatuba,-23.343702,-44.93985,1.0,0.0,0.0,Com Vítimas Feridas,Sim,Ausência de reação do condutor,Tombamento,Plena Noite,Nublado,Simples,Reta,Sim,Decrescente
746595,2026-01-18,domingo,23:40:00,MG,381.0,"157,7",governador valadares,-18.923262,-42.02382,0.0,1.0,0.0,Com Vítimas Feridas,Sim,Condutor usando celular,Saída de leito carroçável,Plena Noite,Céu Claro,Simples,Curva,Não,Decrescente
746596,2026-01-19,segunda-feira,00:05:00,CE,116.0,"473,9",milagres,-7.294552,-38.87416,0.0,0.0,0.0,Sem Vítimas,Sim,Acessar a via sem observar a presença dos outros veículos,Colisão transversal,Plena Noite,Céu Claro,Simples,Reta,Não,Crescente
746597,2026-01-18,domingo,21:00:00,RJ,465.0,19,nova iguacu,-22.841038,-43.60928,2.0,0.0,0.0,Com Vítimas Feridas,Sim,Conversão proibida,Queda de ocupante de veículo,Plena Noite,Céu Claro,Simples,Reta,Sim,Crescente
746598,2026-01-18,domingo,23:15:00,MT,364.0,207,rondonopolis,-16.43698,-54.68171,2.0,0.0,0.0,Com Vítimas Feridas,Sim,Acessar a via sem observar a presença dos outros veículos,Saída de leito carroçável,Plena Noite,Céu Claro,Dupla,Interseção de Vias;Reta,Sim,Decrescente
746599,2026-01-18,domingo,22:50:00,RS,116.0,"392,6",camaqua,-30.836885,-51.739147,4.0,0.0,0.0,Com Vítimas Feridas,Não,Velocidade Incompatível,Capotamento,Plena Noite,Chuva,Dupla,Reta,Sim,Decrescente
746600,2026-01-18,domingo,23:30:00,SE,101.0,79,laranjeiras,-10.807677,-37.140656,0.0,0.0,0.0,Sem Vítimas,Sim,Ingestão de álcool pelo condutor,Colisão traseira,Plena Noite,Céu Claro,Dupla,Reta,Não,Crescente
746601,2026-01-19,segunda-feira,01:30:00,SP,381.0,18,braganca paulista,-22.963633,-46.483128,2.0,2.0,0.0,Com Vítimas Feridas,Sim,Ausência de reação do condutor,Colisão traseira,Plena Noite,Chuva,Múltipla,Declive;Reta,Não,Decrescente
746602,2026-01-19,segunda-feira,00:45:00,MG,116.0,529,caratinga,-19.806578,-42.13512,6.0,0.0,0.0,Com Vítimas Feridas,Não,Ingestão de álcool pelo condutor,Queda de ocupante de veículo,Plena Noite,Céu Claro,Simples,Reta,Sim,Decrescente
746603,2026-01-19,segunda-feira,02:12:00,RS,116.0,270,porto alegre,-29.970667,-51.176487,12.0,0.0,0.0,Com Vítimas Feridas,Não,Reação tardia ou ineficiente do condutor,Capotamento,Plena Noite,Nublado,Dupla,Reta,Não,Decrescente
746604,2026-01-19,segunda-feira,01:20:00,PB,230.0,"7,2",cabedelo,-7.029024,-34.839966,1.0,0.0,0.0,Com Vítimas Feridas,Sim,Ingestão de álcool pelo condutor,Colisão traseira,Plena Noite,Céu Claro,Múltipla,Reta,Sim,Crescente
746605,2026-01-18,domingo,23:45:00,SC,282.0,"620,3",iraceminha,-26.80291,-53.31177,0.0,0.0,3.0,Com Vítimas Fatais,Sim,Condutor Dormindo,Queda de ocupante de veículo,Plena Noite,Ignorado,Simples,Curva;Aclive,Não,Decrescente
746606,2026-01-19,segunda-feira,02:00:00,PE,104.0,48,caruaru,-8.133142,-35.991848,0.0,1.0,1.0,Com Vítimas Fatais,Sim,Transitar na contramão,Queda de ocupante de veículo,Plena Noite,Nublado,Dupla,Reta,Não,Decrescente
746607,2026-01-18,domingo,23:59:00,RS,290.0,"84,5",cachoeirinha,-29.96449,-51.098927,1.0,0.0,0.0,Com Vítimas Feridas,Sim,Reação tardia ou ineficiente do condutor,Colisão com objeto,Plena Noite,Céu Claro,Múltipla,Reta,Não,Crescente
746608,2026-01-18,domingo,23:00:00,AC,317.0,287,epitaciolandia,-10.969943,-68.616714,0.0,3.0,0.0,Com Vítimas Feridas,Sim,Animais na Pista,Queda de ocupante de veículo,Plena Noite,Nublado,Simples,Declive,Não,Decrescente
746609,2026-01-19,segunda-feira,01:00:00,PR,116.0,57,campina grande do sul,-25.289207,-48.9341,0.0,0.0,0.0,Sem Vítimas,Sim,Demais falhas mecânicas ou elétricas,Incêndio,Plena Noite,Nublado,Dupla,Reta,Não,Crescente
746610,2026-01-19,segunda-feira,02:50:00,RJ,493.0,28,mage,-22.659447,-43.091244,2.0,0.0,0.0,Com Vítimas Feridas,Sim,Animais na Pista,Atropelamento de Animal,Plena Noite,Céu Claro,Simples,Reta,Não,Decrescente
746611,2026-01-18,domingo,22:17:00,RN,304.0,226,caicara do rio do vento,-5.7566843,-35.9646,0.0,0.0,0.0,Sem Vítimas,Sim,Transitar na contramão,Colisão lateral mesmo sentido,Plena Noite,Céu Claro,Simples,Reta,Não,Crescente
746612,2026-01-19,segunda-feira,01:00:00,GO,153.0,"169,5",campinorte,-14.26181,-49.142776,0.0,0.0,0.0,Sem Vítimas,Sim,Demais falhas mecânicas ou elétricas,Incêndio,Plena Noite,Nublado,Simples,Reta,Não,Decrescente
746614,2026-01-19,segunda-feira,03:30:00,SC,101.0,41,joinville,-26.316938,-48.873062,0.0,0.0,0.0,Sem Vítimas,Sim,Velocidade Incompatível,Colisão com objeto,Plena Noite,Chuva,Dupla,Curva,Sim,Decrescente
746615,2026-01-19,segunda-feira,03:45:00,MG,381.0,330,nova era,-19.78606,-43.04541,1.0,0.0,0.0,Com Vítimas Feridas,Sim,Condutor Dormindo,Capotamento,Plena Noite,Garoa/Chuvisco,Simples,Aclive;Curva,Não,Crescente
746616,2026-01-19,segunda-feira,04:15:00,MA,316.0,260,santa ines,-3.66973,-45.395123,0.0,0.0,0.0,Sem Vítimas,Sim,Reação tardia ou ineficiente do condutor,Colisão traseira,Plena Noite,Chuva,Simples,Reta,Sim,Crescente
746617,2026-01-19,segunda-feira,04:30:00,ES,262.0,118,conceicao do castelo,-20.308147,-41.24052,2.0,0.0,0.0,Com Vítimas Feridas,Sim,Demais Fenômenos da natureza,Colisão com objeto,Amanhecer,Nublado,Simples,Curva,Não,Decrescente
746618,2026-01-19,segunda-feira,04:20:00,BA,101.0,"528,3",buerarema,-14.978842,-39.3315,0.0,3.0,1.0,Com Vítimas Fatais,Sim,Animais na Pista,Atropelamento de Animal,Plena Noite,Céu Claro,Simples,Reta,Não,Crescente
746619,2026-01-19,segunda-feira,00:30:00,RJ,101.0,226,silva jardim,-22.574839,-42.379383,2.0,0.0,0.0,Com Vítimas Feridas,Sim,Mal súbito do condutor,Saída de leito carroçável,Plena Noite,Nublado,Dupla,Reta,Não,Crescente
746620,2026-01-18,domingo,20:10:00,BA,116.0,21,vitoria da conquista,-14.882665,-40.806747,2.0,0.0,0.0,Com Vítimas Feridas,Sim,Velocidade Incompatível,Colisão lateral mesmo sentido,Plena Noite,Céu Claro,Simples,Reta,Não,Decrescente
746621,2026-01-19,segunda-feira,05:50:00,PR,277.0,731,foz do iguacu,-25.508799,-54.592953,2.0,2.0,0.0,Com Vítimas Feridas,Sim,Reação tardia ou ineficiente do condutor,Queda de ocupante de veículo,Pleno dia,Céu Claro,Dupla,Curva;Declive,Sim,Crescente
746622,2026-01-19,segunda-feira,05:24:00,PI,343.0,"334,9",teresina,-5.058351,-42.68984,4.0,4.0,0.0,Com Vítimas Feridas,Não,Chuva,Queda de ocupante de veículo,Amanhecer,Chuva,Dupla,Retorno Regulamentado;Reta,Sim,Crescente
746623,2026-01-19,segunda-feira,04:10:00,MS,158.0,97,paranaiba,-19.696716,-51.175552,0.0,0.0,0.0,Sem Vítimas,Sim,Ingestão de álcool pelo condutor,Saída de leito carroçável,Amanhecer,Nublado,Dupla,Reta,Sim,Decrescente
746624,2026-01-18,domingo,10:00:00,RS,386.0,409,triunfo,-29.801147,-51.515068,1.0,0.0,0.0,Com Vítimas Feridas,Sim,Demais falhas na via,Colisão com objeto,Pleno dia,Chuva,Dupla,Reta,Não,Crescente
746625,2026-01-19,segunda-feira,05:30:00,AL,101.0,244,porto real do colegio,-10.171183,-36.822216,1.0,0.0,0.0,Com Vítimas Feridas,Sim,Animais na Pista,Atropelamento de Animal,Pleno dia,Nublado,Dupla,Reta,Não,Crescente
746626,2026-01-19,segunda-feira,05:00:00,MT,174.0,36,vila bela da santissima trindade,-15.156693,-59.579086,3.0,0.0,0.0,Com Vítimas Feridas,Sim,Animais na Pista,Queda de ocupante de veículo,Amanhecer,Nevoeiro/Neblina,Simples,Reta,Não,Decrescente
746627,2026-01-19,segunda-feira,04:00:00,MG,365.0,155,pirapora,-17.31034,-44.89496,2.0,0.0,0.0,Com Vítimas Feridas,Sim,Acesso irregular,Colisão transversal,Amanhecer,Nublado,Simples,Reta,Não,Decrescente
746628,2026-01-19,segunda-feira,07:15:00,PE,101.0,70,recife,-8.072048,-34.94276,2.0,0.0,0.0,Com Vítimas Feridas,Não,Manobra de mudança de faixa,Colisão lateral mesmo sentido,Pleno dia,Céu Claro,Múltipla,Reta,Sim,Decrescente
746630,2026-01-19,segunda-feira,06:10:00,GO,60.0,"16,8",alexania,-16.117678,-48.373352,1.0,0.0,0.0,Com Vítimas Feridas,Sim,Reação tardia ou ineficiente do condutor,Colisão traseira,Pleno dia,Céu Claro,Dupla,Reta;Aclive,Não,Decrescente
746631,2026-01-19,segunda-feira,07:00:00,MG,381.0,326,nova era,-19.774,-43.045,1.0,0.0,0.0,Com Vítimas Feridas,Sim,Acessar a via sem observar a presença dos outros veículos,Colisão transversal,Pleno dia,Nublado,Simples,Interseção de Vias;Reta,Não,Crescente
746632,2026-01-19,segunda-feira,07:40:00,SC,101.0,22,joinville,-26.16404,-48.9071,0.0,1.0,0.0,Com Vítimas Feridas,Sim,Trafegar com motocicleta (ou similar) entre as faixas,Tombamento,Pleno dia,Nublado,Dupla,Reta,Não,Crescente
746633,2026-01-18,domingo,22:30:00,MT,364.0,521,rosario oeste,-15.006648,-56.516212,1.0,0.0,0.0,Com Vítimas Feridas,Sim,Ausência de reação do condutor,Colisão traseira,Plena Noite,Céu Claro,Simples,Reta,Não,Decrescente
746634,2026-01-19,segunda-feira,07:20:00,MG,40.0,549,belo horizonte,-19.966427,-43.94326,0.0,3.0,0.0,Com Vítimas Feridas,Sim,Condutor deixou de manter distância do veículo da frente,Queda de ocupante de veículo,Pleno dia,Garoa/Chuvisco,Dupla,Reta,Não,Crescente
746635,2026-01-18,domingo,18:30:00,PR,476.0,315,paulo frontin,-26.059566,-50.716496,1.0,0.0,0.0,Com Vítimas Feridas,Sim,Chuva,Saída de leito carroçável,Anoitecer,Céu Claro,Simples,Reta,Não,Crescente
746636,2026-01-19,segunda-feira,07:45:00,RJ,40.0,48,petropolis,-22.282486,-43.119293,1.0,0.0,0.0,Com Vítimas Feridas,Sim,Velocidade Incompatível,Colisão com objeto,Pleno dia,Chuva,Dupla,Curva,Não,Decrescente
746637,2026-01-19,segunda-feira,07:20:00,SC,280.0,231,canoinhas,-26.188847,-50.37048,0.0,1.0,0.0,Com Vítimas Feridas,Sim,Entrada inopinada do pedestre,Atropelamento de Pedestre,Pleno dia,Céu Claro,Simples,Reta,Sim,Decrescente
746638,2026-01-19,segunda-feira,07:51:00,BA,367.0,29,porto seguro,-16.415339,-39.119053,1.0,0.0,0.0,Com Vítimas Feridas,Sim,Acessar a via sem observar a presença dos outros veículos,Colisão transversal,Pleno dia,Céu Claro,Simples,Reta;Interseção de Vias,Não,Crescente
746639,2026-01-18,domingo,23:00:00,GO,60.0,"256,4",indiara,-17.153715,-50.023678,0.0,3.0,0.0,Com Vítimas Feridas,Sim,Ausência de reação do condutor,Tombamento,Plena Noite,Céu Claro,Dupla,Reta,Não,Decrescente
746640,2026-01-19,segunda-feira,08:10:00,PR,277.0,38,morretes,-25.575054,-48.852757,2.0,0.0,0.0,Com Vítimas Feridas,Sim,Reação tardia ou ineficiente do condutor,Capotamento,Pleno dia,Chuva,Dupla,Aclive;Curva,Não,Crescente
746641,2026-01-19,segunda-feira,08:05:00,PR,116.0,51,campina grande do sul,-25.243967,-48.90223,2.0,0.0,0.0,Com Vítimas Feridas,Sim,Velocidade Incompatível,Colisão com objeto,Pleno dia,Chuva,Dupla,Curva,Não,Decrescente
746643,2026-01-19,segunda-feira,07:50:00,SC,470.0,51,blumenau,-26.863008,-49.082253,3.0,0.0,0.0,Com Vítimas Feridas,Sim,Acessar a via sem observar a presença dos outros veículos,Queda de ocupante de veículo,Pleno dia,Céu Claro,Simples,Interseção de Vias;Viaduto;Reta,Sim,Decrescente
746644,2026-01-19,segunda-feira,07:30:00,RS,290.0,101,porto alegre,-29.990093,-51.266075,3.0,0.0,0.0,Com Vítimas Feridas,Sim,Reação tardia ou ineficiente do condutor,Queda de ocupante de veículo,Pleno dia,Nublado,Dupla,Reta;Aclive,Sim,Crescente
746646,2026-01-19,segunda-feira,08:00:00,PE,101.0,69,recife,-8.05958,-34.94576,3.0,0.0,0.0,Com Vítimas Feridas,Sim,Ausência de reação do condutor,Queda de ocupante de veículo,Pleno dia,Céu Claro,Dupla,Reta,Sim,Decrescente
746647,2026-01-19,segunda-feira,07:15:00,MG,381.0,"502,4",betim,-20.01952,-44.22817,3.0,0.0,0.0,Com Vítimas Feridas,Sim,Manobra de mudança de faixa,Tombamento,Pleno dia,Céu Claro,Dupla,Declive;Curva,Não,Crescente
746648,2026-01-19,segunda-feira,06:40:00,MA,135.0,49,bacabeira,-2.954843,-44.324234,8.0,0.0,0.0,Com Vítimas Feridas,Não,Pista Escorregadia,Saída de leito carroçável,Pleno dia,Chuva,Dupla,Reta,Não,Decrescente
746649,2026-01-19,segunda-feira,08:30:00,PR,116.0,110,curitiba,-25.560558,-49.263725,0.0,2.0,0.0,Com Vítimas Feridas,Não,Manobra de mudança de faixa,Colisão lateral mesmo sentido,Pleno dia,Nublado,Dupla,Reta,Sim,Crescente
746650,2026-01-19,segunda-feira,08:15:00,GO,60.0,"109,5",goianapolis,-16.449154,-49.027813,2.0,0.0,0.0,Com Vítimas Feridas,Sim,Reação tardia ou ineficiente do condutor,Tombamento,Pleno dia,Nublado,Dupla,Reta,Não,Crescente
746651,2026-01-19,segunda-feira,08:58:00,PB,230.0,"22,7",joao pessoa,-7.1644,-34.8634,0.0,3.0,0.0,Com Vítimas Feridas,Sim,Condutor deixou de manter distância do veículo da frente,Queda de ocupante de veículo,Pleno dia,Sol,Dupla,Reta,Sim,Decrescente
746652,2026-01-19,segunda-feira,08:05:00,SC,101.0,"148,6",itapema,-27.11048,-48.611755,0.0,1.0,0.0,Com Vítimas Feridas,Sim,Demais falhas mecânicas ou elétricas,Tombamento,Pleno dia,Céu Claro,Dupla,Reta,Sim,Crescente
746654,2026-01-19,segunda-feira,08:30:00,SC,282.0,2,florianopolis,-27.60349,-48.58791,3.0,0.0,0.0,Com Vítimas Feridas,Sim,Condutor deixou de manter distância do veículo da frente,Queda de ocupante de veículo,Pleno dia,Nublado,Múltipla,Reta,Sim,Decrescente
746655,2026-01-19,segunda-feira,09:10:00,RJ,101.0,293,itaborai,-22.754639,-42.89062,0.0,0.0,0.0,Sem Vítimas,Sim,Manobra de mudança de faixa,Colisão lateral mesmo sentido,Pleno dia,Sol,Dupla,Retorno Regulamentado,Sim,Decrescente
746656,2026-01-19,segunda-feira,07:50:00,MA,135.0,0,sao luis,-2.67469,-44.29586,6.0,0.0,0.0,Com Vítimas Feridas,Sim,Chuva,Tombamento,Pleno dia,Chuva,Dupla,Curva,Não,Decrescente
746657,2026-01-19,segunda-feira,07:45:00,PR,277.0,"725,7",foz do iguacu,-25.5061,-54.5439,1.0,0.0,0.0,Com Vítimas Feridas,Sim,Reação tardia ou ineficiente do condutor,Colisão traseira,Pleno dia,Sol,Dupla,Reta,Sim,Crescente