id,data_inversa,dia_semana,horario,uf,br,km,municipio,latitude,longitude,feridos_leves,feridos_graves,mortos,classificacao_acidente,causa_principal,causa_acidente,tipo_acidente,fase_dia,condicao_metereologica,tipo_pista,tracado_via,uso_solo,sentido_via
746658,2026-01-19,segunda-feira,09:20:00,PR,116.0,"25,5",campina grande do sul,-25.108295,-48.819336,4.0,0.0,0.0,Com Vítimas Feridas,Não,Acumulo de água sobre o pavimento,Colisão com objeto,Pleno dia,Chuva,Simples,Curva,Não,Decrescente
746659,2026-01-10,sábado,17:00:00,MT,70.0,523,varzea grande,-15.655473,-56.190105,1.0,0.0,0.0,Com Vítimas Feridas,Sim,Acesso irregular,Colisão transversal,Pleno dia,Céu Claro,Simples,Reta,Sim,Decrescente
746660,2026-01-19,segunda-feira,06:16:00,RO,435.0,"49,7",vilhena,-12.970608,-60.399765,0.0,0.0,0.0,Sem Vítimas,Não,Demais falhas na via,Colisão com objeto,Amanhecer,Céu Claro,Simples,Declive;Reta,Não,Crescente
746661,2026-01-19,segunda-feira,07:50:00,SC,116.0,"98,9",monte castelo,-26.704094,-50.29239,6.0,0.0,0.0,Com Vítimas Feridas,Não,Velocidade Incompatível,Capotamento,Pleno dia,Céu Claro,Simples,Interseção de Vias;Reta,Não,Decrescente
746662,2026-01-19,segunda-feira,09:10:00,SC,470.0,140,rio do sul,-27.202362,-49.633442,2.0,0.0,0.0,Com Vítimas Feridas,Sim,Acumulo de óleo sobre o pavimento,Queda de ocupante de veículo,Pleno dia,Céu Claro,Simples,Retorno Regulamentado,Sim,Decrescente
746663,2026-01-19,segunda-feira,08:40:00,PI,316.0,"6,2",teresina,-5.149137,-42.7738,0.0,0.0,1.0,Com Vítimas Fatais,Sim,Entrada inopinada do pedestre,Atropelamento de Pedestre,Pleno dia,Nublado,Múltipla,Reta,Sim,Crescente
746664,2026-01-11,domingo,11:40:00,MG,381.0,"497,3",betim,-19.983076,-44.201977,3.0,0.0,0.0,Com Vítimas Feridas,Sim,Condutor deixou de manter distância do veículo da frente,Queda de ocupante de veículo,Pleno dia,Céu Claro,Múltipla,Reta;Declive,Sim,Crescente
746665,2026-01-19,segunda-feira,09:30:00,RJ,393.0,272,barra do pirai,-22.478199,-43.98323,1.0,0.0,0.0,Com Vítimas Feridas,Sim,Demais falhas mecânicas ou elétricas,Colisão frontal,Pleno dia,Céu Claro,Simples,Reta,Não,Decrescente
746666,2026-01-19,segunda-feira,06:30:00,GO,60.0,"35,6",alexania,-16.113977,-48.534096,0.0,0.0,0.0,Sem Vítimas,Sim,Demais falhas mecânicas ou elétricas,Incêndio,Amanhecer,Chuva,Múltipla,Reta,Não,Decrescente
746667,2026-01-19,segunda-feira,09:38:00,PI,343.0,"343,9",teresina,-5.09408,-42.76254,1.0,0.0,0.0,Com Vítimas Feridas,Sim,Reação tardia ou ineficiente do condutor,Engavetamento,Pleno dia,Sol,Simples,Reta,Não,Crescente
746668,2026-01-19,segunda-feira,10:25:00,SC,101.0,202,sao jose,-27.562965,-48.61588,1.0,1.0,0.0,Com Vítimas Feridas,Sim,Acessar a via sem observar a presença dos outros veículos,Colisão transversal,Pleno dia,Nublado,Dupla,Interseção de Vias;Reta,Sim,Crescente
746669,2026-01-19,segunda-feira,09:35:00,BA,101.0,158,conceicao do jacuipe,-12.357944,-38.788017,0.0,1.0,0.0,Com Vítimas Feridas,Sim,Ausência de reação do condutor,Colisão transversal,Pleno dia,Sol,Dupla,Reta,Não,Crescente
746670,2026-01-19,segunda-feira,09:40:00,BA,324.0,611,simoes filho,-12.850807,-38.418915,4.0,0.0,0.0,Com Vítimas Feridas,Sim,Condutor deixou de manter distância do veículo da frente,Engavetamento,Pleno dia,Céu Claro,Dupla,Reta,Sim,Crescente
746671,2026-01-19,segunda-feira,09:35:00,RN,406.0,125,taipu,-5.604,-35.615,1.0,0.0,0.0,Com Vítimas Feridas,Sim,Reação tardia ou ineficiente do condutor,Colisão traseira,Pleno dia,Céu Claro,Simples,Reta;Aclive,Não,Decrescente
746672,2026-01-19,segunda-feira,10:00:00,PR,116.0,29,campina grande do sul,-25.112146,-48.815098,2.0,0.0,0.0,Com Vítimas Feridas,Sim,Velocidade Incompatível,Colisão com objeto,Pleno dia,Chuva,Dupla,Curva,Não,Decrescente
746673,2026-01-19,segunda-feira,10:25:00,SP,116.0,"139,9",sao jose dos campos,-23.16304,-45.807377,0.0,1.0,0.0,Com Vítimas Feridas,Sim,Condutor deixou de manter distância do veículo da frente,Engavetamento,Pleno dia,Céu Claro,Dupla,Reta,Sim,Crescente
746674,2026-01-19,segunda-feira,13:20:00,ES,101.0,"260,6",serra,-20.14644,-40.2825,2.0,0.0,0.0,Com Vítimas Feridas,Sim,Condutor deixou de manter distância do veículo da frente,Queda de ocupante de veículo,Pleno dia,Céu Claro,Simples,Curva,Não,Crescente
746675,2026-01-02,sexta-feira,09:30:00,MA,402.0,"133,2",primeira cruz,-2.798182,-43.296955,0.0,1.0,0.0,Com Vítimas Feridas,Sim,Acessar a via sem observar a presença dos outros veículos,Colisão transversal,Pleno dia,Céu Claro,Simples,Reta,Não,Crescente
746677,2026-01-19,segunda-feira,11:20:00,BA,101.0,913,nova vicosa,-17.827045,-39.795353,2.0,0.0,0.0,Com Vítimas Feridas,Não,Ausência de reação do condutor,Colisão traseira,Pleno dia,Sol,Simples,Declive;Reta,Não,Crescente
746678,2026-01-19,segunda-feira,10:20:00,SP,153.0,"289,5",ocaucu,-22.492064,-49.889423,2.0,0.0,0.0,Com Vítimas Feridas,Sim,Deficiência do Sistema de Iluminação/Sinalização,Colisão traseira,Pleno dia,Céu Claro,Simples,Reta;Declive,Não,Decrescente
746679,2026-01-19,segunda-feira,08:01:00,PE,232.0,214,pesqueira,-8.383514,-36.73781,0.0,0.0,8.0,Com Vítimas Fatais,Não,Problema com o freio,Queda de ocupante de veículo,Pleno dia,Céu Claro,Simples,Reta,Não,Crescente
746680,2026-01-19,segunda-feira,09:15:00,MS,262.0,425,terenos,-20.433126,-54.881966,0.0,0.0,0.0,Sem Vítimas,Sim,Demais falhas mecânicas ou elétricas,Saída de leito carroçável,Pleno dia,Céu Claro,Simples,Reta,Não,Crescente
746682,2026-01-19,segunda-feira,08:45:00,AC,364.0,123,rio branco,-10.0118065,-67.790886,6.0,0.0,0.0,Com Vítimas Feridas,Não,Estacionar ou parar em local proibido,Queda de ocupante de veículo,Pleno dia,Céu Claro,Dupla,Retorno Regulamentado;Reta,Sim,Decrescente
746684,2026-01-19,segunda-feira,08:42:00,PB,230.0,159,campina grande,-7.253101,-35.932587,0.0,15.0,0.0,Com Vítimas Feridas,Não,Falta de acostamento,Queda de ocupante de veículo,Pleno dia,Céu Claro,Dupla,Desvio Temporário;Em Obras;Reta,Sim,Decrescente
746685,2026-01-19,segunda-feira,10:50:00,ES,101.0,"144,2",linhares,-19.354856,-40.06233,2.0,0.0,0.0,Com Vítimas Feridas,Sim,Acessar a via sem observar a presença dos outros veículos,Saída de leito carroçável,Pleno dia,Céu Claro,Múltipla,Reta,Sim,Crescente
746686,2026-01-19,segunda-feira,12:30:00,RJ,101.0,78,campos dos goytacazes,-21.835669,-41.420254,2.0,0.0,0.0,Com Vítimas Feridas,Sim,Mal súbito do condutor,Colisão traseira,Pleno dia,Céu Claro,Simples,Reta,Não,Decrescente
746687,2026-01-19,segunda-feira,11:30:00,RJ,116.0,179,mesquita,-22.7772,-43.397896,1.0,0.0,0.0,Com Vítimas Feridas,Sim,Ausência de reação do condutor,Colisão lateral mesmo sentido,Pleno dia,Céu Claro,Dupla,Reta,Sim,Decrescente
746688,2026-01-19,segunda-feira,10:57:00,SP,116.0,545,barra do turvo,-24.952133,-48.431168,0.0,0.0,0.0,Sem Vítimas,Não,Curva acentuada,Saída de leito carroçável,Pleno dia,Garoa/Chuvisco,Dupla,Curva;Declive,Não,Crescente
746689,2026-01-19,segunda-feira,12:00:00,PB,230.0,"83,8",caldas brandao,-7.162952,-35.34679,0.0,0.0,0.0,Sem Vítimas,Não,Ausência de reação do condutor,Colisão traseira,Pleno dia,Céu Claro,Dupla,Aclive;Reta,Sim,Crescente
746690,2026-01-14,quarta-feira,15:25:00,MG,381.0,"564,5",itaguara,-20.393171,-44.49475,0.0,0.0,0.0,Sem Vítimas,Sim,Chuva,Colisão com objeto,Pleno dia,Chuva,Dupla,Reta,Sim,Decrescente
746691,2026-01-19,segunda-feira,12:25:00,MG,50.0,63,uberlandia,-18.837605,-48.250763,0.0,0.0,0.0,Sem Vítimas,Sim,Demais falhas mecânicas ou elétricas,Incêndio,Pleno dia,Céu Claro,Dupla,Reta,Não,Crescente
746692,2026-01-19,segunda-feira,13:00:00,SC,101.0,"207,8",sao jose,-27.602737,-48.63007,1.0,0.0,0.0,Com Vítimas Feridas,Sim,Ausência de reação do condutor,Queda de ocupante de veículo,Pleno dia,Céu Claro,Simples,Reta,Sim,Decrescente
746693,2026-01-19,segunda-feira,09:50:00,RJ,101.0,293,itaborai,-22.756716,-42.892803,2.0,0.0,0.0,Com Vítimas Feridas,Não,Ausência de reação do condutor,Engavetamento,Pleno dia,Céu Claro,Múltipla,Reta,Sim,Crescente
746695,2026-01-19,segunda-feira,11:13:00,CE,20.0,203,boa viagem,-5.125,-39.7362,4.0,0.0,0.0,Com Vítimas Feridas,Não,Demais falhas mecânicas ou elétricas,Atropelamento de Pedestre,Pleno dia,Céu Claro,Simples,Reta;Interseção de Vias,Sim,Decrescente
746696,2026-01-19,segunda-feira,13:10:00,MG,50.0,"37,8",araguari,-18.657913,-48.154053,2.0,0.0,0.0,Com Vítimas Feridas,Sim,Demais falhas mecânicas ou elétricas,Queda de ocupante de veículo,Plena Noite,Garoa/Chuvisco,Simples,Reta,Não,Decrescente
746697,2026-01-19,segunda-feira,12:50:00,SC,470.0,"36,5",gaspar,-26.914976,-48.974274,3.0,0.0,0.0,Com Vítimas Feridas,Sim,Ausência de reação do condutor,Queda de ocupante de veículo,Pleno dia,Céu Claro,Simples,Reta,Sim,Decrescente
746699,2026-01-19,segunda-feira,13:03:00,PE,101.0,60,recife,-7.9836516,-34.931984,0.0,3.0,0.0,Com Vítimas Feridas,Sim,Condutor deixou de manter distância do veículo da frente,Queda de ocupante de veículo,Pleno dia,Céu Claro,Dupla,Declive,Sim,Crescente
746700,2026-01-19,segunda-feira,11:53:00,MG,381.0,305,antonio dias,-19.651865,-42.945255,0.0,2.0,0.0,Com Vítimas Feridas,Sim,Demais falhas mecânicas ou elétricas,Queda de ocupante de veículo,Pleno dia,Céu Claro,Dupla,Declive;Curva,Não,Decrescente
746703,2026-01-19,segunda-feira,09:30:00,RN,304.0,41,mossoro,-5.2037,-37.37643,2.0,2.0,0.0,Com Vítimas Feridas,Sim,Avarias e/ou desgaste excessivo no pneu,Tombamento,Pleno dia,Céu Claro,Dupla,Reta,Sim,Decrescente
746704,2026-01-19,segunda-feira,08:10:00,SC,282.0,417,joacaba,-27.17385,-51.55254,2.0,0.0,0.0,Com Vítimas Feridas,Sim,Transitar na contramão,Colisão lateral sentido oposto,Pleno dia,Céu Claro,Simples,Curva,Não,Crescente
746705,2026-01-19,segunda-feira,09:10:00,AL,101.0,"43,9",flexeiras,-9.193588,-35.787354,0.0,0.0,2.0,Com Vítimas Fatais,Sim,Velocidade Incompatível,Colisão com objeto,Pleno dia,Céu Claro,Dupla,Aclive;Curva,Não,Decrescente
746706,2026-01-19,segunda-feira,10:35:00,RJ,40.0,86,petropolis,-22.543798,-43.23366,3.0,0.0,0.0,Com Vítimas Feridas,Não,Demais falhas na via,Tombamento,Pleno dia,Nublado,Dupla,Curva;Declive,Não,Crescente
746707,2026-01-19,segunda-feira,11:50:00,ES,101.0,"0,1",iconha,-20.787275,-40.78424,0.0,6.0,0.0,Com Vítimas Feridas,Sim,Manobra de mudança de faixa,Colisão traseira,Pleno dia,Céu Claro,Dupla,Reta,Não,Crescente
746709,2026-01-19,segunda-feira,06:48:00,PA,163.0,548,trairao,-5.195695,-56.045208,6.0,0.0,0.0,Com Vítimas Feridas,Sim,Reação tardia ou ineficiente do condutor,Tombamento,Amanhecer,Nublado,Simples,Reta;Aclive,Não,Decrescente
746710,2026-01-19,segunda-feira,13:45:00,DF,60.0,"23,4",brasilia,-15.989545,-48.228996,1.0,0.0,0.0,Com Vítimas Feridas,Sim,Ausência de reação do condutor,Capotamento,Pleno dia,Chuva,Dupla,Curva,Não,Crescente
746711,2026-01-19,segunda-feira,12:30:00,PB,230.0,"458,8",sousa,-6.775022,-38.19883,0.0,0.0,0.0,Sem Vítimas,Sim,Demais falhas mecânicas ou elétricas,Incêndio,Pleno dia,Sol,Simples,Reta,Não,Crescente
746712,2026-01-19,segunda-feira,13:38:00,RO,364.0,23,vilhena,-12.725202,-60.21877,0.0,2.0,0.0,Com Vítimas Feridas,Sim,Ausência de reação do condutor,Queda de ocupante de veículo,Pleno dia,Chuva,Simples,Reta,Não,Decrescente
746713,2026-01-19,segunda-feira,13:30:00,PB,104.0,133,queimadas,-7.302365,-35.89229,0.0,12.0,0.0,Com Vítimas Feridas,Não,Reação tardia ou ineficiente do condutor,Queda de ocupante de veículo,Pleno dia,Sol,Simples,Reta,Sim,Decrescente
746714,2026-01-19,segunda-feira,10:45:00,PR,163.0,"124,1",realeza,-25.604816,-53.564034,4.0,4.0,0.0,Com Vítimas Feridas,Sim,Velocidade Incompatível,Queda de ocupante de veículo,Pleno dia,Sol,Simples,Em Obras;Curva,Não,Crescente
746715,2026-01-19,segunda-feira,14:30:00,MG,153.0,"3,1",arapora,-18.443956,-49.187946,12.0,0.0,0.0,Com Vítimas Feridas,Não,Velocidade Incompatível,Colisão com objeto,Pleno dia,Chuva,Dupla,Curva,Sim,Crescente
746717,2026-01-19,segunda-feira,14:50:00,ES,101.0,17,conceicao da barra,-18.325752,-39.95813,1.0,0.0,0.0,Com Vítimas Feridas,Sim,Condutor deixou de manter distância do veículo da frente,Colisão traseira,Pleno dia,Chuva,Simples,Curva,Não,Decrescente
746718,2026-01-19,segunda-feira,14:38:00,TO,153.0,309,guarai,-8.60903,-48.48129,0.0,54.0,0.0,Com Vítimas Feridas,Não,Ultrapassagem Indevida,Saída de leito carroçável,Pleno dia,Céu Claro,Simples,Curva,Não,Decrescente
746719,2026-01-19,segunda-feira,14:50:00,PR,153.0,"336,5",irati,-25.477993,-50.640106,1.0,0.0,0.0,Com Vítimas Feridas,Sim,Ultrapassagem Indevida,Colisão transversal,Pleno dia,Céu Claro,Simples,Reta,Sim,Decrescente
746722,2026-01-19,segunda-feira,15:15:00,PR,277.0,"0,7",paranagua,-25.52605,-48.54738,1.0,0.0,0.0,Com Vítimas Feridas,Sim,Transitar no Acostamento,Colisão frontal,Pleno dia,Nublado,Simples,Reta,Sim,Decrescente
746725,2026-01-19,segunda-feira,15:20:00,SP,381.0,75,sao paulo,-23.387562,-46.569244,4.0,0.0,0.0,Com Vítimas Feridas,Não,Pista Escorregadia,Capotamento,Pleno dia,Chuva,Dupla,Curva;Aclive,Não,Decrescente
746726,2026-01-19,segunda-feira,14:30:00,MS,267.0,187,nova alvorada do sul,-21.60147,-53.84072,0.0,3.0,0.0,Com Vítimas Feridas,Sim,Acessar a via sem observar a presença dos outros veículos,Queda de ocupante de veículo,Pleno dia,Céu Claro,Simples,Reta,Não,Decrescente
746727,2026-01-19,segunda-feira,15:10:00,SC,116.0,"245,5",lages,-27.79983,-50.36341,1.0,0.0,0.0,Com Vítimas Feridas,Sim,Acessar a via sem observar a presença dos outros veículos,Colisão transversal,Pleno dia,Nublado,Simples,Interseção de Vias,Sim,Decrescente
746728,2026-01-19,segunda-feira,16:15:00,PR,116.0,"15,7",campina grande do sul,-25.099764,-48.692734,2.0,0.0,0.0,Com Vítimas Feridas,Sim,Reação tardia ou ineficiente do condutor,Capotamento,Pleno dia,Chuva,Dupla,Curva,Não,Crescente
746729,2026-01-19,segunda-feira,16:10:00,SC,101.0,"209,4",sao jose,-27.612259,-48.641045,1.0,0.0,0.0,Com Vítimas Feridas,Sim,Reação tardia ou ineficiente do condutor,Engavetamento,Pleno dia,Nublado,Múltipla,Reta,Sim,Decrescente
746730,2026-01-19,segunda-feira,14:40:00,RO,364.0,706,porto velho,-8.80045,-63.82162,1.0,0.0,0.0,Com Vítimas Feridas,Sim,Acessar a via sem observar a presença dos outros veículos,Colisão lateral mesmo sentido,Pleno dia,Céu Claro,Dupla,Reta,Sim,Decrescente
746731,2026-01-12,segunda-feira,07:15:00,MG,356.0,"267,2",muriae,-21.126589,-42.356754,2.0,2.0,0.0,Com Vítimas Feridas,Sim,Mal súbito do condutor,Tombamento,Pleno dia,Sol,Simples,Reta;Aclive,Sim,Crescente
746732,2026-01-19,segunda-feira,15:50:00,BA,242.0,413,seabra,-12.427034,-41.762226,0.0,0.0,0.0,Sem Vítimas,Não,Condutor deixou de manter distância do veículo da frente,Engavetamento,Pleno dia,Céu Claro,Simples,Reta,Sim,Crescente
746733,2026-01-19,segunda-feira,16:30:00,MG,381.0,513,igarape,-20.069807,-44.298035,2.0,0.0,0.0,Com Vítimas Feridas,Não,Acessar a via sem observar a presença dos outros veículos,Colisão transversal,Pleno dia,Céu Claro,Simples,Reta,Não,Decrescente
746735,2026-01-19,segunda-feira,17:00:00,SC,101.0,"215,1",palhoca,-27.662687,-48.675907,1.0,1.0,0.0,Com Vítimas Feridas,Sim,Objeto estático sobre o leito carroçável,Colisão traseira,Pleno dia,Céu Claro,Múltipla,Reta,Sim,Decrescente
746736,2026-01-19,segunda-feira,15:55:00,SC,101.0,397,maracaja,-28.844416,-49.43189,2.0,0.0,0.0,Com Vítimas Feridas,Sim,Ausência de reação do condutor,Colisão com objeto,Pleno dia,Nublado,Múltipla,Curva,Não,Crescente
746737,2026-01-19,segunda-feira,16:40:00,MG,381.0,1,betim,-19.965101,-44.158672,1.0,0.0,0.0,Com Vítimas Feridas,Sim,Demais falhas mecânicas ou elétricas,Colisão com objeto,Pleno dia,Céu Claro,Dupla,Reta,Sim,Crescente
746738,2026-01-19,segunda-feira,16:50:00,SC,101.0,"206,2",sao jose,-27.59432,-48.618843,2.0,0.0,0.0,Com Vítimas Feridas,Sim,Reação tardia ou ineficiente do condutor,Engavetamento,Pleno dia,Nublado,Múltipla,Reta,Sim,Decrescente
746739,2026-01-19,segunda-feira,16:25:00,MG,116.0,276,teofilo otoni,-17.851402,-41.514378,2.0,4.0,0.0,Com Vítimas Feridas,Sim,Transitar na contramão,Queda de ocupante de veículo,Pleno dia,Céu Claro,Simples,Rotatória,Sim,Decrescente
746740,2026-01-19,segunda-feira,14:40:00,BA,324.0,617,salvador,-12.8881,-38.441345,0.0,1.0,0.0,Com Vítimas Feridas,Sim,Ausência de reação do condutor,Colisão lateral mesmo sentido,Pleno dia,Céu Claro,Dupla,Reta,Sim,Crescente
746741,2026-01-19,segunda-feira,16:50:00,SP,116.0,"168,8",jacarei,-23.30699,-46.04058,3.0,0.0,0.0,Com Vítimas Feridas,Sim,Chuva,Colisão com objeto,Anoitecer,Chuva,Dupla,Reta,Não,Decrescente
746742,2026-01-19,segunda-feira,17:25:00,SC,101.0,"202,3",sao jose,-27.560022,-48.617397,1.0,0.0,0.0,Com Vítimas Feridas,Sim,Ausência de sinalização,Colisão traseira,Pleno dia,Nublado,Múltipla,Reta,Sim,Decrescente
746743,2026-01-19,segunda-feira,16:20:00,SC,282.0,"492,8",faxinal dos guedes,-26.87211,-52.297775,3.0,0.0,0.0,Com Vítimas Feridas,Sim,Ultrapassagem Indevida,Queda de ocupante de veículo,Pleno dia,Céu Claro,Simples,Rotatória,Não,Decrescente
746744,2026-01-19,segunda-feira,16:35:00,PI,343.0,579,floriano,-6.808512,-42.93578,0.0,0.0,0.0,Sem Vítimas,Sim,Deficiência do Sistema de Iluminação/Sinalização,Incêndio,Pleno dia,Garoa/Chuvisco,Simples,Reta,Não,Crescente
746745,2026-01-19,segunda-feira,17:10:00,ES,101.0,"159,9",linhares,-19.476652,-40.114,3.0,0.0,0.0,Com Vítimas Feridas,Sim,Acessar a via sem observar a presença dos outros veículos,Queda de ocupante de veículo,Pleno dia,Céu Claro,Simples,Interseção de Vias;Reta,Sim,Crescente
746746,2026-01-19,segunda-feira,15:00:00,RJ,40.0,"52,2",petropolis,-22.339088,-43.132874,0.0,0.0,6.0,Com Vítimas Fatais,Não,Velocidade Incompatível,Capotamento,Pleno dia,Nublado,Dupla,Curva;Declive,Não,Decrescente
746747,2026-01-19,segunda-feira,17:15:00,MG,381.0,509,sao joaquim de bicas,-20.051561,-44.280922,3.0,0.0,0.0,Com Vítimas Feridas,Sim,Animais na Pista,Queda de ocupante de veículo,Pleno dia,Céu Claro,Dupla,Reta,Não,Decrescente
746748,2026-01-19,segunda-feira,17:35:00,RS,116.0,"146,2",caxias do sul,-29.141909,-51.135513,2.0,0.0,0.0,Com Vítimas Feridas,Sim,Manobra de mudança de faixa,Queda de ocupante de veículo,Pleno dia,Céu Claro,Dupla,Reta,Não,Crescente
746749,2026-01-19,segunda-feira,15:00:00,RJ,116.0,181,nova iguacu,-22.756662,-43.43114,0.0,0.0,0.0,Sem Vítimas,Sim,Ausência de reação do condutor,Colisão traseira,Pleno dia,Chuva,Dupla,Reta,Sim,Crescente
746750,2026-01-19,segunda-feira,17:10:00,PR,116.0,"208,2",rio negro,-26.08107,-49.77193,0.0,1.0,0.0,Com Vítimas Feridas,Sim,Ultrapassagem Indevida,Colisão lateral mesmo sentido,Pleno dia,Céu Claro,Simples,Interseção de Vias;Reta,Sim,Crescente
746751,2026-01-19,segunda-feira,18:00:00,SC,282.0,"22,4",santo amaro da imperatriz,-27.68915,-48.73164,4.0,0.0,0.0,Com Vítimas Feridas,Sim,Reação tardia ou ineficiente do condutor,Queda de ocupante de veículo,Pleno dia,Nublado,Simples,Reta,Sim,Crescente
746753,2026-01-19,segunda-feira,18:15:00,PE,232.0,5,recife,-8.0684395,-34.946007,1.0,0.0,0.0,Com Vítimas Feridas,Sim,Ausência de sinalização,Colisão traseira,Plena Noite,Céu Claro,Múltipla,Reta,Sim,Decrescente
746754,2026-01-19,segunda-feira,18:10:00,RJ,101.0,454,mangaratiba,-23.03087,-44.159695,0.0,1.0,0.0,Com Vítimas Feridas,Sim,Chuva,Saída de leito carroçável,Anoitecer,Chuva,Simples,Declive;Reta,Não,Crescente
746755,2026-01-19,segunda-feira,15:25:00,AC,364.0,689,cruzeiro do sul,-7.788105,-72.075584,4.0,0.0,0.0,Com Vítimas Feridas,Não,Reação tardia ou ineficiente do condutor,Saída de leito carroçável,Pleno dia,Garoa/Chuvisco,Simples,Reta,Não,Decrescente
746756,2026-01-19,segunda-feira,17:55:00,RN,101.0,104,parnamirim,-5.898248,-35.25866,2.0,0.0,0.0,Com Vítimas Feridas,Sim,Velocidade Incompatível,Colisão traseira,Plena Noite,Céu Claro,Múltipla,Reta,Sim,Crescente
746757,2026-01-19,segunda-feira,16:00:00,SP,101.0,52,ubatuba,-23.463049,-45.06378,4.0,0.0,0.0,Com Vítimas Feridas,Sim,Entrada inopinada do pedestre,Tombamento,Pleno dia,Chuva,Simples,Reta,Sim,Decrescente
746759,2026-01-19,segunda-feira,18:05:00,PR,277.0,3,foz do iguacu,-25.51875,-54.52682,2.0,0.0,0.0,Com Vítimas Feridas,Sim,Avarias e/ou desgaste excessivo no pneu,Queda de ocupante de veículo,Pleno dia,Céu Claro,Simples,Reta,Não,Crescente
746760,2026-01-19,segunda-feira,11:30:00,BA,101.0,790,itamaraju,-16.88,-39.513,6.0,2.0,4.0,Com Vítimas Fatais,Não,Reação tardia ou ineficiente do condutor,Colisão frontal,Pleno dia,Sol,Simples,Declive,Não,Crescente
746761,2026-01-19,segunda-feira,17:50:00,SP,153.0,61,sao jose do rio preto,-20.803967,-49.355885,2.0,0.0,0.0,Com Vítimas Feridas,Não,Deficiência do Sistema de Iluminação/Sinalização,Colisão lateral mesmo sentido,Pleno dia,Chuva,Dupla,Interseção de Vias;Reta,Sim,Crescente
746762,2026-01-19,segunda-feira,14:12:00,MG,116.0,"382,3",mathias lobato,-18.625912,-41.943653,1.0,0.0,0.0,Com Vítimas Feridas,Sim,Reação tardia ou ineficiente do condutor,Engavetamento,Pleno dia,Nublado,Simples,Reta,Não,Decrescente
746763,2026-01-19,segunda-feira,17:00:00,PR,469.0,"15,1",foz do iguacu,-25.592,-54.516,0.0,0.0,1.0,Com Vítimas Fatais,Sim,Reação tardia ou ineficiente do condutor,Colisão transversal,Pleno dia,Céu Claro,Simples,Reta;Em Obras,Não,Decrescente
746764,2026-01-19,segunda-feira,18:45:00,RN,101.0,82,natal,-5.769263,-35.27101,0.0,2.0,0.0,Com Vítimas Feridas,Sim,Pedestre - Ingestão de álcool/ substâncias psicoativas,Atropelamento de Pedestre,Plena Noite,Céu Claro,Dupla,Reta,Sim,Crescente
746766,2026-01-19,segunda-feira,17:20:00,BA,101.0,327,presidente tancredo neves,-13.452692,-39.42083,3.0,0.0,0.0,Com Vítimas Feridas,Não,Condutor deixou de manter distância do veículo da frente,Colisão transversal,Anoitecer,Nublado,Simples,Aclive,Não,Crescente
746767,2026-01-19,segunda-feira,17:50:00,PR,376.0,2,sao jose dos pinhais,-25.549454,-49.1883,1.0,0.0,0.0,Com Vítimas Feridas,Sim,Condutor usando celular,Colisão traseira,Anoitecer,Céu Claro,Múltipla,Reta,Sim,Crescente
746768,2026-01-10,sábado,03:30:00,SC,101.0,206,sao jose,-27.586678,-48.616966,0.0,0.0,0.0,Sem Vítimas,Sim,Reação tardia ou ineficiente do condutor,Capotamento,Plena Noite,Céu Claro,Múltipla,Reta,Sim,Crescente
746769,2026-01-19,segunda-feira,17:10:00,RJ,40.0,112,duque de caxias,-22.70108,-43.28991,1.0,0.0,0.0,Com Vítimas Feridas,Sim,Acessar a via sem observar a presença dos outros veículos,Colisão transversal,Pleno dia,Garoa/Chuvisco,Múltipla,Reta,Sim,Decrescente
746770,2026-01-19,segunda-feira,18:30:00,GO,20.0,181,alvorada do norte,-14.502465,-46.513523,0.0,0.0,0.0,Sem Vítimas,Sim,Demais falhas mecânicas ou elétricas,Incêndio,Plena Noite,Céu Claro,Dupla,Reta,Não,Crescente
746771,2026-01-19,segunda-feira,19:09:00,RJ,101.0,464,angra dos reis,-23.024868,-44.21989,1.0,0.0,0.0,Com Vítimas Feridas,Sim,Chuva,Colisão com objeto,Plena Noite,Chuva,Simples,Curva,Não,Crescente
746772,2026-01-19,segunda-feira,19:05:00,MG,381.0,486,betim,-19.95657,-44.10736,2.0,0.0,0.0,Com Vítimas Feridas,Sim,Reação tardia ou ineficiente do condutor,Queda de ocupante de veículo,Plena Noite,Céu Claro,Dupla,Reta,Não,Decrescente
746773,2026-01-19,segunda-feira,18:45:00,PR,116.0,92,sao jose dos pinhais,-25.512878,-49.12884,0.0,0.0,0.0,Sem Vítimas,Sim,Reação tardia ou ineficiente do condutor,Colisão traseira,Pleno dia,Céu Claro,Dupla,Interseção de Vias,Não,Decrescente
746774,2026-01-19,segunda-feira,19:30:00,MA,316.0,"570,1",caxias,-4.92097,-43.20063,0.0,0.0,1.0,Com Vítimas Fatais,Sim,Pedestre andava na pista,Atropelamento de Pedestre,Plena Noite,Céu Claro,Simples,Reta,Não,Crescente
746775,2026-01-19,segunda-feira,18:44:00,RN,304.0,"284,8",macaiba,-5.88,-35.46,1.0,0.0,0.0,Com Vítimas Feridas,Sim,Deficiência do Sistema de Iluminação/Sinalização,Saída de leito carroçável,Plena Noite,Céu Claro,Dupla,Reta,Não,Decrescente