id,data_inversa,dia_semana,horario,uf,br,km,municipio,latitude,longitude,feridos_leves,feridos_graves,mortos,classificacao_acidente,causa_principal,causa_acidente,tipo_acidente,fase_dia,condicao_metereologica,tipo_pista,tracado_via,uso_solo,sentido_via
746892,2026-01-20,terça-feira,11:30:00,ES,393.0,"1,5",cachoeiro de itapemirim,-20.835873,-41.170097,0.0,1.0,0.0,Com Vítimas Feridas,Sim,Ausência de reação do condutor,Colisão lateral mesmo sentido,Pleno dia,Nublado,Simples,Declive;Reta,Não,Crescente
746893,2026-01-20,terça-feira,11:40:00,TO,153.0,718,figueiropolis,-12.184466,-49.155495,4.0,0.0,0.0,Com Vítimas Feridas,Não,Ingestão de álcool pelo condutor,Saída de leito carroçável,Pleno dia,Nublado,Simples,Reta,Não,Crescente
746894,2026-01-20,terça-feira,12:35:00,MG,262.0,"409,2",igaratinga,-19.88767,-44.71574,6.0,0.0,0.0,Com Vítimas Feridas,Não,Chuva,Saída de leito carroçável,Pleno dia,Chuva,Dupla,Reta,Não,Crescente
746895,2026-01-20,terça-feira,11:10:00,RJ,101.0,297,itaborai,-22.744432,-42.808834,2.0,0.0,0.0,Com Vítimas Feridas,Não,Ausência de reação do condutor,Engavetamento,Pleno dia,Garoa/Chuvisco,Dupla,Reta,Sim,Decrescente
746896,2026-01-20,terça-feira,10:20:00,RJ,116.0,148,duque de caxias,-22.671938,-43.281834,3.0,0.0,0.0,Com Vítimas Feridas,Sim,Manobra de mudança de faixa,Queda de ocupante de veículo,Pleno dia,Chuva,Dupla,Curva;Interseção de Vias,Não,Crescente
746897,2026-01-20,terça-feira,10:19:00,RO,364.0,"422,2",jaru,-10.460466,-62.45528,0.0,15.0,0.0,Com Vítimas Feridas,Não,Ultrapassagem Indevida,Queda de ocupante de veículo,Pleno dia,Sol,Simples,Curva,Sim,Decrescente
746898,2026-01-20,terça-feira,09:30:00,MA,135.0,6,sao luis,-2.641577,-44.272488,1.0,0.0,0.0,Com Vítimas Feridas,Sim,Condutor deixou de manter distância do veículo da frente,Colisão traseira,Pleno dia,Sol,Dupla,Reta,Sim,Crescente
746899,2026-01-20,terça-feira,11:20:00,PR,116.0,108,curitiba,-25.566698,-49.239994,6.0,0.0,0.0,Com Vítimas Feridas,Não,Manobra de mudança de faixa,Queda de ocupante de veículo,Pleno dia,Céu Claro,Dupla,Reta,Sim,Crescente
746900,2026-01-20,terça-feira,10:45:00,RN,226.0,309,janduis,-6.018063,-37.407845,0.0,0.0,0.0,Sem Vítimas,Sim,Reação tardia ou ineficiente do condutor,Colisão traseira,Pleno dia,Céu Claro,Simples,Reta,Sim,Decrescente
746901,2026-01-20,terça-feira,13:00:00,MG,381.0,330,nova era,-19.798847,-43.05525,1.0,0.0,0.0,Com Vítimas Feridas,Sim,Velocidade Incompatível,Colisão com objeto,Pleno dia,Chuva,Simples,Curva,Não,Crescente
746902,2026-01-20,terça-feira,05:00:00,MS,262.0,485,anastacio,-20.501806,-55.76531,4.0,0.0,0.0,Com Vítimas Feridas,Não,Condutor Dormindo,Colisão com objeto,Amanhecer,Nevoeiro/Neblina,Simples,Reta,Não,Crescente
746903,2026-01-20,terça-feira,12:50:00,PB,101.0,"81,9",bayeux,-7.1304936,-34.9346,0.0,1.0,0.0,Com Vítimas Feridas,Sim,Acessar a via sem observar a presença dos outros veículos,Colisão lateral mesmo sentido,Pleno dia,Céu Claro,Dupla,Interseção de Vias,Sim,Crescente
746904,2026-01-20,terça-feira,12:00:00,MG,40.0,89,paracatu,-17.498093,-46.58287,6.0,0.0,0.0,Com Vítimas Feridas,Sim,Demais falhas mecânicas ou elétricas,Queda de ocupante de veículo,Pleno dia,Nublado,Simples,Reta,Não,Crescente
746905,2026-01-20,terça-feira,10:30:00,RS,116.0,362,tapes,-30.633417,-51.549942,16.0,8.0,8.0,Com Vítimas Fatais,Sim,Transitar na contramão,Queda de ocupante de veículo,Pleno dia,Céu Claro,Simples,Reta,Não,Crescente
746907,2026-01-16,sexta-feira,23:20:00,PE,,,camaragibe,-8.020562,-34.989986,0.0,0.0,0.0,Sem Vítimas,Sim,Frear bruscamente,Colisão com objeto,Plena Noite,Ignorado,Dupla,Interseção de Vias,Não,Não Informado
746908,2026-01-20,terça-feira,12:49:00,BA,,,luis eduardo magalhaes,-12.088129,-45.79829,0.0,0.0,0.0,Sem Vítimas,Sim,Acessar a via sem observar a presença dos outros veículos,Colisão traseira,Pleno dia,Chuva,Simples,Reta,Sim,Não Informado
746910,2026-01-20,terça-feira,11:15:00,MG,364.0,"40,5",frutal,-19.948963,-48.95879,2.0,0.0,0.0,Com Vítimas Feridas,Sim,Mal súbito do condutor,Capotamento,Pleno dia,Céu Claro,Simples,Reta,Não,Decrescente
746911,2026-01-20,terça-feira,09:10:00,MG,116.0,"696,6",muriae,-21.07552,-42.371746,6.0,0.0,0.0,Com Vítimas Feridas,Sim,Chuva,Saída de leito carroçável,Pleno dia,Chuva,Simples,Declive;Curva,Não,Decrescente
746912,2026-01-20,terça-feira,12:44:00,PE,104.0,"68,9",caruaru,-8.321491,-35.991165,4.0,0.0,0.0,Com Vítimas Feridas,Não,Velocidade Incompatível,Saída de leito carroçável,Pleno dia,Sol,Dupla,Curva,Não,Crescente
746913,2026-01-20,terça-feira,13:40:00,DF,20.0,"32,8",brasilia,-15.588889,-47.5824,1.0,0.0,0.0,Com Vítimas Feridas,Sim,Pista Escorregadia,Saída de leito carroçável,Pleno dia,Chuva,Dupla,Reta,Não,Decrescente
746914,2026-01-20,terça-feira,14:00:00,BA,101.0,262,santo antonio de jesus,-12.975653,-39.275906,1.0,0.0,0.0,Com Vítimas Feridas,Sim,Acessar a via sem observar a presença dos outros veículos,Colisão transversal,Pleno dia,Chuva,Simples,Interseção de Vias;Reta,Sim,Crescente
746915,2026-01-20,terça-feira,09:30:00,PR,376.0,"343,3",ortigueira,-24.187798,-50.960846,2.0,0.0,0.0,Com Vítimas Feridas,Sim,Reação tardia ou ineficiente do condutor,Tombamento,Pleno dia,Céu Claro,Simples,Curva,Não,Decrescente
746916,2026-01-20,terça-feira,10:15:00,PR,369.0,"393,7",juranda,-24.341145,-52.714397,0.0,0.0,0.0,Sem Vítimas,Sim,Demais falhas mecânicas ou elétricas,Incêndio,Pleno dia,Sol,Simples,Aclive;Reta,Não,Decrescente
746917,2026-01-20,terça-feira,13:58:00,MG,381.0,487,betim,-19.956245,-44.118347,1.0,0.0,0.0,Com Vítimas Feridas,Sim,Reação tardia ou ineficiente do condutor,Tombamento,Pleno dia,Chuva,Dupla,Declive;Curva,Sim,Decrescente
746918,2026-01-20,terça-feira,11:40:00,RO,364.0,"372,2",ouro preto do oeste,-10.75325,-62.16478,0.0,0.0,0.0,Sem Vítimas,Sim,Demais falhas mecânicas ou elétricas,Colisão com objeto,Pleno dia,Céu Claro,Simples,Aclive;Curva,Não,Crescente
746919,2026-01-16,sexta-feira,18:00:00,RJ,101.0,303,sao goncalo,-22.782803,-42.976456,1.0,0.0,0.0,Com Vítimas Feridas,Sim,Reação tardia ou ineficiente do condutor,Colisão traseira,Pleno dia,Céu Claro,Dupla,Reta,Sim,Decrescente
746920,2026-01-20,terça-feira,14:00:00,RJ,101.0,430,mangaratiba,-22.937685,-44.012947,1.0,0.0,0.0,Com Vítimas Feridas,Sim,Reação tardia ou ineficiente do condutor,Saída de leito carroçável,Pleno dia,Chuva,Simples,Curva;Declive,Sim,Crescente
746921,2026-01-16,sexta-feira,10:00:00,BA,367.0,131,itagimirim,-16.08531,-39.653076,0.0,2.0,0.0,Com Vítimas Feridas,Sim,Ausência de reação do condutor,Capotamento,Pleno dia,Céu Claro,Simples,Curva,Não,Crescente
746922,2026-01-20,terça-feira,10:40:00,SC,282.0,"0,8",florianopolis,-27.599964,-48.5761,0.0,1.0,0.0,Com Vítimas Feridas,Sim,Manobra de mudança de faixa,Colisão traseira,Pleno dia,Céu Claro,Dupla,Reta,Sim,Decrescente
746923,2026-01-20,terça-feira,13:02:00,RS,290.0,31,santo antonio da patrulha,-29.884144,-50.536587,1.0,0.0,0.0,Com Vítimas Feridas,Sim,Ausência de reação do condutor,Saída de leito carroçável,Pleno dia,Céu Claro,Múltipla,Reta,Não,Decrescente
746924,2026-01-20,terça-feira,11:45:00,MT,364.0,486,jangada,-15.290041,-56.434704,8.0,0.0,0.0,Com Vítimas Feridas,Não,Falta de elemento de contenção que evite a saída do leito carroçável,Tombamento,Pleno dia,Chuva,Simples,Curva,Não,Crescente
746925,2026-01-08,quinta-feira,15:20:00,SC,282.0,270,sao jose do cerrito,-27.616085,-50.6834,4.0,0.0,0.0,Com Vítimas Feridas,Sim,Ausência de reação do condutor,Colisão traseira,Pleno dia,Céu Claro,Simples,Reta,Não,Decrescente
746926,2026-01-20,terça-feira,15:40:00,ES,101.0,265,serra,-20.182302,-40.265396,0.0,1.0,0.0,Com Vítimas Feridas,Sim,Ausência de reação do condutor,Colisão transversal,Pleno dia,Chuva,Dupla,Reta,Não,Decrescente
746929,2026-01-20,terça-feira,10:15:00,MG,381.0,"438,3",santa luzia,-19.815973,-43.802124,3.0,0.0,0.0,Com Vítimas Feridas,Sim,Velocidade Incompatível,Tombamento,Pleno dia,Chuva,Simples,Declive;Curva,Não,Crescente
746931,2026-01-20,terça-feira,14:35:00,SC,280.0,58,guaramirim,-26.474304,-49.02455,0.0,3.0,0.0,Com Vítimas Feridas,Sim,Condutor deixou de manter distância do veículo da frente,Queda de ocupante de veículo,Pleno dia,Céu Claro,Dupla,Reta,Não,Decrescente
746932,2026-01-20,terça-feira,13:20:00,MG,262.0,"439,9",nova serrana,-19.86632,-44.99217,1.0,0.0,0.0,Com Vítimas Feridas,Sim,Reação tardia ou ineficiente do condutor,Colisão com objeto,Pleno dia,Chuva,Dupla,Reta,Sim,Decrescente
746933,2026-01-20,terça-feira,14:45:00,PA,155.0,285,eldorado do carajas,-5.85347,-49.19383,0.0,8.0,0.0,Com Vítimas Feridas,Não,Ingestão de álcool pelo condutor,Saída de leito carroçável,Pleno dia,Céu Claro,Simples,Reta,Não,Decrescente
746936,2026-01-20,terça-feira,15:56:00,SP,116.0,293,itapecerica da serra,-23.745504,-46.89994,0.0,9.0,0.0,Com Vítimas Feridas,Não,Condutor deixou de manter distância do veículo da frente,Queda de ocupante de veículo,Pleno dia,Chuva,Dupla,Reta,Sim,Decrescente
746937,2026-01-20,terça-feira,16:20:00,PR,476.0,"157,9",araucaria,-25.606247,-49.42105,6.0,0.0,0.0,Com Vítimas Feridas,Não,Demais falhas na via,Colisão transversal,Pleno dia,Céu Claro,Simples,Interseção de Vias;Reta,Sim,Decrescente
746938,2026-01-12,segunda-feira,19:00:00,ES,101.0,"257,9",serra,-20.12825,-40.29887,1.0,0.0,0.0,Com Vítimas Feridas,Sim,Ausência de reação do condutor,Colisão traseira,Plena Noite,Nublado,Dupla,Aclive;Reta,Não,Decrescente
746939,2026-01-20,terça-feira,16:45:00,ES,101.0,298,viana,-20.35401,-40.41594,0.0,1.0,0.0,Com Vítimas Feridas,Sim,Condutor deixou de manter distância do veículo da frente,Colisão traseira,Pleno dia,Chuva,Dupla,Viaduto;Reta;Aclive,Sim,Crescente
746940,2026-01-20,terça-feira,16:40:00,RS,448.0,19,canoas,-29.948305,-51.20317,4.0,0.0,0.0,Com Vítimas Feridas,Sim,Manobra de mudança de faixa,Colisão com objeto,Pleno dia,Céu Claro,Múltipla,Reta,Não,Crescente
746941,2026-01-20,terça-feira,17:05:00,RS,470.0,216,bento goncalves,-29.16626,-51.52574,0.0,0.0,0.0,Sem Vítimas,Sim,Reação tardia ou ineficiente do condutor,Queda de ocupante de veículo,Pleno dia,Céu Claro,Dupla,Reta,Sim,Decrescente
746942,2026-01-20,terça-feira,12:35:00,TO,153.0,"637,7",alianca do tocantins,-11.331729,-48.94887,1.0,0.0,0.0,Com Vítimas Feridas,Sim,Reação tardia ou ineficiente do condutor,Saída de leito carroçável,Pleno dia,Chuva,Simples,Aclive;Reta,Não,Crescente
746943,2026-01-20,terça-feira,17:01:00,SC,280.0,"28,4",araquari,-26.407272,-48.748894,2.0,0.0,0.0,Com Vítimas Feridas,Não,Trafegar com motocicleta (ou similar) entre as faixas,Colisão transversal,Pleno dia,Céu Claro,Simples,Reta,Sim,Decrescente
746944,2026-01-20,terça-feira,11:00:00,SC,282.0,"423,8",vargem bonita,-26.992336,-51.75196,1.0,0.0,0.0,Com Vítimas Feridas,Sim,Velocidade Incompatível,Tombamento,Pleno dia,Céu Claro,Simples,Curva;Declive,Não,Decrescente
746945,2026-01-20,terça-feira,17:35:00,PR,376.0,624,sao jose dos pinhais,-25.654684,-49.156624,0.0,0.0,4.0,Com Vítimas Fatais,Não,Reação tardia ou ineficiente do condutor,Atropelamento de Pedestre,Pleno dia,Céu Claro,Dupla,Reta,Sim,Crescente
746946,2026-01-20,terça-feira,16:00:00,BA,116.0,508,santa teresinha,-12.650573,-39.60854,0.0,0.0,0.0,Sem Vítimas,Sim,Demais falhas mecânicas ou elétricas,Incêndio,Pleno dia,Nublado,Simples,Curva,Não,Decrescente
746947,2026-01-20,terça-feira,18:00:00,GO,60.0,93,anapolis,-16.353771,-48.927624,2.0,0.0,0.0,Com Vítimas Feridas,Sim,Demais falhas mecânicas ou elétricas,Queda de ocupante de veículo,Pleno dia,Garoa/Chuvisco,Dupla,Aclive;Curva;Viaduto,Sim,Crescente
746948,2026-01-20,terça-feira,17:30:00,MG,381.0,591,carmopolis de minas,-20.543095,-44.645283,3.0,0.0,0.0,Com Vítimas Feridas,Sim,Condutor usando celular,Capotamento,Pleno dia,Nublado,Simples,Interseção de Vias,Sim,Decrescente
746949,2026-01-20,terça-feira,16:40:00,MA,135.0,16,sao luis,-2.698396,-44.307,4.0,0.0,0.0,Com Vítimas Feridas,Sim,Velocidade Incompatível,Colisão com objeto,Pleno dia,Céu Claro,Dupla,Reta,Sim,Decrescente
746950,2026-01-20,terça-feira,18:10:00,PE,428.0,189,petrolina,-9.376935,-40.498978,2.0,0.0,0.0,Com Vítimas Feridas,Sim,Animais na Pista,Queda de ocupante de veículo,Plena Noite,Nublado,Múltipla,Reta,Sim,Crescente
746951,2026-01-20,terça-feira,17:20:00,SP,116.0,"145,4",sao jose dos campos,-23.188023,-45.85735,3.0,0.0,0.0,Com Vítimas Feridas,Sim,Reação tardia ou ineficiente do condutor,Queda de ocupante de veículo,Pleno dia,Céu Claro,Dupla,Reta,Sim,Crescente
746952,2026-01-20,terça-feira,17:44:00,PE,101.0,"75,3",recife,-8.11268,-34.945698,2.0,0.0,0.0,Com Vítimas Feridas,Sim,Ausência de reação do condutor,Tombamento,Anoitecer,Céu Claro,Dupla,Reta,Sim,Crescente
746953,2026-01-20,terça-feira,18:15:00,SC,280.0,"27,9",araquari,-26.404228,-48.74535,0.0,2.0,0.0,Com Vítimas Feridas,Sim,Ultrapassagem Indevida,Colisão frontal,Anoitecer,Nublado,Simples,Em Obras;Reta,Não,Crescente
746954,2026-01-20,terça-feira,16:00:00,RJ,101.0,515,angra dos reis,-22.981092,-44.43613,1.0,0.0,0.0,Com Vítimas Feridas,Sim,Reação tardia ou ineficiente do condutor,Tombamento,Pleno dia,Chuva,Simples,Curva,Não,Decrescente
746955,2026-01-20,terça-feira,17:45:00,PR,116.0,"93,3",sao jose dos pinhais,-25.514103,-49.129993,18.0,0.0,0.0,Com Vítimas Feridas,Não,Trafegar com motocicleta (ou similar) entre as faixas,Queda de ocupante de veículo,Pleno dia,Céu Claro,Dupla,Viaduto;Reta,Sim,Decrescente
746956,2026-01-20,terça-feira,18:30:00,PB,230.0,21,joao pessoa,-7.1529975,-34.854786,4.0,0.0,0.0,Com Vítimas Feridas,Sim,Condutor deixou de manter distância do veículo da frente,Queda de ocupante de veículo,Plena Noite,Céu Claro,Dupla,Reta,Sim,Crescente
746957,2026-01-20,terça-feira,17:30:00,MT,163.0,841,sinop,-11.811488,-55.482414,0.0,1.0,0.0,Com Vítimas Feridas,Sim,Acessar a via sem observar a presença dos outros veículos,Colisão transversal,Pleno dia,Nublado,Simples,Reta,Sim,Crescente
746958,2026-01-20,terça-feira,18:30:00,SC,101.0,151,itapema,-27.135113,-48.609913,1.0,0.0,0.0,Com Vítimas Feridas,Sim,Trafegar com motocicleta (ou similar) entre as faixas,Colisão lateral mesmo sentido,Pleno dia,Céu Claro,Dupla,Reta,Sim,Decrescente
746959,2026-01-20,terça-feira,18:25:00,PA,316.0,61,castanhal,-1.298162,-47.93966,0.0,0.0,0.0,Sem Vítimas,Sim,Reação tardia ou ineficiente do condutor,Queda de ocupante de veículo,Plena Noite,Céu Claro,Dupla,Reta,Sim,Decrescente
746960,2026-01-20,terça-feira,19:00:00,PB,101.0,92,joao pessoa,-7.20178,-34.90752,3.0,3.0,0.0,Com Vítimas Feridas,Sim,Iluminação deficiente,Queda de ocupante de veículo,Plena Noite,Céu Claro,Dupla,Declive;Reta;Retorno Regulamentado,Sim,Crescente
746961,2026-01-20,terça-feira,18:00:00,ES,101.0,"192,3",aracruz,-19.695248,-40.297913,6.0,0.0,0.0,Com Vítimas Feridas,Não,Reação tardia ou ineficiente do condutor,Tombamento,Plena Noite,Chuva,Simples,Reta,Não,Crescente
746962,2026-01-20,terça-feira,18:46:00,PI,343.0,"1,7",teresina,-5.081135,-42.764694,12.0,0.0,0.0,Com Vítimas Feridas,Não,Reação tardia ou ineficiente do condutor,Queda de ocupante de veículo,Anoitecer,Céu Claro,Dupla,Reta;Retorno Regulamentado,Sim,Crescente
746963,2026-01-20,terça-feira,19:20:00,MG,381.0,483,betim,-19.95872,-44.074905,0.0,0.0,0.0,Sem Vítimas,Sim,Demais falhas mecânicas ou elétricas,Incêndio,Plena Noite,Garoa/Chuvisco,Múltipla,Aclive,Sim,Decrescente
746964,2026-01-10,sábado,04:00:00,TO,153.0,"353,5",fortaleza do tabocao,-9.00972,-48.50188,0.0,8.0,4.0,Com Vítimas Fatais,Não,Reação tardia ou ineficiente do condutor,Colisão traseira,Plena Noite,Nublado,Simples,Reta,Não,Crescente
746965,2026-01-20,terça-feira,08:00:00,MG,116.0,604,sao joao do manhuacu,-20.371748,-42.147747,2.0,0.0,0.0,Com Vítimas Feridas,Sim,Ausência de reação do condutor,Colisão com objeto,Pleno dia,Chuva,Simples,Curva,Não,Crescente
746966,2026-01-20,terça-feira,19:15:00,SC,101.0,148,itapema,-27.103062,-48.61705,1.0,1.0,0.0,Com Vítimas Feridas,Sim,Ausência de reação do condutor,Colisão lateral mesmo sentido,Plena Noite,Céu Claro,Dupla,Reta,Sim,Decrescente
746967,2026-01-12,segunda-feira,18:50:00,BA,324.0,622,salvador,-12.929572,-38.469414,3.0,0.0,0.0,Com Vítimas Feridas,Sim,Condutor deixou de manter distância do veículo da frente,Queda de ocupante de veículo,Anoitecer,Céu Claro,Múltipla,Reta,Sim,Decrescente
746968,2026-01-20,terça-feira,18:20:00,RJ,,,seropedica,-22.757532,-43.690647,1.0,0.0,0.0,Com Vítimas Feridas,Sim,Reação tardia ou ineficiente do condutor,Colisão traseira,Anoitecer,Nublado,Dupla,Reta,Não,Não Informado
746969,2026-01-11,domingo,15:00:00,SC,282.0,"546,8",chapeco,-26.978832,-52.736538,2.0,0.0,0.0,Com Vítimas Feridas,Sim,Reação tardia ou ineficiente do condutor,Capotamento,Pleno dia,Nublado,Simples,Curva,Não,Crescente
746970,2026-01-20,terça-feira,20:30:00,PB,230.0,"20,8",joao pessoa,-7.1469283,-34.850765,0.0,2.0,0.0,Com Vítimas Feridas,Sim,Reação tardia ou ineficiente do condutor,Queda de ocupante de veículo,Plena Noite,Céu Claro,Dupla,Reta,Sim,Crescente
746971,2026-01-20,terça-feira,12:15:00,MG,267.0,"243,5",seritinga,-21.92009,-44.41474,5.0,1.0,0.0,Com Vítimas Feridas,Sim,Ultrapassagem Indevida,Colisão frontal,Pleno dia,Nublado,Simples,Curva,Não,Crescente
746972,2026-01-20,terça-feira,18:20:00,SE,235.0,49,itabaiana,-10.713474,-37.424877,4.0,0.0,0.0,Com Vítimas Feridas,Não,Iluminação deficiente,Queda de ocupante de veículo,Plena Noite,Nublado,Simples,Reta,Sim,Crescente
746973,2026-01-20,terça-feira,16:20:00,PR,163.0,"313,6",terra roxa,-24.354795,-54.14937,0.0,0.0,0.0,Sem Vítimas,Não,Velocidade Incompatível,Saída de leito carroçável,Pleno dia,Céu Claro,Simples,Curva;Declive,Não,Decrescente
746974,2026-01-20,terça-feira,13:30:00,AL,423.0,"20,1",canapi,-9.171547,-37.445522,0.0,1.0,0.0,Com Vítimas Feridas,Sim,Ingestão de álcool pelo condutor,Colisão lateral sentido oposto,Pleno dia,Céu Claro,Simples,Reta,Não,Decrescente
746975,2026-01-20,terça-feira,20:00:00,MG,262.0,437,nova serrana,-19.87214,-44.96777,1.0,0.0,0.0,Com Vítimas Feridas,Sim,Entrada inopinada do pedestre,Atropelamento de Pedestre,Plena Noite,Chuva,Múltipla,Reta,Sim,Decrescente
746976,2026-01-20,terça-feira,21:30:00,PR,277.0,25,morretes,-25.533867,-48.75941,6.0,0.0,0.0,Com Vítimas Feridas,Sim,Animais na Pista,Saída de leito carroçável,Plena Noite,Nublado,Dupla,Declive;Reta,Não,Crescente
746977,2026-01-20,terça-feira,20:25:00,PB,230.0,"16,8",joao pessoa,-7.114403,-34.841908,0.0,1.0,0.0,Com Vítimas Feridas,Sim,Reação tardia ou ineficiente do condutor,Engavetamento,Plena Noite,Céu Claro,Dupla,Reta,Sim,Decrescente
746979,2026-01-20,terça-feira,15:30:00,BA,101.0,"206,2",governador mangabeira,-12.597728,-39.03014,2.0,2.0,0.0,Com Vítimas Feridas,Sim,Ultrapassagem Indevida,Capotamento,Pleno dia,Céu Claro,Simples,Reta;Declive,Não,Crescente
746980,2026-01-20,terça-feira,18:50:00,MG,262.0,"462,9",bom despacho,-19.790848,-45.190468,1.0,0.0,0.0,Com Vítimas Feridas,Sim,Reação tardia ou ineficiente do condutor,Saída de leito carroçável,Anoitecer,Chuva,Simples,Aclive,Não,Decrescente
746981,2026-01-20,terça-feira,20:55:00,MG,251.0,426,grao mogol,-16.3968,-43.206753,6.0,0.0,0.0,Com Vítimas Feridas,Sim,Ausência de reação do condutor,Colisão com objeto,Plena Noite,Nublado,Simples,Reta,Não,Crescente
746982,2026-01-20,terça-feira,20:40:00,BA,116.0,527,itatim,-12.728941,-39.776478,1.0,0.0,2.0,Com Vítimas Fatais,Sim,Velocidade Incompatível,Engavetamento,Plena Noite,Chuva,Simples,Reta,Não,Crescente
746983,2026-01-20,terça-feira,20:03:00,AC,364.0,124,rio branco,-10.012003,-67.79845,1.0,0.0,0.0,Com Vítimas Feridas,Sim,Acessar a via sem observar a presença dos outros veículos,Colisão transversal,Plena Noite,Céu Claro,Dupla,Rotatória,Sim,Decrescente
746984,2026-01-20,terça-feira,19:45:00,MG,153.0,245,fronteira,-20.290668,-49.202103,2.0,0.0,0.0,Com Vítimas Feridas,Sim,Afundamento ou ondulação no pavimento,Queda de ocupante de veículo,Plena Noite,Céu Claro,Simples,Interseção de Vias;Reta;Rotatória,Não,Crescente
746985,2026-01-20,terça-feira,20:50:00,RS,116.0,"245,4",sao leopoldo,-29.750397,-51.151722,2.0,0.0,0.0,Com Vítimas Feridas,Sim,Demais falhas mecânicas ou elétricas,Colisão com objeto,Plena Noite,Céu Claro,Múltipla,Reta,Sim,Crescente
746986,2026-01-20,terça-feira,21:47:00,SP,116.0,293,itapecerica da serra,-23.74534,-46.900043,0.0,0.0,0.0,Sem Vítimas,Sim,Objeto estático sobre o leito carroçável,Saída de leito carroçável,Plena Noite,Nublado,Dupla,Reta,Sim,Decrescente
746987,2026-01-20,terça-feira,22:00:00,MG,116.0,"414,5",governador valadares,-18.90174,-41.94477,2.0,0.0,0.0,Com Vítimas Feridas,Sim,Acessar a via sem observar a presença dos outros veículos,Tombamento,Plena Noite,Chuva,Simples,Retorno Regulamentado,Sim,Decrescente
746989,2026-01-20,terça-feira,22:00:00,MG,365.0,"655,8",monte alegre de minas,-18.889214,-48.625916,2.0,2.0,0.0,Com Vítimas Feridas,Não,Velocidade Incompatível,Colisão traseira,Plena Noite,Nublado,Dupla,Reta,Não,Decrescente
746990,2026-01-20,terça-feira,18:10:00,MS,262.0,"775,8",corumba,-19.02697,-57.664654,4.0,0.0,0.0,Com Vítimas Feridas,Sim,Objeto estático sobre o leito carroçável,Queda de ocupante de veículo,Pleno dia,Nublado,Simples,Reta,Sim,Crescente
746991,2026-01-20,terça-feira,22:00:00,MA,316.0,516,caxias,-4.768275,-43.631924,4.0,0.0,0.0,Com Vítimas Feridas,Não,Curva acentuada,Colisão lateral sentido oposto,Plena Noite,Chuva,Simples,Curva,Não,Crescente
746993,2026-01-20,terça-feira,21:58:00,SC,280.0,"7,8",sao francisco do sul,-26.276634,-48.645313,0.0,0.0,2.0,Com Vítimas Fatais,Sim,Acessar a via sem observar a presença dos outros veículos,Colisão frontal,Plena Noite,Nublado,Simples,Reta;Interseção de Vias,Sim,Decrescente
746994,2026-01-20,terça-feira,23:15:00,RS,101.0,15,dom pedro de alcantara,-29.402395,-49.85865,8.0,0.0,0.0,Com Vítimas Feridas,Não,Pista Escorregadia,Capotamento,Plena Noite,Chuva,Dupla,Curva,Não,Crescente
746995,2026-01-20,terça-feira,22:35:00,PR,277.0,336,guarapuava,-25.353012,-51.364914,6.0,0.0,0.0,Com Vítimas Feridas,Não,Reação tardia ou ineficiente do condutor,Saída de leito carroçável,Plena Noite,Céu Claro,Simples,Curva,Sim,Crescente
746996,2026-01-21,quarta-feira,00:20:00,PR,476.0,"149,3",araucaria,-25.557934,-49.362656,8.0,0.0,0.0,Com Vítimas Feridas,Não,Velocidade Incompatível,Colisão com objeto,Plena Noite,Nublado,Dupla,Reta,Não,Decrescente
746997,2026-01-21,quarta-feira,00:40:00,PR,116.0,126,fazenda rio grande,-25.654581,-49.31223,6.0,6.0,0.0,Com Vítimas Feridas,Não,Velocidade Incompatível,Queda de ocupante de veículo,Plena Noite,Céu Claro,Dupla,Reta,Sim,Crescente
746998,2026-01-21,quarta-feira,01:25:00,SP,116.0,168,jacarei,-23.304392,-46.031975,0.0,0.0,0.0,Sem Vítimas,Sim,Demais falhas mecânicas ou elétricas,Incêndio,Plena Noite,Nublado,Dupla,Reta,Sim,Crescente
746999,2026-01-21,quarta-feira,01:40:00,TO,153.0,347,fortaleza do tabocao,-8.953226,-48.499916,4.0,2.0,0.0,Com Vítimas Feridas,Não,Reação tardia ou ineficiente do condutor,Colisão transversal,Plena Noite,Céu Claro,Simples,Reta,Não,Crescente
747000,2026-01-21,quarta-feira,01:30:00,PE,232.0,402,serra talhada,-8.006278,-38.24432,0.0,0.0,0.0,Sem Vítimas,Não,Velocidade Incompatível,Atropelamento de Animal,Plena Noite,Ignorado,Simples,Reta,Não,Decrescente
747001,2026-01-21,quarta-feira,01:30:00,MG,381.0,"888,4",cambui,-22.52896,-46.026684,2.0,0.0,0.0,Com Vítimas Feridas,Não,Ausência de reação do condutor,Atropelamento de Pedestre,Plena Noite,Céu Claro,Dupla,Reta,Não,Decrescente
747002,2026-01-21,quarta-feira,02:11:00,SC,101.0,136,balneario camboriu,-27.010023,-48.615227,3.0,0.0,0.0,Com Vítimas Feridas,Sim,Velocidade Incompatível,Queda de ocupante de veículo,Plena Noite,Nublado,Dupla,Reta,Sim,Crescente
747003,2026-01-21,quarta-feira,01:20:00,PI,316.0,"54,2",monsenhor gil,-5.527058,-42.636524,0.0,0.0,0.0,Sem Vítimas,Não,Reação tardia ou ineficiente do condutor,Incêndio,Plena Noite,Nublado,Simples,Reta,Não,Crescente