id,data_inversa,dia_semana,horario,uf,br,km,municipio,latitude,longitude,feridos_leves,feridos_graves,mortos,classificacao_acidente,causa_principal,causa_acidente,tipo_acidente,fase_dia,condicao_metereologica,tipo_pista,tracado_via,uso_solo,sentido_via
747374,2026-01-22,quinta-feira,18:00:00,SC,470.0,146,rio do sul,-27.17209,-49.58133,2.0,0.0,0.0,Com Vítimas Feridas,Sim,Acessar a via sem observar a presença dos outros veículos,Colisão transversal,Anoitecer,Céu Claro,Simples,Curva,Sim,Decrescente
747375,2026-01-22,quinta-feira,15:00:00,BA,116.0,493,rafael jambeiro,-12.578323,-39.50962,0.0,0.0,0.0,Sem Vítimas,Sim,Acessar a via sem observar a presença dos outros veículos,Colisão lateral mesmo sentido,Pleno dia,Céu Claro,Dupla,Reta,Não,Crescente
747376,2026-01-22,quinta-feira,14:05:00,PR,476.0,"356,8",uniao da vitoria,-26.19726,-51.04027,3.0,3.0,0.0,Com Vítimas Feridas,Sim,Velocidade Incompatível,Engavetamento,Pleno dia,Céu Claro,Simples,Reta,Não,Decrescente
747377,2026-01-22,quinta-feira,17:20:00,SC,101.0,36,joinville,-26.275156,-48.89353,1.0,0.0,0.0,Com Vítimas Feridas,Sim,Demais falhas mecânicas ou elétricas,Tombamento,Pleno dia,Nublado,Dupla,Reta,Sim,Crescente
747378,2026-01-22,quinta-feira,18:20:00,SP,116.0,216,guarulhos,-23.451511,-46.465225,2.0,0.0,0.0,Com Vítimas Feridas,Sim,Trafegar com motocicleta (ou similar) entre as faixas,Queda de ocupante de veículo,Anoitecer,Nublado,Dupla,Reta,Sim,Decrescente
747379,2026-01-22,quinta-feira,12:00:00,PI,407.0,"601,7",acaua,-8.374442,-41.08323,0.0,9.0,0.0,Com Vítimas Feridas,Não,Condutor usando celular,Capotamento,Pleno dia,Céu Claro,Simples,Curva,Não,Crescente
747380,2026-01-22,quinta-feira,17:10:00,RJ,465.0,2,seropedica,-22.725523,-43.72078,9.0,0.0,0.0,Com Vítimas Feridas,Não,Velocidade Incompatível,Tombamento,Pleno dia,Nublado,Simples,Reta,Não,Crescente
747381,2026-01-22,quinta-feira,15:45:00,GO,60.0,41,alexania,-16.11042,-48.574574,27.0,0.0,0.0,Com Vítimas Feridas,Não,Avarias e/ou desgaste excessivo no pneu,Capotamento,Pleno dia,Chuva,Dupla,Curva;Declive,Não,Decrescente
747382,2026-01-22,quinta-feira,18:30:00,PR,376.0,149,presidente castelo branco,-23.291985,-52.128574,6.0,0.0,0.0,Com Vítimas Feridas,Não,Ausência de reação do condutor,Queda de ocupante de veículo,Pleno dia,Céu Claro,Dupla,Reta,Não,Decrescente
747383,2026-01-22,quinta-feira,18:30:00,ES,101.0,"94,2",jaguare,-18.933332,-39.972935,2.0,0.0,0.0,Com Vítimas Feridas,Não,Ausência de reação do condutor,Colisão traseira,Anoitecer,Nublado,Simples,Aclive;Reta,Sim,Decrescente
747384,2026-01-22,quinta-feira,18:20:00,ES,101.0,296,cariacica,-20.339453,-40.404045,3.0,0.0,0.0,Com Vítimas Feridas,Sim,Manobra de mudança de faixa,Queda de ocupante de veículo,Plena Noite,Chuva,Múltipla,Viaduto;Interseção de Vias;Retorno Regulamentado;Reta,Sim,Crescente
747385,2026-01-22,quinta-feira,17:45:00,MG,50.0,"62,1",uberlandia,-18.830647,-48.249805,0.0,1.0,0.0,Com Vítimas Feridas,Sim,Chuva,Colisão lateral sentido oposto,Anoitecer,Chuva,Dupla,Declive,Não,Crescente
747387,2026-01-22,quinta-feira,18:00:00,PI,343.0,"348,3",teresina,-5.1200833,-42.789215,0.0,3.0,0.0,Com Vítimas Feridas,Sim,Conversão proibida,Queda de ocupante de veículo,Amanhecer,Céu Claro,Dupla,Rotatória,Sim,Decrescente
747388,2026-01-22,quinta-feira,19:00:00,RS,386.0,436,nova santa rita,-29.853825,-51.26432,1.0,0.0,0.0,Com Vítimas Feridas,Sim,Manobra de mudança de faixa,Colisão lateral mesmo sentido,Pleno dia,Céu Claro,Dupla,Reta,Sim,Decrescente
747389,2026-01-22,quinta-feira,18:35:00,PR,376.0,"185,6",sarandi,-23.451466,-51.853924,3.0,0.0,0.0,Com Vítimas Feridas,Sim,Acessar a via sem observar a presença dos outros veículos,Queda de ocupante de veículo,Anoitecer,Céu Claro,Dupla,Interseção de Vias;Reta,Sim,Crescente
747390,2026-01-22,quinta-feira,19:09:00,PE,101.0,"42,9",igarassu,-7.84494,-34.910664,0.0,0.0,0.0,Sem Vítimas,Sim,Desrespeitar a preferência no cruzamento,Colisão transversal,Plena Noite,Céu Claro,Múltipla,Reta;Interseção de Vias,Sim,Decrescente
747391,2026-01-22,quinta-feira,18:00:00,MS,163.0,543,bandeirantes,-19.93795,-54.36764,3.0,0.0,0.0,Com Vítimas Feridas,Sim,Reação tardia ou ineficiente do condutor,Saída de leito carroçável,Plena Noite,Céu Claro,Simples,Reta,Não,Crescente
747392,2026-01-22,quinta-feira,19:30:00,RN,110.0,"36,5",mossoro,-5.168787,-37.23883,0.0,6.0,0.0,Com Vítimas Feridas,Não,Ausência de reação do condutor,Tombamento,Plena Noite,Céu Claro,Simples,Reta;Ponte,Não,Crescente
747393,2026-01-22,quinta-feira,19:35:00,SC,280.0,29,araquari,-26.408579,-48.750217,0.0,3.0,0.0,Com Vítimas Feridas,Sim,Acessar a via sem observar a presença dos outros veículos,Queda de ocupante de veículo,Plena Noite,Céu Claro,Simples,Reta,Sim,Crescente
747394,2026-01-22,quinta-feira,17:00:00,BA,415.0,62,itape,-14.856448,-39.41444,1.0,0.0,0.0,Com Vítimas Feridas,Sim,Velocidade Incompatível,Tombamento,Anoitecer,Céu Claro,Simples,Curva,Não,Crescente
747395,2026-01-22,quinta-feira,19:20:00,SP,116.0,222,guarulhos,-23.475473,-46.52475,2.0,0.0,0.0,Com Vítimas Feridas,Sim,Ausência de reação do condutor,Colisão com objeto,Plena Noite,Nublado,Múltipla,Reta,Sim,Decrescente
747396,2026-01-22,quinta-feira,19:20:00,MG,381.0,"449,8",belo horizonte,-19.847296,-43.88687,6.0,0.0,0.0,Com Vítimas Feridas,Não,Reação tardia ou ineficiente do condutor,Colisão traseira,Plena Noite,Chuva,Dupla,Aclive;Reta,Sim,Crescente
747397,2026-01-22,quinta-feira,18:45:00,BA,101.0,"781,1",porto seguro,-16.82322,-39.480392,0.0,0.0,5.0,Com Vítimas Fatais,Não,Pedestre cruzava a pista fora da faixa,Colisão transversal,Plena Noite,Nublado,Simples,Reta,Não,Decrescente
747398,2026-01-22,quinta-feira,17:45:00,MG,381.0,"932,5",extrema,-22.788342,-46.2443,0.0,0.0,0.0,Sem Vítimas,Sim,Reação tardia ou ineficiente do condutor,Colisão com objeto,Anoitecer,Chuva,Dupla,Curva,Não,Crescente
747399,2026-01-22,quinta-feira,15:15:00,MG,40.0,"38,3",paracatu,-17.210758,-46.89671,21.0,0.0,14.0,Com Vítimas Fatais,Não,Transitar na contramão,Colisão frontal,Pleno dia,Chuva,Simples,Reta;Declive,Sim,Decrescente
747400,2026-01-22,quinta-feira,21:07:00,PE,101.0,69,recife,-8.06523,-34.94389,1.0,0.0,0.0,Com Vítimas Feridas,Sim,Ausência de reação do condutor,Colisão lateral mesmo sentido,Plena Noite,Céu Claro,Dupla,Reta,Não,Crescente
747401,2026-01-22,quinta-feira,19:50:00,CE,116.0,"41,7",horizonte,-4.108387,-38.494637,2.0,2.0,0.0,Com Vítimas Feridas,Sim,Manobra de mudança de faixa,Colisão traseira,Plena Noite,Céu Claro,Dupla,Reta,Sim,Crescente
747403,2026-01-22,quinta-feira,20:10:00,BA,418.0,83,nova vicosa,-17.893837,-39.812134,1.0,0.0,0.0,Com Vítimas Feridas,Sim,Pista esburacada,Capotamento,Plena Noite,Nublado,Simples,Reta,Não,Decrescente
747405,2026-01-22,quinta-feira,21:35:00,PE,101.0,"69,1",recife,-8.0609,-34.94554,0.0,0.0,0.0,Sem Vítimas,Sim,Condutor Dormindo,Colisão com objeto,Plena Noite,Nublado,Dupla,Reta,Sim,Decrescente
747406,2026-01-22,quinta-feira,20:30:00,MS,262.0,323,campo grande,-20.46918,-54.5015,0.0,6.0,0.0,Com Vítimas Feridas,Sim,Ausência de reação do condutor,Queda de ocupante de veículo,Plena Noite,Céu Claro,Simples,Reta,Não,Decrescente
747407,2026-01-22,quinta-feira,20:24:00,MA,135.0,70,santa rita,-3.1399853,-44.32544,0.0,0.0,0.0,Sem Vítimas,Não,Ingestão de álcool pelo condutor,Queda de ocupante de veículo,Plena Noite,Céu Claro,Dupla,Reta,Sim,Crescente
747408,2026-01-22,quinta-feira,21:30:00,MG,381.0,"646,3",santo antonio do amparo,-20.94613,-44.881683,0.0,0.0,0.0,Sem Vítimas,Não,Chuva,Colisão traseira,Plena Noite,Chuva,Dupla,Curva,Não,Crescente
747409,2026-01-22,quinta-feira,19:20:00,BA,367.0,"135,8",itagimirim,-16.084976,-39.65087,1.0,0.0,0.0,Com Vítimas Feridas,Sim,Velocidade Incompatível,Tombamento,Plena Noite,Céu Claro,Simples,Curva,Não,Decrescente
747411,2026-01-22,quinta-feira,07:10:00,MG,251.0,291,salinas,-16.055727,-42.162174,2.0,2.0,0.0,Com Vítimas Feridas,Sim,Reação tardia ou ineficiente do condutor,Queda de ocupante de veículo,Pleno dia,Nublado,Simples,Declive;Reta,Não,Crescente
747412,2026-01-22,quinta-feira,18:00:00,PR,116.0,11,colombo,-25.371754,-49.132866,2.0,0.0,0.0,Com Vítimas Feridas,Sim,Ausência de reação do condutor,Queda de ocupante de veículo,Pleno dia,Céu Claro,Dupla,Declive;Reta,Não,Crescente
747413,2026-01-22,quinta-feira,15:15:00,MA,,,acailandia,-4.689075,-46.985764,8.0,0.0,0.0,Com Vítimas Feridas,Não,Ausência de sinalização,Queda de ocupante de veículo,Pleno dia,Céu Claro,Simples,Interseção de Vias,Sim,Não Informado
747414,2026-01-22,quinta-feira,20:00:00,MT,70.0,515,varzea grande,-15.703863,-56.149525,0.0,2.0,0.0,Com Vítimas Feridas,Sim,Reação tardia ou ineficiente do condutor,Queda de ocupante de veículo,Plena Noite,Céu Claro,Simples,Reta,Sim,Crescente
747415,2026-01-22,quinta-feira,22:40:00,MG,40.0,502,esmeraldas,-19.715517,-44.160168,4.0,0.0,0.0,Com Vítimas Feridas,Não,Reação tardia ou ineficiente do condutor,Tombamento,Plena Noite,Chuva,Dupla,Aclive,Não,Crescente
747416,2026-01-22,quinta-feira,22:15:00,SC,280.0,"128,6",rio negrinho,-26.24505,-49.51915,3.0,0.0,0.0,Com Vítimas Feridas,Sim,Ingestão de álcool pelo condutor,Colisão lateral mesmo sentido,Plena Noite,Céu Claro,Simples,Aclive;Reta,Sim,Decrescente
747417,2026-01-22,quinta-feira,22:30:00,RJ,101.0,565,paraty,-23.15425,-44.699936,1.0,0.0,0.0,Com Vítimas Feridas,Sim,Condutor deixou de manter distância do veículo da frente,Colisão traseira,Plena Noite,Chuva,Simples,Reta,Sim,Decrescente
747419,2026-01-22,quinta-feira,23:00:00,PI,316.0,3,teresina,-5.130823,-42.791965,0.0,0.0,2.0,Com Vítimas Fatais,Sim,Reação tardia ou ineficiente do condutor,Saída de leito carroçável,Pleno dia,Céu Claro,Múltipla,Reta,Sim,Decrescente
747420,2026-01-22,quinta-feira,19:20:00,BA,324.0,616,salvador,-12.886846,-38.439022,18.0,0.0,0.0,Com Vítimas Feridas,Não,Sinalização encoberta,Queda de ocupante de veículo,Plena Noite,Céu Claro,Dupla,Interseção de Vias;Reta,Sim,Decrescente
747421,2026-01-22,quinta-feira,19:30:00,GO,60.0,280,jandaia,-17.252314,-50.220592,8.0,0.0,0.0,Com Vítimas Feridas,Sim,Velocidade Incompatível,Capotamento,Anoitecer,Nublado,Dupla,Curva,Não,Crescente
747422,2026-01-22,quinta-feira,22:40:00,GO,60.0,99,anapolis,-16.38817,-48.9565,1.0,0.0,0.0,Com Vítimas Feridas,Sim,Avarias e/ou desgaste excessivo no pneu,Queda de ocupante de veículo,Plena Noite,Garoa/Chuvisco,Dupla,Reta,Sim,Crescente
747423,2026-01-22,quinta-feira,21:30:00,MG,365.0,407,patos de minas,-18.64167,-46.495472,0.0,0.0,0.0,Sem Vítimas,Não,Chuva,Eventos atípicos,Plena Noite,Garoa/Chuvisco,Simples,Reta,Sim,Decrescente
747425,2026-01-22,quinta-feira,22:20:00,MT,174.0,2,pontes e lacerda,-15.252079,-59.329464,3.0,0.0,0.0,Com Vítimas Feridas,Não,Velocidade Incompatível,Tombamento,Plena Noite,Céu Claro,Simples,Curva,Sim,Crescente
747426,2026-01-22,quinta-feira,23:20:00,GO,60.0,41,alexania,-16.109827,-48.582706,0.0,0.0,0.0,Sem Vítimas,Sim,Demais falhas mecânicas ou elétricas,Colisão lateral mesmo sentido,Plena Noite,Garoa/Chuvisco,Dupla,Curva,Não,Decrescente
747427,2026-01-23,sexta-feira,00:05:00,SC,101.0,197,biguacu,-27.51473,-48.63985,0.0,0.0,0.0,Sem Vítimas,Sim,Ingestão de álcool pelo condutor,Saída de leito carroçável,Plena Noite,Céu Claro,Dupla,Reta,Sim,Crescente
747428,2026-01-23,sexta-feira,00:19:00,SC,101.0,"102,2",balneario picarras,-26.777342,-48.685165,1.0,0.0,0.0,Com Vítimas Feridas,Sim,Reação tardia ou ineficiente do condutor,Colisão traseira,Plena Noite,Nublado,Dupla,Reta,Sim,Decrescente
747429,2026-01-22,quinta-feira,23:00:00,PR,376.0,"615,4",sao jose dos pinhais,-25.575033,-49.179607,1.0,0.0,0.0,Com Vítimas Feridas,Sim,Condutor Dormindo,Colisão traseira,Plena Noite,Nublado,Dupla,Reta,Não,Decrescente
747430,2026-01-23,sexta-feira,00:05:00,RS,293.0,"2,8",pelotas,-31.741402,-52.36395,1.0,0.0,0.0,Com Vítimas Feridas,Sim,Ausência de reação do condutor,Colisão transversal,Plena Noite,Céu Claro,Simples,Rotatória,Sim,Crescente
747431,2026-01-22,quinta-feira,23:50:00,SC,101.0,"102,3",balneario picarras,-26.77496,-48.685482,2.0,0.0,0.0,Com Vítimas Feridas,Não,Ausência de reação do condutor,Colisão traseira,Plena Noite,Céu Claro,Múltipla,Reta,Sim,Decrescente
747432,2026-01-23,sexta-feira,00:25:00,MG,381.0,"929,9",itapeva,-22.774866,-46.23868,6.0,12.0,0.0,Com Vítimas Feridas,Não,Reação tardia ou ineficiente do condutor,Capotamento,Plena Noite,Garoa/Chuvisco,Dupla,Curva;Declive,Não,Crescente
747433,2026-01-23,sexta-feira,00:10:00,MG,262.0,758,uberaba,-19.68599,-47.67814,0.0,0.0,0.0,Sem Vítimas,Sim,Ausência de reação do condutor,Saída de leito carroçável,Plena Noite,Garoa/Chuvisco,Simples,Reta,Não,Crescente
747434,2026-01-23,sexta-feira,00:30:00,SC,470.0,"192,1",pouso redondo,-27.299236,-50.07615,6.0,0.0,0.0,Com Vítimas Feridas,Não,Reação tardia ou ineficiente do condutor,Colisão lateral sentido oposto,Plena Noite,Céu Claro,Simples,Curva,Não,Crescente
747435,2026-01-23,sexta-feira,00:15:00,PI,343.0,"339,7",teresina,-5.072571,-42.73472,0.0,2.0,0.0,Com Vítimas Feridas,Não,Chuva,Colisão com objeto,Plena Noite,Chuva,Dupla,Curva,Sim,Decrescente
747436,2026-01-23,sexta-feira,02:01:00,GO,50.0,273,catalao,-18.133158,-47.904922,0.0,8.0,0.0,Com Vítimas Feridas,Não,Condutor Dormindo,Colisão com objeto,Plena Noite,Garoa/Chuvisco,Dupla,Reta,Sim,Decrescente
747437,2026-01-23,sexta-feira,03:30:00,BA,101.0,178,sao goncalo dos campos,-12.464358,-38.934677,1.0,0.0,0.0,Com Vítimas Feridas,Sim,Animais na Pista,Atropelamento de Animal,Plena Noite,Céu Claro,Simples,Reta,Não,Decrescente
747438,2026-01-23,sexta-feira,02:30:00,TO,153.0,416,miranorte,-9.551807,-48.60062,3.0,0.0,0.0,Com Vítimas Feridas,Não,Iluminação deficiente,Tombamento,Plena Noite,Nublado,Dupla,Reta,Sim,Decrescente
747439,2026-01-23,sexta-feira,03:55:00,GO,50.0,"204,3",campo alegre de goias,-17.607119,-47.790287,2.0,0.0,0.0,Com Vítimas Feridas,Sim,Condutor Dormindo,Tombamento,Plena Noite,Nublado,Dupla,Reta,Não,Crescente
747441,2026-01-23,sexta-feira,03:46:00,MS,163.0,300,douradina,-21.930609,-54.534264,0.0,0.0,0.0,Sem Vítimas,Sim,Demais falhas mecânicas ou elétricas,Incêndio,Plena Noite,Céu Claro,Simples,Reta,Não,Crescente
747442,2026-01-23,sexta-feira,04:15:00,RS,290.0,"74,7",gravatai,-29.954943,-51.002167,0.0,0.0,0.0,Sem Vítimas,Não,Ausência de sinalização,Colisão com objeto,Plena Noite,Céu Claro,Múltipla,Curva,Não,Decrescente
747443,2026-01-23,sexta-feira,04:55:00,ES,101.0,"245,8",serra,-20.062595,-40.376682,1.0,0.0,0.0,Com Vítimas Feridas,Sim,Demais falhas na via,Queda de ocupante de veículo,Amanhecer,Nublado,Dupla,Aclive;Reta;Em Obras,Não,Crescente
747445,2026-01-23,sexta-feira,00:20:00,SP,116.0,227,guarulhos,-23.49642,-46.55823,1.0,0.0,0.0,Com Vítimas Feridas,Sim,Reação tardia ou ineficiente do condutor,Colisão com objeto,Plena Noite,Céu Claro,Dupla,Declive,Não,Crescente
747446,2026-01-23,sexta-feira,02:45:00,SP,116.0,212,guarulhos,-23.437267,-46.431065,2.0,0.0,0.0,Com Vítimas Feridas,Sim,Ausência de reação do condutor,Queda de ocupante de veículo,Plena Noite,Céu Claro,Múltipla,Reta,Não,Decrescente
747448,2026-01-22,quinta-feira,22:00:00,PI,230.0,163,sao joao da varjota,-6.929452,-41.847015,0.0,9.0,0.0,Com Vítimas Feridas,Não,Ausência de reação do condutor,Saída de leito carroçável,Plena Noite,Céu Claro,Simples,Reta,Não,Crescente
747450,2026-01-23,sexta-feira,06:20:00,PR,277.0,584,cascavel,-24.977444,-53.383755,2.0,0.0,0.0,Com Vítimas Feridas,Sim,Desrespeitar a preferência no cruzamento,Colisão transversal,Amanhecer,Céu Claro,Simples,Interseção de Vias,Sim,Crescente
747451,2026-01-23,sexta-feira,06:04:00,SC,282.0,"16,4",palhoca,-27.661783,-48.684563,1.0,0.0,0.0,Com Vítimas Feridas,Sim,Acessar a via sem observar a presença dos outros veículos,Colisão lateral sentido oposto,Pleno dia,Céu Claro,Simples,Interseção de Vias;Reta,Sim,Decrescente
747452,2026-01-23,sexta-feira,05:00:00,PR,376.0,314,ortigueira,-24.002007,-51.085888,2.0,0.0,0.0,Com Vítimas Feridas,Não,Condutor deixou de manter distância do veículo da frente,Colisão traseira,Amanhecer,Céu Claro,Dupla,Aclive;Reta,Não,Decrescente
747454,2026-01-23,sexta-feira,06:50:00,SP,116.0,219,guarulhos,-23.46379,-46.494778,1.0,0.0,0.0,Com Vítimas Feridas,Sim,Reação tardia ou ineficiente do condutor,Colisão com objeto,Amanhecer,Nublado,Múltipla,Reta,Sim,Decrescente
747456,2026-01-23,sexta-feira,06:00:00,TO,242.0,260,peixe,-12.18646,-48.30196,0.0,0.0,2.0,Com Vítimas Fatais,Sim,Animais na Pista,Atropelamento de Animal,Amanhecer,Nublado,Simples,Reta,Não,Decrescente
747457,2026-01-23,sexta-feira,07:24:00,SP,116.0,360,miracatu,-24.12012,-47.268505,2.0,2.0,0.0,Com Vítimas Feridas,Sim,Pista Escorregadia,Queda de ocupante de veículo,Pleno dia,Nublado,Dupla,Reta;Declive;Viaduto,Não,Crescente
747459,2026-01-23,sexta-feira,04:30:00,PR,153.0,352,reboucas,-25.626049,-50.719673,0.0,0.0,0.0,Sem Vítimas,Sim,Ausência de reação do condutor,Capotamento,Plena Noite,Céu Claro,Simples,Reta,Não,Crescente
747460,2026-01-23,sexta-feira,06:55:00,BA,324.0,"620,2",salvador,-12.916261,-38.46203,1.0,0.0,0.0,Com Vítimas Feridas,Sim,Entrada inopinada do pedestre,Queda de ocupante de veículo,Pleno dia,Sol,Múltipla,Reta,Sim,Decrescente
747461,2026-01-19,segunda-feira,03:03:00,BA,324.0,606,simoes filho,-12.814651,-38.40628,0.0,0.0,0.0,Sem Vítimas,Sim,Reação tardia ou ineficiente do condutor,Capotamento,Plena Noite,Céu Claro,Dupla,Declive;Reta,Sim,Decrescente
747462,2026-01-23,sexta-feira,07:30:00,SC,282.0,"1,6",florianopolis,-27.603626,-48.586407,1.0,0.0,0.0,Com Vítimas Feridas,Sim,Trafegar com motocicleta (ou similar) entre as faixas,Colisão lateral mesmo sentido,Pleno dia,Céu Claro,Múltipla,Reta,Sim,Decrescente
747463,2026-01-23,sexta-feira,07:10:00,SP,116.0,"150,8",sao jose dos campos,-23.214556,-45.894535,3.0,0.0,0.0,Com Vítimas Feridas,Sim,Reação tardia ou ineficiente do condutor,Queda de ocupante de veículo,Pleno dia,Nublado,Múltipla,Aclive;Reta,Sim,Crescente
747464,2026-01-23,sexta-feira,07:30:00,MG,116.0,681,miradouro,-20.956188,-42.350258,1.0,0.0,0.0,Com Vítimas Feridas,Sim,Velocidade Incompatível,Tombamento,Pleno dia,Garoa/Chuvisco,Simples,Curva;Aclive,Não,Crescente
747465,2026-01-23,sexta-feira,08:08:00,MG,381.0,560,itaguara,-20.33817,-44.44243,0.0,1.0,0.0,Com Vítimas Feridas,Sim,Velocidade Incompatível,Capotamento,Pleno dia,Chuva,Dupla,Curva;Declive,Não,Crescente
747466,2026-01-23,sexta-feira,08:00:00,PR,369.0,165,cambe,-23.29506,-51.30224,1.0,0.0,0.0,Com Vítimas Feridas,Sim,Reação tardia ou ineficiente do condutor,Colisão traseira,Pleno dia,Céu Claro,Dupla,Reta,Não,Crescente
747467,2026-01-23,sexta-feira,07:45:00,PR,369.0,"165,9",cambe,-23.295227,-51.30316,0.0,3.0,0.0,Com Vítimas Feridas,Sim,Reação tardia ou ineficiente do condutor,Colisão lateral mesmo sentido,Pleno dia,Céu Claro,Dupla,Aclive;Reta,Sim,Crescente
747468,2026-01-23,sexta-feira,00:08:00,PB,230.0,5,cabedelo,-7.015905,-34.834427,0.0,0.0,0.0,Sem Vítimas,Sim,Condutor deixou de manter distância do veículo da frente,Colisão traseira,Plena Noite,Céu Claro,Dupla,Declive;Reta,Sim,Decrescente
747469,2026-01-23,sexta-feira,07:15:00,RS,392.0,8,rio grande,-32.102234,-52.11059,0.0,1.0,0.0,Com Vítimas Feridas,Sim,Retorno proibido,Colisão traseira,Pleno dia,Céu Claro,Simples,Reta,Sim,Crescente
747470,2026-01-23,sexta-feira,07:40:00,RS,153.0,49,erechim,-27.653502,-52.261555,1.0,0.0,0.0,Com Vítimas Feridas,Sim,Ausência de reação do condutor,Colisão traseira,Pleno dia,Céu Claro,Simples,Curva;Declive,Sim,Crescente
747471,2026-01-23,sexta-feira,08:20:00,GO,153.0,437,anapolis,-16.299435,-48.92712,2.0,0.0,0.0,Com Vítimas Feridas,Sim,Pista esburacada,Queda de ocupante de veículo,Pleno dia,Garoa/Chuvisco,Simples,Desvio Temporário;Reta,Sim,Decrescente
747472,2026-01-23,sexta-feira,07:50:00,MG,381.0,"671,5",perdoes,-21.06588,-45.052635,18.0,0.0,0.0,Com Vítimas Feridas,Não,Chuva,Capotamento,Pleno dia,Garoa/Chuvisco,Dupla,Curva;Declive,Não,Crescente
747473,2026-01-23,sexta-feira,07:30:00,SP,116.0,114,taubate,-23.04267,-45.5749,1.0,0.0,0.0,Com Vítimas Feridas,Sim,Pista Escorregadia,Queda de ocupante de veículo,Pleno dia,Garoa/Chuvisco,Dupla,Reta,Sim,Decrescente
747474,2026-01-23,sexta-feira,07:00:00,MS,267.0,481,jardim,-21.481956,-56.141777,1.0,0.0,0.0,Com Vítimas Feridas,Sim,Reação tardia ou ineficiente do condutor,Atropelamento de Pedestre,Pleno dia,Céu Claro,Simples,Interseção de Vias;Curva,Sim,Decrescente
747476,2026-01-23,sexta-feira,08:17:00,PR,116.0,115,curitiba,-25.549,-49.30428,0.0,1.0,0.0,Com Vítimas Feridas,Sim,Ultrapassagem Indevida,Atropelamento de Pedestre,Pleno dia,Nublado,Múltipla,Reta,Sim,Decrescente
747477,2026-01-23,sexta-feira,06:20:00,MT,70.0,721,caceres,-16.248957,-57.523727,3.0,0.0,0.0,Com Vítimas Feridas,Sim,Reação tardia ou ineficiente do condutor,Derramamento de carga,Pleno dia,Céu Claro,Simples,Curva,Não,Crescente
747478,2026-01-23,sexta-feira,08:15:00,GO,153.0,491,goiania,-16.628378,-49.205704,1.0,0.0,0.0,Com Vítimas Feridas,Sim,Reação tardia ou ineficiente do condutor,Queda de ocupante de veículo,Pleno dia,Chuva,Dupla,Reta,Sim,Crescente
747480,2026-01-23,sexta-feira,07:30:00,MT,364.0,253,juscimeira,-16.09775,-54.866142,0.0,4.0,0.0,Com Vítimas Feridas,Não,Acesso irregular,Queda de ocupante de veículo,Pleno dia,Céu Claro,Dupla,Reta,Não,Decrescente
747481,2026-01-23,sexta-feira,08:30:00,PR,376.0,595,curitiba,-25.464117,-49.357254,1.0,0.0,0.0,Com Vítimas Feridas,Sim,Manobra de mudança de faixa,Colisão lateral mesmo sentido,Pleno dia,Céu Claro,Dupla,Reta,Sim,Decrescente
747482,2026-01-23,sexta-feira,08:22:00,PE,232.0,"221,3",pesqueira,-8.401721,-36.796043,0.0,9.0,9.0,Com Vítimas Fatais,Não,Reação tardia ou ineficiente do condutor,Queda de ocupante de veículo,Pleno dia,Céu Claro,Simples,Reta,Não,Crescente
747483,2026-01-23,sexta-feira,07:40:00,MS,163.0,800,sonora,-17.914686,-54.68963,0.0,0.0,12.0,Com Vítimas Fatais,Não,Mal súbito do condutor,Colisão com objeto,Pleno dia,Céu Claro,Simples,Ponte;Reta,Não,Crescente
747484,2026-01-23,sexta-feira,08:10:00,CE,304.0,"13,4",beberibe,-4.587,-38.091,6.0,0.0,0.0,Com Vítimas Feridas,Sim,Acessar a via sem observar a presença dos outros veículos,Capotamento,Pleno dia,Céu Claro,Dupla,Reta,Não,Decrescente
747485,2026-01-23,sexta-feira,09:30:00,SP,116.0,112,taubate,-23.04265,-45.575977,3.0,0.0,0.0,Com Vítimas Feridas,Sim,Trafegar com motocicleta (ou similar) entre as faixas,Queda de ocupante de veículo,Pleno dia,Nublado,Dupla,Reta,Sim,Decrescente
747486,2026-01-23,sexta-feira,08:30:00,MG,251.0,"495,9",francisco sa,-16.60114,-43.58844,4.0,0.0,0.0,Com Vítimas Feridas,Sim,Velocidade Incompatível,Capotamento,Pleno dia,Céu Claro,Simples,Declive;Reta,Não,Crescente
747487,2026-01-18,domingo,10:30:00,SC,101.0,"121,6",itajai,-26.923862,-48.707134,18.0,2.0,0.0,Com Vítimas Feridas,Sim,Reação tardia ou ineficiente do condutor,Engavetamento,Pleno dia,Céu Claro,Dupla,Reta,Não,Decrescente
747488,2026-01-23,sexta-feira,07:40:00,SC,153.0,"104,1",concordia,-27.282417,-51.969166,1.0,0.0,0.0,Com Vítimas Feridas,Sim,Velocidade Incompatível,Saída de leito carroçável,Pleno dia,Céu Claro,Simples,Reta,Não,Decrescente
747489,2026-01-23,sexta-feira,06:28:00,MT,163.0,779,sorriso,-12.6573105,-55.790005,0.0,2.0,0.0,Com Vítimas Feridas,Sim,Ausência de reação do condutor,Capotamento,Pleno dia,Céu Claro,Dupla,Reta,Não,Crescente
747491,2026-01-23,sexta-feira,09:20:00,RS,285.0,"292,8",passo fundo,-28.23689,-52.37574,4.0,0.0,0.0,Com Vítimas Feridas,Não,Condutor deixou de manter distância do veículo da frente,Colisão traseira,Pleno dia,Céu Claro,Simples,Retorno Regulamentado,Sim,Decrescente