id,data_inversa,dia_semana,horario,uf,br,km,municipio,latitude,longitude,feridos_leves,feridos_graves,mortos,classificacao_acidente,causa_principal,causa_acidente,tipo_acidente,fase_dia,condicao_metereologica,tipo_pista,tracado_via,uso_solo,sentido_via
747492,2026-01-23,sexta-feira,10:55:00,RS,392.0,"55,9",rio grande,-31.852037,-52.326584,4.0,0.0,0.0,Com Vítimas Feridas,Sim,Demais falhas mecânicas ou elétricas,Queda de ocupante de veículo,Pleno dia,Céu Claro,Dupla,Reta,Não,Crescente
747495,2026-01-23,sexta-feira,08:25:00,RO,364.0,"529,6",ariquemes,-9.800898,-63.085194,0.0,0.0,0.0,Sem Vítimas,Não,Ausência de reação do condutor,Atropelamento de Animal,Pleno dia,Nublado,Simples,Aclive;Reta,Não,Decrescente
747496,2026-01-23,sexta-feira,11:28:00,PI,343.0,"340,4",teresina,-5.07618,-42.739693,4.0,0.0,0.0,Com Vítimas Feridas,Não,Chuva,Queda de ocupante de veículo,Pleno dia,Chuva,Dupla,Reta,Sim,Crescente
747497,2026-01-23,sexta-feira,10:00:00,MG,365.0,423,patos de minas,-18.71742,-46.61195,4.0,0.0,0.0,Com Vítimas Feridas,Não,Chuva,Capotamento,Pleno dia,Chuva,Simples,Curva,Não,Decrescente
747499,2026-01-23,sexta-feira,09:20:00,MA,10.0,252,imperatriz,-5.53119,-47.47138,6.0,0.0,0.0,Com Vítimas Feridas,Não,Velocidade Incompatível,Queda de ocupante de veículo,Pleno dia,Nublado,Simples,Reta,Sim,Crescente
747500,2026-01-23,sexta-feira,10:40:00,SP,,,aparecida,-22.870195,-45.257805,3.0,0.0,0.0,Com Vítimas Feridas,Não,Reação tardia ou ineficiente do condutor,Colisão frontal,Pleno dia,Nublado,Simples,Curva;Aclive,Sim,Não Informado
747502,2026-01-23,sexta-feira,11:30:00,SP,116.0,"394,2",miracatu,-24.287073,-47.452454,3.0,0.0,0.0,Com Vítimas Feridas,Não,Chuva,Colisão lateral mesmo sentido,Pleno dia,Chuva,Dupla,Reta,Sim,Crescente
747503,2026-01-23,sexta-feira,11:10:00,BA,110.0,361,catu,-12.311376,-38.374454,3.0,0.0,0.0,Com Vítimas Feridas,Sim,Ausência de reação do condutor,Tombamento,Pleno dia,Céu Claro,Simples,Reta,Sim,Decrescente
747504,2026-01-23,sexta-feira,12:00:00,SC,101.0,"106,1",penha,-26.808956,-48.68235,3.0,0.0,0.0,Com Vítimas Feridas,Sim,Ausência de reação do condutor,Queda de ocupante de veículo,Pleno dia,Céu Claro,Dupla,Reta,Não,Crescente
747505,2026-01-23,sexta-feira,12:15:00,SC,282.0,128,bom retiro,-27.803263,-49.492016,2.0,0.0,0.0,Com Vítimas Feridas,Sim,Ingestão de álcool pelo condutor,Colisão com objeto,Pleno dia,Céu Claro,Simples,Curva,Não,Decrescente
747508,2026-01-23,sexta-feira,12:00:00,PR,163.0,"339,2",guaira,-24.148634,-54.2383,0.0,8.0,4.0,Com Vítimas Fatais,Sim,Ultrapassagem Indevida,Colisão com objeto,Pleno dia,Céu Claro,Simples,Curva;Aclive,Não,Crescente
747509,2026-01-23,sexta-feira,09:10:00,MA,135.0,194,alto alegre do maranhao,-4.148581,-44.47,0.0,0.0,0.0,Sem Vítimas,Sim,Reação tardia ou ineficiente do condutor,Colisão lateral mesmo sentido,Pleno dia,Nublado,Simples,Reta;Aclive,Não,Crescente
747510,2026-01-23,sexta-feira,11:41:00,RS,392.0,4,rio grande,-32.144855,-52.108833,1.0,0.0,0.0,Com Vítimas Feridas,Sim,Reação tardia ou ineficiente do condutor,Colisão transversal,Pleno dia,Céu Claro,Simples,Interseção de Vias;Reta,Sim,Decrescente
747511,2026-01-09,sexta-feira,20:20:00,SC,101.0,120,itajai,-26.922754,-48.707844,1.0,0.0,0.0,Com Vítimas Feridas,Sim,Manobra de mudança de faixa,Colisão lateral mesmo sentido,Plena Noite,Céu Claro,Dupla,Reta,Sim,Crescente
747512,2026-01-23,sexta-feira,12:50:00,DF,20.0,"19,5",brasilia,-15.610148,-47.697117,0.0,2.0,0.0,Com Vítimas Feridas,Sim,Acessar a via sem observar a presença dos outros veículos,Queda de ocupante de veículo,Pleno dia,Nublado,Dupla,Reta;Declive,Sim,Crescente
747513,2026-01-04,domingo,10:36:00,ES,101.0,307,viana,-20.399857,-40.455887,6.0,0.0,0.0,Com Vítimas Feridas,Sim,Manobra de mudança de faixa,Tombamento,Pleno dia,Céu Claro,Dupla,Curva,Não,Crescente
747515,2026-01-16,sexta-feira,08:30:00,GO,70.0,"1,3",aguas lindas de goias,-15.769044,-48.229897,0.0,0.0,2.0,Com Vítimas Fatais,Não,Ausência de reação do condutor,Colisão traseira,Pleno dia,Céu Claro,Dupla,Aclive;Curva,Sim,Decrescente
747516,2026-01-23,sexta-feira,12:36:00,TO,153.0,547,nova rosalandia,-10.619213,-48.911377,6.0,0.0,0.0,Com Vítimas Feridas,Não,Chuva,Tombamento,Pleno dia,Chuva,Simples,Reta,Não,Decrescente
747517,2026-01-23,sexta-feira,11:15:00,MT,364.0,198,rondonopolis,-16.517267,-54.60331,0.0,2.0,0.0,Com Vítimas Feridas,Sim,Acessar a via sem observar a presença dos outros veículos,Colisão frontal,Pleno dia,Céu Claro,Simples,Reta,Sim,Crescente
747518,2026-01-18,domingo,00:40:00,RS,290.0,108,eldorado do sul,-30.007465,-51.31335,0.0,0.0,0.0,Sem Vítimas,Sim,Ausência de reação do condutor,Saída de leito carroçável,Plena Noite,Chuva,Dupla,Reta,Sim,Decrescente
747520,2026-01-23,sexta-feira,12:50:00,ES,101.0,"406,5",itapemirim,-20.893373,-41.026787,0.0,0.0,0.0,Sem Vítimas,Não,Carga excessiva e/ou mal acondicionada,Tombamento,Pleno dia,Nublado,Simples,Declive;Curva,Não,Decrescente
747521,2026-01-23,sexta-feira,13:00:00,PE,232.0,39,vitoria de santo antao,-8.114136,-35.24133,0.0,0.0,2.0,Com Vítimas Fatais,Não,Reação tardia ou ineficiente do condutor,Saída de leito carroçável,Pleno dia,Sol,Dupla,Reta,Não,Crescente
747522,2026-01-23,sexta-feira,10:20:00,RJ,101.0,330,rio de janeiro,-22.868584,-43.17936,0.0,0.0,0.0,Sem Vítimas,Sim,Ausência de reação do condutor,Colisão lateral mesmo sentido,Pleno dia,Chuva,Dupla,Reta,Sim,Crescente
747524,2026-01-23,sexta-feira,12:22:00,GO,153.0,"564,6",professor jamil,-17.247305,-49.24172,3.0,0.0,0.0,Com Vítimas Feridas,Não,Condutor deixou de manter distância do veículo da frente,Colisão traseira,Pleno dia,Nublado,Dupla,Reta,Sim,Crescente
747526,2026-01-18,domingo,06:40:00,PR,369.0,156,londrina,-23.293995,-51.211586,3.0,0.0,0.0,Com Vítimas Feridas,Sim,Acesso irregular,Queda de ocupante de veículo,Amanhecer,Céu Claro,Dupla,Interseção de Vias;Reta,Sim,Crescente
747527,2026-01-23,sexta-feira,13:10:00,MA,135.0,4,sao luis,-2.613324,-44.251595,0.0,0.0,0.0,Sem Vítimas,Não,Velocidade Incompatível,Engavetamento,Pleno dia,Nublado,Dupla,Reta,Sim,Decrescente
747528,2026-01-23,sexta-feira,14:00:00,SP,101.0,20,ubatuba,-23.323948,-44.90964,6.0,0.0,0.0,Com Vítimas Feridas,Sim,Ausência de reação do condutor,Queda de ocupante de veículo,Pleno dia,Nublado,Simples,Reta,Não,Crescente
747529,2026-01-23,sexta-feira,14:40:00,PB,230.0,43,santa rita,-7.1528344,-35.009426,2.0,0.0,0.0,Com Vítimas Feridas,Sim,Avarias e/ou desgaste excessivo no pneu,Queda de ocupante de veículo,Pleno dia,Sol,Dupla,Reta,Não,Decrescente
747530,2026-01-23,sexta-feira,11:44:00,GO,60.0,305,acreuna,-17.399706,-50.388252,30.0,0.0,0.0,Com Vítimas Feridas,Não,Velocidade Incompatível,Tombamento,Pleno dia,Céu Claro,Dupla,Declive;Reta,Não,Crescente
747531,2026-01-23,sexta-feira,14:30:00,SC,101.0,145,itapema,-27.084248,-48.605247,4.0,0.0,0.0,Com Vítimas Feridas,Sim,Condutor deixou de manter distância do veículo da frente,Queda de ocupante de veículo,Pleno dia,Céu Claro,Dupla,Reta;Aclive,Não,Decrescente
747532,2026-01-23,sexta-feira,14:39:00,SP,116.0,215,guarulhos,-23.451593,-46.46507,2.0,0.0,0.0,Com Vítimas Feridas,Sim,Avarias e/ou desgaste excessivo no pneu,Queda de ocupante de veículo,Pleno dia,Nublado,Múltipla,Reta,Sim,Decrescente
747533,2026-01-23,sexta-feira,12:30:00,RJ,101.0,301,sao goncalo,-22.778496,-42.956814,6.0,0.0,0.0,Com Vítimas Feridas,Sim,Demais falhas mecânicas ou elétricas,Colisão lateral mesmo sentido,Pleno dia,Garoa/Chuvisco,Dupla,Reta,Não,Decrescente
747535,2026-01-23,sexta-feira,12:40:00,PR,153.0,378,mallet,-25.793104,-50.851418,12.0,0.0,0.0,Com Vítimas Feridas,Não,Condutor Dormindo,Capotamento,Pleno dia,Céu Claro,Simples,Reta;Declive,Não,Decrescente
747536,2026-01-23,sexta-feira,12:00:00,SC,153.0,"94,1",concordia,-27.230476,-51.9527,4.0,0.0,0.0,Com Vítimas Feridas,Não,Ultrapassagem Indevida,Colisão lateral sentido oposto,Pleno dia,Céu Claro,Simples,Curva;Aclive,Não,Decrescente
747537,2026-01-23,sexta-feira,13:50:00,SC,163.0,"95,9",sao jose do cedro,-26.518309,-53.516327,0.0,2.0,0.0,Com Vítimas Feridas,Sim,Acessar a via sem observar a presença dos outros veículos,Colisão transversal,Pleno dia,Céu Claro,Simples,Curva;Aclive,Não,Crescente
747538,2026-01-23,sexta-feira,15:00:00,RS,158.0,"563,5",santana do livramento,-30.858225,-55.50148,1.0,0.0,0.0,Com Vítimas Feridas,Sim,Desrespeitar a preferência no cruzamento,Colisão transversal,Pleno dia,Céu Claro,Simples,Interseção de Vias,Não,Crescente
747541,2026-01-23,sexta-feira,14:05:00,RO,364.0,10,vilhena,-12.749983,-60.10822,6.0,0.0,0.0,Com Vítimas Feridas,Não,Velocidade Incompatível,Queda de ocupante de veículo,Pleno dia,Céu Claro,Simples,Reta,Sim,Crescente
747543,2026-01-23,sexta-feira,13:30:00,SP,153.0,266,marilia,-22.315422,-49.89813,1.0,0.0,0.0,Com Vítimas Feridas,Sim,Velocidade Incompatível,Colisão traseira,Pleno dia,Céu Claro,Simples,Reta,Não,Decrescente
747544,2026-01-23,sexta-feira,14:30:00,PR,116.0,93,sao jose dos pinhais,-25.518227,-49.132645,0.0,0.0,0.0,Sem Vítimas,Sim,Acessar a via sem observar a presença dos outros veículos,Colisão transversal,Pleno dia,Céu Claro,Dupla,Interseção de Vias;Curva,Não,Decrescente
747546,2026-01-23,sexta-feira,13:15:00,RS,290.0,"188,8",minas do leao,-30.15381,-52.094078,3.0,2.0,0.0,Com Vítimas Feridas,Sim,Ultrapassagem Indevida,Colisão frontal,Pleno dia,Céu Claro,Simples,Reta,Não,Decrescente
747547,2026-01-23,sexta-feira,12:25:00,RS,285.0,162,muitos capoes,-28.31892,-51.2478,2.0,0.0,0.0,Com Vítimas Feridas,Não,Ausência de reação do condutor,Queda de ocupante de veículo,Pleno dia,Céu Claro,Simples,Curva,Não,Crescente
747548,2026-01-23,sexta-feira,15:20:00,PR,369.0,"138,1",ibipora,-23.272463,-51.05126,6.0,0.0,0.0,Com Vítimas Feridas,Não,Reação tardia ou ineficiente do condutor,Queda de ocupante de veículo,Pleno dia,Céu Claro,Simples,Interseção de Vias,Sim,Crescente
747549,2026-01-23,sexta-feira,15:00:00,PR,376.0,202,marialva,-23.507792,-51.72959,2.0,0.0,0.0,Com Vítimas Feridas,Não,Condutor deixou de manter distância do veículo da frente,Colisão traseira,Pleno dia,Sol,Dupla,Reta;Em Obras,Não,Crescente
747550,2026-01-23,sexta-feira,15:30:00,SC,101.0,"396,9",maracaja,-28.840069,-49.425987,2.0,1.0,0.0,Com Vítimas Feridas,Sim,Reação tardia ou ineficiente do condutor,Engavetamento,Pleno dia,Céu Claro,Dupla,Aclive;Reta,Não,Crescente
747551,2026-01-23,sexta-feira,15:10:00,RS,101.0,"62,4",maquine,-29.695272,-50.164948,0.0,0.0,1.0,Com Vítimas Fatais,Sim,Pedestre andava na pista,Atropelamento de Pedestre,Pleno dia,Céu Claro,Dupla,Reta,Sim,Decrescente
747552,2026-01-23,sexta-feira,14:26:00,MT,163.0,1102,guaranta do norte,-9.648637,-54.872433,0.0,0.0,3.0,Com Vítimas Fatais,Sim,Velocidade Incompatível,Colisão com objeto,Pleno dia,Nublado,Simples,Curva;Declive,Não,Crescente
747553,2026-01-23,sexta-feira,15:45:00,BA,116.0,"811,5",vitoria da conquista,-14.805332,-40.782833,4.0,0.0,0.0,Com Vítimas Feridas,Sim,Acessar a via sem observar a presença dos outros veículos,Queda de ocupante de veículo,Pleno dia,Céu Claro,Simples,Reta;Aclive,Não,Decrescente
747554,2026-01-23,sexta-feira,15:25:00,ES,101.0,269,serra,-20.048876,-40.386513,2.0,0.0,0.0,Com Vítimas Feridas,Sim,Reação tardia ou ineficiente do condutor,Colisão traseira,Pleno dia,Nublado,Dupla,Reta;Interseção de Vias,Sim,Decrescente
747555,2026-01-23,sexta-feira,16:00:00,MG,381.0,753,tres coracoes,-21.664732,-45.309372,4.0,4.0,0.0,Com Vítimas Feridas,Sim,Ausência de reação do condutor,Saída de leito carroçável,Pleno dia,Chuva,Dupla,Curva,Não,Decrescente
747556,2026-01-23,sexta-feira,15:40:00,DF,60.0,"13,9",brasilia,-15.934744,-48.169327,0.0,0.0,0.0,Sem Vítimas,Sim,Acumulo de água sobre o pavimento,Colisão com objeto,Pleno dia,Chuva,Dupla,Reta,Não,Crescente
747557,2026-01-23,sexta-feira,15:00:00,RS,386.0,164,almirante tamandare do sul,-28.19266,-52.8276,6.0,0.0,0.0,Com Vítimas Feridas,Sim,Ausência de reação do condutor,Tombamento,Pleno dia,Céu Claro,Simples,Reta,Não,Crescente
747558,2026-01-23,sexta-feira,15:45:00,MG,40.0,515,ribeirao das neves,-19.80763,-44.095955,1.0,0.0,0.0,Com Vítimas Feridas,Sim,Reação tardia ou ineficiente do condutor,Colisão traseira,Pleno dia,Chuva,Dupla,Aclive;Reta,Sim,Crescente
747559,2026-01-23,sexta-feira,16:30:00,MG,40.0,"825,8",simao pereira,-22.001202,-43.28231,4.0,0.0,0.0,Com Vítimas Feridas,Não,Reação tardia ou ineficiente do condutor,Colisão com objeto,Pleno dia,Chuva,Dupla,Reta,Não,Decrescente
747560,2026-01-23,sexta-feira,16:20:00,SP,116.0,515,cajati,-24.861637,-48.214138,8.0,0.0,0.0,Com Vítimas Feridas,Não,Velocidade Incompatível,Capotamento,Pleno dia,Garoa/Chuvisco,Simples,Declive;Curva,Não,Decrescente
747562,2026-01-23,sexta-feira,15:20:00,MG,116.0,765,leopoldina,-21.520456,-42.650833,3.0,0.0,0.0,Com Vítimas Feridas,Sim,Acessar a via sem observar a presença dos outros veículos,Queda de ocupante de veículo,Pleno dia,Chuva,Simples,Interseção de Vias;Rotatória,Sim,Crescente
747563,2026-01-23,sexta-feira,16:01:00,GO,60.0,83,anapolis,-16.314816,-48.84319,27.0,0.0,0.0,Com Vítimas Feridas,Não,Chuva,Capotamento,Pleno dia,Chuva,Dupla,Declive,Não,Decrescente
747564,2026-01-23,sexta-feira,15:40:00,MG,262.0,175,sao domingos do prata,-19.93077,-42.95716,2.0,0.0,0.0,Com Vítimas Feridas,Não,Velocidade Incompatível,Capotamento,Pleno dia,Céu Claro,Simples,Reta,Não,Crescente
747565,2026-01-23,sexta-feira,16:20:00,PI,316.0,313,picos,-7.0794168,-41.448994,0.0,12.0,0.0,Com Vítimas Feridas,Sim,Conversão proibida,Queda de ocupante de veículo,Pleno dia,Céu Claro,Dupla,Reta;Interseção de Vias,Não,Crescente
747566,2026-01-23,sexta-feira,16:30:00,MA,135.0,3,sao luis,-2.61133,-44.25007,3.0,0.0,0.0,Com Vítimas Feridas,Sim,Acumulo de óleo sobre o pavimento,Tombamento,Pleno dia,Nublado,Dupla,Reta,Sim,Crescente
747567,2026-01-23,sexta-feira,16:44:00,SC,282.0,"516,5",xaxim,-26.93355,-52.498272,3.0,0.0,0.0,Com Vítimas Feridas,Não,Velocidade Incompatível,Tombamento,Pleno dia,Céu Claro,Simples,Aclive;Curva,Não,Decrescente
747568,2026-01-23,sexta-feira,15:05:00,SC,101.0,140,rio do sul,-27.202024,-49.633923,3.0,0.0,0.0,Com Vítimas Feridas,Sim,Acessar a via sem observar a presença dos outros veículos,Tombamento,Pleno dia,Céu Claro,Simples,Curva,Sim,Crescente
747569,2026-01-23,sexta-feira,15:45:00,MG,365.0,475,patrocinio,-18.92151,-47.01673,7.0,0.0,0.0,Com Vítimas Feridas,Sim,Ausência de reação do condutor,Colisão traseira,Pleno dia,Céu Claro,Simples,Curva,Sim,Crescente
747570,2026-01-23,sexta-feira,17:30:00,RJ,116.0,169,rio de janeiro,-22.804811,-43.345352,1.0,0.0,0.0,Com Vítimas Feridas,Sim,Chuva,Queda de ocupante de veículo,Anoitecer,Céu Claro,Dupla,Reta,Não,Decrescente
747571,2026-01-23,sexta-feira,16:10:00,MG,365.0,165,buritizeiro,-17.374237,-44.94833,0.0,2.0,0.0,Com Vítimas Feridas,Não,Chuva,Colisão traseira,Pleno dia,Chuva,Simples,Reta,Não,Decrescente
747572,2026-01-23,sexta-feira,14:30:00,MG,116.0,457,engenheiro caldas,-19.211498,-42.053074,2.0,0.0,0.0,Com Vítimas Feridas,Sim,Ausência de reação do condutor,Queda de ocupante de veículo,Pleno dia,Chuva,Simples,Reta,Não,Crescente
747573,2026-01-23,sexta-feira,15:50:00,MG,365.0,"181,6",buritizeiro,-17.409126,-45.08605,4.0,0.0,0.0,Com Vítimas Feridas,Não,Falta de elemento de contenção que evite a saída do leito carroçável,Saída de leito carroçável,Pleno dia,Chuva,Simples,Reta,Não,Crescente
747574,2026-01-23,sexta-feira,17:00:00,PR,116.0,126,fazenda rio grande,-25.643047,-49.31268,8.0,0.0,0.0,Com Vítimas Feridas,Não,Velocidade Incompatível,Queda de ocupante de veículo,Pleno dia,Céu Claro,Dupla,Reta,Sim,Decrescente
747575,2026-01-23,sexta-feira,18:00:00,PR,376.0,"592,9",curitiba,-25.443382,-49.364143,27.0,0.0,0.0,Com Vítimas Feridas,Não,Transitar no Acostamento,Queda de ocupante de veículo,Pleno dia,Nublado,Dupla,Reta,Sim,Decrescente
747577,2026-01-23,sexta-feira,11:40:00,SC,470.0,134,rio do sul,-27.172089,-49.581326,4.0,0.0,0.0,Com Vítimas Feridas,Sim,Acessar a via sem observar a presença dos outros veículos,Colisão transversal,Pleno dia,Céu Claro,Simples,Rotatória;Reta;Interseção de Vias,Não,Decrescente
747579,2026-01-23,sexta-feira,18:27:00,PB,230.0,23,joao pessoa,-7.1668115,-34.863396,0.0,6.0,0.0,Com Vítimas Feridas,Não,Trafegar com motocicleta (ou similar) entre as faixas,Colisão com objeto,Plena Noite,Céu Claro,Dupla,Reta,Sim,Crescente
747580,2026-01-23,sexta-feira,13:50:00,BA,101.0,250,conceicao do almeida,-12.887241,-39.223774,4.0,0.0,0.0,Com Vítimas Feridas,Sim,Reação tardia ou ineficiente do condutor,Saída de leito carroçável,Pleno dia,Céu Claro,Simples,Reta,Não,Decrescente
747581,2026-01-23,sexta-feira,17:50:00,RS,471.0,173,rio pardo,-29.980753,-52.370087,1.0,0.0,0.0,Com Vítimas Feridas,Sim,Acessar a via sem observar a presença dos outros veículos,Colisão transversal,Pleno dia,Céu Claro,Simples,Reta,Sim,Decrescente
747583,2026-01-23,sexta-feira,17:30:00,BA,101.0,475,urucuca,-14.566102,-39.33483,0.0,1.0,0.0,Com Vítimas Feridas,Sim,Ausência de reação do condutor,Colisão transversal,Plena Noite,Céu Claro,Simples,Interseção de Vias,Não,Crescente
747584,2026-01-23,sexta-feira,15:03:00,GO,364.0,193,jatai,-17.907846,-51.707157,32.0,0.0,0.0,Com Vítimas Feridas,Não,Restrição de visibilidade em curvas horizontais,Colisão lateral mesmo sentido,Pleno dia,Céu Claro,Dupla,Retorno Regulamentado;Curva;Aclive,Não,Crescente
747585,2026-01-23,sexta-feira,18:30:00,MG,40.0,246,sao goncalo do abaete,-18.10102,-45.4691,3.0,0.0,0.0,Com Vítimas Feridas,Sim,Chuva,Saída de leito carroçável,Plena Noite,Chuva,Simples,Curva;Declive,Não,Crescente
747586,2026-01-23,sexta-feira,18:30:00,PB,230.0,"148,8",campina grande,-7.242591,-35.870907,0.0,27.0,0.0,Com Vítimas Feridas,Não,Reação tardia ou ineficiente do condutor,Queda de ocupante de veículo,Plena Noite,Céu Claro,Dupla,Reta;Declive,Sim,Crescente
747587,2026-01-23,sexta-feira,19:00:00,MG,381.0,488,betim,-19.956093,-44.128677,1.0,0.0,0.0,Com Vítimas Feridas,Sim,Condutor deixou de manter distância do veículo da frente,Colisão lateral mesmo sentido,Anoitecer,Céu Claro,Dupla,Reta,Sim,Crescente
747588,2026-01-23,sexta-feira,17:55:00,RO,364.0,"346,2",ji-parana,-10.863573,-61.971935,0.0,9.0,0.0,Com Vítimas Feridas,Não,Transitar no Acostamento,Queda de ocupante de veículo,Anoitecer,Céu Claro,Simples,Reta,Não,Decrescente
747589,2026-01-23,sexta-feira,16:00:00,RJ,101.0,533,paraty,-23.02848,-44.540997,1.0,1.0,0.0,Com Vítimas Feridas,Sim,Reação tardia ou ineficiente do condutor,Colisão frontal,Pleno dia,Céu Claro,Simples,Reta,Não,Decrescente
747590,2026-01-23,sexta-feira,19:30:00,SP,116.0,228,sao paulo,-23.504368,-46.567566,2.0,0.0,0.0,Com Vítimas Feridas,Sim,Manobra de mudança de faixa,Colisão traseira,Plena Noite,Nublado,Múltipla,Reta,Não,Decrescente
747591,2026-01-23,sexta-feira,16:00:00,RS,392.0,20,rio grande,-32.08843,-52.208263,0.0,0.0,0.0,Sem Vítimas,Sim,Manobra de mudança de faixa,Saída de leito carroçável,Pleno dia,Céu Claro,Dupla,Retorno Regulamentado;Reta,Sim,Decrescente
747592,2026-01-23,sexta-feira,18:40:00,DF,70.0,10,brasilia,-15.788822,-48.146538,6.0,0.0,0.0,Com Vítimas Feridas,Não,Trafegar com motocicleta (ou similar) entre as faixas,Queda de ocupante de veículo,Anoitecer,Chuva,Dupla,Reta,Sim,Crescente
747593,2026-01-23,sexta-feira,17:50:00,RO,364.0,"7,6",vilhena,-12.769433,-60.095524,28.0,0.0,28.0,Com Vítimas Fatais,Não,Velocidade Incompatível,Queda de ocupante de veículo,Pleno dia,Nublado,Dupla,Reta,Sim,Crescente
747594,2026-01-23,sexta-feira,18:20:00,GO,153.0,613,morrinhos,-17.653257,-49.170746,3.0,0.0,0.0,Com Vítimas Feridas,Sim,Velocidade Incompatível,Saída de leito carroçável,Anoitecer,Céu Claro,Dupla,Reta,Não,Decrescente
747595,2026-01-23,sexta-feira,17:50:00,SC,101.0,396,maracaja,-28.836727,-49.421158,0.0,0.0,3.0,Com Vítimas Fatais,Sim,Condutor deixou de manter distância do veículo da frente,Queda de ocupante de veículo,Pleno dia,Nublado,Dupla,Aclive;Reta,Não,Decrescente
747596,2026-01-23,sexta-feira,19:05:00,RS,290.0,143,eldorado do sul,-30.094898,-51.64319,0.0,1.0,0.0,Com Vítimas Feridas,Sim,Acessar a via sem observar a presença dos outros veículos,Colisão transversal,Anoitecer,Céu Claro,Simples,Reta;Aclive,Não,Decrescente
747597,2026-01-23,sexta-feira,18:50:00,PR,163.0,182,santa tereza do oeste,-25.134947,-53.584084,1.0,0.0,0.0,Com Vítimas Feridas,Sim,Velocidade Incompatível,Colisão lateral mesmo sentido,Anoitecer,Céu Claro,Dupla,Curva,Sim,Decrescente
747598,2026-01-23,sexta-feira,06:00:00,MA,222.0,"328,7",igarape do meio,-3.5864084,-45.063515,0.0,0.0,0.0,Sem Vítimas,Sim,Acostamento em desnível,Tombamento,Amanhecer,Céu Claro,Simples,Reta,Não,Crescente
747599,2026-01-23,sexta-feira,16:40:00,BA,367.0,37,porto seguro,-16.396528,-39.185654,0.0,8.0,0.0,Com Vítimas Feridas,Sim,Transitar na contramão,Colisão frontal,Pleno dia,Céu Claro,Simples,Reta,Não,Crescente
747600,2026-01-23,sexta-feira,19:05:00,BA,116.0,414,feira de santana,-12.157884,-38.965145,0.0,4.0,0.0,Com Vítimas Feridas,Sim,Acessar a via sem observar a presença dos outros veículos,Queda de ocupante de veículo,Plena Noite,Céu Claro,Dupla,Reta,Não,Crescente
747601,2026-01-23,sexta-feira,18:30:00,RN,101.0,"79,1",natal,-5.75,-35.289,1.0,0.0,0.0,Com Vítimas Feridas,Sim,Ausência de reação do condutor,Colisão traseira,Plena Noite,Céu Claro,Dupla,Reta,Sim,Decrescente
747602,2026-01-23,sexta-feira,19:00:00,DF,70.0,11,brasilia,-15.791503,-48.154964,0.0,2.0,0.0,Com Vítimas Feridas,Não,Pedestre cruzava a pista fora da faixa,Atropelamento de Pedestre,Plena Noite,Chuva,Dupla,Reta,Não,Crescente
747603,2026-01-23,sexta-feira,17:40:00,PI,316.0,1,teresina,-5.12815,-42.806282,0.0,0.0,0.0,Sem Vítimas,Sim,Trafegar com motocicleta (ou similar) entre as faixas,Colisão lateral mesmo sentido,Anoitecer,Céu Claro,Múltipla,Reta,Sim,Decrescente
747604,2026-01-23,sexta-feira,17:30:00,ES,101.0,78,sao mateus,-18.80981,-39.897617,0.0,0.0,0.0,Sem Vítimas,Sim,Problema com o freio,Incêndio,Anoitecer,Nublado,Simples,Declive,Não,Crescente
747606,2026-01-23,sexta-feira,12:40:00,MG,262.0,"73,1",matipo,-20.311384,-42.32219,5.0,1.0,0.0,Com Vítimas Feridas,Sim,Ultrapassagem Indevida,Colisão frontal,Pleno dia,Chuva,Simples,Curva,Não,Crescente
747607,2026-01-23,sexta-feira,18:10:00,CE,116.0,15,fortaleza,-3.878941,-38.500736,3.0,0.0,0.0,Com Vítimas Feridas,Sim,Pedestre cruzava a pista fora da faixa,Queda de ocupante de veículo,Plena Noite,Nublado,Dupla,Reta;Aclive,Sim,Crescente
747608,2026-01-23,sexta-feira,17:41:00,MS,163.0,213,caarapo,-22.572273,-54.819008,45.0,15.0,15.0,Com Vítimas Fatais,Não,Velocidade Incompatível,Saída de leito carroçável,Pleno dia,Céu Claro,Simples,Declive;Reta,Não,Decrescente
747609,2026-01-23,sexta-feira,19:15:00,RN,304.0,"256,6",santa maria,-5.841116,-35.695225,1.0,0.0,0.0,Com Vítimas Feridas,Sim,Ausência de reação do condutor,Colisão transversal,Plena Noite,Céu Claro,Simples,Reta,Sim,Crescente
747610,2026-01-23,sexta-feira,17:38:00,PR,153.0,"50,9",santo antonio da platina,-23.375355,-50.063072,8.0,0.0,0.0,Com Vítimas Feridas,Não,Animais na Pista,Capotamento,Pleno dia,Céu Claro,Simples,Reta,Não,Crescente
747611,2026-01-23,sexta-feira,11:00:00,SC,280.0,23,araquari,-26.376577,-48.71859,0.0,1.0,0.0,Com Vítimas Feridas,Sim,Ultrapassagem Indevida,Colisão lateral mesmo sentido,Pleno dia,Céu Claro,Simples,Reta,Sim,Crescente
747612,2026-01-23,sexta-feira,19:50:00,RS,285.0,"208,5",lagoa vermelha,-28.224081,-51.61083,4.0,0.0,0.0,Com Vítimas Feridas,Não,Desrespeitar a preferência no cruzamento,Capotamento,Plena Noite,Céu Claro,Simples,Reta;Interseção de Vias,Não,Decrescente
747613,2026-01-23,sexta-feira,19:40:00,MG,50.0,166,uberaba,-19.7508,-47.9366,4.0,0.0,0.0,Com Vítimas Feridas,Não,Reação tardia ou ineficiente do condutor,Queda de ocupante de veículo,Plena Noite,Céu Claro,Dupla,Reta,Não,Decrescente