id,data_inversa,dia_semana,horario,uf,br,km,municipio,latitude,longitude,feridos_leves,feridos_graves,mortos,classificacao_acidente,causa_principal,causa_acidente,tipo_acidente,fase_dia,condicao_metereologica,tipo_pista,tracado_via,uso_solo,sentido_via
747614,2026-01-23,sexta-feira,19:02:00,AL,423.0,88,delmiro gouveia,-9.359,-38.065723,0.0,0.0,1.0,Com Vítimas Fatais,Sim,Transitar na contramão,Colisão frontal,Plena Noite,Céu Claro,Simples,Aclive;Reta,Não,Crescente
747616,2026-01-23,sexta-feira,17:45:00,RN,226.0,83,tangara,-6.197178,-35.797974,2.0,0.0,0.0,Com Vítimas Feridas,Sim,Ultrapassagem Indevida,Queda de ocupante de veículo,Anoitecer,Nublado,Simples,Reta,Sim,Crescente
747617,2026-01-23,sexta-feira,20:00:00,BA,324.0,"577,7",sao sebastiao do passe,-12.594109,-38.51616,1.0,0.0,0.0,Com Vítimas Feridas,Sim,Objeto estático sobre o leito carroçável,Capotamento,Anoitecer,Céu Claro,Dupla,Reta,Não,Decrescente
747618,2026-01-23,sexta-feira,20:40:00,ES,101.0,"65,3",sao mateus,-18.71405,-39.878235,0.0,0.0,0.0,Sem Vítimas,Sim,Ingestão de álcool pelo condutor,Colisão lateral sentido oposto,Anoitecer,Céu Claro,Simples,Reta,Não,Crescente
747619,2026-01-23,sexta-feira,19:40:00,PE,101.0,"85,5",jaboatao dos guararapes,-8.18287,-34.96349,4.0,0.0,0.0,Com Vítimas Feridas,Sim,Acostamento em desnível,Atropelamento de Pedestre,Plena Noite,Nublado,Dupla,Reta,Não,Decrescente
747620,2026-01-23,sexta-feira,20:20:00,PR,369.0,37,andira,-23.045563,-50.232742,6.0,0.0,0.0,Com Vítimas Feridas,Sim,Ingestão de álcool pelo condutor,Queda de ocupante de veículo,Plena Noite,Céu Claro,Dupla,Rotatória;Aclive;Reta;Interseção de Vias,Sim,Decrescente
747621,2026-01-23,sexta-feira,19:35:00,SE,101.0,142,estancia,-11.189662,-37.40513,0.0,0.0,0.0,Sem Vítimas,Sim,Falta de elemento de contenção que evite a saída do leito carroçável,Saída de leito carroçável,Plena Noite,Céu Claro,Dupla,Reta,Não,Crescente
747622,2026-01-23,sexta-feira,20:15:00,SP,381.0,"85,2",sao paulo,-23.459467,-46.571316,27.0,0.0,0.0,Com Vítimas Feridas,Não,Iluminação deficiente,Queda de ocupante de veículo,Plena Noite,Nublado,Dupla,Reta,Sim,Decrescente
747623,2026-01-23,sexta-feira,21:05:00,GO,414.0,347,cocalzinho de goias,-15.721371,-48.70373,0.0,0.0,0.0,Sem Vítimas,Não,Velocidade Incompatível,Colisão com objeto,Plena Noite,Chuva,Simples,Curva,Não,Crescente
747624,2026-01-23,sexta-feira,20:00:00,MG,262.0,"11,9",martins soares,-20.24855,-41.849754,1.0,0.0,0.0,Com Vítimas Feridas,Sim,Transitar na contramão,Colisão lateral sentido oposto,Plena Noite,Garoa/Chuvisco,Simples,Reta,Não,Decrescente
747625,2026-01-23,sexta-feira,20:20:00,RJ,101.0,69,campos dos goytacazes,-21.774603,-41.362,4.0,0.0,0.0,Com Vítimas Feridas,Não,Condutor deixou de manter distância do veículo da frente,Colisão transversal,Plena Noite,Chuva,Simples,Reta,Sim,Crescente
747626,2026-01-23,sexta-feira,21:40:00,GO,153.0,303,rialma,-15.332574,-49.570362,8.0,0.0,0.0,Com Vítimas Feridas,Não,Chuva,Saída de leito carroçável,Plena Noite,Garoa/Chuvisco,Simples,Declive,Sim,Decrescente
747628,2026-01-23,sexta-feira,20:50:00,SP,101.0,"48,3",ubatuba,-23.43812,-45.087597,2.0,0.0,0.0,Com Vítimas Feridas,Não,Reação tardia ou ineficiente do condutor,Colisão traseira,Plena Noite,Chuva,Simples,Reta,Sim,Crescente
747629,2026-01-23,sexta-feira,20:00:00,RJ,40.0,110,duque de caxias,-22.66627,-43.28488,2.0,0.0,0.0,Com Vítimas Feridas,Sim,Objeto estático sobre o leito carroçável,Queda de ocupante de veículo,Plena Noite,Chuva,Dupla,Reta,Não,Crescente
747630,2026-01-23,sexta-feira,20:26:00,SP,116.0,"320,5",juquitiba,-23.93392,-47.013523,3.0,6.0,0.0,Com Vítimas Feridas,Sim,Reação tardia ou ineficiente do condutor,Capotamento,Plena Noite,Chuva,Dupla,Reta,Não,Decrescente
747631,2026-01-23,sexta-feira,20:10:00,MT,163.0,983,terra nova do norte,-10.637859,-55.133537,0.0,0.0,1.0,Com Vítimas Fatais,Sim,Ausência de sinalização,Colisão traseira,Plena Noite,Nublado,Simples,Reta,Não,Crescente
747632,2026-01-23,sexta-feira,18:45:00,RO,425.0,82,nova mamore,-10.420647,-65.33453,12.0,0.0,0.0,Com Vítimas Feridas,Não,Ingestão de álcool pelo condutor,Queda de ocupante de veículo,Plena Noite,Nublado,Simples,Reta;Em Obras,Sim,Crescente
747633,2026-01-23,sexta-feira,22:10:00,BA,116.0,477,santo estevao,-12.51073,-39.37193,6.0,0.0,6.0,Com Vítimas Fatais,Não,Ausência de reação do condutor,Queda de ocupante de veículo,Plena Noite,Céu Claro,Dupla,Reta,Não,Decrescente
747634,2026-01-23,sexta-feira,22:20:00,RJ,101.0,243,silva jardim,-22.639376,-42.46748,0.0,0.0,0.0,Sem Vítimas,Não,Iluminação deficiente,Colisão com objeto,Plena Noite,Céu Claro,Dupla,Reta,Não,Decrescente
747635,2026-01-23,sexta-feira,20:43:00,SP,116.0,487,cajati,-24.729595,-48.098553,1.0,0.0,0.0,Com Vítimas Feridas,Sim,Acessar a via sem observar a presença dos outros veículos,Colisão lateral mesmo sentido,Plena Noite,Chuva,Dupla,Rotatória,Não,Crescente
747636,2026-01-23,sexta-feira,21:15:00,SP,116.0,496,cajati,-24.757723,-48.163456,4.0,0.0,0.0,Com Vítimas Feridas,Sim,Avarias e/ou desgaste excessivo no pneu,Queda de ocupante de veículo,Plena Noite,Chuva,Dupla,Reta,Não,Crescente
747637,2026-01-23,sexta-feira,22:00:00,ES,101.0,296,viana,-20.382696,-40.4596,0.0,1.0,0.0,Com Vítimas Feridas,Sim,Velocidade Incompatível,Queda de ocupante de veículo,Plena Noite,Céu Claro,Dupla,Curva;Viaduto;Declive,Não,Decrescente
747638,2026-01-23,sexta-feira,21:00:00,AM,174.0,886,manaus,-2.960722,-60.031227,4.0,0.0,2.0,Com Vítimas Fatais,Não,Restrição de visibilidade em curvas horizontais,Colisão frontal,Plena Noite,Garoa/Chuvisco,Simples,Reta,Não,Crescente
747639,2026-01-23,sexta-feira,16:40:00,MG,381.0,"709,1",nepomuceno,-21.347496,-45.177475,2.0,0.0,0.0,Com Vítimas Feridas,Sim,Ausência de reação do condutor,Capotamento,Pleno dia,Chuva,Dupla,Curva;Aclive,Não,Decrescente
747641,2026-01-23,sexta-feira,21:01:00,AL,101.0,"36,2",joaquim gomes,-9.134766,-35.77137,0.0,2.0,0.0,Com Vítimas Feridas,Não,Reação tardia ou ineficiente do condutor,Colisão traseira,Plena Noite,Nublado,Dupla,Curva,Não,Decrescente
747642,2026-01-23,sexta-feira,20:45:00,MG,381.0,561,itaguara,-20.3743,-44.472237,4.0,2.0,0.0,Com Vítimas Feridas,Sim,Chuva,Colisão com objeto,Plena Noite,Chuva,Dupla,Curva;Declive,Sim,Crescente
747643,2026-01-23,sexta-feira,22:15:00,MG,354.0,"753,4",itamonte,-22.280626,-44.87184,1.0,0.0,0.0,Com Vítimas Feridas,Sim,Ausência de reação do condutor,Colisão transversal,Plena Noite,Nublado,Simples,Interseção de Vias,Sim,Decrescente
747644,2026-01-23,sexta-feira,20:55:00,MG,381.0,582,carmopolis de minas,-20.499765,-44.608547,0.0,3.0,0.0,Com Vítimas Feridas,Sim,Chuva,Colisão com objeto,Plena Noite,Chuva,Dupla,Curva,Não,Crescente
747645,2026-01-23,sexta-feira,23:15:00,RS,116.0,249,sao leopoldo,-29.768797,-51.153408,18.0,18.0,0.0,Com Vítimas Feridas,Não,Ausência de reação do condutor,Colisão com objeto,Plena Noite,Céu Claro,Dupla,Curva,Sim,Decrescente
747646,2026-01-23,sexta-feira,19:07:00,PR,277.0,372,guarapuava,-25.42264,-51.66581,12.0,0.0,0.0,Com Vítimas Feridas,Não,Velocidade Incompatível,Colisão frontal,Pleno dia,Céu Claro,Simples,Declive;Reta,Não,Crescente
747647,2026-01-23,sexta-feira,23:20:00,PB,104.0,130,campina grande,-7.282482,-35.889187,0.0,6.0,0.0,Com Vítimas Feridas,Não,Condutor deixou de manter distância do veículo da frente,Queda de ocupante de veículo,Plena Noite,Céu Claro,Simples,Em Obras;Reta,Sim,Crescente
747648,2026-01-23,sexta-feira,18:54:00,PI,407.0,"574,8",paulistana,-8.144112,-41.13332,0.0,0.0,6.0,Com Vítimas Fatais,Não,Reação tardia ou ineficiente do condutor,Queda de ocupante de veículo,Plena Noite,Céu Claro,Simples,Declive;Reta,Sim,Decrescente
747649,2026-01-23,sexta-feira,19:40:00,RS,158.0,"191,5",cruz alta,-28.620935,-53.570408,0.0,0.0,0.0,Sem Vítimas,Sim,Animais na Pista,Atropelamento de Animal,Anoitecer,Céu Claro,Simples,Curva,Não,Crescente
747651,2026-01-24,sábado,00:00:00,SP,116.0,"103,2",taubate,-22.999458,-45.49853,9.0,3.0,0.0,Com Vítimas Feridas,Não,Velocidade Incompatível,Engavetamento,Plena Noite,Nublado,Dupla,Reta;Declive,Não,Decrescente
747652,2026-01-23,sexta-feira,14:20:00,MS,463.0,"45,6",ponta pora,-22.343699,-55.203224,0.0,0.0,0.0,Sem Vítimas,Não,Falta de acostamento,Derramamento de carga,Pleno dia,Céu Claro,Simples,Reta,Não,Decrescente
747653,2026-01-23,sexta-feira,23:00:00,MA,135.0,"195,2",alto alegre do maranhao,-4.15177,-44.469826,6.0,0.0,2.0,Com Vítimas Fatais,Sim,Animais na Pista,Colisão frontal,Plena Noite,Céu Claro,Simples,Reta,Não,Crescente
747654,2026-01-24,sábado,01:30:00,SC,282.0,"644,5",sao miguel do oeste,-26.765034,-53.485413,2.0,0.0,0.0,Com Vítimas Feridas,Sim,Velocidade Incompatível,Colisão lateral sentido oposto,Plena Noite,Céu Claro,Simples,Curva,Não,Decrescente
747656,2026-01-24,sábado,02:40:00,GO,60.0,"8,1",santo antonio do descoberto,-16.10898,-48.299755,0.0,0.0,0.0,Sem Vítimas,Sim,Condutor Dormindo,Saída de leito carroçável,Plena Noite,Garoa/Chuvisco,Múltipla,Reta,Não,Crescente
747657,2026-01-24,sábado,01:00:00,PR,277.0,662,matelandia,-25.253391,-53.995743,0.0,0.0,0.0,Sem Vítimas,Sim,Ausência de reação do condutor,Colisão com objeto,Plena Noite,Céu Claro,Simples,Reta,Não,Crescente
747658,2026-01-23,sexta-feira,23:30:00,SP,116.0,546,barra do turvo,-24.946873,-48.427803,45.0,0.0,0.0,Com Vítimas Feridas,Não,Declive acentuado,Colisão com objeto,Plena Noite,Chuva,Múltipla,Curva;Declive,Não,Crescente
747659,2026-01-24,sábado,03:00:00,RJ,116.0,190,nova iguacu,-22.733892,-43.556316,2.0,0.0,0.0,Com Vítimas Feridas,Sim,Ausência de reação do condutor,Colisão com objeto,Plena Noite,Garoa/Chuvisco,Dupla,Reta,Não,Crescente
747660,2026-01-24,sábado,03:00:00,MG,262.0,"397,9",para de minas,-19.889978,-44.62211,0.0,4.0,0.0,Com Vítimas Feridas,Sim,Velocidade Incompatível,Atropelamento de Animal,Plena Noite,Nublado,Dupla,Curva,Não,Crescente
747662,2026-01-24,sábado,03:30:00,PR,116.0,134,fazenda rio grande,-25.711624,-49.319557,0.0,0.0,0.0,Sem Vítimas,Sim,Ingestão de álcool pelo condutor,Colisão com objeto,Plena Noite,Céu Claro,Múltipla,Reta,Não,Crescente
747663,2026-01-24,sábado,03:00:00,ES,101.0,"62,3",sao mateus,-18.648945,-39.873444,0.0,1.0,0.0,Com Vítimas Feridas,Sim,Transitar na contramão,Colisão lateral sentido oposto,Plena Noite,Céu Claro,Dupla,Aclive,Não,Crescente
747664,2026-01-24,sábado,02:10:00,PA,10.0,"218,8",ipixuna do para,-2.518883,-47.506145,6.0,0.0,6.0,Com Vítimas Fatais,Não,Velocidade Incompatível,Queda de ocupante de veículo,Plena Noite,Chuva,Simples,Curva;Declive,Não,Crescente
747665,2026-01-24,sábado,01:40:00,MG,116.0,"249,8",teofilo otoni,-17.642399,-41.49836,0.0,0.0,0.0,Sem Vítimas,Sim,Demais falhas mecânicas ou elétricas,Incêndio,Plena Noite,Nublado,Simples,Curva,Não,Decrescente
747666,2026-01-23,sexta-feira,22:20:00,RS,116.0,100,sao marcos,-28.924274,-51.095615,0.0,1.0,0.0,Com Vítimas Feridas,Sim,Velocidade Incompatível,Queda de ocupante de veículo,Plena Noite,Céu Claro,Simples,Curva,Não,Crescente
747667,2026-01-24,sábado,04:00:00,PR,476.0,161,araucaria,-25.61873,-49.4392,0.0,0.0,0.0,Sem Vítimas,Sim,Reação tardia ou ineficiente do condutor,Saída de leito carroçável,Plena Noite,Céu Claro,Simples,Reta,Não,Crescente
747668,2026-01-24,sábado,03:30:00,SC,101.0,189,biguacu,-27.47076,-48.64124,0.0,0.0,0.0,Sem Vítimas,Não,Retorno proibido,Colisão transversal,Pleno dia,Céu Claro,Dupla,Reta,Não,Crescente
747669,2026-01-23,sexta-feira,20:32:00,MG,381.0,"550,2",itaguara,-20.30095,-44.442093,9.0,0.0,0.0,Com Vítimas Feridas,Não,Curva acentuada,Colisão com objeto,Plena Noite,Nublado,Dupla,Curva;Declive,Não,Crescente
747670,2026-01-24,sábado,03:40:00,SE,101.0,95,nossa senhora do socorro,-10.909999,-37.15623,0.0,0.0,0.0,Sem Vítimas,Sim,Animais na Pista,Colisão com objeto,Plena Noite,Céu Claro,Dupla,Aclive;Reta,Sim,Crescente
747671,2026-01-24,sábado,04:05:00,MG,116.0,"528,7",caratinga,-19.803108,-42.13646,0.0,0.0,0.0,Sem Vítimas,Sim,Ingestão de álcool pelo condutor,Colisão transversal,Plena Noite,Chuva,Simples,Interseção de Vias;Curva,Sim,Crescente
747672,2026-01-24,sábado,03:10:00,SC,101.0,"189,5",biguacu,-27.468765,-48.64164,6.0,0.0,0.0,Com Vítimas Feridas,Sim,Condutor deixou de manter distância do veículo da frente,Queda de ocupante de veículo,Plena Noite,Nublado,Dupla,Reta,Não,Crescente
747673,2026-01-24,sábado,03:30:00,AL,104.0,76,messias,-9.368831,-35.83073,0.0,0.0,0.0,Sem Vítimas,Sim,Velocidade Incompatível,Colisão com objeto,Plena Noite,Céu Claro,Simples,Curva,Não,Crescente
747674,2026-01-24,sábado,05:20:00,DF,40.0,7,brasilia,-16.04484,-47.98074,3.0,0.0,0.0,Com Vítimas Feridas,Sim,Ausência de reação do condutor,Queda de ocupante de veículo,Amanhecer,Nublado,Dupla,Reta;Declive,Sim,Crescente
747675,2026-01-24,sábado,04:15:00,GO,80.0,43,padre bernardo,-15.193909,-48.284195,2.0,0.0,0.0,Com Vítimas Feridas,Sim,Retorno proibido,Colisão transversal,Plena Noite,Garoa/Chuvisco,Simples,Reta,Não,Decrescente
747676,2026-01-23,sexta-feira,21:20:00,MS,376.0,31,fatima do sul,-22.389345,-54.48485,1.0,0.0,0.0,Com Vítimas Feridas,Sim,Iluminação deficiente,Atropelamento de Pedestre,Plena Noite,Céu Claro,Simples,Reta,Não,Crescente
747677,2026-01-23,sexta-feira,06:00:00,RS,116.0,311,guaiba,-30.204538,-51.40088,0.0,0.0,0.0,Sem Vítimas,Sim,Demais falhas mecânicas ou elétricas,Saída de leito carroçável,Pleno dia,Céu Claro,Dupla,Curva,Não,Decrescente
747678,2026-01-24,sábado,05:30:00,PE,316.0,85,ouricuri,-7.88891,-40.064022,4.0,0.0,0.0,Com Vítimas Feridas,Sim,Ingestão de álcool pelo condutor,Colisão transversal,Amanhecer,Céu Claro,Simples,Reta,Sim,Crescente
747679,2026-01-23,sexta-feira,21:30:00,SC,101.0,416,ararangua,-28.975,-49.531,1.0,0.0,0.0,Com Vítimas Feridas,Sim,Reação tardia ou ineficiente do condutor,Colisão lateral mesmo sentido,Plena Noite,Ignorado,Simples,Reta,Sim,Decrescente
747680,2026-01-24,sábado,04:20:00,MG,381.0,480,contagem,-19.959274,-44.059956,4.0,0.0,0.0,Com Vítimas Feridas,Sim,Ausência de reação do condutor,Queda de ocupante de veículo,Plena Noite,Céu Claro,Simples,Reta,Sim,Crescente
747681,2026-01-24,sábado,06:20:00,BA,101.0,"904,3",ibirapua,-17.765047,-39.77814,0.0,6.0,0.0,Com Vítimas Feridas,Não,Manobra de mudança de faixa,Colisão frontal,Amanhecer,Céu Claro,Simples,Reta;Aclive,Não,Decrescente
747682,2026-01-24,sábado,04:50:00,PR,277.0,"726,9",foz do iguacu,-25.510738,-54.55231,0.0,0.0,0.0,Sem Vítimas,Sim,Reação tardia ou ineficiente do condutor,Colisão com objeto,Plena Noite,Céu Claro,Dupla,Viaduto,Sim,Crescente
747683,2026-01-24,sábado,06:50:00,RJ,116.0,"309,8",resende,-22.45918,-44.42885,1.0,0.0,0.0,Com Vítimas Feridas,Sim,Acessar a via sem observar a presença dos outros veículos,Colisão lateral mesmo sentido,Pleno dia,Nublado,Dupla,Reta,Não,Decrescente
747684,2026-01-24,sábado,03:30:00,GO,414.0,209,niquelandia,-14.504242,-48.51906,0.0,0.0,0.0,Sem Vítimas,Não,Avarias e/ou desgaste excessivo no pneu,Derramamento de carga,Plena Noite,Chuva,Simples,Curva,Não,Crescente
747685,2026-01-24,sábado,05:20:00,GO,153.0,311,rialma,-15.4292145,-49.513027,0.0,0.0,0.0,Sem Vítimas,Sim,Condutor Dormindo,Saída de leito carroçável,Amanhecer,Chuva,Simples,Reta;Aclive,Não,Crescente
747686,2026-01-24,sábado,05:00:00,PR,277.0,"726,9",foz do iguacu,-25.510666,-54.552505,0.0,4.0,0.0,Com Vítimas Feridas,Sim,Ausência de reação do condutor,Colisão com objeto,Amanhecer,Céu Claro,Dupla,Reta,Sim,Crescente
747687,2026-01-24,sábado,06:45:00,SC,101.0,264,garopaba,-28.055351,-48.718346,1.0,0.0,0.0,Com Vítimas Feridas,Sim,Ausência de reação do condutor,Saída de leito carroçável,Pleno dia,Sol,Múltipla,Reta,Sim,Crescente
747688,2026-01-24,sábado,06:30:00,BA,324.0,605,simoes filho,-12.797465,-38.405262,12.0,0.0,0.0,Com Vítimas Feridas,Não,Pista Escorregadia,Engavetamento,Pleno dia,Nublado,Dupla,Reta,Sim,Crescente
747689,2026-01-24,sábado,06:00:00,GO,80.0,23,padre bernardo,-15.352951,-48.23064,0.0,1.0,0.0,Com Vítimas Feridas,Sim,Ausência de reação do condutor,Capotamento,Amanhecer,Céu Claro,Simples,Declive,Não,Decrescente
747690,2026-01-24,sábado,06:15:00,BA,324.0,605,simoes filho,-12.802095,-38.404,4.0,0.0,0.0,Com Vítimas Feridas,Sim,Reação tardia ou ineficiente do condutor,Colisão transversal,Pleno dia,Nublado,Dupla,Reta,Sim,Crescente
747691,2026-01-24,sábado,05:30:00,SP,116.0,"284,4",embu das artes,-23.678091,-46.858097,0.0,0.0,1.0,Com Vítimas Fatais,Sim,Pedestre cruzava a pista fora da faixa,Atropelamento de Pedestre,Amanhecer,Céu Claro,Dupla,Reta,Não,Crescente
747692,2026-01-24,sábado,03:55:00,MG,262.0,"449,9",nova serrana,-19.82458,-45.07931,3.0,3.0,0.0,Com Vítimas Feridas,Sim,Ultrapassagem Indevida,Tombamento,Pleno dia,Céu Claro,Simples,Reta,Não,Crescente
747694,2026-01-24,sábado,05:35:00,BA,324.0,"607,5",simoes filho,-12.818107,-38.4072,4.0,4.0,2.0,Com Vítimas Fatais,Sim,Ausência de reação do condutor,Tombamento,Amanhecer,Céu Claro,Dupla,Reta;Aclive,Sim,Crescente
747695,2026-01-24,sábado,07:00:00,PR,369.0,138,ibipora,-23.292065,-51.088505,0.0,6.0,0.0,Com Vítimas Feridas,Sim,Ultrapassagem Indevida,Colisão com objeto,Pleno dia,Céu Claro,Simples,Interseção de Vias;Reta,Sim,Crescente
747696,2026-01-24,sábado,07:53:00,SP,116.0,565,barra do turvo,-25.049065,-48.55312,0.0,1.0,0.0,Com Vítimas Feridas,Sim,Chuva,Colisão transversal,Pleno dia,Garoa/Chuvisco,Dupla,Declive;Curva,Não,Crescente
747697,2026-01-24,sábado,07:10:00,MG,40.0,"741,3",santos dumont,-21.437096,-43.55579,2.0,0.0,0.0,Com Vítimas Feridas,Sim,Chuva,Colisão frontal,Pleno dia,Chuva,Simples,Curva,Não,Decrescente
747698,2026-01-24,sábado,06:20:00,RS,386.0,"20,9",frederico westphalen,-27.272121,-53.34796,0.0,0.0,1.0,Com Vítimas Fatais,Sim,Transitar na contramão,Colisão frontal,Pleno dia,Céu Claro,Simples,Curva,Não,Crescente
747701,2026-01-24,sábado,08:20:00,SP,153.0,"47,5",sao jose do rio preto,-20.688118,-49.339985,0.0,6.0,0.0,Com Vítimas Feridas,Não,Ausência de reação do condutor,Queda de ocupante de veículo,Pleno dia,Nublado,Simples,Reta;Declive,Não,Crescente
747702,2026-01-24,sábado,08:00:00,BA,116.0,11,vitoria da conquista,-14.87038,-40.871605,0.0,1.0,0.0,Com Vítimas Feridas,Sim,Reação tardia ou ineficiente do condutor,Colisão lateral mesmo sentido,Pleno dia,Céu Claro,Simples,Reta,Não,Crescente
747704,2026-01-23,sexta-feira,15:30:00,GO,364.0,352,mineiros,-17.379433,-52.92548,3.0,0.0,0.0,Com Vítimas Feridas,Não,Declive acentuado,Tombamento,Pleno dia,Céu Claro,Simples,Curva;Declive,Não,Crescente
747705,2026-01-23,sexta-feira,18:00:00,BA,407.0,101,jaguarari,-10.258128,-40.19023,3.0,0.0,0.0,Com Vítimas Feridas,Sim,Acessar a via sem observar a presença dos outros veículos,Queda de ocupante de veículo,Anoitecer,Céu Claro,Simples,Aclive;Reta,Sim,Crescente
747706,2026-01-24,sábado,00:20:00,RJ,116.0,173,rio de janeiro,-22.804823,-43.3453,0.0,0.0,0.0,Sem Vítimas,Sim,Reação tardia ou ineficiente do condutor,Colisão lateral mesmo sentido,Plena Noite,Nublado,Múltipla,Reta,Não,Crescente
747707,2026-01-24,sábado,08:25:00,RN,304.0,"59,2",mossoro,-5.31605,-37.2735,4.0,0.0,0.0,Com Vítimas Feridas,Sim,Avarias e/ou desgaste excessivo no pneu,Queda de ocupante de veículo,Pleno dia,Céu Claro,Simples,Reta,Não,Decrescente
747708,2026-01-24,sábado,09:10:00,SC,101.0,131,camboriu,-26.991072,-48.662823,1.0,0.0,0.0,Com Vítimas Feridas,Sim,Trafegar com motocicleta (ou similar) entre as faixas,Colisão traseira,Pleno dia,Céu Claro,Dupla,Reta,Sim,Crescente
747709,2026-01-24,sábado,08:50:00,SC,282.0,"21,8",santo amaro da imperatriz,-27.689222,-48.730736,1.0,0.0,0.0,Com Vítimas Feridas,Sim,Acessar a via sem observar a presença dos outros veículos,Colisão transversal,Pleno dia,Céu Claro,Simples,Reta,Sim,Crescente
747710,2026-01-24,sábado,07:45:00,GO,70.0,5,aguas lindas de goias,-15.756239,-48.25524,3.0,0.0,0.0,Com Vítimas Feridas,Sim,Estacionar ou parar em local proibido,Queda de ocupante de veículo,Pleno dia,Céu Claro,Dupla,Curva;Aclive,Sim,Crescente
747711,2026-01-24,sábado,09:15:00,SC,280.0,"67,3",jaragua do sul,-26.475462,-49.106945,0.0,2.0,0.0,Com Vítimas Feridas,Sim,Acessar a via sem observar a presença dos outros veículos,Colisão transversal,Pleno dia,Céu Claro,Simples,Interseção de Vias;Reta,Sim,Decrescente
747712,2026-01-24,sábado,08:50:00,MG,381.0,519,igarape,-20.110363,-44.31352,1.0,0.0,0.0,Com Vítimas Feridas,Sim,Ausência de reação do condutor,Colisão com objeto,Pleno dia,Garoa/Chuvisco,Dupla,Curva,Não,Crescente
747714,2026-01-24,sábado,09:00:00,PR,476.0,210,lapa,-25.784594,-49.845524,15.0,0.0,0.0,Com Vítimas Feridas,Não,Restrição de visibilidade em curvas horizontais,Colisão lateral sentido oposto,Pleno dia,Sol,Simples,Curva;Aclive,Não,Crescente
747715,2026-01-08,quinta-feira,17:40:00,SP,116.0,228,sao paulo,-23.503677,-46.56635,4.0,0.0,0.0,Com Vítimas Feridas,Não,Reação tardia ou ineficiente do condutor,Engavetamento,Anoitecer,Garoa/Chuvisco,Múltipla,Declive;Reta,Sim,Decrescente
747716,2026-01-04,domingo,21:05:00,SP,116.0,219,guarulhos,-23.459513,-46.48464,0.0,0.0,0.0,Sem Vítimas,Sim,Reação tardia ou ineficiente do condutor,Engavetamento,Plena Noite,Céu Claro,Múltipla,Reta,Sim,Crescente
747717,2026-01-24,sábado,09:20:00,RS,290.0,76,gravatai,-29.955425,-51.024956,0.0,0.0,0.0,Sem Vítimas,Sim,Reação tardia ou ineficiente do condutor,Colisão com objeto,Pleno dia,Céu Claro,Dupla,Reta,Não,Crescente
747718,2026-01-24,sábado,10:20:00,SC,101.0,148,itapema,-27.092375,-48.6176,2.0,0.0,0.0,Com Vítimas Feridas,Sim,Ausência de reação do condutor,Colisão traseira,Pleno dia,Céu Claro,Múltipla,Reta,Sim,Crescente
747719,2026-01-24,sábado,08:05:00,PR,277.0,299,prudentopolis,-25.313375,-51.084396,12.0,0.0,0.0,Com Vítimas Feridas,Não,Ultrapassagem Indevida,Tombamento,Pleno dia,Nublado,Simples,Curva,Não,Decrescente
747720,2026-01-23,sexta-feira,17:26:00,MT,163.0,1004,terra nova do norte,-10.45576,-55.063736,2.0,0.0,0.0,Com Vítimas Feridas,Sim,Ultrapassagem Indevida,Capotamento,Pleno dia,Chuva,Simples,Reta,Não,Decrescente
747721,2026-01-24,sábado,08:07:00,RO,364.0,773,porto velho,-9.096453,-64.09183,1.0,1.0,0.0,Com Vítimas Feridas,Sim,Demais falhas mecânicas ou elétricas,Queda de ocupante de veículo,Pleno dia,Céu Claro,Simples,Reta,Não,Crescente
747722,2026-01-24,sábado,10:20:00,MG,459.0,"13,9",caldas,-21.829828,-46.448166,2.0,0.0,0.0,Com Vítimas Feridas,Sim,Chuva,Colisão com objeto,Pleno dia,Chuva,Simples,Reta,Não,Decrescente
747723,2026-01-24,sábado,09:40:00,PR,277.0,145,balsa nova,-25.47631,-49.71208,3.0,0.0,0.0,Com Vítimas Feridas,Não,Reação tardia ou ineficiente do condutor,Colisão traseira,Pleno dia,Céu Claro,Simples,Curva,Não,Crescente
747724,2026-01-24,sábado,10:10:00,RS,158.0,"155,8",panambi,-28.324774,-53.498993,2.0,2.0,0.0,Com Vítimas Feridas,Sim,Ultrapassagem Indevida,Tombamento,Pleno dia,Céu Claro,Simples,Reta,Sim,Crescente
747725,2026-01-24,sábado,10:30:00,PR,376.0,652,tijucas do sul,-25.842403,-49.058334,2.0,0.0,0.0,Com Vítimas Feridas,Sim,Reação tardia ou ineficiente do condutor,Colisão com objeto,Pleno dia,Céu Claro,Dupla,Curva;Declive,Não,Crescente
747726,2026-01-24,sábado,10:10:00,MG,381.0,351,joao monlevade,-19.839437,-43.181564,2.0,0.0,0.0,Com Vítimas Feridas,Sim,Ausência de reação do condutor,Colisão com objeto,Pleno dia,Chuva,Simples,Curva;Rotatória,Sim,Decrescente
747729,2026-01-24,sábado,08:50:00,SC,280.0,86,corupa,-26.414911,-49.26428,1.0,1.0,0.0,Com Vítimas Feridas,Sim,Retorno proibido,Colisão frontal,Pleno dia,Céu Claro,Dupla,Aclive;Reta,Não,Crescente
747730,2026-01-24,sábado,09:20:00,RJ,40.0,34,areal,-22.205276,-43.140633,1.0,0.0,0.0,Com Vítimas Feridas,Sim,Reação tardia ou ineficiente do condutor,Capotamento,Pleno dia,Chuva,Simples,Curva,Não,Decrescente