id,data_inversa,dia_semana,horario,uf,br,km,municipio,latitude,longitude,feridos_leves,feridos_graves,mortos,classificacao_acidente,causa_principal,causa_acidente,tipo_acidente,fase_dia,condicao_metereologica,tipo_pista,tracado_via,uso_solo,sentido_via
747731,2026-01-24,sábado,11:00:00,MG,262.0,"52,3",manhuacu,-20.249605,-42.157986,4.0,2.0,0.0,Com Vítimas Feridas,Não,Ingestão de álcool pelo condutor,Colisão frontal,Pleno dia,Nublado,Simples,Reta,Não,Crescente
747732,2026-01-24,sábado,11:33:00,RN,101.0,122,sao jose de mipibu,-6.0499296,-35.24401,5.0,0.0,0.0,Com Vítimas Feridas,Sim,Manobra de mudança de faixa,Colisão transversal,Pleno dia,Céu Claro,Dupla,Reta;Retorno Regulamentado,Não,Decrescente
747733,2026-01-24,sábado,11:30:00,RS,392.0,"3,1",rio grande,-32.138916,-52.109657,3.0,3.0,0.0,Com Vítimas Feridas,Sim,Acessar a via sem observar a presença dos outros veículos,Queda de ocupante de veículo,Pleno dia,Sol,Simples,Reta,Sim,Crescente
747734,2026-01-24,sábado,11:40:00,ES,262.0,"0,3",vitoria,-20.318796,-40.34974,6.0,0.0,0.0,Com Vítimas Feridas,Não,Frear bruscamente,Queda de ocupante de veículo,Pleno dia,Céu Claro,Dupla,Ponte;Reta,Não,Decrescente
747735,2026-01-24,sábado,11:00:00,PR,476.0,144,curitiba,-25.542608,-49.313503,4.0,0.0,0.0,Com Vítimas Feridas,Não,Ausência de reação do condutor,Tombamento,Pleno dia,Céu Claro,Dupla,Reta,Sim,Crescente
747736,2026-01-24,sábado,10:30:00,MA,135.0,6,sao luis,-2.6882436,-44.299828,0.0,0.0,0.0,Sem Vítimas,Sim,Acessar a via sem observar a presença dos outros veículos,Colisão lateral mesmo sentido,Pleno dia,Céu Claro,Dupla,Reta,Sim,Crescente
747737,2026-01-24,sábado,12:24:00,SE,101.0,91,nossa senhora do socorro,-10.90099,-37.13236,6.0,0.0,0.0,Com Vítimas Feridas,Não,Problema com o freio,Tombamento,Pleno dia,Céu Claro,Dupla,Curva,Não,Crescente
747738,2026-01-24,sábado,11:45:00,ES,262.0,81,domingos martins,-20.407707,-40.947933,0.0,1.0,0.0,Com Vítimas Feridas,Sim,Velocidade Incompatível,Tombamento,Pleno dia,Sol,Simples,Curva,Não,Decrescente
747739,2026-01-24,sábado,12:20:00,MG,116.0,"515,4",ubaporanga,-19.694702,-42.117916,2.0,0.0,0.0,Com Vítimas Feridas,Sim,Demais falhas mecânicas ou elétricas,Tombamento,Pleno dia,Nublado,Simples,Curva,Não,Crescente
747740,2026-01-24,sábado,12:10:00,DF,60.0,"9,2",brasilia,-15.90745,-48.143005,20.0,0.0,0.0,Com Vítimas Feridas,Não,Ausência de reação do condutor,Capotamento,Pleno dia,Céu Claro,Dupla,Aclive;Reta,Sim,Crescente
747741,2026-01-24,sábado,11:50:00,RS,290.0,6,osorio,-29.896517,-50.33449,0.0,0.0,0.0,Sem Vítimas,Sim,Demais falhas mecânicas ou elétricas,Incêndio,Pleno dia,Sol,Dupla,Reta,Não,Decrescente
747742,2026-01-24,sábado,12:10:00,MG,381.0,500,betim,-20.00313,-44.21258,3.0,3.0,0.0,Com Vítimas Feridas,Não,Pista esburacada,Queda de ocupante de veículo,Pleno dia,Garoa/Chuvisco,Dupla,Declive;Reta,Não,Crescente
747743,2026-01-24,sábado,12:05:00,PR,376.0,"183,9",sarandi,-23.44088,-51.872517,9.0,9.0,0.0,Com Vítimas Feridas,Não,Reação tardia ou ineficiente do condutor,Queda de ocupante de veículo,Pleno dia,Céu Claro,Dupla,Reta;Declive;Em Obras,Sim,Crescente
747744,2026-01-24,sábado,12:00:00,RO,364.0,603,itapua do oeste,-9.185961,-63.19484,12.0,0.0,0.0,Com Vítimas Feridas,Não,Avarias e/ou desgaste excessivo no pneu,Tombamento,Pleno dia,Céu Claro,Dupla,Interseção de Vias;Retorno Regulamentado;Curva,Não,Crescente
747745,2026-01-24,sábado,12:15:00,MG,262.0,"433,3",nova serrana,-19.881138,-44.93229,0.0,1.0,0.0,Com Vítimas Feridas,Sim,Acessar a via sem observar a presença dos outros veículos,Colisão lateral mesmo sentido,Pleno dia,Nublado,Dupla,Reta,Sim,Decrescente
747746,2026-01-24,sábado,13:20:00,RJ,101.0,229,silva jardim,-22.565989,-42.37255,0.0,0.0,0.0,Sem Vítimas,Sim,Reação tardia ou ineficiente do condutor,Saída de leito carroçável,Pleno dia,Nublado,Dupla,Curva,Não,Decrescente
747748,2026-01-24,sábado,12:33:00,PE,101.0,"65,6",recife,-8.03048,-34.94283,1.0,0.0,0.0,Com Vítimas Feridas,Sim,Reação tardia ou ineficiente do condutor,Engavetamento,Pleno dia,Céu Claro,Múltipla,Reta,Sim,Decrescente
747749,2026-01-24,sábado,12:05:00,RO,319.0,142,porto velho,-8.749514,-63.887836,0.0,0.0,0.0,Sem Vítimas,Sim,Reação tardia ou ineficiente do condutor,Colisão traseira,Pleno dia,Chuva,Dupla,Reta,Sim,Decrescente
747750,2026-01-24,sábado,13:50:00,SC,282.0,17,palhoca,-27.669657,-48.69074,0.0,2.0,0.0,Com Vítimas Feridas,Sim,Ausência de reação do condutor,Queda de ocupante de veículo,Pleno dia,Céu Claro,Simples,Reta,Sim,Crescente
747751,2026-01-24,sábado,10:25:00,SC,282.0,72,rancho queimado,-27.68336,-49.105892,0.0,3.0,0.0,Com Vítimas Feridas,Sim,Ultrapassagem Indevida,Tombamento,Pleno dia,Céu Claro,Simples,Declive;Curva,Não,Decrescente
747752,2026-01-24,sábado,14:00:00,SP,381.0,"60,5",mairipora,-23.30169,-46.57148,1.0,0.0,0.0,Com Vítimas Feridas,Sim,Chuva,Capotamento,Pleno dia,Chuva,Dupla,Declive;Curva,Não,Crescente
747753,2026-01-24,sábado,14:05:00,RJ,116.0,174,sao joao de meriti,-22.793613,-43.364902,0.0,1.0,0.0,Com Vítimas Feridas,Sim,Entrada inopinada do pedestre,Atropelamento de Pedestre,Pleno dia,Nublado,Múltipla,Reta,Não,Crescente
747754,2026-01-24,sábado,13:04:00,MA,10.0,257,imperatriz,-5.490385,-47.47218,0.0,0.0,0.0,Sem Vítimas,Sim,Transitar no Acostamento,Colisão transversal,Pleno dia,Céu Claro,Simples,Reta,Não,Decrescente
747755,2026-01-24,sábado,14:20:00,SC,101.0,126,itajai,-26.956238,-48.67983,1.0,0.0,0.0,Com Vítimas Feridas,Sim,Trafegar com motocicleta (ou similar) entre as faixas,Colisão traseira,Pleno dia,Céu Claro,Dupla,Curva,Não,Crescente
747756,2026-01-24,sábado,13:40:00,SP,381.0,65,mairipora,-23.31445,-46.582146,0.0,0.0,0.0,Sem Vítimas,Sim,Reação tardia ou ineficiente do condutor,Saída de leito carroçável,Pleno dia,Garoa/Chuvisco,Dupla,Aclive;Reta,Sim,Decrescente
747757,2026-01-24,sábado,14:30:00,SC,101.0,"276,6",imbituba,-28.160295,-48.69298,1.0,0.0,0.0,Com Vítimas Feridas,Sim,Desrespeitar a preferência no cruzamento,Colisão transversal,Pleno dia,Céu Claro,Múltipla,Interseção de Vias,Sim,Decrescente
747758,2026-01-24,sábado,13:40:00,SP,116.0,327,juquitiba,-23.936108,-47.076855,1.0,0.0,0.0,Com Vítimas Feridas,Sim,Manobra de mudança de faixa,Colisão traseira,Pleno dia,Céu Claro,Dupla,Reta,Não,Decrescente
747759,2026-01-24,sábado,15:02:00,PR,376.0,"622,1",sao jose dos pinhais,-25.632038,-49.16275,6.0,0.0,0.0,Com Vítimas Feridas,Não,Manobra de mudança de faixa,Queda de ocupante de veículo,Pleno dia,Céu Claro,Dupla,Aclive,Não,Decrescente
747761,2026-01-24,sábado,15:00:00,MG,365.0,427,patos de minas,-18.74407,-46.63098,0.0,0.0,2.0,Com Vítimas Fatais,Sim,Transitar na contramão,Colisão frontal,Pleno dia,Garoa/Chuvisco,Simples,Declive;Reta;Ponte,Não,Decrescente
747762,2026-01-24,sábado,15:00:00,GO,60.0,399,rio verde,-17.821987,-51.058334,3.0,0.0,3.0,Com Vítimas Fatais,Não,Reação tardia ou ineficiente do condutor,Capotamento,Pleno dia,Céu Claro,Dupla,Reta,Não,Decrescente
747764,2026-01-24,sábado,15:30:00,RS,290.0,721,uruguaiana,-29.756979,-57.06267,0.0,0.0,0.0,Sem Vítimas,Não,Conversão proibida,Saída de leito carroçável,Pleno dia,Céu Claro,Simples,Curva,Sim,Crescente
747765,2026-01-24,sábado,15:45:00,SC,470.0,"58,4",blumenau,-26.884066,-49.15013,4.0,0.0,0.0,Com Vítimas Feridas,Não,Trafegar com motocicleta (ou similar) entre as faixas,Tombamento,Pleno dia,Sol,Simples,Aclive;Reta,Sim,Crescente
747766,2026-01-24,sábado,13:40:00,PR,376.0,"183,3",sarandi,-23.438261,-51.87655,4.0,0.0,0.0,Com Vítimas Feridas,Não,Ingestão de álcool pelo condutor,Engavetamento,Pleno dia,Céu Claro,Dupla,Em Obras;Reta,Sim,Crescente
747767,2026-01-24,sábado,14:15:00,MG,116.0,373,frei inocencio,-18.56223,-41.906864,20.0,0.0,0.0,Com Vítimas Feridas,Não,Ausência de reação do condutor,Queda de ocupante de veículo,Pleno dia,Céu Claro,Simples,Reta,Sim,Crescente
747768,2026-01-24,sábado,15:30:00,MG,262.0,827,uberaba,-19.76339,-48.13124,2.0,0.0,0.0,Com Vítimas Feridas,Sim,Avarias e/ou desgaste excessivo no pneu,Queda de ocupante de veículo,Pleno dia,Céu Claro,Dupla,Reta,Não,Crescente
747770,2026-01-24,sábado,16:20:00,MG,381.0,492,betim,-19.962116,-44.163017,0.0,1.0,0.0,Com Vítimas Feridas,Sim,Ausência de reação do condutor,Colisão com objeto,Pleno dia,Céu Claro,Simples,Reta,Sim,Crescente
747771,2026-01-11,domingo,17:15:00,MG,40.0,"505,3",ribeirao das neves,-19.74136,-44.14881,0.0,0.0,0.0,Sem Vítimas,Sim,Ingestão de álcool pelo condutor,Colisão com objeto,Pleno dia,Céu Claro,Dupla,Declive;Reta,Sim,Crescente
747773,2026-01-24,sábado,13:00:00,RO,364.0,"424,9",jaru,-10.438666,-62.47096,12.0,0.0,0.0,Com Vítimas Feridas,Não,Reação tardia ou ineficiente do condutor,Queda de ocupante de veículo,Pleno dia,Nublado,Múltipla,Reta;Interseção de Vias,Sim,Decrescente
747775,2026-01-24,sábado,12:14:00,MG,365.0,253,buritizeiro,-17.51179,-45.28023,6.0,0.0,0.0,Com Vítimas Feridas,Não,Condutor Dormindo,Capotamento,Pleno dia,Nublado,Simples,Aclive;Curva,Não,Decrescente
747776,2026-01-24,sábado,15:55:00,RS,290.0,90,porto alegre,-29.968409,-51.158035,1.0,0.0,0.0,Com Vítimas Feridas,Sim,Demais falhas mecânicas ou elétricas,Colisão lateral mesmo sentido,Pleno dia,Céu Claro,Múltipla,Reta,Não,Decrescente
747777,2026-01-24,sábado,16:30:00,RS,285.0,456,ijui,-28.388062,-53.892128,2.0,0.0,0.0,Com Vítimas Feridas,Sim,Desrespeitar a preferência no cruzamento,Colisão transversal,Pleno dia,Céu Claro,Simples,Reta;Interseção de Vias;Em Obras,Sim,Decrescente
747778,2026-01-24,sábado,13:55:00,AC,364.0,136,rio branco,-9.977748,-67.84914,4.0,0.0,0.0,Com Vítimas Feridas,Sim,Transitar na contramão,Tombamento,Pleno dia,Nublado,Dupla,Reta,Sim,Decrescente
747779,2026-01-24,sábado,16:10:00,SC,101.0,196,biguacu,-27.508078,-48.645943,3.0,0.0,0.0,Com Vítimas Feridas,Sim,Trafegar com motocicleta (ou similar) entre as faixas,Queda de ocupante de veículo,Pleno dia,Sol,Múltipla,Reta,Sim,Decrescente
747780,2026-01-24,sábado,16:12:00,SC,116.0,283,capao alto,-28.06531,-50.574463,4.0,0.0,0.0,Com Vítimas Feridas,Não,Velocidade Incompatível,Colisão com objeto,Pleno dia,Céu Claro,Simples,Aclive;Reta,Não,Crescente
747781,2026-01-24,sábado,15:05:00,RJ,40.0,82,petropolis,-22.536366,-43.222095,2.0,0.0,0.0,Com Vítimas Feridas,Sim,Acumulo de óleo sobre o pavimento,Tombamento,Pleno dia,Nevoeiro/Neblina,Simples,Reta,Não,Decrescente
747782,2026-01-24,sábado,16:50:00,PE,101.0,83,jaboatao dos guararapes,-8.177169,-34.94456,0.0,0.0,0.0,Sem Vítimas,Sim,Condutor deixou de manter distância do veículo da frente,Colisão traseira,Pleno dia,Céu Claro,Dupla,Aclive;Curva,Não,Decrescente
747783,2026-01-24,sábado,14:04:00,MS,163.0,680,rio verde de mato grosso,-18.911224,-54.839695,4.0,0.0,0.0,Com Vítimas Feridas,Sim,Acessar a via sem observar a presença dos outros veículos,Saída de leito carroçável,Pleno dia,Céu Claro,Simples,Interseção de Vias;Reta,Sim,Crescente
747784,2026-01-24,sábado,17:15:00,SC,470.0,"74,5",indaial,-26.92087,-49.28245,0.0,0.0,12.0,Com Vítimas Fatais,Sim,Transitar na contramão,Incêndio,Pleno dia,Nublado,Simples,Reta,Não,Crescente
747785,2026-01-24,sábado,16:10:00,SP,381.0,70,mairipora,-23.349277,-46.55353,0.0,0.0,0.0,Sem Vítimas,Sim,Curva acentuada,Tombamento,Pleno dia,Chuva,Dupla,Curva;Declive,Sim,Decrescente
747786,2026-01-24,sábado,17:10:00,PR,277.0,"22,9",morretes,-25.528728,-48.735413,12.0,0.0,0.0,Com Vítimas Feridas,Não,Reação tardia ou ineficiente do condutor,Queda de ocupante de veículo,Pleno dia,Nublado,Dupla,Declive;Reta;Retorno Regulamentado,Não,Decrescente
747787,2026-01-24,sábado,17:20:00,SC,101.0,176,governador celso ramos,-27.350391,-48.63248,1.0,0.0,0.0,Com Vítimas Feridas,Sim,Manobra de mudança de faixa,Colisão lateral mesmo sentido,Pleno dia,Nublado,Dupla,Interseção de Vias;Curva,Não,Decrescente
747788,2026-01-22,quinta-feira,12:00:00,MA,222.0,629,acailandia,-4.77899,-47.14276,1.0,2.0,0.0,Com Vítimas Feridas,Sim,Reação tardia ou ineficiente do condutor,Saída de leito carroçável,Pleno dia,Céu Claro,Simples,Reta,Não,Decrescente
747789,2026-01-24,sábado,16:50:00,PR,369.0,71,santa mariana,-23.146662,-50.498924,8.0,0.0,0.0,Com Vítimas Feridas,Sim,Acessar a via sem observar a presença dos outros veículos,Saída de leito carroçável,Pleno dia,Céu Claro,Simples,Interseção de Vias;Curva,Não,Crescente
747790,2026-01-24,sábado,16:20:00,PA,316.0,202,braganca,-1.56672,-46.860886,0.0,2.0,0.0,Com Vítimas Feridas,Sim,Ingestão de álcool pelo condutor,Saída de leito carroçável,Pleno dia,Nublado,Simples,Declive,Não,Crescente
747792,2026-01-24,sábado,15:50:00,PR,277.0,"484,6",nova laranjeiras,-25.27036,-52.61218,8.0,0.0,0.0,Com Vítimas Feridas,Sim,Condutor deixou de manter distância do veículo da frente,Saída de leito carroçável,Pleno dia,Céu Claro,Simples,Declive;Reta,Não,Decrescente
747793,2026-01-24,sábado,18:10:00,ES,101.0,126,sooretama,-19.195467,-40.09502,1.0,0.0,0.0,Com Vítimas Feridas,Sim,Velocidade Incompatível,Queda de ocupante de veículo,Anoitecer,Céu Claro,Múltipla,Aclive;Curva,Não,Decrescente
747794,2026-01-24,sábado,17:55:00,PR,376.0,616,sao jose dos pinhais,-25.584593,-49.17557,1.0,0.0,0.0,Com Vítimas Feridas,Sim,Ausência de reação do condutor,Colisão traseira,Anoitecer,Céu Claro,Dupla,Reta,Sim,Crescente
747795,2026-01-24,sábado,16:20:00,RJ,116.0,82,teresopolis,-22.407398,-42.950863,1.0,0.0,0.0,Com Vítimas Feridas,Sim,Acessar a via sem observar a presença dos outros veículos,Colisão transversal,Pleno dia,Nublado,Simples,Aclive;Reta,Sim,Crescente
747796,2026-01-24,sábado,14:30:00,MG,116.0,"731,1",laranjal,-21.325666,-42.452293,6.0,0.0,0.0,Com Vítimas Feridas,Sim,Ausência de reação do condutor,Colisão com objeto,Pleno dia,Nublado,Simples,Curva,Não,Crescente
747797,2026-01-24,sábado,14:00:00,GO,153.0,577,professor jamil,-17.35591,-49.248226,4.0,0.0,0.0,Com Vítimas Feridas,Não,Sistema de drenagem ineficiente,Saída de leito carroçável,Pleno dia,Chuva,Dupla,Reta,Não,Crescente
747798,2026-01-24,sábado,17:10:00,RS,290.0,568,alegrete,-29.844728,-55.66034,3.0,0.0,0.0,Com Vítimas Feridas,Sim,Manobra de mudança de faixa,Tombamento,Pleno dia,Céu Claro,Simples,Declive;Reta,Não,Crescente
747799,2026-01-24,sábado,16:30:00,RJ,393.0,298,barra mansa,-22.558987,-44.116974,1.0,0.0,0.0,Com Vítimas Feridas,Sim,Acessar a via sem observar a presença dos outros veículos,Colisão transversal,Pleno dia,Chuva,Simples,Reta,Não,Decrescente
747800,2026-01-24,sábado,16:00:00,SC,282.0,"3,5",florianopolis,-27.594898,-48.60155,6.0,0.0,0.0,Com Vítimas Feridas,Sim,Ingestão de álcool pelo condutor,Queda de ocupante de veículo,Pleno dia,Céu Claro,Dupla,Curva,Sim,Crescente
747801,2026-01-24,sábado,17:45:00,SC,101.0,262,garopaba,-28.038515,-48.71081,3.0,0.0,0.0,Com Vítimas Feridas,Sim,Reação tardia ou ineficiente do condutor,Colisão lateral mesmo sentido,Pleno dia,Céu Claro,Múltipla,Reta,Não,Decrescente
747803,2026-01-24,sábado,15:20:00,RS,285.0,598,santo antonio das missoes,-28.489061,-55.251102,1.0,0.0,0.0,Com Vítimas Feridas,Sim,Acessar a via sem observar a presença dos outros veículos,Colisão transversal,Pleno dia,Sol,Simples,Reta,Sim,Crescente
747804,2026-01-24,sábado,18:50:00,ES,101.0,212,ibiracu,-19.81436,-40.36592,15.0,15.0,0.0,Com Vítimas Feridas,Não,Conversão proibida,Queda de ocupante de veículo,Plena Noite,Céu Claro,Simples,Curva,Não,Decrescente
747805,2026-01-24,sábado,18:20:00,RS,470.0,234,carlos barbosa,-29.310167,-51.48712,0.0,0.0,0.0,Sem Vítimas,Sim,Velocidade Incompatível,Colisão com objeto,Pleno dia,Céu Claro,Simples,Curva;Declive,Não,Crescente
747806,2026-01-24,sábado,17:10:00,MG,116.0,305,itambacuri,-18.031792,-41.65299,0.0,1.0,0.0,Com Vítimas Feridas,Sim,Reação tardia ou ineficiente do condutor,Saída de leito carroçável,Pleno dia,Nublado,Simples,Curva,Não,Crescente
747807,2026-01-24,sábado,12:10:00,PR,376.0,228,apucarana,-23.569796,-51.547882,2.0,0.0,0.0,Com Vítimas Feridas,Sim,Reação tardia ou ineficiente do condutor,Queda de ocupante de veículo,Pleno dia,Céu Claro,Dupla,Reta,Não,Decrescente
747808,2026-01-24,sábado,18:20:00,MG,262.0,"407,2",igaratinga,-19.89875,-44.69703,3.0,0.0,0.0,Com Vítimas Feridas,Sim,Acessar a via sem observar a presença dos outros veículos,Queda de ocupante de veículo,Anoitecer,Nublado,Dupla,Retorno Regulamentado,Sim,Crescente
747809,2026-01-24,sábado,18:40:00,RS,386.0,"241,7",soledade,-28.78053,-52.53292,64.0,0.0,0.0,Com Vítimas Feridas,Não,Ultrapassagem Indevida,Colisão traseira,Pleno dia,Céu Claro,Simples,Curva,Não,Crescente
747810,2026-01-24,sábado,18:30:00,PR,476.0,"195,9",lapa,-25.752386,-49.724308,8.0,0.0,0.0,Com Vítimas Feridas,Sim,Frear bruscamente,Tombamento,Anoitecer,Céu Claro,Dupla,Curva;Interseção de Vias,Não,Decrescente
747811,2026-01-24,sábado,19:00:00,ES,101.0,"299,6",viana,-20.35595,-40.42787,1.0,0.0,0.0,Com Vítimas Feridas,Sim,Demais falhas mecânicas ou elétricas,Engavetamento,Plena Noite,Nublado,Simples,Aclive,Sim,Crescente
747812,2026-01-24,sábado,11:40:00,BA,116.0,226,euclides da cunha,-10.598403,-38.974606,0.0,1.0,0.0,Com Vítimas Feridas,Sim,Área urbana sem a presença de local apropriado para a travessia de pedestres,Atropelamento de Pedestre,Pleno dia,Céu Claro,Simples,Reta,Não,Decrescente
747813,2026-01-24,sábado,12:00:00,MT,163.0,112,rondonopolis,-16.54869,-54.67216,56.0,84.0,56.0,Com Vítimas Fatais,Não,Problema com o freio,Colisão lateral mesmo sentido,Pleno dia,Sol,Dupla,Declive;Reta,Não,Crescente
747814,2026-01-24,sábado,19:15:00,MS,262.0,378,terenos,-20.467564,-54.841167,1.0,0.0,0.0,Com Vítimas Feridas,Sim,Acessar a via sem observar a presença dos outros veículos,Colisão transversal,Plena Noite,Céu Claro,Simples,Reta,Não,Crescente
747815,2026-01-24,sábado,19:30:00,MG,459.0,"91,9",congonhal,-22.15962,-46.006714,1.0,0.0,0.0,Com Vítimas Feridas,Sim,Objeto estático sobre o leito carroçável,Colisão com objeto,Plena Noite,Chuva,Simples,Curva,Não,Decrescente
747816,2026-01-24,sábado,18:35:00,PI,343.0,346,teresina,-5.112462,-42.77395,0.0,0.0,0.0,Sem Vítimas,Não,Ingestão de álcool pelo condutor,Colisão lateral mesmo sentido,Plena Noite,Céu Claro,Simples,Reta,Não,Crescente
747817,2026-01-24,sábado,18:30:00,SE,101.0,39,japaratuba,-10.517434,-36.94951,1.0,0.0,0.0,Com Vítimas Feridas,Sim,Ausência de reação do condutor,Queda de ocupante de veículo,Plena Noite,Céu Claro,Dupla,Declive;Reta,Não,Decrescente
747818,2026-01-24,sábado,11:45:00,RS,392.0,57,rio grande,-32.11482,-52.157322,2.0,0.0,0.0,Com Vítimas Feridas,Sim,Ausência de reação do condutor,Queda de ocupante de veículo,Pleno dia,Céu Claro,Dupla,Reta,Não,Decrescente
747819,2026-01-24,sábado,19:55:00,SP,153.0,"44,5",sao jose do rio preto,-20.672232,-49.340523,0.0,3.0,0.0,Com Vítimas Feridas,Sim,Transitar no Acostamento,Queda de ocupante de veículo,Plena Noite,Céu Claro,Simples,Reta,Sim,Decrescente
747820,2026-01-24,sábado,19:30:00,MS,262.0,326,campo grande,-20.46734,-54.540443,2.0,0.0,0.0,Com Vítimas Feridas,Sim,Entrada inopinada do pedestre,Atropelamento de Pedestre,Plena Noite,Céu Claro,Dupla,Reta,Sim,Decrescente
747821,2026-01-24,sábado,19:54:00,MS,163.0,688,rio verde de mato grosso,-18.855682,-54.821976,0.0,3.0,0.0,Com Vítimas Feridas,Sim,Ingestão de álcool pelo condutor,Queda de ocupante de veículo,Plena Noite,Céu Claro,Simples,Reta,Não,Crescente
747822,2026-01-24,sábado,19:50:00,GO,452.0,129,bom jesus de goias,-18.198383,-49.77817,3.0,1.0,0.0,Com Vítimas Feridas,Sim,Ultrapassagem Indevida,Colisão frontal,Plena Noite,Céu Claro,Simples,Curva,Não,Crescente
747823,2026-01-24,sábado,20:00:00,PR,163.0,83,planalto,-25.710184,-53.768734,2.0,0.0,0.0,Com Vítimas Feridas,Sim,Velocidade Incompatível,Tombamento,Plena Noite,Céu Claro,Simples,Interseção de Vias;Reta,Sim,Decrescente
747824,2026-01-24,sábado,19:30:00,RS,158.0,"157,2",panambi,-28.33568,-53.50136,4.0,0.0,0.0,Com Vítimas Feridas,Não,Condutor usando celular,Colisão com objeto,Plena Noite,Nublado,Simples,Reta,Sim,Decrescente
747825,2026-01-24,sábado,20:15:00,RJ,116.0,184,nova iguacu,-22.748272,-43.443764,0.0,1.0,0.0,Com Vítimas Feridas,Sim,Acumulo de areia ou detritos sobre o pavimento,Queda de ocupante de veículo,Plena Noite,Garoa/Chuvisco,Dupla,Reta,Sim,Decrescente
747826,2026-01-24,sábado,20:40:00,SP,116.0,169,jacarei,-23.30742,-46.045906,1.0,0.0,0.0,Com Vítimas Feridas,Sim,Entrada inopinada do pedestre,Atropelamento de Pedestre,Pleno dia,Céu Claro,Múltipla,Reta,Não,Crescente
747827,2026-01-24,sábado,18:45:00,SC,282.0,"441,7",ponte serrada,-26.915926,-51.92147,4.0,0.0,0.0,Com Vítimas Feridas,Sim,Frear bruscamente,Tombamento,Anoitecer,Céu Claro,Dupla,Reta,Não,Decrescente
747828,2026-01-24,sábado,20:18:00,MS,163.0,255,dourados,-22.26552,-54.80934,0.0,0.0,1.0,Com Vítimas Fatais,Sim,Pedestre andava na pista,Atropelamento de Pedestre,Plena Noite,Céu Claro,Dupla,Declive,Sim,Crescente
747829,2026-01-24,sábado,21:05:00,ES,262.0,"43,2",domingos martins,-20.385054,-40.644566,1.0,0.0,0.0,Com Vítimas Feridas,Sim,Ingestão de álcool pelo condutor,Saída de leito carroçável,Plena Noite,Céu Claro,Simples,Curva;Aclive,Sim,Decrescente
747830,2026-01-24,sábado,19:45:00,RR,174.0,474,boa vista,2.65201,-60.8741,1.0,0.0,0.0,Com Vítimas Feridas,Sim,Ausência de reação do condutor,Saída de leito carroçável,Plena Noite,Céu Claro,Simples,Reta;Interseção de Vias,Não,Crescente
747831,2026-01-24,sábado,20:20:00,GO,414.0,410,abadiania,-16.050928,-48.8533,0.0,0.0,0.0,Sem Vítimas,Sim,Ingestão de álcool pelo condutor,Colisão lateral mesmo sentido,Plena Noite,Céu Claro,Simples,Reta,Não,Crescente
747833,2026-01-24,sábado,21:10:00,BA,116.0,"474,5",santo estevao,-12.501223,-39.352654,0.0,0.0,0.0,Sem Vítimas,Sim,Ingestão de álcool pelo condutor,Colisão traseira,Plena Noite,Céu Claro,Dupla,Reta,Não,Decrescente
747834,2026-01-24,sábado,20:35:00,PR,277.0,663,matelandia,-25.252626,-54.00029,2.0,0.0,0.0,Com Vítimas Feridas,Não,Avarias e/ou desgaste excessivo no pneu,Saída de leito carroçável,Plena Noite,Céu Claro,Dupla,Reta,Não,Decrescente
747836,2026-01-24,sábado,20:30:00,BA,407.0,4,juazeiro,-9.438427,-40.49474,1.0,0.0,0.0,Com Vítimas Feridas,Sim,Ingestão de álcool pelo condutor,Atropelamento de Pedestre,Plena Noite,Céu Claro,Dupla,Reta,Sim,Decrescente
747837,2026-01-24,sábado,16:40:00,MS,158.0,"28,6",paranaiba,-19.222193,-51.522617,0.0,0.0,0.0,Sem Vítimas,Sim,Demais falhas mecânicas ou elétricas,Eventos atípicos,Pleno dia,Céu Claro,Simples,Reta;Aclive,Não,Decrescente
747838,2026-01-24,sábado,16:35:00,AC,307.0,180,cruzeiro do sul,-7.719021,-72.64289,10.0,0.0,0.0,Com Vítimas Feridas,Não,Pista esburacada,Queda de ocupante de veículo,Pleno dia,Céu Claro,Simples,Reta,Não,Decrescente
747839,2026-01-24,sábado,20:00:00,SC,470.0,"285,4",brunopolis,-27.329609,-50.919743,1.0,0.0,0.0,Com Vítimas Feridas,Sim,Condutor deixou de manter distância do veículo da frente,Colisão com objeto,Plena Noite,Céu Claro,Simples,Reta,Não,Crescente
747841,2026-01-24,sábado,21:15:00,RS,101.0,"23,6",tres cachoeiras,-29.451193,-49.918056,3.0,0.0,0.0,Com Vítimas Feridas,Não,Ingestão de álcool pelo condutor,Atropelamento de Animal,Plena Noite,Céu Claro,Dupla,Reta,Sim,Crescente
747842,2026-01-24,sábado,22:22:00,RJ,101.0,323,niteroi,-22.876818,-43.117397,1.0,0.0,0.0,Com Vítimas Feridas,Sim,Condutor deixou de manter distância do veículo da frente,Colisão traseira,Pleno dia,Nublado,Dupla,Reta,Sim,Crescente
747843,2026-01-24,sábado,21:45:00,PR,376.0,"182,5",sarandi,-23.433336,-51.885105,0.0,0.0,0.0,Sem Vítimas,Sim,Demais falhas mecânicas ou elétricas,Incêndio,Plena Noite,Céu Claro,Múltipla,Reta,Sim,Crescente
747844,2026-01-24,sábado,21:55:00,MG,381.0,935,extrema,-22.808374,-46.26679,0.0,0.0,0.0,Sem Vítimas,Sim,Condutor usando celular,Colisão com objeto,Plena Noite,Nublado,Dupla,Curva,Não,Decrescente