id,data_inversa,dia_semana,horario,uf,br,km,municipio,latitude,longitude,feridos_leves,feridos_graves,mortos,classificacao_acidente,causa_principal,causa_acidente,tipo_acidente,fase_dia,condicao_metereologica,tipo_pista,tracado_via,uso_solo,sentido_via
747845,2026-01-24,sábado,20:40:00,RS,158.0,565,santana do livramento,-30.87399,-55.51118,2.0,0.0,0.0,Com Vítimas Feridas,Não,Ausência de reação do condutor,Colisão transversal,Plena Noite,Céu Claro,Simples,Interseção de Vias,Sim,Decrescente
747846,2026-01-24,sábado,21:00:00,GO,50.0,106,cristalina,-16.827637,-47.673878,0.0,0.0,0.0,Sem Vítimas,Sim,Ausência de reação do condutor,Colisão com objeto,Plena Noite,Chuva,Dupla,Reta,Não,Crescente
747847,2026-01-24,sábado,21:45:00,RJ,101.0,"404,4",itaguai,-22.86492,-43.798603,0.0,0.0,0.0,Sem Vítimas,Sim,Acessar a via sem observar a presença dos outros veículos,Colisão traseira,Plena Noite,Chuva,Dupla,Reta,Sim,Decrescente
747848,2026-01-24,sábado,19:50:00,RS,116.0,166,caxias do sul,-29.25026,-51.159393,0.0,2.0,0.0,Com Vítimas Feridas,Sim,Velocidade Incompatível,Colisão transversal,Plena Noite,Céu Claro,Simples,Curva,Não,Decrescente
747849,2026-01-24,sábado,20:26:00,GO,50.0,310,cumari,-18.400625,-48.07523,0.0,0.0,0.0,Sem Vítimas,Não,Demais falhas mecânicas ou elétricas,Incêndio,Plena Noite,Céu Claro,Dupla,Reta,Não,Crescente
747850,2026-01-24,sábado,23:00:00,SP,116.0,157,sao jose dos campos,-23.244682,-45.927013,0.0,0.0,0.0,Sem Vítimas,Sim,Reação tardia ou ineficiente do condutor,Colisão com objeto,Plena Noite,Céu Claro,Dupla,Reta,Sim,Crescente
747851,2026-01-24,sábado,22:18:00,SC,163.0,"71,2",sao miguel do oeste,-26.72661,-53.51288,1.0,0.0,0.0,Com Vítimas Feridas,Sim,Ingestão de álcool pelo condutor,Colisão lateral mesmo sentido,Plena Noite,Céu Claro,Dupla,Retorno Regulamentado;Reta;Interseção de Vias,Sim,Crescente
747852,2026-01-24,sábado,22:50:00,PR,116.0,86,piraquara,-25.461353,-49.088898,2.0,0.0,0.0,Com Vítimas Feridas,Sim,Velocidade Incompatível,Queda de ocupante de veículo,Plena Noite,Céu Claro,Dupla,Reta,Não,Crescente
747853,2026-01-24,sábado,22:10:00,GO,40.0,81,cristalina,-16.665,-47.719,0.0,0.0,0.0,Sem Vítimas,Sim,Chuva,Colisão com objeto,Plena Noite,Chuva,Simples,Aclive;Curva,Não,Crescente
747854,2026-01-24,sábado,22:50:00,SC,101.0,81,barra velha,-26.61046,-48.72228,0.0,0.0,0.0,Sem Vítimas,Sim,Reação tardia ou ineficiente do condutor,Saída de leito carroçável,Plena Noite,Nublado,Dupla,Reta,Não,Decrescente
747855,2026-01-24,sábado,20:40:00,MA,316.0,607,timon,-5.055612,-42.90177,0.0,2.0,2.0,Com Vítimas Fatais,Sim,Ingestão de álcool pelo condutor,Colisão traseira,Plena Noite,Céu Claro,Simples,Reta,Não,Crescente
747857,2026-01-24,sábado,18:45:00,RS,468.0,121,tiradentes do sul,-27.4038,-54.0713,2.0,1.0,0.0,Com Vítimas Feridas,Sim,Reação tardia ou ineficiente do condutor,Colisão frontal,Pleno dia,Céu Claro,Simples,Reta,Não,Decrescente
747858,2026-01-24,sábado,23:35:00,SC,101.0,"205,7",sao jose,-27.588276,-48.61674,4.0,0.0,0.0,Com Vítimas Feridas,Não,Ultrapassagem Indevida,Colisão traseira,Plena Noite,Nublado,Dupla,Curva,Sim,Decrescente
747859,2026-01-24,sábado,21:30:00,PR,476.0,309,paulo frontin,-26.040203,-50.70265,2.0,0.0,0.0,Com Vítimas Feridas,Sim,Velocidade Incompatível,Tombamento,Plena Noite,Nublado,Simples,Reta,Não,Decrescente
747860,2026-01-25,domingo,00:30:00,PR,476.0,182,lapa,-25.716953,-49.613895,0.0,6.0,0.0,Com Vítimas Feridas,Não,Carga excessiva e/ou mal acondicionada,Capotamento,Plena Noite,Céu Claro,Simples,Curva,Não,Decrescente
747861,2026-01-25,domingo,00:30:00,ES,101.0,"66,1",sao mateus,-18.716648,-39.87357,1.0,0.0,0.0,Com Vítimas Feridas,Sim,Condutor desrespeitou a iluminação vermelha do semáforo,Colisão transversal,Plena Noite,Nublado,Dupla,Interseção de Vias,Sim,Decrescente
747862,2026-01-24,sábado,22:05:00,PR,373.0,264,prudentopolis,-25.202232,-50.980995,2.0,0.0,0.0,Com Vítimas Feridas,Não,Acessar a via sem observar a presença dos outros veículos,Colisão transversal,Plena Noite,Céu Claro,Simples,Reta,Sim,Decrescente
747863,2026-01-24,sábado,22:26:00,RO,364.0,307,presidente medici,-11.191036,-61.901318,1.0,0.0,0.0,Com Vítimas Feridas,Sim,Animais na Pista,Atropelamento de Animal,Plena Noite,Céu Claro,Simples,Reta,Sim,Crescente
747864,2026-01-24,sábado,21:00:00,RO,364.0,308,presidente medici,-11.17023,-61.90148,2.0,0.0,0.0,Com Vítimas Feridas,Sim,Entrada inopinada do pedestre,Atropelamento de Pedestre,Plena Noite,Céu Claro,Simples,Reta,Sim,Crescente
747865,2026-01-25,domingo,01:00:00,PR,277.0,16,morretes,-25.529833,-48.729244,1.0,0.0,0.0,Com Vítimas Feridas,Sim,Manobra de mudança de faixa,Saída de leito carroçável,Plena Noite,Nublado,Dupla,Curva,Não,Crescente
747866,2026-01-25,domingo,00:37:00,PB,101.0,72,santa rita,-7.07299,-34.99619,0.0,0.0,0.0,Sem Vítimas,Sim,Ausência de reação do condutor,Capotamento,Plena Noite,Céu Claro,Dupla,Reta,Não,Crescente
747868,2026-01-25,domingo,02:30:00,BA,418.0,65,nova vicosa,-17.843086,-39.705807,0.0,0.0,0.0,Sem Vítimas,Sim,Ausência de reação do condutor,Colisão traseira,Plena Noite,Nublado,Simples,Reta,Não,Crescente
747869,2026-01-25,domingo,01:10:00,RS,293.0,4,pelotas,-31.756945,-52.389854,4.0,0.0,0.0,Com Vítimas Feridas,Sim,Manobra de mudança de faixa,Tombamento,Plena Noite,Céu Claro,Simples,Reta;Interseção de Vias,Sim,Decrescente
747870,2026-01-25,domingo,02:20:00,GO,153.0,"443,2",anapolis,-16.347897,-48.92667,0.0,0.0,0.0,Sem Vítimas,Sim,Ingestão de álcool pelo condutor,Colisão com objeto,Plena Noite,Céu Claro,Dupla,Declive;Reta,Sim,Decrescente
747872,2026-01-25,domingo,02:20:00,GO,70.0,7,aguas lindas de goias,-15.737593,-48.274136,0.0,0.0,0.0,Sem Vítimas,Não,Reação tardia ou ineficiente do condutor,Colisão com objeto,Pleno dia,Nevoeiro/Neblina,Dupla,Reta,Sim,Crescente
747873,2026-01-25,domingo,00:10:00,SP,459.0,17,piquete,-22.629856,-45.161705,5.0,0.0,0.0,Com Vítimas Feridas,Não,Velocidade Incompatível,Colisão lateral sentido oposto,Plena Noite,Chuva,Simples,Curva;Aclive,Não,Crescente
747874,2026-01-25,domingo,03:10:00,BA,101.0,713,eunapolis,-16.339848,-39.58102,0.0,0.0,0.0,Sem Vítimas,Sim,Reação tardia ou ineficiente do condutor,Colisão lateral sentido oposto,Plena Noite,Chuva,Simples,Reta,Não,Crescente
747875,2026-01-25,domingo,02:10:00,RR,432.0,152,canta,2.3027034,-60.695225,0.0,2.0,0.0,Com Vítimas Feridas,Sim,Animais na Pista,Atropelamento de Animal,Plena Noite,Ignorado,Simples,Reta,Não,Crescente
747876,2026-01-25,domingo,03:08:00,PR,369.0,"154,2",londrina,-23.29738,-51.200375,0.0,15.0,0.0,Com Vítimas Feridas,Não,Velocidade Incompatível,Tombamento,Plena Noite,Céu Claro,Dupla,Reta,Sim,Decrescente
747877,2026-01-25,domingo,03:00:00,BA,116.0,"413,9",feira de santana,-12.153161,-38.964672,4.0,0.0,0.0,Com Vítimas Feridas,Não,Velocidade Incompatível,Capotamento,Plena Noite,Céu Claro,Dupla,Interseção de Vias,Não,Crescente
747879,2026-01-25,domingo,04:50:00,SC,101.0,"209,6",sao jose,-27.618282,-48.644665,0.0,2.0,0.0,Com Vítimas Feridas,Não,Condutor deixou de manter distância do veículo da frente,Colisão traseira,Plena Noite,Nublado,Múltipla,Reta,Sim,Crescente
747880,2026-01-25,domingo,03:30:00,SC,116.0,30,itaiopolis,-26.311638,-49.962315,0.0,0.0,0.0,Sem Vítimas,Sim,Ausência de reação do condutor,Capotamento,Plena Noite,Nublado,Simples,Reta,Não,Crescente
747881,2026-01-25,domingo,05:00:00,MG,381.0,"879,8",estiva,-22.452534,-46.002666,2.0,0.0,0.0,Com Vítimas Feridas,Sim,Ausência de reação do condutor,Colisão traseira,Amanhecer,Nublado,Dupla,Aclive;Reta,Não,Crescente
747882,2026-01-25,domingo,03:40:00,SC,470.0,76,indaial,-26.934967,-49.288166,18.0,9.0,0.0,Com Vítimas Feridas,Não,Condutor Dormindo,Colisão transversal,Plena Noite,Céu Claro,Simples,Curva,Não,Decrescente
747883,2026-01-25,domingo,02:45:00,RO,364.0,"422,6",jaru,-10.452959,-62.460472,10.0,0.0,0.0,Com Vítimas Feridas,Não,Iluminação deficiente,Capotamento,Plena Noite,Nublado,Múltipla,Reta,Sim,Decrescente
747884,2026-01-25,domingo,04:00:00,BA,101.0,934,mucuri,-17.993338,-39.860207,0.0,0.0,1.0,Com Vítimas Fatais,Sim,Conversão proibida,Colisão transversal,Plena Noite,Nevoeiro/Neblina,Simples,Reta,Sim,Crescente
747885,2026-01-25,domingo,02:10:00,SC,101.0,158,porto belo,-27.18932,-48.612667,0.0,0.0,0.0,Sem Vítimas,Sim,Ingestão de álcool pelo condutor,Saída de leito carroçável,Plena Noite,Nublado,Dupla,Reta,Sim,Crescente
747887,2026-01-25,domingo,02:00:00,BA,418.0,"65,5",nova vicosa,-17.843086,-39.705807,0.0,0.0,0.0,Sem Vítimas,Sim,Ausência de reação do condutor,Colisão traseira,Plena Noite,Nublado,Simples,Reta,Não,Crescente
747888,2026-01-25,domingo,00:40:00,SC,470.0,119,ibirama,-27.086208,-49.519024,3.0,0.0,0.0,Com Vítimas Feridas,Sim,Velocidade Incompatível,Tombamento,Plena Noite,Nublado,Simples,Curva,Não,Decrescente
747889,2026-01-24,sábado,21:26:00,MT,364.0,221,rondonopolis,-16.340202,-54.74514,18.0,0.0,0.0,Com Vítimas Feridas,Não,Declive acentuado,Capotamento,Plena Noite,Céu Claro,Dupla,Declive,Não,Decrescente
747890,2026-01-25,domingo,06:00:00,PA,316.0,48,santa izabel do para,-1.299333,-48.047733,0.0,0.0,0.0,Sem Vítimas,Não,Ingestão de álcool pelo condutor,Capotamento,Amanhecer,Céu Claro,Dupla,Reta,Não,Decrescente
747891,2026-01-25,domingo,04:20:00,MG,267.0,38,maripa de minas,-21.682487,-42.926563,0.0,0.0,0.0,Sem Vítimas,Não,Pista esburacada,Capotamento,Amanhecer,Nevoeiro/Neblina,Simples,Curva;Aclive,Não,Decrescente
747892,2026-01-24,sábado,22:30:00,MG,40.0,"305,5",tres marias,-18.4008,-45.0962,0.0,0.0,0.0,Sem Vítimas,Sim,Estacionar ou parar em local proibido,Incêndio,Plena Noite,Nublado,Simples,Reta,Sim,Decrescente
747893,2026-01-25,domingo,06:15:00,RS,392.0,"16,5",rio grande,-32.0978,-52.1656,4.0,0.0,0.0,Com Vítimas Feridas,Não,Condutor deixou de manter distância do veículo da frente,Queda de ocupante de veículo,Pleno dia,Céu Claro,Dupla,Reta,Sim,Crescente
747894,2026-01-25,domingo,04:00:00,PI,343.0,"308,5",altos,-5.039617,-42.4715,0.0,27.0,0.0,Com Vítimas Feridas,Não,Ausência de reação do condutor,Atropelamento de Pedestre,Plena Noite,Nublado,Simples,Reta,Sim,Crescente
747895,2026-01-25,domingo,06:10:00,PB,230.0,"27,9",joao pessoa,-7.16556,-34.894943,0.0,9.0,0.0,Com Vítimas Feridas,Não,Avarias e/ou desgaste excessivo no pneu,Queda de ocupante de veículo,Amanhecer,Chuva,Dupla,Curva;Declive,Não,Decrescente
747896,2026-01-25,domingo,06:15:00,RS,470.0,226,garibaldi,-29.252586,-51.5128,2.0,0.0,0.0,Com Vítimas Feridas,Sim,Condutor Dormindo,Colisão com objeto,Amanhecer,Céu Claro,Simples,Curva;Declive,Não,Crescente
747897,2026-01-25,domingo,06:30:00,RS,290.0,717,uruguaiana,-29.780247,-57.02724,0.0,0.0,0.0,Sem Vítimas,Não,Condutor Dormindo,Saída de leito carroçável,Pleno dia,Céu Claro,Simples,Curva,Não,Crescente
747898,2026-01-24,sábado,14:00:00,RN,226.0,"246,8",jucurutu,-6.029173,-37.022034,0.0,1.0,0.0,Com Vítimas Feridas,Sim,Ausência de reação do condutor,Queda de ocupante de veículo,Pleno dia,Céu Claro,Simples,Reta,Não,Crescente
747899,2026-01-25,domingo,06:25:00,PR,277.0,678,medianeira,-25.314236,-54.15101,18.0,0.0,0.0,Com Vítimas Feridas,Não,Reação tardia ou ineficiente do condutor,Capotamento,Amanhecer,Céu Claro,Dupla,Retorno Regulamentado;Reta,Não,Decrescente
747900,2026-01-25,domingo,06:00:00,PB,230.0,"165,7",campina grande,-7.20093,-35.952454,8.0,0.0,0.0,Com Vítimas Feridas,Não,Reação tardia ou ineficiente do condutor,Colisão traseira,Pleno dia,Nublado,Simples,Declive;Reta,Sim,Crescente
747901,2026-01-25,domingo,06:18:00,PE,101.0,"130,7",escada,-8.396807,-35.26174,2.0,0.0,0.0,Com Vítimas Feridas,Sim,Acumulo de areia ou detritos sobre o pavimento,Queda de ocupante de veículo,Pleno dia,Garoa/Chuvisco,Dupla,Reta,Não,Crescente
747902,2026-01-24,sábado,23:30:00,MG,116.0,"554,8",manhuacu,-20.009323,-42.151737,2.0,0.0,0.0,Com Vítimas Feridas,Sim,Ausência de reação do condutor,Tombamento,Plena Noite,Nublado,Simples,Curva;Declive,Não,Crescente
747903,2026-01-24,sábado,17:15:00,AP,156.0,83,laranjal do jari,-0.45663345,-52.079258,0.0,0.0,2.0,Com Vítimas Fatais,Sim,Transitar na contramão,Colisão frontal,Pleno dia,Nublado,Simples,Curva,Não,Crescente
747904,2026-01-24,sábado,07:30:00,MA,135.0,23,sao luis,-2.551795,-44.307625,0.0,0.0,0.0,Sem Vítimas,Sim,Reação tardia ou ineficiente do condutor,Colisão transversal,Pleno dia,Céu Claro,Dupla,Reta;Rotatória,Sim,Decrescente
747905,2026-01-25,domingo,03:20:00,PR,476.0,"155,7",araucaria,-25.592003,-49.41236,2.0,0.0,0.0,Com Vítimas Feridas,Sim,Ausência de reação do condutor,Tombamento,Plena Noite,Céu Claro,Dupla,Reta,Sim,Decrescente
747906,2026-01-25,domingo,06:50:00,PB,101.0,97,conde,-7.237825,-34.926365,0.0,0.0,0.0,Sem Vítimas,Não,Chuva,Capotamento,Pleno dia,Chuva,Dupla,Reta,Não,Crescente
747907,2026-01-25,domingo,04:45:00,RO,364.0,"340,5",ji-parana,-10.890691,-61.93115,6.0,6.0,0.0,Com Vítimas Feridas,Não,Mal súbito do condutor,Queda de ocupante de veículo,Plena Noite,Nublado,Simples,Reta,Sim,Decrescente
747908,2026-01-25,domingo,04:20:00,PE,232.0,41,vitoria de santo antao,-8.114242,-35.245697,2.0,0.0,0.0,Com Vítimas Feridas,Não,Iluminação deficiente,Atropelamento de Animal,Anoitecer,Céu Claro,Dupla,Aclive;Curva,Não,Decrescente
747909,2026-01-25,domingo,07:10:00,MG,381.0,"665,8",perdoes,-21.050823,-45.002403,6.0,0.0,0.0,Com Vítimas Feridas,Sim,Ausência de reação do condutor,Capotamento,Pleno dia,Nublado,Dupla,Curva;Declive,Não,Crescente
747910,2026-01-25,domingo,05:40:00,PR,376.0,"176,8",maringa,-23.412683,-51.932446,0.0,2.0,0.0,Com Vítimas Feridas,Não,Condutor desrespeitou a iluminação vermelha do semáforo,Atropelamento de Pedestre,Amanhecer,Céu Claro,Dupla,Reta;Interseção de Vias,Sim,Decrescente
747911,2026-01-24,sábado,16:50:00,MG,381.0,"438,3",santa luzia,-19.816011,-43.802982,4.0,4.0,0.0,Com Vítimas Feridas,Sim,Pista esburacada,Tombamento,Pleno dia,Chuva,Simples,Reta,Não,Decrescente
747912,2026-01-25,domingo,07:15:00,CE,116.0,"45,9",pacajus,-4.14445,-38.47826,1.0,0.0,0.0,Com Vítimas Feridas,Sim,Reação tardia ou ineficiente do condutor,Saída de leito carroçável,Pleno dia,Céu Claro,Dupla,Reta,Não,Crescente
747913,2026-01-25,domingo,01:15:00,MA,135.0,363,santa filomena do maranhao,-5.49213,-44.45072,0.0,0.0,6.0,Com Vítimas Fatais,Sim,Transitar na contramão,Tombamento,Plena Noite,Céu Claro,Simples,Reta,Não,Crescente
747914,2026-01-25,domingo,08:00:00,PB,101.0,"53,4",rio tinto,-6.7641325,-35.133873,1.0,0.0,0.0,Com Vítimas Feridas,Sim,Reação tardia ou ineficiente do condutor,Colisão com objeto,Pleno dia,Nublado,Dupla,Reta,Não,Crescente
747916,2026-01-25,domingo,07:50:00,PE,101.0,"56,8",recife,-7.962698,-34.915417,2.0,0.0,0.0,Com Vítimas Feridas,Sim,Manobra de mudança de faixa,Queda de ocupante de veículo,Pleno dia,Céu Claro,Dupla,Reta,Sim,Crescente
747917,2026-01-25,domingo,08:20:00,MG,262.0,"376,1",juatuba,-19.9361,-44.4382,3.0,0.0,0.0,Com Vítimas Feridas,Sim,Velocidade Incompatível,Saída de leito carroçável,Pleno dia,Nublado,Dupla,Curva;Aclive,Não,Crescente
747918,2026-01-25,domingo,07:30:00,PB,101.0,"55,3",santa rita,-7.0313463,-35.057133,1.0,0.0,0.0,Com Vítimas Feridas,Sim,Reação tardia ou ineficiente do condutor,Colisão com objeto,Pleno dia,Nublado,Dupla,Reta,Não,Decrescente
747919,2026-01-25,domingo,08:05:00,PR,277.0,"585,9",cascavel,-24.969471,-53.39757,1.0,0.0,0.0,Com Vítimas Feridas,Sim,Ingestão de álcool pelo condutor,Colisão traseira,Pleno dia,Céu Claro,Dupla,Reta,Não,Crescente
747920,2026-01-25,domingo,07:45:00,SP,116.0,464,pariquera-acu,-24.642128,-47.915966,2.0,0.0,0.0,Com Vítimas Feridas,Sim,Ausência de reação do condutor,Queda de ocupante de veículo,Pleno dia,Nublado,Dupla,Retorno Regulamentado;Reta,Não,Decrescente
747921,2026-01-21,quarta-feira,06:50:00,RN,101.0,103,parnamirim,-5.89045,-35.24916,1.0,1.0,0.0,Com Vítimas Feridas,Sim,Condutor deixou de manter distância do veículo da frente,Colisão traseira,Pleno dia,Céu Claro,Múltipla,Reta,Sim,Decrescente
747922,2026-01-25,domingo,05:30:00,MS,262.0,"730,9",corumba,-19.361855,-57.55226,15.0,0.0,0.0,Com Vítimas Feridas,Não,Demais falhas na via,Saída de leito carroçável,Amanhecer,Céu Claro,Simples,Reta,Não,Crescente
747923,2026-01-25,domingo,08:30:00,MG,365.0,"650,2",uberlandia,-18.874006,-48.5332,0.0,0.0,0.0,Sem Vítimas,Sim,Demais falhas mecânicas ou elétricas,Incêndio,Pleno dia,Sol,Dupla,Reta;Declive,Não,Crescente
747924,2026-01-25,domingo,09:00:00,SC,101.0,"213,2",palhoca,-27.63562,-48.66183,1.0,0.0,0.0,Com Vítimas Feridas,Sim,Ausência de reação do condutor,Colisão lateral mesmo sentido,Pleno dia,Céu Claro,Dupla,Reta,Não,Decrescente
747925,2026-01-25,domingo,07:20:00,RO,364.0,228,cacoal,-11.489037,-61.381474,4.0,0.0,0.0,Com Vítimas Feridas,Sim,Ausência de reação do condutor,Queda de ocupante de veículo,Pleno dia,Nublado,Simples,Rotatória;Retorno Regulamentado;Reta,Não,Decrescente
747926,2026-01-25,domingo,07:20:00,PE,407.0,"125,4",petrolina,-9.382649,-40.530487,3.0,0.0,0.0,Com Vítimas Feridas,Sim,Reação tardia ou ineficiente do condutor,Tombamento,Pleno dia,Céu Claro,Dupla,Reta,Sim,Decrescente
747927,2026-01-25,domingo,08:50:00,PR,277.0,634,ceu azul,-25.122412,-53.80983,1.0,1.0,0.0,Com Vítimas Feridas,Sim,Ausência de reação do condutor,Engavetamento,Pleno dia,Céu Claro,Simples,Reta,Não,Crescente
747928,2026-01-25,domingo,04:40:00,CE,116.0,"389,9",ico,-6.52237,-38.86157,0.0,0.0,6.0,Com Vítimas Fatais,Sim,Reação tardia ou ineficiente do condutor,Derramamento de carga,Plena Noite,Céu Claro,Simples,Reta;Declive,Não,Decrescente
747929,2026-01-25,domingo,09:00:00,SC,282.0,"207,4",lages,-27.773884,-50.20382,0.0,0.0,0.0,Sem Vítimas,Não,Acessar a via sem observar a presença dos outros veículos,Saída de leito carroçável,Pleno dia,Céu Claro,Simples,Declive,Sim,Decrescente
747930,2026-01-25,domingo,08:30:00,RJ,101.0,297,itaborai,-22.771545,-42.9241,3.0,0.0,0.0,Com Vítimas Feridas,Sim,Acessar a via sem observar a presença dos outros veículos,Queda de ocupante de veículo,Pleno dia,Céu Claro,Dupla,Viaduto;Reta,Sim,Decrescente
747931,2026-01-25,domingo,05:00:00,RJ,101.0,303,sao goncalo,-22.783804,-42.98115,6.0,0.0,0.0,Com Vítimas Feridas,Não,Pista Escorregadia,Saída de leito carroçável,Amanhecer,Nublado,Dupla,Reta,Sim,Decrescente
747932,2026-01-25,domingo,09:10:00,PE,101.0,44,igarassu,-7.8557,-34.90892,2.0,0.0,0.0,Com Vítimas Feridas,Sim,Reação tardia ou ineficiente do condutor,Queda de ocupante de veículo,Pleno dia,Sol,Múltipla,Declive;Reta,Sim,Crescente
747933,2026-01-25,domingo,09:30:00,PR,277.0,"120,7",campo largo,-25.446377,-49.48833,0.0,6.0,0.0,Com Vítimas Feridas,Não,Velocidade Incompatível,Colisão com objeto,Pleno dia,Céu Claro,Dupla,Reta;Retorno Regulamentado,Sim,Crescente
747936,2026-01-25,domingo,09:25:00,MG,251.0,"401,2",grao mogol,-16.228,-42.90313,0.0,6.0,0.0,Com Vítimas Feridas,Não,Velocidade Incompatível,Tombamento,Pleno dia,Nublado,Simples,Reta;Declive,Não,Crescente
747937,2026-01-25,domingo,07:45:00,MG,116.0,"552,7",santa barbara do leste,-19.999483,-42.14115,1.0,0.0,0.0,Com Vítimas Feridas,Sim,Velocidade Incompatível,Incêndio,Pleno dia,Céu Claro,Simples,Reta,Não,Decrescente
747938,2026-01-25,domingo,03:00:00,AM,319.0,720,canutama,-8.349665,-63.95274,3.0,0.0,0.0,Com Vítimas Feridas,Não,Iluminação deficiente,Atropelamento de Animal,Plena Noite,Nublado,Simples,Reta,Não,Crescente
747939,2026-01-25,domingo,10:50:00,DF,40.0,5,brasilia,-16.024096,-47.979805,1.0,0.0,0.0,Com Vítimas Feridas,Sim,Ingestão de álcool pelo condutor,Colisão traseira,Pleno dia,Céu Claro,Dupla,Reta,Sim,Decrescente
747940,2026-01-25,domingo,10:30:00,SE,101.0,203,cristinapolis,-11.502328,-37.784843,6.0,0.0,0.0,Com Vítimas Feridas,Não,Velocidade Incompatível,Saída de leito carroçável,Pleno dia,Nublado,Simples,Reta,Não,Decrescente
747941,2026-01-25,domingo,10:50:00,DF,40.0,5,brasilia,-16.023323,-47.979473,1.0,0.0,0.0,Com Vítimas Feridas,Sim,Reação tardia ou ineficiente do condutor,Colisão traseira,Pleno dia,Nublado,Dupla,Reta,Não,Decrescente
747942,2026-01-25,domingo,08:10:00,PR,376.0,"439,1",ipiranga,-24.849766,-50.471878,0.0,0.0,0.0,Sem Vítimas,Sim,Ausência de reação do condutor,Capotamento,Pleno dia,Sol,Dupla,Curva;Aclive,Não,Decrescente
747943,2026-01-25,domingo,10:00:00,MG,381.0,"832,5",sao sebastiao da bela vista,-22.12126,-45.78657,4.0,0.0,0.0,Com Vítimas Feridas,Sim,Avarias e/ou desgaste excessivo no pneu,Queda de ocupante de veículo,Pleno dia,Nublado,Dupla,Reta,Não,Decrescente
747944,2026-01-25,domingo,08:30:00,MT,174.0,334,conquista doeste,-14.849247,-59.306732,30.0,0.0,0.0,Com Vítimas Feridas,Não,Velocidade Incompatível,Saída de leito carroçável,Pleno dia,Nublado,Simples,Reta,Não,Decrescente
747945,2026-01-25,domingo,10:20:00,PB,230.0,43,santa rita,-7.152522,-35.009304,0.0,0.0,0.0,Sem Vítimas,Sim,Demais falhas mecânicas ou elétricas,Incêndio,Pleno dia,Sol,Dupla,Reta,Não,Decrescente
747946,2026-01-25,domingo,11:10:00,SC,101.0,"157,3",porto belo,-27.185064,-48.611935,6.0,0.0,0.0,Com Vítimas Feridas,Sim,Velocidade Incompatível,Queda de ocupante de veículo,Pleno dia,Sol,Múltipla,Interseção de Vias,Não,Decrescente
747947,2026-01-25,domingo,10:20:00,RJ,493.0,53,duque de caxias,-22.667633,-43.31662,2.0,0.0,0.0,Com Vítimas Feridas,Sim,Animais na Pista,Atropelamento de Animal,Pleno dia,Nublado,Dupla,Reta,Não,Crescente
747948,2026-01-25,domingo,11:00:00,PE,101.0,76,recife,-8.13302,-34.94668,1.0,0.0,0.0,Com Vítimas Feridas,Sim,Condutor deixou de manter distância do veículo da frente,Colisão traseira,Pleno dia,Sol,Dupla,Reta,Não,Crescente
747949,2026-01-25,domingo,22:50:00,RS,392.0,117,cangucu,-31.410265,-52.68138,0.0,0.0,0.0,Sem Vítimas,Sim,Ausência de reação do condutor,Colisão com objeto,Plena Noite,Céu Claro,Simples,Declive,Sim,Crescente
747950,2026-01-25,domingo,17:02:00,MT,163.0,750,sorriso,-12.571859,-55.72683,3.0,3.0,0.0,Com Vítimas Feridas,Sim,Trafegar com motocicleta (ou similar) entre as faixas,Queda de ocupante de veículo,Pleno dia,Céu Claro,Dupla,Curva;Interseção de Vias,Sim,Crescente
747952,2026-01-25,domingo,21:50:00,RO,319.0,142,porto velho,-8.750288,-63.88801,6.0,6.0,0.0,Com Vítimas Feridas,Não,Condutor desrespeitou a iluminação vermelha do semáforo,Queda de ocupante de veículo,Plena Noite,Nublado,Múltipla,Reta,Sim,Crescente
747953,2026-01-25,domingo,19:09:00,RS,386.0,"356,6",estrela,-29.528606,-51.929173,3.0,0.0,0.0,Com Vítimas Feridas,Não,Velocidade Incompatível,Colisão com objeto,Anoitecer,Céu Claro,Dupla,Reta,Não,Decrescente
747954,2026-01-25,domingo,15:00:00,MG,381.0,"907,5",cambui,-22.674847,-46.096573,1.0,0.0,0.0,Com Vítimas Feridas,Sim,Velocidade Incompatível,Colisão com objeto,Pleno dia,Chuva,Dupla,Curva;Declive,Não,Decrescente
747955,2026-01-25,domingo,15:18:00,SP,116.0,"200,5",aruja,-23.40291,-46.32361,27.0,0.0,0.0,Com Vítimas Feridas,Não,Velocidade Incompatível,Colisão com objeto,Pleno dia,Chuva,Dupla,Reta,Não,Decrescente
747956,2026-01-25,domingo,11:41:00,ES,101.0,"370,2",anchieta,-20.770899,-40.76339,2.0,2.0,0.0,Com Vítimas Feridas,Não,Desrespeitar a preferência no cruzamento,Colisão transversal,Pleno dia,Céu Claro,Simples,Retorno Regulamentado;Reta;Em Obras,Não,Crescente
747957,2026-01-25,domingo,19:30:00,RS,158.0,352,santa maria,-29.76592,-54.059124,0.0,8.0,0.0,Com Vítimas Feridas,Não,Ingestão de álcool pelo condutor,Capotamento,Anoitecer,Céu Claro,Simples,Reta,Não,Crescente
747958,2026-01-25,domingo,20:40:00,PA,230.0,701,brasil novo,-3.31997,-52.56798,3.0,0.0,0.0,Com Vítimas Feridas,Sim,Transitar na contramão,Tombamento,Plena Noite,Nublado,Simples,Reta,Não,Crescente
747959,2026-01-25,domingo,15:10:00,RO,364.0,228,cacoal,-11.489748,-61.380844,0.0,8.0,8.0,Com Vítimas Fatais,Não,Ingestão de álcool pelo condutor,Colisão lateral sentido oposto,Pleno dia,Nublado,Simples,Reta,Não,Crescente