id,data_inversa,dia_semana,horario,uf,br,km,municipio,latitude,longitude,feridos_leves,feridos_graves,mortos,classificacao_acidente,causa_principal,causa_acidente,tipo_acidente,fase_dia,condicao_metereologica,tipo_pista,tracado_via,uso_solo,sentido_via
747960,2026-01-25,domingo,17:54:00,ES,101.0,"277,4",serra,-20.21496,-40.32358,0.0,0.0,0.0,Sem Vítimas,Sim,Demais falhas mecânicas ou elétricas,Tombamento,Pleno dia,Céu Claro,Dupla,Reta,Não,Crescente
747961,2026-01-25,domingo,17:55:00,SP,153.0,"56,2",sao jose do rio preto,-20.76156,-49.346222,6.0,0.0,0.0,Com Vítimas Feridas,Não,Velocidade Incompatível,Colisão com objeto,Amanhecer,Nublado,Dupla,Aclive,Sim,Decrescente
747962,2026-01-25,domingo,13:30:00,BA,324.0,574,sao sebastiao do passe,-12.56216,-38.55936,0.0,1.0,0.0,Com Vítimas Feridas,Sim,Transtornos Mentais (exceto suicidio),Atropelamento de Pedestre,Pleno dia,Céu Claro,Dupla,Reta,Não,Crescente
747963,2026-01-25,domingo,21:05:00,ES,101.0,146,linhares,-19.36946,-40.065815,5.0,5.0,0.0,Com Vítimas Feridas,Sim,Velocidade Incompatível,Eventos atípicos,Plena Noite,Céu Claro,Múltipla,Retorno Regulamentado;Reta,Sim,Crescente
747964,2026-01-25,domingo,16:00:00,GO,60.0,"47,7",abadiania,-16.148699,-48.609898,0.0,0.0,0.0,Sem Vítimas,Não,Reação tardia ou ineficiente do condutor,Colisão com objeto,Pleno dia,Chuva,Dupla,Aclive;Curva,Não,Crescente
747965,2026-01-25,domingo,14:00:00,PE,101.0,"42,5",igarassu,-7.843,-34.911,0.0,0.0,1.0,Com Vítimas Fatais,Sim,Ausência de reação do condutor,Colisão com objeto,Pleno dia,Céu Claro,Múltipla,Reta,Sim,Decrescente
747966,2026-01-25,domingo,15:25:00,DF,20.0,6,brasilia,-15.662041,-47.79949,2.0,0.0,0.0,Com Vítimas Feridas,Sim,Acessar a via sem observar a presença dos outros veículos,Colisão com objeto,Pleno dia,Nublado,Múltipla,Reta,Sim,Crescente
747967,2026-01-25,domingo,12:12:00,ES,101.0,147,linhares,-19.394903,-40.06495,0.0,3.0,0.0,Com Vítimas Feridas,Sim,Ausência de reação do condutor,Queda de ocupante de veículo,Pleno dia,Céu Claro,Dupla,Reta,Sim,Crescente
747968,2026-01-25,domingo,20:32:00,GO,414.0,"439,9",anapolis,-16.280544,-48.942314,0.0,0.0,9.0,Com Vítimas Fatais,Não,Transitar na contramão,Queda de ocupante de veículo,Plena Noite,Céu Claro,Simples,Declive;Reta,Sim,Crescente
747969,2026-01-25,domingo,20:00:00,GO,80.0,"1,7",padre bernardo,-15.501622,-48.21539,10.0,0.0,0.0,Com Vítimas Feridas,Sim,Ausência de reação do condutor,Saída de leito carroçável,Plena Noite,Nublado,Dupla,Reta,Não,Decrescente
747970,2026-01-25,domingo,11:35:00,MT,163.0,"56,8",rondonopolis,-17.011436,-54.758846,0.0,0.0,12.0,Com Vítimas Fatais,Não,Condutor Dormindo,Queda de ocupante de veículo,Pleno dia,Nublado,Dupla,Reta,Não,Decrescente
747971,2026-01-25,domingo,12:00:00,DF,70.0,6,brasilia,-15.7915,-48.15306,1.0,0.0,0.0,Com Vítimas Feridas,Sim,Ausência de reação do condutor,Saída de leito carroçável,Pleno dia,Chuva,Dupla,Reta,Sim,Crescente
747972,2026-01-20,terça-feira,18:00:00,AL,316.0,"53,7",canapi,-9.199293,-37.506443,4.0,0.0,0.0,Com Vítimas Feridas,Sim,Objeto estático sobre o leito carroçável,Capotamento,Plena Noite,Céu Claro,Simples,Reta,Não,Decrescente
747973,2026-01-25,domingo,14:40:00,GO,60.0,16,alexania,-16.112974,-48.36712,0.0,3.0,0.0,Com Vítimas Feridas,Sim,Ausência de reação do condutor,Capotamento,Pleno dia,Chuva,Dupla,Declive,Não,Decrescente
747974,2026-01-25,domingo,18:40:00,RO,364.0,"197,7",pimenta bueno,-11.673315,-61.19039,0.0,0.0,0.0,Sem Vítimas,Não,Velocidade Incompatível,Colisão traseira,Anoitecer,Céu Claro,Simples,Reta,Sim,Decrescente
747975,2026-01-25,domingo,18:30:00,BA,101.0,824,prado,-17.14358,-39.56839,1.0,0.0,0.0,Com Vítimas Feridas,Sim,Velocidade Incompatível,Tombamento,Plena Noite,Nublado,Simples,Declive;Curva,Não,Crescente
747976,2026-01-25,domingo,10:20:00,MS,262.0,318,campo grande,-20.471325,-54.448586,0.0,3.0,0.0,Com Vítimas Feridas,Sim,Velocidade Incompatível,Capotamento,Pleno dia,Céu Claro,Simples,Reta,Não,Decrescente
747977,2026-01-25,domingo,20:30:00,PR,376.0,"45,6",nova londrina,-22.860283,-52.966354,12.0,0.0,0.0,Com Vítimas Feridas,Não,Velocidade Incompatível,Capotamento,Plena Noite,Céu Claro,Simples,Rotatória;Reta,Não,Crescente
747978,2026-01-25,domingo,17:09:00,MT,174.0,8,pontes e lacerda,-15.203163,-59.36631,0.0,0.0,0.0,Sem Vítimas,Não,Reação tardia ou ineficiente do condutor,Saída de leito carroçável,Pleno dia,Nublado,Simples,Curva,Não,Decrescente
747979,2026-01-25,domingo,21:45:00,MA,222.0,673,acailandia,-4.95481,-47.49008,0.0,0.0,0.0,Sem Vítimas,Não,Reação tardia ou ineficiente do condutor,Colisão traseira,Plena Noite,Céu Claro,Simples,Reta,Sim,Crescente
747980,2026-01-25,domingo,23:44:00,BA,116.0,"15,8",vitoria da conquista,-14.901201,-40.85221,6.0,0.0,0.0,Com Vítimas Feridas,Não,Ingestão de álcool pelo condutor,Colisão transversal,Plena Noite,Nevoeiro/Neblina,Simples,Reta,Sim,Crescente
747981,2026-01-25,domingo,13:40:00,BA,116.0,"701,9",jequie,-14.068565,-40.206444,1.0,0.0,0.0,Com Vítimas Feridas,Sim,Curva acentuada,Tombamento,Pleno dia,Chuva,Simples,Curva,Não,Decrescente
747982,2026-01-25,domingo,18:50:00,BA,324.0,622,salvador,-12.931836,-38.47101,1.0,0.0,0.0,Com Vítimas Feridas,Sim,Ingestão de álcool pelo condutor,Colisão traseira,Plena Noite,Céu Claro,Dupla,Reta,Sim,Decrescente
747983,2026-01-25,domingo,11:20:00,SP,153.0,"258,4",marilia,-22.255434,-49.92188,1.0,0.0,0.0,Com Vítimas Feridas,Sim,Ausência de reação do condutor,Queda de ocupante de veículo,Pleno dia,Céu Claro,Simples,Aclive,Não,Decrescente
747984,2026-01-25,domingo,23:55:00,RS,386.0,"395,7",triunfo,-29.726988,-51.634106,0.0,0.0,1.0,Com Vítimas Fatais,Sim,Pedestre andava na pista,Atropelamento de Pedestre,Plena Noite,Céu Claro,Simples,Curva,Não,Crescente
747985,2026-01-25,domingo,14:40:00,PR,376.0,"385,2",imbau,-24.475685,-50.73767,6.0,6.0,0.0,Com Vítimas Feridas,Não,Afundamento ou ondulação no pavimento,Colisão com objeto,Pleno dia,Sol,Dupla,Declive,Não,Crescente
747986,2026-01-26,segunda-feira,01:06:00,SP,116.0,230,sao paulo,-23.518793,-46.581833,1.0,0.0,0.0,Com Vítimas Feridas,Sim,Ingestão de álcool pelo condutor,Colisão com objeto,Plena Noite,Nublado,Múltipla,Reta,Sim,Decrescente
747987,2026-01-25,domingo,23:30:00,MS,262.0,245,ribas do rio pardo,-20.455233,-53.73217,0.0,2.0,0.0,Com Vítimas Feridas,Sim,Condutor Dormindo,Saída de leito carroçável,Plena Noite,Nublado,Simples,Reta,Não,Crescente
747988,2026-01-26,segunda-feira,00:00:00,SC,470.0,"87,6",ascurra,-26.952047,-49.37081,8.0,0.0,0.0,Com Vítimas Feridas,Não,Ingestão de álcool pelo condutor,Saída de leito carroçável,Plena Noite,Céu Claro,Simples,Reta,Sim,Crescente
747989,2026-01-25,domingo,20:25:00,PR,277.0,"677,7",medianeira,-25.301989,-54.129288,1.0,0.0,1.0,Com Vítimas Fatais,Sim,Pedestre cruzava a pista fora da faixa,Atropelamento de Pedestre,Plena Noite,Céu Claro,Dupla,Reta,Sim,Crescente
747990,2026-01-25,domingo,19:30:00,MG,381.0,378,sao goncalo do rio abaixo,-19.835024,-43.36879,0.0,1.0,0.0,Com Vítimas Feridas,Sim,Ausência de reação do condutor,Colisão lateral sentido oposto,Plena Noite,Céu Claro,Simples,Curva;Declive,Não,Decrescente
747991,2026-01-25,domingo,19:00:00,CE,222.0,"324,2",tiangua,-3.798377,-41.071003,0.0,0.0,1.0,Com Vítimas Fatais,Sim,Entrada inopinada do pedestre,Atropelamento de Pedestre,Plena Noite,Nublado,Simples,Reta,Não,Decrescente
747992,2026-01-25,domingo,18:40:00,CE,222.0,40,caucaia,-3.68263,-38.921124,2.0,0.0,0.0,Com Vítimas Feridas,Sim,Animais na Pista,Atropelamento de Animal,Plena Noite,Céu Claro,Simples,Reta,Não,Crescente
747993,2026-01-25,domingo,15:39:00,PR,277.0,"662,8",matelandia,-25.252487,-54.002586,3.0,0.0,0.0,Com Vítimas Feridas,Sim,Reação tardia ou ineficiente do condutor,Saída de leito carroçável,Pleno dia,Céu Claro,Dupla,Reta,Não,Crescente
747994,2026-01-25,domingo,20:55:00,PB,230.0,"7,1",cabedelo,-7.02919,-34.839912,0.0,9.0,0.0,Com Vítimas Feridas,Não,Objeto estático sobre o leito carroçável,Tombamento,Plena Noite,Céu Claro,Múltipla,Reta;Em Obras,Sim,Decrescente
747995,2026-01-25,domingo,12:10:00,RS,386.0,"435,5",nova santa rita,-29.849785,-51.267532,2.0,0.0,0.0,Com Vítimas Feridas,Sim,Ausência de reação do condutor,Colisão com objeto,Pleno dia,Sol,Dupla,Reta,Sim,Decrescente
747996,2026-01-25,domingo,17:00:00,MT,364.0,398,cuiaba,-15.66694,-55.95803,0.0,1.0,0.0,Com Vítimas Feridas,Sim,Demais falhas mecânicas ou elétricas,Colisão com objeto,Pleno dia,Nublado,Dupla,Reta,Sim,Crescente
747997,2026-01-25,domingo,14:50:00,PR,376.0,"467,3",ponta grossa,-25.03068,-50.30967,3.0,0.0,0.0,Com Vítimas Feridas,Sim,Manobra de mudança de faixa,Tombamento,Pleno dia,Sol,Dupla,Reta,Não,Crescente
747998,2026-01-25,domingo,12:45:00,RS,116.0,252,sapucaia do sul,-29.81954,-51.170734,4.0,0.0,0.0,Com Vítimas Feridas,Sim,Demais falhas mecânicas ou elétricas,Queda de ocupante de veículo,Pleno dia,Céu Claro,Dupla,Viaduto;Reta;Declive,Sim,Crescente
747999,2026-01-25,domingo,19:20:00,SE,101.0,"87,6",nossa senhora do socorro,-10.869317,-37.1345,0.0,0.0,0.0,Sem Vítimas,Sim,Ausência de reação do condutor,Colisão com objeto,Plena Noite,Céu Claro,Dupla,Declive;Reta,Não,Decrescente
748000,2026-01-25,domingo,16:00:00,PR,376.0,"491,6",ponta grossa,-25.145578,-50.15259,0.0,4.0,0.0,Com Vítimas Feridas,Sim,Mal súbito do condutor,Queda de ocupante de veículo,Pleno dia,Sol,Dupla,Aclive;Reta,Sim,Decrescente
748002,2026-01-25,domingo,15:00:00,MG,262.0,545,luz,-19.708506,-45.916527,3.0,0.0,0.0,Com Vítimas Feridas,Não,Reação tardia ou ineficiente do condutor,Tombamento,Pleno dia,Céu Claro,Simples,Curva;Declive,Não,Decrescente
748003,2026-01-26,segunda-feira,02:00:00,SC,101.0,"204,5",sao jose,-27.57861,-48.6136,0.0,2.0,0.0,Com Vítimas Feridas,Sim,Ingestão de álcool pelo condutor,Queda de ocupante de veículo,Plena Noite,Céu Claro,Múltipla,Reta,Sim,Decrescente
748004,2026-01-26,segunda-feira,02:00:00,RS,158.0,331,santa maria,-29.700901,-53.841793,4.0,0.0,0.0,Com Vítimas Feridas,Não,Ingestão de álcool pelo condutor,Queda de ocupante de veículo,Plena Noite,Céu Claro,Dupla,Rotatória,Sim,Crescente
748005,2026-01-26,segunda-feira,03:20:00,CE,20.0,"307,6",caninde,-4.350518,-39.30018,4.0,4.0,0.0,Com Vítimas Feridas,Não,Transitar na contramão,Saída de leito carroçável,Plena Noite,Céu Claro,Simples,Reta,Sim,Crescente
748007,2026-01-25,domingo,17:05:00,SC,101.0,"154,8",porto belo,-27.162003,-48.61114,6.0,0.0,0.0,Com Vítimas Feridas,Sim,Ultrapassagem Indevida,Colisão lateral mesmo sentido,Anoitecer,Sol,Dupla,Reta,Não,Decrescente
748008,2026-01-26,segunda-feira,03:00:00,SC,101.0,14,garuva,-26.093395,-48.86476,0.0,0.0,0.0,Sem Vítimas,Sim,Demais falhas mecânicas ou elétricas,Eventos atípicos,Plena Noite,Céu Claro,Dupla,Reta;Aclive,Não,Decrescente
748009,2026-01-25,domingo,21:20:00,MG,116.0,"752,3",leopoldina,-21.424627,-42.50988,0.0,0.0,0.0,Sem Vítimas,Sim,Demais falhas mecânicas ou elétricas,Incêndio,Plena Noite,Nublado,Simples,Reta,Não,Decrescente
748010,2026-01-25,domingo,13:54:00,SC,101.0,25,joinville,-26.180582,-48.909084,12.0,0.0,0.0,Com Vítimas Feridas,Não,Reação tardia ou ineficiente do condutor,Eventos atípicos,Pleno dia,Nublado,Simples,Reta,Sim,Decrescente
748011,2026-01-25,domingo,18:10:00,SC,101.0,"147,7",itapema,-27.088818,-48.612446,4.0,0.0,0.0,Com Vítimas Feridas,Não,Manobra de mudança de faixa,Queda de ocupante de veículo,Anoitecer,Sol,Múltipla,Reta,Sim,Decrescente
748012,2026-01-26,segunda-feira,03:00:00,MS,60.0,67,paraiso das aguas,-19.065062,-53.0295,0.0,0.0,0.0,Sem Vítimas,Sim,Ausência de reação do condutor,Colisão com objeto,Plena Noite,Nublado,Simples,Curva,Não,Crescente
748013,2026-01-26,segunda-feira,02:02:00,SC,101.0,"149,8",itapema,-27.115423,-48.60989,2.0,0.0,0.0,Com Vítimas Feridas,Não,Condutor Dormindo,Saída de leito carroçável,Plena Noite,Céu Claro,Múltipla,Reta,Sim,Crescente
748014,2026-01-26,segunda-feira,04:00:00,PR,376.0,292,sertanopolis,-23.0,-51.0,1.0,0.0,0.0,Com Vítimas Feridas,Sim,Ausência de reação do condutor,Tombamento,Plena Noite,Céu Claro,Dupla,Curva;Aclive;Viaduto,Não,Crescente
748015,2026-01-25,domingo,14:05:00,MG,365.0,"856,4",santa vitoria,-19.03139,-50.375675,0.0,0.0,9.0,Com Vítimas Fatais,Sim,Mal súbito do condutor,Colisão frontal,Pleno dia,Chuva,Simples,Reta,Não,Decrescente
748016,2026-01-25,domingo,15:50:00,PR,153.0,"352,8",reboucas,-25.626926,-50.722797,4.0,0.0,0.0,Com Vítimas Feridas,Não,Velocidade Incompatível,Saída de leito carroçável,Pleno dia,Céu Claro,Simples,Reta,Não,Decrescente
748017,2026-01-25,domingo,17:15:00,PE,101.0,"56,8",recife,-7.962698,-34.915417,0.0,2.0,0.0,Com Vítimas Feridas,Sim,Ausência de reação do condutor,Queda de ocupante de veículo,Pleno dia,Céu Claro,Dupla,Reta,Sim,Crescente
748018,2026-01-26,segunda-feira,05:15:00,GO,50.0,"266,7",catalao,-18.085651,-47.870113,0.0,0.0,0.0,Sem Vítimas,Não,Reação tardia ou ineficiente do condutor,Colisão com objeto,Amanhecer,Céu Claro,Dupla,Reta,Não,Decrescente
748019,2026-01-26,segunda-feira,04:45:00,SP,116.0,281,embu das artes,-23.65389,-46.84844,1.0,0.0,0.0,Com Vítimas Feridas,Sim,Ausência de reação do condutor,Colisão traseira,Plena Noite,Nublado,Dupla,Reta,Não,Decrescente
748020,2026-01-25,domingo,12:40:00,RJ,116.0,238,pirai,-22.61988,-43.92688,0.0,0.0,0.0,Sem Vítimas,Sim,Demais falhas mecânicas ou elétricas,Incêndio,Pleno dia,Nublado,Dupla,Reta,Não,Crescente
748021,2026-01-25,domingo,13:30:00,SC,470.0,"193,7",pouso redondo,-27.30194,-50.079823,0.0,1.0,0.0,Com Vítimas Feridas,Sim,Velocidade Incompatível,Tombamento,Pleno dia,Céu Claro,Simples,Curva;Declive,Não,Decrescente
748022,2026-01-25,domingo,19:00:00,RJ,101.0,95,campos dos goytacazes,-21.869923,-41.552746,0.0,0.0,1.0,Com Vítimas Fatais,Sim,Pedestre andava na pista,Atropelamento de Pedestre,Plena Noite,Ignorado,Dupla,Reta,Não,Crescente
748023,2026-01-26,segunda-feira,05:00:00,SC,101.0,30,joinville,-26.229279,-48.916603,4.0,0.0,0.0,Com Vítimas Feridas,Não,Velocidade Incompatível,Capotamento,Plena Noite,Céu Claro,Múltipla,Reta,Não,Decrescente
748024,2026-01-25,domingo,19:30:00,SC,101.0,"109,9",penha,-26.8351,-48.706512,2.0,2.0,0.0,Com Vítimas Feridas,Não,Ausência de reação do condutor,Tombamento,Anoitecer,Céu Claro,Dupla,Reta,Não,Crescente
748025,2026-01-25,domingo,10:00:00,MA,10.0,"241,5",imperatriz,-5.614128,-47.41684,0.0,0.0,4.0,Com Vítimas Fatais,Sim,Acessar a via sem observar a presença dos outros veículos,Saída de leito carroçável,Pleno dia,Sol,Simples,Reta,Não,Decrescente
748026,2026-01-26,segunda-feira,05:00:00,BA,101.0,705,eunapolis,-16.29129,-39.586735,0.0,6.0,0.0,Com Vítimas Feridas,Sim,Acessar a via sem observar a presença dos outros veículos,Queda de ocupante de veículo,Amanhecer,Céu Claro,Simples,Reta,Não,Decrescente
748027,2026-01-25,domingo,15:10:00,GO,60.0,"236,1",indiara,-17.090286,-49.855347,6.0,0.0,0.0,Com Vítimas Feridas,Sim,Acumulo de água sobre o pavimento,Saída de leito carroçável,Pleno dia,Chuva,Dupla,Aclive;Reta,Não,Crescente
748028,2026-01-25,domingo,22:00:00,MG,50.0,124,uberaba,-19.34282,-48.094673,1.0,0.0,0.0,Com Vítimas Feridas,Sim,Entrada inopinada do pedestre,Atropelamento de Pedestre,Plena Noite,Céu Claro,Simples,Reta,Não,Decrescente
748030,2026-01-25,domingo,06:30:00,SC,282.0,"368,8",erval velho,-27.284264,-51.433895,6.0,0.0,0.0,Com Vítimas Feridas,Não,Condutor Dormindo,Colisão com objeto,Pleno dia,Céu Claro,Simples,Reta,Sim,Decrescente
748031,2026-01-25,domingo,07:00:00,MG,381.0,776,campanha,-21.795633,-45.453606,1.0,0.0,0.0,Com Vítimas Feridas,Sim,Chuva,Colisão com objeto,Pleno dia,Chuva,Dupla,Curva,Não,Decrescente
748032,2026-01-25,domingo,12:20:00,MG,116.0,"665,2",sao francisco do gloria,-20.806509,-42.31058,2.0,0.0,0.0,Com Vítimas Feridas,Sim,Ausência de reação do condutor,Tombamento,Pleno dia,Céu Claro,Simples,Curva,Não,Crescente
748033,2026-01-25,domingo,09:15:00,MS,163.0,"187,7",juti,-22.798923,-54.740116,6.0,0.0,0.0,Com Vítimas Feridas,Sim,Ausência de reação do condutor,Saída de leito carroçável,Pleno dia,Céu Claro,Simples,Reta;Aclive,Não,Decrescente
748034,2026-01-25,domingo,21:12:00,TO,153.0,136,araguaina,-7.153842,-48.203964,1.0,0.0,0.0,Com Vítimas Feridas,Sim,Ausência de reação do condutor,Queda de ocupante de veículo,Plena Noite,Céu Claro,Dupla,Reta,Sim,Crescente
748035,2026-01-25,domingo,18:40:00,BA,420.0,232,laje,-13.170592,-39.35061,1.0,0.0,0.0,Com Vítimas Feridas,Sim,Ausência de reação do condutor,Colisão lateral sentido oposto,Plena Noite,Céu Claro,Simples,Reta,Não,Decrescente
748036,2026-01-25,domingo,19:15:00,MA,10.0,"245,6",imperatriz,-5.583745,-47.437214,4.0,0.0,0.0,Com Vítimas Feridas,Não,Acostamento em desnível,Colisão frontal,Plena Noite,Nublado,Dupla,Aclive,Não,Decrescente
748037,2026-01-25,domingo,19:00:00,PI,230.0,309,floriano,-6.7723527,-43.007153,0.0,0.0,0.0,Sem Vítimas,Não,Ausência de reação do condutor,Queda de ocupante de veículo,Plena Noite,Céu Claro,Simples,Reta,Sim,Crescente
748038,2026-01-25,domingo,18:30:00,BA,367.0,23,porto seguro,-16.436806,-39.078175,0.0,0.0,0.0,Sem Vítimas,Não,Ingestão de álcool pelo condutor,Queda de ocupante de veículo,Plena Noite,Céu Claro,Simples,Reta,Sim,Crescente
748039,2026-01-25,domingo,21:10:00,RS,285.0,"220,4",caseiros,-28.25158,-51.725338,1.0,0.0,0.0,Com Vítimas Feridas,Sim,Ingestão de álcool pelo condutor,Capotamento,Pleno dia,Céu Claro,Simples,Reta,Não,Crescente
748040,2026-01-25,domingo,23:30:00,RS,116.0,108,sao marcos,-28.924734,-51.10032,0.0,0.0,8.0,Com Vítimas Fatais,Não,Ausência de reação do condutor,Saída de leito carroçável,Plena Noite,Céu Claro,Simples,Reta,Não,Crescente
748041,2026-01-25,domingo,21:15:00,MG,381.0,"719,7",carmo da cachoeira,-21.422037,-45.212887,2.0,0.0,0.0,Com Vítimas Feridas,Sim,Velocidade Incompatível,Capotamento,Plena Noite,Chuva,Dupla,Aclive;Curva,Não,Crescente
748042,2026-01-25,domingo,21:00:00,BA,415.0,19,ilheus,-14.794839,-39.114914,3.0,0.0,0.0,Com Vítimas Feridas,Sim,Reação tardia ou ineficiente do condutor,Atropelamento de Pedestre,Plena Noite,Nublado,Dupla,Reta,Não,Decrescente
748043,2026-01-25,domingo,19:00:00,RS,153.0,"105,3",coxilha,-28.10734,-52.39295,0.0,0.0,0.0,Sem Vítimas,Sim,Velocidade Incompatível,Colisão com objeto,Anoitecer,Céu Claro,Simples,Curva;Declive,Não,Crescente
748044,2026-01-25,domingo,09:00:00,SC,282.0,443,ponte serrada,-26.92274,-51.87943,1.0,0.0,0.0,Com Vítimas Feridas,Sim,Velocidade Incompatível,Colisão com objeto,Pleno dia,Sol,Simples,Curva,Não,Crescente
748045,2026-01-25,domingo,20:40:00,PA,163.0,634,trairao,-4.63289,-55.952682,1.0,0.0,0.0,Com Vítimas Feridas,Sim,Reação tardia ou ineficiente do condutor,Queda de ocupante de veículo,Plena Noite,Céu Claro,Simples,Reta,Não,Crescente
748046,2026-01-26,segunda-feira,05:00:00,PR,163.0,260,toledo,-24.640287,-53.858406,0.0,0.0,0.0,Sem Vítimas,Sim,Demais falhas mecânicas ou elétricas,Incêndio,Amanhecer,Céu Claro,Dupla,Reta;Aclive,Não,Crescente
748047,2026-01-25,domingo,18:50:00,GO,364.0,193,jatai,-17.922407,-51.704926,6.0,0.0,0.0,Com Vítimas Feridas,Não,Ausência de reação do condutor,Saída de leito carroçável,Anoitecer,Nublado,Dupla,Declive;Reta,Não,Crescente
748048,2026-01-25,domingo,21:24:00,PA,163.0,618,trairao,-4.7252784,-56.03199,0.0,0.0,0.0,Sem Vítimas,Sim,Reação tardia ou ineficiente do condutor,Queda de ocupante de veículo,Plena Noite,Céu Claro,Simples,Reta,Não,Crescente
748049,2026-01-25,domingo,20:25:00,RS,158.0,"218,5",cruz alta,-28.84837,-53.613438,0.0,0.0,1.0,Com Vítimas Fatais,Sim,Acessar a via sem observar a presença dos outros veículos,Colisão traseira,Plena Noite,Céu Claro,Simples,Reta,Não,Decrescente
748050,2026-01-25,domingo,16:30:00,GO,153.0,560,professor jamil,-17.213507,-49.226074,0.0,0.0,0.0,Sem Vítimas,Não,Acumulo de água sobre o pavimento,Saída de leito carroçável,Pleno dia,Chuva,Dupla,Curva,Não,Crescente
748051,2026-01-25,domingo,16:47:00,SP,116.0,144,sao jose dos campos,-23.181316,-45.84374,1.0,1.0,0.0,Com Vítimas Feridas,Sim,Reação tardia ou ineficiente do condutor,Queda de ocupante de veículo,Pleno dia,Céu Claro,Dupla,Aclive,Sim,Crescente
748052,2026-01-26,segunda-feira,00:30:00,MG,267.0,"217,7",bom jardim de minas,-21.941135,-44.21688,0.0,16.0,32.0,Com Vítimas Fatais,Não,Reação tardia ou ineficiente do condutor,Queda de ocupante de veículo,Plena Noite,Chuva,Simples,Curva;Declive,Não,Crescente
748053,2026-01-25,domingo,13:10:00,RO,364.0,792,porto velho,-9.225132,-64.34452,0.0,0.0,0.0,Sem Vítimas,Não,Demais falhas na via,Colisão com objeto,Pleno dia,Chuva,Simples,Reta,Não,Crescente
748054,2026-01-26,segunda-feira,06:12:00,AL,101.0,"184,6",junqueiro,-9.89827,-36.44013,2.0,4.0,0.0,Com Vítimas Feridas,Sim,Velocidade Incompatível,Colisão traseira,Pleno dia,Céu Claro,Dupla,Reta,Sim,Crescente
748056,2026-01-26,segunda-feira,07:10:00,RJ,101.0,308,sao goncalo,-22.79288,-43.02316,2.0,0.0,0.0,Com Vítimas Feridas,Sim,Reação tardia ou ineficiente do condutor,Colisão traseira,Pleno dia,Nublado,Dupla,Reta,Não,Crescente
748057,2026-01-26,segunda-feira,06:00:00,MG,50.0,132,uberaba,-19.547436,-48.03615,4.0,0.0,0.0,Com Vítimas Feridas,Sim,Manobra de mudança de faixa,Colisão traseira,Amanhecer,Céu Claro,Dupla,Aclive;Reta,Não,Decrescente
748058,2026-01-25,domingo,09:35:00,MG,381.0,531,itatiaiucu,-20.164473,-44.364765,0.0,3.0,0.0,Com Vítimas Feridas,Sim,Pista esburacada,Tombamento,Pleno dia,Céu Claro,Dupla,Curva,Não,Decrescente
748060,2026-01-25,domingo,09:50:00,RO,364.0,767,porto velho,-9.163436,-64.20228,0.0,0.0,0.0,Sem Vítimas,Sim,Acumulo de água sobre o pavimento,Colisão transversal,Pleno dia,Chuva,Simples,Reta,Não,Crescente
748061,2026-01-25,domingo,11:00:00,AL,101.0,64,messias,-9.293072,-35.818604,2.0,0.0,0.0,Com Vítimas Feridas,Sim,Avarias e/ou desgaste excessivo no pneu,Queda de ocupante de veículo,Pleno dia,Céu Claro,Dupla,Curva,Não,Decrescente
748062,2026-01-26,segunda-feira,07:00:00,RN,101.0,75,sao goncalo do amarante,-5.7181945,-35.274544,16.0,8.0,0.0,Com Vítimas Feridas,Não,Desrespeitar a preferência no cruzamento,Colisão transversal,Pleno dia,Céu Claro,Simples,Interseção de Vias,Não,Crescente
748063,2026-01-25,domingo,22:40:00,SP,101.0,48,ubatuba,-23.43789,-45.087826,2.0,0.0,0.0,Com Vítimas Feridas,Não,Modificação proibida,Colisão lateral mesmo sentido,Plena Noite,Céu Claro,Simples,Reta,Sim,Decrescente
748064,2026-01-25,domingo,04:00:00,MG,116.0,571,manhuacu,-20.121233,-42.176365,1.0,0.0,0.0,Com Vítimas Feridas,Sim,Condutor Dormindo,Saída de leito carroçável,Plena Noite,Nublado,Simples,Curva,Não,Crescente
748065,2026-01-26,segunda-feira,06:50:00,MS,163.0,462,campo grande,-20.617094,-54.575035,3.0,0.0,0.0,Com Vítimas Feridas,Sim,Manobra de mudança de faixa,Queda de ocupante de veículo,Pleno dia,Céu Claro,Simples,Reta,Não,Crescente
748066,2026-01-25,domingo,11:00:00,PR,153.0,518,general carneiro,-26.600962,-51.463272,1.0,0.0,0.0,Com Vítimas Feridas,Sim,Acumulo de areia ou detritos sobre o pavimento,Colisão frontal,Pleno dia,Céu Claro,Simples,Curva,Não,Decrescente
748067,2026-01-25,domingo,20:50:00,RJ,40.0,117,duque de caxias,-22.746937,-43.28828,0.0,0.0,0.0,Sem Vítimas,Sim,Manobra de mudança de faixa,Queda de ocupante de veículo,Plena Noite,Garoa/Chuvisco,Múltipla,Reta,Sim,Crescente
748068,2026-01-26,segunda-feira,00:15:00,BA,116.0,219,euclides da cunha,-10.529332,-39.00181,1.0,0.0,0.0,Com Vítimas Feridas,Sim,Animais na Pista,Atropelamento de Animal,Plena Noite,Céu Claro,Simples,Reta,Não,Decrescente
748069,2026-01-19,segunda-feira,06:40:00,PR,277.0,138,balsa nova,-25.476873,-49.639427,0.0,2.0,0.0,Com Vítimas Feridas,Sim,Chuva,Queda de ocupante de veículo,Amanhecer,Chuva,Dupla,Curva;Declive,Não,Decrescente
748070,2026-01-25,domingo,18:20:00,MT,70.0,316,dom aquino,-15.509175,-54.641376,12.0,0.0,0.0,Com Vítimas Feridas,Não,Ingestão de álcool pelo condutor,Saída de leito carroçável,Anoitecer,Céu Claro,Simples,Curva,Não,Decrescente