id,data_inversa,dia_semana,horario,uf,br,km,municipio,latitude,longitude,feridos_leves,feridos_graves,mortos,classificacao_acidente,causa_principal,causa_acidente,tipo_acidente,fase_dia,condicao_metereologica,tipo_pista,tracado_via,uso_solo,sentido_via
748071,2026-01-25,domingo,01:30:00,MG,381.0,"212,5",belo oriente,-19.247545,-42.33822,1.0,1.0,0.0,Com Vítimas Feridas,Sim,Transitar na contramão,Colisão frontal,Plena Noite,Céu Claro,Simples,Reta,Não,Crescente
748072,2026-01-26,segunda-feira,07:20:00,SC,101.0,203,sao jose,-27.565304,-48.614285,2.0,0.0,0.0,Com Vítimas Feridas,Sim,Demais falhas mecânicas ou elétricas,Tombamento,Pleno dia,Céu Claro,Dupla,Reta;Aclive,Sim,Crescente
748073,2026-01-26,segunda-feira,07:00:00,MG,262.0,359,juatuba,-19.972603,-44.30991,0.0,4.0,0.0,Com Vítimas Feridas,Sim,Ausência de reação do condutor,Saída de leito carroçável,Pleno dia,Nublado,Dupla,Reta;Declive,Não,Decrescente
748074,2026-01-26,segunda-feira,07:17:00,MG,381.0,744,tres coracoes,-21.690178,-45.34923,0.0,0.0,0.0,Sem Vítimas,Sim,Velocidade Incompatível,Incêndio,Amanhecer,Nublado,Dupla,Curva,Não,Crescente
748075,2026-01-26,segunda-feira,06:00:00,RO,364.0,"504,2",ariquemes,-10.002693,-63.00899,0.0,0.0,0.0,Sem Vítimas,Sim,Ausência de reação do condutor,Colisão traseira,Pleno dia,Nublado,Simples,Reta,Não,Crescente
748076,2026-01-25,domingo,15:40:00,PE,407.0,129,petrolina,-9.400349,-40.50419,4.0,0.0,0.0,Com Vítimas Feridas,Não,Ingestão de álcool pelo condutor,Queda de ocupante de veículo,Pleno dia,Céu Claro,Dupla,Ponte,Sim,Decrescente
748077,2026-01-26,segunda-feira,07:00:00,RJ,116.0,210,seropedica,-22.720076,-43.688194,1.0,0.0,0.0,Com Vítimas Feridas,Sim,Conversão proibida,Colisão transversal,Pleno dia,Nublado,Dupla,Reta,Não,Crescente
748078,2026-01-25,domingo,10:10:00,MT,163.0,"1073,6",guaranta do norte,-9.8762,-54.8964,0.0,0.0,0.0,Sem Vítimas,Sim,Demais falhas mecânicas ou elétricas,Incêndio,Pleno dia,Sol,Simples,Reta,Não,Crescente
748079,2026-01-25,domingo,19:30:00,PR,476.0,268,sao mateus do sul,-25.898,-50.323,2.0,0.0,1.0,Com Vítimas Fatais,Sim,Acessar a via sem observar a presença dos outros veículos,Atropelamento de Animal,Anoitecer,Céu Claro,Simples,Reta,Não,Decrescente
748080,2026-01-25,domingo,11:00:00,RJ,116.0,278,barra mansa,-22.553125,-44.176834,1.0,0.0,0.0,Com Vítimas Feridas,Sim,Chuva,Queda de ocupante de veículo,Pleno dia,Chuva,Dupla,Reta,Sim,Decrescente
748081,2026-01-26,segunda-feira,08:21:00,PE,101.0,"87,7",jaboatao dos guararapes,-8.19571,-34.976585,0.0,0.0,0.0,Sem Vítimas,Não,Reação tardia ou ineficiente do condutor,Colisão traseira,Pleno dia,Sol,Dupla,Reta,Sim,Decrescente
748082,2026-01-26,segunda-feira,08:00:00,PB,230.0,156,campina grande,-7.263078,-35.92115,6.0,0.0,0.0,Com Vítimas Feridas,Sim,Acessar a via sem observar a presença dos outros veículos,Queda de ocupante de veículo,Pleno dia,Céu Claro,Simples,Reta,Sim,Decrescente
748083,2026-01-26,segunda-feira,07:40:00,RJ,101.0,311,sao goncalo,-22.80087,-43.053703,1.0,1.0,0.0,Com Vítimas Feridas,Sim,Avarias e/ou desgaste excessivo no pneu,Queda de ocupante de veículo,Amanhecer,Chuva,Dupla,Reta,Sim,Crescente
748084,2026-01-26,segunda-feira,07:00:00,GO,153.0,308,rialma,-15.375405,-49.55646,4.0,0.0,0.0,Com Vítimas Feridas,Não,Reação tardia ou ineficiente do condutor,Colisão traseira,Pleno dia,Nevoeiro/Neblina,Simples,Reta;Aclive,Não,Crescente
748085,2026-01-25,domingo,22:40:00,SP,116.0,348,miracatu,-24.049332,-47.200047,3.0,0.0,0.0,Com Vítimas Feridas,Não,Reação tardia ou ineficiente do condutor,Tombamento,Plena Noite,Nublado,Dupla,Reta;Aclive,Sim,Crescente
748086,2026-01-26,segunda-feira,07:20:00,MG,381.0,"622,7",oliveira,-20.823847,-44.80108,0.0,0.0,0.0,Sem Vítimas,Sim,Chuva,Tombamento,Pleno dia,Chuva,Dupla,Curva,Não,Decrescente
748087,2026-01-26,segunda-feira,08:00:00,PR,476.0,"119,1",colombo,-25.362158,-49.184536,0.0,1.0,0.0,Com Vítimas Feridas,Sim,Trafegar com motocicleta (ou similar) entre as faixas,Colisão lateral mesmo sentido,Pleno dia,Céu Claro,Múltipla,Reta,Sim,Crescente
748088,2026-01-26,segunda-feira,08:40:00,DF,20.0,9,brasilia,-15.65367,-47.782738,1.0,0.0,0.0,Com Vítimas Feridas,Sim,Ausência de reação do condutor,Colisão lateral mesmo sentido,Pleno dia,Céu Claro,Simples,Reta,Sim,Decrescente
748089,2026-01-26,segunda-feira,07:30:00,BA,324.0,566,sao sebastiao do passe,-12.533505,-38.5984,1.0,0.0,0.0,Com Vítimas Feridas,Sim,Ausência de reação do condutor,Engavetamento,Pleno dia,Céu Claro,Dupla,Reta,Não,Decrescente
748090,2026-01-26,segunda-feira,07:55:00,BA,101.0,900,caravelas,-17.655298,-39.771633,6.0,0.0,0.0,Com Vítimas Feridas,Sim,Acessar a via sem observar a presença dos outros veículos,Capotamento,Pleno dia,Céu Claro,Simples,Reta,Não,Decrescente
748091,2026-01-26,segunda-feira,08:50:00,CE,116.0,20,eusebio,-3.9240358,-38.507614,0.0,0.0,0.0,Sem Vítimas,Não,Condutor deixou de manter distância do veículo da frente,Colisão traseira,Pleno dia,Garoa/Chuvisco,Dupla,Reta,Não,Decrescente
748092,2026-01-26,segunda-feira,08:45:00,BA,101.0,"878,7",teixeira de freitas,-17.556932,-39.724888,3.0,0.0,0.0,Com Vítimas Feridas,Sim,Desrespeitar a preferência no cruzamento,Queda de ocupante de veículo,Pleno dia,Céu Claro,Simples,Interseção de Vias,Sim,Decrescente
748093,2026-01-26,segunda-feira,08:53:00,RS,101.0,86,osorio,-29.869553,-50.25197,0.0,1.0,0.0,Com Vítimas Feridas,Sim,Ausência de reação do condutor,Colisão traseira,Pleno dia,Céu Claro,Múltipla,Reta,Não,Decrescente
748095,2026-01-26,segunda-feira,08:00:00,RJ,40.0,124,rio de janeiro,-22.813847,-43.288536,0.0,0.0,0.0,Sem Vítimas,Sim,Demais falhas mecânicas ou elétricas,Incêndio,Pleno dia,Céu Claro,Dupla,Reta,Não,Decrescente
748096,2026-01-26,segunda-feira,08:30:00,PR,376.0,488,ponta grossa,-25.131088,-50.171127,4.0,0.0,0.0,Com Vítimas Feridas,Não,Reação tardia ou ineficiente do condutor,Queda de ocupante de veículo,Pleno dia,Céu Claro,Dupla,Reta;Aclive,Não,Crescente
748097,2026-01-26,segunda-feira,08:50:00,SP,116.0,187,santa isabel,-23.368504,-46.234596,0.0,1.0,0.0,Com Vítimas Feridas,Sim,Acessar a via sem observar a presença dos outros veículos,Colisão traseira,Pleno dia,Céu Claro,Múltipla,Reta,Sim,Crescente
748098,2026-01-26,segunda-feira,09:15:00,SC,282.0,18,palhoca,-27.672928,-48.69443,1.0,0.0,0.0,Com Vítimas Feridas,Sim,Ausência de reação do condutor,Colisão traseira,Pleno dia,Céu Claro,Simples,Reta,Sim,Crescente
748099,2026-01-26,segunda-feira,07:10:00,PR,277.0,533,guaraniacu,-25.094803,-52.960457,4.0,0.0,0.0,Com Vítimas Feridas,Sim,Reação tardia ou ineficiente do condutor,Colisão com objeto,Pleno dia,Sol,Simples,Reta,Não,Decrescente
748100,2026-01-26,segunda-feira,07:00:00,GO,70.0,1,aguas lindas de goias,-15.762234,-48.237015,1.0,0.0,0.0,Com Vítimas Feridas,Sim,Manobra de mudança de faixa,Colisão lateral mesmo sentido,Pleno dia,Céu Claro,Dupla,Reta,Sim,Decrescente
748101,2026-01-21,quarta-feira,15:50:00,SC,282.0,625,iraceminha,-26.800215,-53.351196,0.0,2.0,0.0,Com Vítimas Feridas,Sim,Condutor deixou de manter distância do veículo da frente,Queda de ocupante de veículo,Pleno dia,Céu Claro,Simples,Reta,Não,Decrescente
748102,2026-01-26,segunda-feira,07:50:00,DF,70.0,14,brasilia,-15.799257,-48.181835,2.0,0.0,0.0,Com Vítimas Feridas,Sim,Acessar a via sem observar a presença dos outros veículos,Saída de leito carroçável,Pleno dia,Nublado,Dupla,Curva,Não,Decrescente
748103,2026-01-26,segunda-feira,09:00:00,PE,428.0,"5,6",cabrobo,-8.525133,-39.27228,0.0,6.0,0.0,Com Vítimas Feridas,Não,Velocidade Incompatível,Tombamento,Pleno dia,Céu Claro,Simples,Declive;Reta,Não,Crescente
748104,2026-01-26,segunda-feira,07:40:00,RJ,493.0,7,itaborai,-22.7249,-42.95131,1.0,0.0,0.0,Com Vítimas Feridas,Sim,Pedestre cruzava a pista fora da faixa,Atropelamento de Pedestre,Amanhecer,Céu Claro,Simples,Reta,Não,Crescente
748105,2026-01-26,segunda-feira,09:00:00,PE,101.0,"80,9",jaboatao dos guararapes,-8.159,-34.9405,0.0,0.0,0.0,Sem Vítimas,Sim,Ausência de reação do condutor,Colisão com objeto,Pleno dia,Céu Claro,Dupla,Reta,Sim,Decrescente
748106,2026-01-26,segunda-feira,09:30:00,PB,101.0,"33,6",mamanguape,-6.782157,-35.133907,0.0,1.0,0.0,Com Vítimas Feridas,Sim,Ausência de reação do condutor,Queda de ocupante de veículo,Pleno dia,Céu Claro,Dupla,Reta,Não,Crescente
748107,2026-01-26,segunda-feira,01:30:00,BA,242.0,207,itaberaba,-12.519039,-39.9638,1.0,0.0,0.0,Com Vítimas Feridas,Sim,Manobra de mudança de faixa,Colisão lateral sentido oposto,Plena Noite,Céu Claro,Simples,Reta;Aclive,Não,Decrescente
748109,2026-01-26,segunda-feira,09:30:00,MG,381.0,481,contagem,-19.958244,-44.05976,2.0,0.0,0.0,Com Vítimas Feridas,Não,Manobra de mudança de faixa,Colisão lateral mesmo sentido,Pleno dia,Céu Claro,Múltipla,Reta,Sim,Crescente
748110,2026-01-26,segunda-feira,06:25:00,MG,381.0,"524,9",brumadinho,-20.143827,-44.32054,1.0,0.0,0.0,Com Vítimas Feridas,Sim,Velocidade Incompatível,Colisão com objeto,Pleno dia,Nublado,Dupla,Curva;Declive,Não,Crescente
748111,2026-01-26,segunda-feira,08:25:00,PR,376.0,"675,9",guaratuba,-25.945675,-48.907963,0.0,0.0,0.0,Sem Vítimas,Sim,Demais falhas mecânicas ou elétricas,Incêndio,Pleno dia,Nublado,Simples,Retorno Regulamentado;Reta,Não,Crescente
748112,2026-01-25,domingo,16:25:00,RJ,101.0,492,angra dos reis,-22.945747,-44.330177,9.0,0.0,9.0,Com Vítimas Fatais,Não,Acumulo de água sobre o pavimento,Colisão frontal,Pleno dia,Chuva,Simples,Curva;Aclive,Não,Decrescente
748113,2026-01-15,quinta-feira,03:29:00,MT,163.0,753,sorriso,-12.542819,-55.70856,0.0,0.0,0.0,Sem Vítimas,Sim,Ausência de reação do condutor,Saída de leito carroçável,Plena Noite,Céu Claro,Dupla,Reta,Sim,Decrescente
748114,2026-01-26,segunda-feira,09:00:00,MA,135.0,69,santa rita,-3.1385317,-44.325302,0.0,0.0,2.0,Com Vítimas Fatais,Não,Reação tardia ou ineficiente do condutor,Colisão lateral mesmo sentido,Pleno dia,Céu Claro,Dupla,Reta,Sim,Crescente
748115,2026-01-26,segunda-feira,10:44:00,CE,304.0,"53,3",aracati,-4.573547,-37.737778,0.0,4.0,0.0,Com Vítimas Feridas,Não,Reação tardia ou ineficiente do condutor,Colisão transversal,Pleno dia,Céu Claro,Simples,Reta;Interseção de Vias,Não,Crescente
748117,2026-01-26,segunda-feira,07:00:00,MG,116.0,400,governador valadares,-18.770664,-41.98564,0.0,4.0,0.0,Com Vítimas Feridas,Sim,Condutor Dormindo,Colisão com objeto,Amanhecer,Céu Claro,Simples,Reta,Não,Decrescente
748118,2026-01-21,quarta-feira,03:20:00,PR,153.0,"2,7",imbituva,-25.205078,-50.59792,2.0,1.0,0.0,Com Vítimas Feridas,Sim,Ausência de reação do condutor,Colisão frontal,Plena Noite,Céu Claro,Simples,Reta,Não,Decrescente
748119,2026-01-26,segunda-feira,07:00:00,PE,110.0,101,sertania,-8.383802,-37.317642,1.0,0.0,0.0,Com Vítimas Feridas,Sim,Reação tardia ou ineficiente do condutor,Tombamento,Pleno dia,Sol,Simples,Reta,Não,Crescente
748120,2026-01-25,domingo,17:00:00,MA,316.0,"76,5",maranhaozinho,-2.224966,-45.861713,0.0,0.0,1.0,Com Vítimas Fatais,Sim,Afundamento ou ondulação no pavimento,Colisão frontal,Pleno dia,Céu Claro,Simples,Reta,Não,Crescente
748121,2026-01-24,sábado,19:25:00,RJ,116.0,140,duque de caxias,-22.647041,-43.213936,1.0,0.0,0.0,Com Vítimas Feridas,Sim,Reação tardia ou ineficiente do condutor,Colisão traseira,Plena Noite,Chuva,Dupla,Reta,Sim,Decrescente
748122,2026-01-25,domingo,21:55:00,MG,381.0,150,governador valadares,-18.875118,-41.992916,6.0,0.0,0.0,Com Vítimas Feridas,Sim,Ingestão de álcool pelo condutor,Capotamento,Plena Noite,Céu Claro,Simples,Reta,Não,Decrescente
748123,2026-01-26,segunda-feira,10:35:00,PE,101.0,88,jaboatao dos guararapes,-8.20016,-34.9786,0.0,9.0,0.0,Com Vítimas Feridas,Não,Velocidade Incompatível,Queda de ocupante de veículo,Pleno dia,Céu Claro,Dupla,Reta,Não,Decrescente
748124,2026-01-26,segunda-feira,10:00:00,SC,470.0,"54,5",blumenau,-26.874052,-49.11524,0.0,1.0,0.0,Com Vítimas Feridas,Sim,Transitar no Acostamento,Colisão transversal,Pleno dia,Nublado,Simples,Reta;Rotatória,Sim,Crescente
748125,2026-01-17,sábado,11:10:00,PI,407.0,"489,6",jaicos,-7.502192,-41.271053,24.0,12.0,6.0,Com Vítimas Fatais,Sim,Transitar na contramão,Incêndio,Pleno dia,Céu Claro,Simples,Aclive;Reta,Não,Decrescente
748126,2026-01-26,segunda-feira,09:50:00,RO,364.0,430,jaru,-10.406422,-62.516434,0.0,0.0,0.0,Sem Vítimas,Não,Velocidade Incompatível,Colisão transversal,Pleno dia,Céu Claro,Simples,Reta;Interseção de Vias,Não,Decrescente
748128,2026-01-26,segunda-feira,10:00:00,MG,40.0,"734,1",santos dumont,-21.385048,-43.570045,2.0,0.0,0.0,Com Vítimas Feridas,Sim,Condutor Dormindo,Tombamento,Pleno dia,Nublado,Simples,Curva,Não,Crescente
748130,2026-01-26,segunda-feira,10:30:00,MA,222.0,674,acailandia,-4.954702,-47.489674,0.0,0.0,0.0,Sem Vítimas,Sim,Acessar a via sem observar a presença dos outros veículos,Colisão transversal,Pleno dia,Céu Claro,Simples,Aclive,Não,Decrescente
748131,2026-01-25,domingo,19:00:00,BA,110.0,369,catu,-12.383594,-38.382595,1.0,1.0,0.0,Com Vítimas Feridas,Sim,Conversão proibida,Colisão frontal,Plena Noite,Céu Claro,Simples,Aclive;Reta,Sim,Crescente
748132,2026-01-26,segunda-feira,10:41:00,SC,101.0,"253,1",paulo lopes,-27.968279,-48.679848,0.0,0.0,2.0,Com Vítimas Fatais,Sim,Ausência de reação do condutor,Atropelamento de Pedestre,Pleno dia,Céu Claro,Simples,Reta;Aclive,Sim,Crescente
748133,2026-01-25,domingo,23:30:00,RJ,101.0,563,paraty,-23.128407,-44.713715,9.0,0.0,3.0,Com Vítimas Fatais,Não,Chuva,Colisão frontal,Plena Noite,Chuva,Simples,Reta;Declive,Não,Crescente
748134,2026-01-25,domingo,17:45:00,MT,364.0,479,jangada,-15.247382,-56.473984,0.0,0.0,0.0,Sem Vítimas,Não,Reação tardia ou ineficiente do condutor,Tombamento,Anoitecer,Nublado,Simples,Reta;Aclive,Não,Decrescente
748135,2026-01-26,segunda-feira,10:00:00,PE,232.0,180,belo jardim,-8.343398,-36.42335,0.0,3.0,0.0,Com Vítimas Feridas,Sim,Reação tardia ou ineficiente do condutor,Queda de ocupante de veículo,Pleno dia,Céu Claro,Simples,Reta,Sim,Crescente
748136,2026-01-26,segunda-feira,16:20:00,MG,381.0,495,betim,-19.972042,-44.183678,0.0,0.0,2.0,Com Vítimas Fatais,Sim,Reação tardia ou ineficiente do condutor,Atropelamento de Pedestre,Pleno dia,Chuva,Múltipla,Reta;Aclive,Sim,Crescente
748137,2026-01-26,segunda-feira,12:05:00,SC,101.0,197,biguacu,-27.52917,-48.63367,6.0,0.0,0.0,Com Vítimas Feridas,Não,Reação tardia ou ineficiente do condutor,Queda de ocupante de veículo,Pleno dia,Céu Claro,Múltipla,Reta,Sim,Crescente
748138,2026-01-26,segunda-feira,13:30:00,MT,163.0,931,itauba,-11.049058,-55.271404,0.0,9.0,0.0,Com Vítimas Feridas,Não,Transitar na contramão,Tombamento,Pleno dia,Céu Claro,Simples,Reta,Não,Decrescente
748139,2026-01-26,segunda-feira,15:30:00,PR,369.0,38,andira,-23.052542,-50.240376,0.0,4.0,0.0,Com Vítimas Feridas,Sim,Velocidade Incompatível,Capotamento,Pleno dia,Céu Claro,Simples,Reta;Aclive,Sim,Crescente
748140,2026-01-26,segunda-feira,13:40:00,PR,277.0,3,paranagua,-25.543156,-48.540165,1.0,0.0,0.0,Com Vítimas Feridas,Sim,Ausência de reação do condutor,Colisão transversal,Pleno dia,Céu Claro,Dupla,Reta;Interseção de Vias,Sim,Crescente
748141,2026-01-26,segunda-feira,12:20:00,MG,381.0,361,sao goncalo do rio abaixo,-19.856125,-43.241585,2.0,0.0,0.0,Com Vítimas Feridas,Não,Velocidade Incompatível,Queda de ocupante de veículo,Pleno dia,Céu Claro,Simples,Curva;Declive,Não,Crescente
748142,2026-01-26,segunda-feira,15:50:00,MG,365.0,753,ituiutaba,-18.96623,-49.489845,1.0,1.0,0.0,Com Vítimas Feridas,Sim,Conversão proibida,Colisão transversal,Pleno dia,Céu Claro,Simples,Reta;Declive,Sim,Decrescente
748143,2026-01-26,segunda-feira,14:30:00,TO,153.0,288,presidente kennedy,-8.428933,-48.482426,0.0,0.0,0.0,Sem Vítimas,Sim,Demais falhas mecânicas ou elétricas,Incêndio,Pleno dia,Nublado,Simples,Declive;Reta,Não,Crescente
748144,2026-01-26,segunda-feira,15:35:00,PE,101.0,119,escada,-8.353082,-35.170483,6.0,3.0,0.0,Com Vítimas Feridas,Não,Velocidade Incompatível,Colisão traseira,Pleno dia,Céu Claro,Dupla,Reta,Não,Decrescente
748145,2026-01-26,segunda-feira,10:45:00,MG,116.0,515,ubaporanga,-19.691612,-42.116985,6.0,0.0,0.0,Com Vítimas Feridas,Não,Ausência de reação do condutor,Queda de ocupante de veículo,Pleno dia,Céu Claro,Simples,Curva,Não,Crescente
748146,2026-01-25,domingo,14:00:00,SC,280.0,305,porto uniao,-26.265251,-51.060955,0.0,0.0,0.0,Sem Vítimas,Sim,Ingestão de álcool pelo condutor,Colisão traseira,Pleno dia,Céu Claro,Simples,Reta,Sim,Decrescente
748147,2026-01-26,segunda-feira,15:17:00,PE,101.0,"67,7",recife,-8.048813,-34.945625,3.0,0.0,0.0,Com Vítimas Feridas,Sim,Ausência de reação do condutor,Queda de ocupante de veículo,Pleno dia,Céu Claro,Dupla,Reta,Sim,Crescente
748148,2026-01-26,segunda-feira,13:49:00,MG,365.0,705,monte alegre de minas,-18.87976,-49.04805,2.0,0.0,0.0,Com Vítimas Feridas,Sim,Velocidade Incompatível,Capotamento,Pleno dia,Chuva,Dupla,Reta;Declive,Não,Crescente
748150,2026-01-26,segunda-feira,16:20:00,DF,20.0,6,brasilia,-15.664827,-47.805374,0.0,40.0,0.0,Com Vítimas Feridas,Não,Velocidade Incompatível,Colisão com objeto,Pleno dia,Céu Claro,Dupla,Aclive,Sim,Crescente
748153,2026-01-26,segunda-feira,17:00:00,CE,116.0,"34,1",aquiraz,-4.0456595,-38.507668,0.0,0.0,0.0,Sem Vítimas,Sim,Condutor deixou de manter distância do veículo da frente,Colisão traseira,Pleno dia,Céu Claro,Dupla,Reta,Sim,Decrescente
748154,2026-01-26,segunda-feira,12:00:00,SP,116.0,162,jacarei,-23.280632,-45.982815,1.0,0.0,0.0,Com Vítimas Feridas,Sim,Reação tardia ou ineficiente do condutor,Colisão lateral mesmo sentido,Pleno dia,Sol,Dupla,Reta,Não,Decrescente
748155,2026-01-26,segunda-feira,12:20:00,BA,101.0,"940,2",mucuri,-18.055866,-39.873253,0.0,0.0,0.0,Sem Vítimas,Não,Reação tardia ou ineficiente do condutor,Saída de leito carroçável,Pleno dia,Céu Claro,Simples,Reta,Não,Crescente
748156,2026-01-26,segunda-feira,12:00:00,BA,101.0,"871,8",teixeira de freitas,-17.501328,-39.70216,6.0,0.0,0.0,Com Vítimas Feridas,Não,Acumulo de areia ou detritos sobre o pavimento,Colisão traseira,Pleno dia,Céu Claro,Simples,Curva;Declive,Não,Decrescente
748157,2026-01-26,segunda-feira,15:00:00,MG,381.0,498,betim,-19.992252,-44.20757,6.0,0.0,0.0,Com Vítimas Feridas,Não,Manobra de mudança de faixa,Queda de ocupante de veículo,Pleno dia,Nublado,Múltipla,Reta,Não,Crescente
748158,2026-01-26,segunda-feira,11:00:00,AP,156.0,767,oiapoque,3.579218,-51.782696,0.0,0.0,0.0,Sem Vítimas,Não,Velocidade Incompatível,Colisão com objeto,Pleno dia,Nublado,Simples,Curva;Declive,Não,Decrescente
748160,2026-01-26,segunda-feira,17:00:00,SE,235.0,8,nossa senhora do socorro,-10.884093,-37.13422,1.0,0.0,0.0,Com Vítimas Feridas,Sim,Velocidade Incompatível,Tombamento,Pleno dia,Céu Claro,Simples,Viaduto;Curva;Declive,Não,Crescente
748161,2026-01-26,segunda-feira,14:50:00,MG,40.0,"586,7",itabirito,-20.34859,-43.92244,3.0,0.0,0.0,Com Vítimas Feridas,Sim,Velocidade Incompatível,Capotamento,Pleno dia,Nublado,Simples,Curva,Não,Crescente
748162,2026-01-26,segunda-feira,16:30:00,GO,70.0,312,jussara,-15.870435,-50.810497,0.0,0.0,0.0,Sem Vítimas,Sim,Demais falhas mecânicas ou elétricas,Incêndio,Pleno dia,Céu Claro,Simples,Reta,Não,Crescente
748163,2026-01-26,segunda-feira,10:43:00,PI,343.0,"4,3",teresina,-5.080145,-42.788376,3.0,0.0,0.0,Com Vítimas Feridas,Sim,Reação tardia ou ineficiente do condutor,Colisão traseira,Pleno dia,Sol,Dupla,Reta,Sim,Crescente
748164,2026-01-26,segunda-feira,17:00:00,RJ,40.0,"73,8",petropolis,-22.472078,-43.223076,2.0,0.0,0.0,Com Vítimas Feridas,Sim,Reação tardia ou ineficiente do condutor,Colisão lateral mesmo sentido,Pleno dia,Nublado,Simples,Curva;Interseção de Vias,Sim,Crescente
748165,2026-01-26,segunda-feira,11:25:00,SC,101.0,"81,6",barra velha,-26.645004,-48.68766,2.0,0.0,0.0,Com Vítimas Feridas,Sim,Condutor Dormindo,Colisão traseira,Pleno dia,Céu Claro,Simples,Reta,Não,Decrescente
748166,2026-01-26,segunda-feira,17:08:00,RJ,356.0,"174,4",sao joao da barra,-21.718061,-41.057404,0.0,3.0,0.0,Com Vítimas Feridas,Sim,Reação tardia ou ineficiente do condutor,Queda de ocupante de veículo,Pleno dia,Céu Claro,Simples,Interseção de Vias;Curva,Não,Crescente
748167,2026-01-26,segunda-feira,12:50:00,MG,365.0,445,guimarania,-18.81002,-46.76996,0.0,0.0,0.0,Sem Vítimas,Sim,Reação tardia ou ineficiente do condutor,Tombamento,Pleno dia,Céu Claro,Dupla,Aclive,Não,Decrescente
748168,2026-01-22,quinta-feira,16:00:00,MT,70.0,124,general carneiro,-15.598798,-53.11914,0.0,0.0,0.0,Sem Vítimas,Sim,Ausência de reação do condutor,Tombamento,Pleno dia,Céu Claro,Simples,Curva,Não,Decrescente
748170,2026-01-26,segunda-feira,13:20:00,SC,280.0,"11,8",sao francisco do sul,-26.311165,-48.643635,5.0,0.0,0.0,Com Vítimas Feridas,Sim,Ultrapassagem Indevida,Tombamento,Pleno dia,Céu Claro,Simples,Reta;Declive,Não,Crescente
748172,2026-01-26,segunda-feira,16:05:00,SC,101.0,"107,2",penha,-26.81843,-48.68341,0.0,0.0,0.0,Sem Vítimas,Sim,Mal súbito do condutor,Colisão lateral mesmo sentido,Pleno dia,Céu Claro,Dupla,Curva,Sim,Decrescente
748173,2026-01-26,segunda-feira,06:21:00,RJ,101.0,308,sao goncalo,-22.7938,-43.028942,2.0,0.0,0.0,Com Vítimas Feridas,Sim,Ausência de reação do condutor,Colisão lateral mesmo sentido,Pleno dia,Céu Claro,Dupla,Reta,Sim,Crescente
748174,2026-01-26,segunda-feira,17:17:00,SC,470.0,63,indaial,-26.872166,-49.192677,2.0,0.0,0.0,Com Vítimas Feridas,Sim,Conversão proibida,Colisão transversal,Pleno dia,Nublado,Simples,Reta,Sim,Crescente
748175,2026-01-26,segunda-feira,16:15:00,SP,116.0,202,aruja,-23.409416,-46.341682,1.0,0.0,0.0,Com Vítimas Feridas,Sim,Ausência de reação do condutor,Saída de leito carroçável,Pleno dia,Nublado,Dupla,Reta,Não,Decrescente
748176,2026-01-26,segunda-feira,16:04:00,RN,226.0,"4,5",natal,-5.819468,-35.264915,0.0,0.0,1.0,Com Vítimas Fatais,Sim,Pedestre cruzava a pista fora da faixa,Atropelamento de Pedestre,Pleno dia,Céu Claro,Simples,Reta,Sim,Crescente
748177,2026-01-26,segunda-feira,17:00:00,BA,135.0,150,riachao das neves,-11.96248,-44.91366,4.0,0.0,0.0,Com Vítimas Feridas,Não,Velocidade Incompatível,Saída de leito carroçável,Anoitecer,Céu Claro,Simples,Curva,Não,Crescente
748178,2026-01-26,segunda-feira,15:10:00,MG,116.0,"702,1",muriae,-21.124,-42.381,1.0,0.0,0.0,Com Vítimas Feridas,Sim,Condutor deixou de manter distância do veículo da frente,Engavetamento,Pleno dia,Nublado,Simples,Reta,Sim,Crescente
748179,2026-01-26,segunda-feira,11:31:00,RO,364.0,424,jaru,-10.439823,-62.46924,0.0,1.0,0.0,Com Vítimas Feridas,Sim,Acessar a via sem observar a presença dos outros veículos,Colisão transversal,Pleno dia,Céu Claro,Simples,Reta,Sim,Crescente
748180,2026-01-26,segunda-feira,17:59:00,PE,101.0,"68,5",recife,-8.05482,-34.94632,3.0,3.0,0.0,Com Vítimas Feridas,Sim,Manobra de mudança de faixa,Queda de ocupante de veículo,Pleno dia,Céu Claro,Dupla,Reta,Sim,Decrescente
748181,2026-01-26,segunda-feira,15:45:00,GO,153.0,412,anapolis,-16.130415,-49.046776,30.0,0.0,0.0,Com Vítimas Feridas,Não,Chuva,Tombamento,Pleno dia,Chuva,Simples,Reta,Não,Crescente
748182,2026-01-26,segunda-feira,15:00:00,MA,316.0,248,bom jardim,-3.64206,-45.49039,0.0,1.0,0.0,Com Vítimas Feridas,Sim,Demais falhas mecânicas ou elétricas,Incêndio,Pleno dia,Nublado,Simples,Reta,Não,Decrescente
748183,2026-01-26,segunda-feira,17:05:00,MT,364.0,563,nobres,-14.715867,-56.322956,1.0,0.0,0.0,Com Vítimas Feridas,Sim,Ausência de reação do condutor,Colisão traseira,Pleno dia,Céu Claro,Simples,Viaduto,Sim,Crescente
748184,2026-01-26,segunda-feira,18:15:00,SC,101.0,197,biguacu,-27.51891,-48.63823,10.0,0.0,0.0,Com Vítimas Feridas,Sim,Reação tardia ou ineficiente do condutor,Queda de ocupante de veículo,Pleno dia,Céu Claro,Dupla,Reta,Sim,Crescente