id,data_inversa,dia_semana,horario,uf,br,km,municipio,latitude,longitude,feridos_leves,feridos_graves,mortos,classificacao_acidente,causa_principal,causa_acidente,tipo_acidente,fase_dia,condicao_metereologica,tipo_pista,tracado_via,uso_solo,sentido_via
748410,2026-01-27,terça-feira,22:35:00,MG,381.0,147,governador valadares,-18.847506,-41.983044,0.0,0.0,0.0,Sem Vítimas,Sim,Animais na Pista,Atropelamento de Animal,Plena Noite,Nublado,Simples,Curva,Não,Decrescente
748411,2026-01-27,terça-feira,21:45:00,MG,116.0,"496,9",inhapim,-19.53735,-42.126472,1.0,0.0,0.0,Com Vítimas Feridas,Sim,Animais na Pista,Atropelamento de Animal,Plena Noite,Céu Claro,Simples,Reta,Sim,Decrescente
748412,2026-01-27,terça-feira,22:01:00,BA,101.0,"83,3",eunapolis,-16.373201,-39.573166,1.0,0.0,0.0,Com Vítimas Feridas,Sim,Entrada inopinada do pedestre,Atropelamento de Pedestre,Plena Noite,Céu Claro,Simples,Reta,Sim,Decrescente
748413,2026-01-27,terça-feira,23:05:00,PR,369.0,160,cambe,-23.284096,-51.258465,0.0,0.0,3.0,Com Vítimas Fatais,Sim,Transitar no Acostamento,Queda de ocupante de veículo,Plena Noite,Céu Claro,Simples,Reta,Não,Crescente
748414,2026-01-27,terça-feira,21:12:00,MT,163.0,607,nova mutum,-13.740266,-56.050163,0.0,24.0,0.0,Com Vítimas Feridas,Não,Deficiência do Sistema de Iluminação/Sinalização,Queda de ocupante de veículo,Plena Noite,Chuva,Dupla,Reta,Não,Crescente
748415,2026-01-27,terça-feira,23:29:00,MS,359.0,212,coxim,-18.476,-54.582,3.0,0.0,0.0,Com Vítimas Feridas,Sim,Ausência de reação do condutor,Saída de leito carroçável,Plena Noite,Garoa/Chuvisco,Simples,Reta,Não,Crescente
748416,2026-01-28,quarta-feira,01:00:00,RS,293.0,198,hulha negra,-31.325386,-53.985558,2.0,0.0,0.0,Com Vítimas Feridas,Sim,Condutor Dormindo,Capotamento,Plena Noite,Nublado,Simples,Reta,Não,Decrescente
748417,2026-01-28,quarta-feira,01:45:00,SP,116.0,122,cacapava,-23.083773,-45.66418,0.0,3.0,0.0,Com Vítimas Feridas,Não,Velocidade Incompatível,Colisão traseira,Plena Noite,Céu Claro,Dupla,Reta,Não,Decrescente
748418,2026-01-28,quarta-feira,04:04:00,SP,116.0,199,aruja,-23.402033,-46.31345,6.0,0.0,0.0,Com Vítimas Feridas,Sim,Ausência de reação do condutor,Incêndio,Plena Noite,Vento,Dupla,Aclive;Reta,Sim,Crescente
748419,2026-01-28,quarta-feira,01:15:00,PR,277.0,"410,9",candoi,-25.427,-52.0116,0.0,0.0,8.0,Com Vítimas Fatais,Sim,Ultrapassagem Indevida,Queda de ocupante de veículo,Plena Noite,Céu Claro,Simples,Reta;Declive,Não,Decrescente
748420,2026-01-27,terça-feira,19:00:00,SC,282.0,567,nova erechim,-26.896135,-52.918774,1.0,0.0,0.0,Com Vítimas Feridas,Sim,Ingestão de álcool pelo condutor,Colisão transversal,Anoitecer,Céu Claro,Simples,Interseção de Vias,Sim,Crescente
748421,2026-01-28,quarta-feira,06:20:00,ES,101.0,293,cariacica,-20.320398,-40.396286,0.0,2.0,0.0,Com Vítimas Feridas,Não,Velocidade Incompatível,Queda de ocupante de veículo,Pleno dia,Céu Claro,Dupla,Curva,Sim,Crescente
748422,2026-01-28,quarta-feira,05:25:00,TO,153.0,498,paraiso do tocantins,-10.186802,-48.880047,0.0,5.0,0.0,Com Vítimas Feridas,Não,Ausência de reação do condutor,Colisão traseira,Amanhecer,Chuva,Simples,Reta,Sim,Decrescente
748423,2026-01-28,quarta-feira,06:35:00,SP,381.0,6,vargem,-22.90569,-46.422565,1.0,0.0,0.0,Com Vítimas Feridas,Sim,Manobra de mudança de faixa,Tombamento,Pleno dia,Garoa/Chuvisco,Dupla,Reta,Não,Decrescente
748425,2026-01-27,terça-feira,15:10:00,PR,153.0,"519,1",general carneiro,-26.59207,-51.45449,0.0,3.0,0.0,Com Vítimas Feridas,Sim,Condutor Dormindo,Tombamento,Pleno dia,Sol,Simples,Curva,Não,Crescente
748426,2026-01-28,quarta-feira,03:30:00,MA,135.0,"34,4",bacabeira,-2.845945,-44.374577,0.0,0.0,0.0,Sem Vítimas,Não,Animais na Pista,Capotamento,Plena Noite,Nublado,Dupla,Reta,Não,Decrescente
748428,2026-01-28,quarta-feira,06:44:00,PE,101.0,"68,2",recife,-8.05204,-34.94616,2.0,0.0,0.0,Com Vítimas Feridas,Sim,Manobra de mudança de faixa,Colisão lateral mesmo sentido,Pleno dia,Nublado,Dupla,Viaduto,Sim,Decrescente
748429,2026-01-28,quarta-feira,06:35:00,SC,101.0,207,sao jose,-27.599037,-48.62373,9.0,0.0,0.0,Com Vítimas Feridas,Não,Falta de acostamento,Queda de ocupante de veículo,Pleno dia,Céu Claro,Múltipla,Aclive;Curva,Sim,Crescente
748430,2026-01-28,quarta-feira,05:50:00,RS,116.0,"64,2",campestre da serra,-28.67244,-51.06388,2.0,0.0,0.0,Com Vítimas Feridas,Sim,Transitar na contramão,Saída de leito carroçável,Amanhecer,Céu Claro,Simples,Declive;Curva,Não,Crescente
748431,2026-01-28,quarta-feira,02:30:00,MT,70.0,121,general carneiro,-15.609117,-53.098362,2.0,0.0,0.0,Com Vítimas Feridas,Sim,Reação tardia ou ineficiente do condutor,Saída de leito carroçável,Plena Noite,Céu Claro,Simples,Reta,Não,Crescente
748432,2026-01-28,quarta-feira,07:25:00,RJ,101.0,322,niteroi,-22.87922,-43.111553,1.0,0.0,0.0,Com Vítimas Feridas,Sim,Acumulo de óleo sobre o pavimento,Queda de ocupante de veículo,Pleno dia,Céu Claro,Dupla,Curva,Sim,Decrescente
748433,2026-01-28,quarta-feira,05:45:00,PR,153.0,"30,6",santo antonio da platina,-23.223541,-50.02182,0.0,3.0,0.0,Com Vítimas Feridas,Não,Transitar na contramão,Colisão frontal,Amanhecer,Céu Claro,Simples,Reta,Não,Decrescente
748434,2026-01-28,quarta-feira,06:50:00,SP,116.0,"86,4",pindamonhangaba,-22.925364,-45.352024,0.0,0.0,0.0,Sem Vítimas,Sim,Demais falhas mecânicas ou elétricas,Incêndio,Amanhecer,Nublado,Dupla,Reta,Sim,Decrescente
748435,2026-01-28,quarta-feira,06:00:00,SE,101.0,"136,5",estancia,-11.143037,-37.400623,0.0,0.0,0.0,Sem Vítimas,Sim,Velocidade Incompatível,Capotamento,Pleno dia,Céu Claro,Dupla,Curva,Não,Decrescente
748436,2026-01-28,quarta-feira,06:55:00,PE,232.0,"10,1",jaboatao dos guararapes,-8.07944,-34.988007,1.0,0.0,0.0,Com Vítimas Feridas,Sim,Condutor deixou de manter distância do veículo da frente,Colisão traseira,Pleno dia,Nublado,Dupla,Reta;Declive,Sim,Decrescente
748437,2026-01-28,quarta-feira,07:40:00,PB,230.0,12,cabedelo,-7.073935,-34.849792,2.0,0.0,0.0,Com Vítimas Feridas,Sim,Demais falhas mecânicas ou elétricas,Tombamento,Pleno dia,Sol,Simples,Reta,Sim,Crescente
748438,2026-01-28,quarta-feira,07:50:00,PE,101.0,52,abreu e lima,-7.924613,-34.896866,2.0,0.0,0.0,Com Vítimas Feridas,Não,Pista Escorregadia,Queda de ocupante de veículo,Pleno dia,Chuva,Dupla,Reta,Sim,Crescente
748439,2026-01-28,quarta-feira,06:10:00,MG,364.0,"4,9",planura,-20.130121,-48.70873,0.0,0.0,0.0,Sem Vítimas,Sim,Demais falhas mecânicas ou elétricas,Incêndio,Pleno dia,Nublado,Simples,Reta,Sim,Decrescente
748440,2026-01-28,quarta-feira,08:07:00,SP,116.0,280,embu das artes,-23.6458,-46.84112,18.0,0.0,0.0,Com Vítimas Feridas,Não,Reação tardia ou ineficiente do condutor,Queda de ocupante de veículo,Pleno dia,Céu Claro,Dupla,Reta,Sim,Decrescente
748441,2026-01-28,quarta-feira,07:50:00,PR,277.0,77,sao jose dos pinhais,-25.484655,-49.188087,6.0,0.0,0.0,Com Vítimas Feridas,Não,Manobra de mudança de faixa,Queda de ocupante de veículo,Amanhecer,Céu Claro,Dupla,Reta,Sim,Crescente
748442,2026-01-28,quarta-feira,07:30:00,DF,20.0,"8,2",brasilia,-15.656755,-47.788525,1.0,0.0,0.0,Com Vítimas Feridas,Sim,Pedestre cruzava a pista fora da faixa,Atropelamento de Pedestre,Pleno dia,Céu Claro,Dupla,Declive;Reta,Sim,Decrescente
748445,2026-01-28,quarta-feira,08:10:00,SP,101.0,"44,9",ubatuba,-23.413946,-45.067734,1.0,0.0,0.0,Com Vítimas Feridas,Sim,Conversão proibida,Colisão transversal,Pleno dia,Sol,Simples,Interseção de Vias;Curva,Sim,Crescente
748446,2026-01-28,quarta-feira,07:30:00,PR,277.0,285,prudentopolis,-25.31988,-50.969353,4.0,0.0,0.0,Com Vítimas Feridas,Sim,Acessar a via sem observar a presença dos outros veículos,Saída de leito carroçável,Pleno dia,Céu Claro,Simples,Reta;Retorno Regulamentado,Sim,Decrescente
748447,2026-01-28,quarta-feira,08:22:00,PE,101.0,49,abreu e lima,-7.905107,-34.902348,3.0,0.0,0.0,Com Vítimas Feridas,Sim,Reação tardia ou ineficiente do condutor,Queda de ocupante de veículo,Pleno dia,Céu Claro,Múltipla,Interseção de Vias,Sim,Crescente
748448,2026-01-28,quarta-feira,07:50:00,PR,376.0,"668,4",guaratuba,-25.869682,-48.934906,1.0,0.0,0.0,Com Vítimas Feridas,Sim,Reação tardia ou ineficiente do condutor,Colisão traseira,Pleno dia,Céu Claro,Dupla,Declive,Não,Crescente
748449,2026-01-28,quarta-feira,08:50:00,SC,282.0,"4,7",sao jose,-27.590395,-48.608814,1.0,0.0,0.0,Com Vítimas Feridas,Sim,Condutor deixou de manter distância do veículo da frente,Colisão traseira,Pleno dia,Céu Claro,Múltipla,Reta,Sim,Decrescente
748450,2026-01-28,quarta-feira,09:05:00,SC,101.0,147,itapema,-27.089054,-48.612717,1.0,0.0,0.0,Com Vítimas Feridas,Sim,Acessar a via sem observar a presença dos outros veículos,Colisão lateral mesmo sentido,Pleno dia,Sol,Dupla,Interseção de Vias,Sim,Decrescente
748451,2026-01-28,quarta-feira,08:30:00,PB,405.0,47,sao joao do rio do peixe,-6.833972,-38.39941,0.0,3.0,0.0,Com Vítimas Feridas,Sim,Conversão proibida,Queda de ocupante de veículo,Pleno dia,Céu Claro,Simples,Curva,Não,Decrescente
748452,2026-01-28,quarta-feira,08:00:00,MS,163.0,486,campo grande,-20.432964,-54.543842,3.0,0.0,0.0,Com Vítimas Feridas,Sim,Desrespeitar a preferência no cruzamento,Saída de leito carroçável,Pleno dia,Céu Claro,Simples,Reta,Não,Crescente
748453,2026-01-28,quarta-feira,09:10:00,PE,101.0,58,recife,-7.974392,-34.921772,0.0,0.0,0.0,Sem Vítimas,Sim,Demais falhas mecânicas ou elétricas,Colisão com objeto,Pleno dia,Céu Claro,Dupla,Curva;Declive,Não,Crescente
748454,2026-01-28,quarta-feira,09:44:00,DF,70.0,15,brasilia,-15.797048,-48.190857,0.0,0.0,0.0,Sem Vítimas,Não,Reação tardia ou ineficiente do condutor,Tombamento,Pleno dia,Céu Claro,Dupla,Reta;Declive,Sim,Crescente
748455,2026-01-28,quarta-feira,08:20:00,BA,101.0,750,itabela,-16.59172,-39.554226,0.0,1.0,0.0,Com Vítimas Feridas,Sim,Ausência de reação do condutor,Queda de ocupante de veículo,Pleno dia,Céu Claro,Simples,Curva,Não,Crescente
748456,2026-01-28,quarta-feira,08:50:00,SP,381.0,"89,6",guarulhos,-23.491774,-46.559563,1.0,0.0,0.0,Com Vítimas Feridas,Sim,Ausência de reação do condutor,Colisão lateral mesmo sentido,Pleno dia,Céu Claro,Dupla,Reta,Sim,Crescente
748457,2026-01-24,sábado,15:00:00,PE,232.0,"112,8",bezerros,-8.299821,-35.843765,0.0,1.0,0.0,Com Vítimas Feridas,Sim,Demais falhas mecânicas ou elétricas,Queda de ocupante de veículo,Pleno dia,Céu Claro,Dupla,Reta,Sim,Crescente
748458,2026-01-28,quarta-feira,08:10:00,RS,153.0,"47,6",erechim,-27.637445,-52.23994,2.0,0.0,0.0,Com Vítimas Feridas,Sim,Demais falhas mecânicas ou elétricas,Queda de ocupante de veículo,Pleno dia,Céu Claro,Simples,Reta,Sim,Crescente
748459,2026-01-28,quarta-feira,09:30:00,MG,381.0,490,betim,-19.956844,-44.150463,4.0,0.0,0.0,Com Vítimas Feridas,Não,Condutor deixou de manter distância do veículo da frente,Colisão traseira,Pleno dia,Céu Claro,Dupla,Aclive;Reta,Não,Decrescente
748460,2026-01-28,quarta-feira,09:36:00,PE,101.0,21,goiana,-7.6722846,-34.929817,8.0,0.0,0.0,Com Vítimas Feridas,Não,Condutor Dormindo,Saída de leito carroçável,Pleno dia,Céu Claro,Dupla,Reta,Não,Crescente
748461,2026-01-28,quarta-feira,07:30:00,SC,280.0,"29,5",araquari,-26.413239,-48.757713,0.0,3.0,0.0,Com Vítimas Feridas,Sim,Desrespeitar a preferência no cruzamento,Queda de ocupante de veículo,Pleno dia,Céu Claro,Simples,Reta,Não,Decrescente
748464,2026-01-28,quarta-feira,08:00:00,MG,153.0,90,prata,-19.149403,-48.96237,0.0,0.0,0.0,Sem Vítimas,Sim,Demais falhas mecânicas ou elétricas,Incêndio,Pleno dia,Céu Claro,Dupla,Aclive,Não,Crescente
748466,2026-01-28,quarta-feira,10:15:00,SC,280.0,"133,1",rio negrinho,-26.268305,-49.554043,4.0,0.0,0.0,Com Vítimas Feridas,Não,Acumulo de areia ou detritos sobre o pavimento,Queda de ocupante de veículo,Pleno dia,Sol,Simples,Rotatória,Sim,Decrescente
748467,2026-01-28,quarta-feira,10:10:00,GO,153.0,425,anapolis,-16.237865,-49.00449,2.0,0.0,0.0,Com Vítimas Feridas,Sim,Demais falhas mecânicas ou elétricas,Queda de ocupante de veículo,Pleno dia,Céu Claro,Dupla,Reta,Não,Crescente
748469,2026-01-28,quarta-feira,10:30:00,PB,230.0,"156,7",campina grande,-7.268188,-35.915375,6.0,0.0,0.0,Com Vítimas Feridas,Sim,Acessar a via sem observar a presença dos outros veículos,Queda de ocupante de veículo,Pleno dia,Sol,Simples,Reta;Interseção de Vias,Sim,Decrescente
748470,2026-01-28,quarta-feira,10:15:00,PE,101.0,51,paulista,-7.919279,-34.894745,6.0,0.0,0.0,Com Vítimas Feridas,Não,Ausência de sinalização,Queda de ocupante de veículo,Pleno dia,Nublado,Múltipla,Curva,Sim,Crescente
748471,2026-01-28,quarta-feira,06:43:00,RJ,101.0,58,campos dos goytacazes,-21.70792,-41.309113,0.0,0.0,2.0,Com Vítimas Fatais,Não,Ausência de reação do condutor,Colisão transversal,Pleno dia,Céu Claro,Simples,Reta;Interseção de Vias,Sim,Crescente
748473,2026-01-28,quarta-feira,07:40:00,RO,364.0,426,jaru,-10.431403,-62.481407,2.0,0.0,0.0,Com Vítimas Feridas,Não,Velocidade Incompatível,Colisão traseira,Pleno dia,Céu Claro,Dupla,Retorno Regulamentado,Sim,Decrescente
748474,2026-01-28,quarta-feira,11:25:00,MG,40.0,272,sao goncalo do abaete,-18.18678,-45.256,2.0,0.0,0.0,Com Vítimas Feridas,Sim,Acessar a via sem observar a presença dos outros veículos,Colisão frontal,Pleno dia,Sol,Simples,Reta;Em Obras,Não,Crescente
748475,2026-01-28,quarta-feira,10:00:00,PE,232.0,20,moreno,-8.095425,-35.07308,1.0,0.0,0.0,Com Vítimas Feridas,Sim,Acumulo de água sobre o pavimento,Saída de leito carroçável,Pleno dia,Chuva,Dupla,Reta,Não,Crescente
748476,2026-01-28,quarta-feira,10:10:00,MS,163.0,270,dourados,-22.196335,-54.694572,2.0,0.0,0.0,Com Vítimas Feridas,Sim,Reação tardia ou ineficiente do condutor,Queda de ocupante de veículo,Pleno dia,Céu Claro,Dupla,Reta,Não,Decrescente
748477,2026-01-28,quarta-feira,08:33:00,MT,163.0,899,claudia,-11.319431,-55.32615,2.0,0.0,0.0,Com Vítimas Feridas,Não,Condutor deixou de manter distância do veículo da frente,Colisão com objeto,Pleno dia,Céu Claro,Simples,Reta,Não,Decrescente
748478,2026-01-28,quarta-feira,11:20:00,ES,101.0,290,cariacica,-20.292614,-40.392185,1.0,0.0,0.0,Com Vítimas Feridas,Sim,Ausência de reação do condutor,Queda de ocupante de veículo,Pleno dia,Céu Claro,Dupla,Reta,Sim,Decrescente
748479,2026-01-28,quarta-feira,11:40:00,SP,116.0,441,registro,-24.470837,-47.823605,1.0,0.0,0.0,Com Vítimas Feridas,Sim,Ausência de reação do condutor,Colisão traseira,Pleno dia,Céu Claro,Dupla,Reta,Sim,Decrescente
748480,2026-01-28,quarta-feira,11:45:00,PR,277.0,5,paranagua,-25.559652,-48.5781,9.0,0.0,0.0,Com Vítimas Feridas,Sim,Avarias e/ou desgaste excessivo no pneu,Queda de ocupante de veículo,Pleno dia,Sol,Dupla,Reta,Não,Decrescente
748481,2026-01-28,quarta-feira,10:10:00,MG,40.0,628,conselheiro lafaiete,-20.748981,-43.801,0.0,1.0,0.0,Com Vítimas Feridas,Sim,Condutor deixou de manter distância do veículo da frente,Colisão lateral mesmo sentido,Pleno dia,Céu Claro,Simples,Reta,Não,Crescente
748482,2026-01-28,quarta-feira,12:00:00,RS,285.0,598,santo antonio das missoes,-28.489056,-55.25105,2.0,0.0,0.0,Com Vítimas Feridas,Sim,Acessar a via sem observar a presença dos outros veículos,Colisão transversal,Pleno dia,Céu Claro,Simples,Reta,Não,Decrescente
748483,2026-01-28,quarta-feira,11:50:00,PE,101.0,68,recife,-8.054252,-34.946423,1.0,0.0,0.0,Com Vítimas Feridas,Sim,Ausência de reação do condutor,Colisão traseira,Pleno dia,Céu Claro,Dupla,Reta,Sim,Crescente
748484,2026-01-28,quarta-feira,12:25:00,SC,101.0,177,governador celso ramos,-27.351423,-48.632458,0.0,4.0,0.0,Com Vítimas Feridas,Não,Manobra de mudança de faixa,Queda de ocupante de veículo,Pleno dia,Céu Claro,Múltipla,Curva;Interseção de Vias,Não,Crescente
748486,2026-01-28,quarta-feira,12:00:00,RS,116.0,"245,8",sao leopoldo,-29.755333,-51.151867,1.0,0.0,0.0,Com Vítimas Feridas,Sim,Manobra de mudança de faixa,Colisão lateral mesmo sentido,Pleno dia,Céu Claro,Múltipla,Reta,Sim,Crescente
748488,2026-01-28,quarta-feira,09:45:00,MT,70.0,284,primavera do leste,-15.577908,-54.365387,0.0,1.0,0.0,Com Vítimas Feridas,Sim,Condutor deixou de manter distância do veículo da frente,Colisão traseira,Pleno dia,Céu Claro,Simples,Reta,Não,Decrescente
748490,2026-01-28,quarta-feira,12:50:00,MG,262.0,353,betim,-19.977386,-44.256157,0.0,0.0,0.0,Sem Vítimas,Sim,Demais falhas mecânicas ou elétricas,Incêndio,Pleno dia,Céu Claro,Dupla,Reta,Não,Decrescente
748492,2026-01-28,quarta-feira,10:55:00,MG,116.0,277,teofilo otoni,-17.859968,-41.51515,18.0,0.0,0.0,Com Vítimas Feridas,Não,Entrada inopinada do pedestre,Queda de ocupante de veículo,Pleno dia,Céu Claro,Simples,Reta;Interseção de Vias,Sim,Decrescente
748494,2026-01-28,quarta-feira,11:50:00,SC,101.0,"38,8",joinville,-26.28943,-48.885807,2.0,0.0,0.0,Com Vítimas Feridas,Sim,Avarias e/ou desgaste excessivo no pneu,Tombamento,Pleno dia,Céu Claro,Múltipla,Reta;Declive;Viaduto,Sim,Crescente
748495,2026-01-28,quarta-feira,10:20:00,MG,116.0,"267,2",teofilo otoni,-17.780478,-41.500088,1.0,2.0,0.0,Com Vítimas Feridas,Sim,Velocidade Incompatível,Saída de leito carroçável,Pleno dia,Céu Claro,Simples,Curva;Declive,Não,Crescente
748496,2026-01-28,quarta-feira,13:40:00,SP,116.0,220,guarulhos,-23.470366,-46.51476,3.0,0.0,0.0,Com Vítimas Feridas,Sim,Reação tardia ou ineficiente do condutor,Queda de ocupante de veículo,Pleno dia,Nublado,Múltipla,Reta,Sim,Decrescente
748497,2026-01-28,quarta-feira,13:40:00,ES,101.0,4,iconha,-20.80877,-40.805748,1.0,0.0,0.0,Com Vítimas Feridas,Sim,Manobra de mudança de faixa,Colisão transversal,Pleno dia,Céu Claro,Dupla,Reta,Não,Decrescente
748498,2026-01-21,quarta-feira,14:00:00,GO,60.0,465,jatai,-17.893137,-51.66075,0.0,0.0,0.0,Sem Vítimas,Sim,Demais falhas mecânicas ou elétricas,Colisão com objeto,Pleno dia,Céu Claro,Dupla,Reta,Não,Crescente
748499,2026-01-28,quarta-feira,13:50:00,SP,116.0,"69,9",aparecida,-22.847202,-45.22731,1.0,0.0,0.0,Com Vítimas Feridas,Sim,Reação tardia ou ineficiente do condutor,Tombamento,Pleno dia,Sol,Dupla,Curva,Sim,Crescente
748500,2026-01-28,quarta-feira,10:30:00,BA,324.0,591,candeias,-12.695151,-38.464718,1.0,0.0,0.0,Com Vítimas Feridas,Sim,Ausência de reação do condutor,Colisão traseira,Pleno dia,Chuva,Dupla,Reta,Não,Crescente
748501,2026-01-17,sábado,03:00:00,PR,376.0,"176,3",maringa,-23.411163,-51.936676,0.0,0.0,0.0,Sem Vítimas,Não,Ausência de reação do condutor,Colisão traseira,Pleno dia,Céu Claro,Dupla,Reta;Interseção de Vias,Sim,Crescente
748502,2026-01-12,segunda-feira,09:00:00,GO,452.0,187,itumbiara,-18.396273,-49.295856,4.0,0.0,0.0,Com Vítimas Feridas,Sim,Condutor deixou de manter distância do veículo da frente,Capotamento,Pleno dia,Nublado,Dupla,Retorno Regulamentado,Sim,Crescente
748503,2026-01-28,quarta-feira,14:20:00,GO,60.0,"92,2",anapolis,-16.352318,-48.914528,8.0,0.0,0.0,Com Vítimas Feridas,Não,Sistema de drenagem ineficiente,Tombamento,Pleno dia,Chuva,Dupla,Curva,Sim,Decrescente
748504,2026-01-28,quarta-feira,13:00:00,PB,230.0,"19,2",joao pessoa,-7.130115,-34.85113,1.0,0.0,0.0,Com Vítimas Feridas,Sim,Ausência de reação do condutor,Engavetamento,Pleno dia,Céu Claro,Múltipla,Reta,Não,Crescente
748505,2026-01-28,quarta-feira,13:00:00,MG,365.0,597,uberlandia,-18.872223,-48.08534,0.0,1.0,0.0,Com Vítimas Feridas,Sim,Ausência de reação do condutor,Colisão frontal,Pleno dia,Nublado,Múltipla,Declive;Curva,Não,Crescente
748506,2026-01-28,quarta-feira,13:50:00,BA,324.0,541,amelia rodrigues,-12.396267,-38.76887,0.0,0.0,0.0,Sem Vítimas,Sim,Chuva,Colisão traseira,Pleno dia,Chuva,Dupla,Declive,Não,Decrescente
748507,2026-01-28,quarta-feira,12:30:00,SP,116.0,284,embu das artes,-23.680569,-46.858536,2.0,0.0,0.0,Com Vítimas Feridas,Sim,Avarias e/ou desgaste excessivo no pneu,Queda de ocupante de veículo,Pleno dia,Nublado,Dupla,Reta,Sim,Decrescente
748508,2026-01-28,quarta-feira,13:24:00,RO,364.0,"237,8",cacoal,-11.439183,-61.453785,3.0,0.0,0.0,Com Vítimas Feridas,Sim,Velocidade Incompatível,Colisão traseira,Pleno dia,Sol,Simples,Reta,Sim,Crescente
748509,2026-01-28,quarta-feira,14:15:00,SC,282.0,"22,6",santo amaro da imperatriz,-27.689716,-48.733574,0.0,1.0,0.0,Com Vítimas Feridas,Sim,Velocidade Incompatível,Atropelamento de Pedestre,Pleno dia,Céu Claro,Simples,Curva,Sim,Decrescente
748510,2026-01-28,quarta-feira,13:10:00,RJ,101.0,"523,5",angra dos reis,-22.999834,-44.473335,4.0,0.0,0.0,Com Vítimas Feridas,Sim,Manobra de mudança de faixa,Tombamento,Pleno dia,Nublado,Simples,Curva,Não,Decrescente
748511,2026-01-28,quarta-feira,12:00:00,RJ,40.0,104,duque de caxias,-22.630793,-43.28519,2.0,0.0,0.0,Com Vítimas Feridas,Não,Sinalização mal posicionada,Colisão traseira,Pleno dia,Céu Claro,Dupla,Reta;Em Obras,Sim,Crescente
748512,2026-01-28,quarta-feira,13:30:00,SE,101.0,183,umbauba,-11.383132,-37.666077,2.0,0.0,0.0,Com Vítimas Feridas,Não,Condutor Dormindo,Colisão lateral sentido oposto,Pleno dia,Céu Claro,Simples,Reta;Declive,Sim,Crescente
748513,2026-01-28,quarta-feira,15:00:00,ES,101.0,347,guarapari,-20.65688,-40.618687,0.0,1.0,0.0,Com Vítimas Feridas,Sim,Ausência de sinalização,Colisão traseira,Pleno dia,Céu Claro,Dupla,Reta,Não,Crescente
748514,2026-01-28,quarta-feira,15:00:00,RN,101.0,"83,4",natal,-5.772406,-35.262768,2.0,0.0,0.0,Com Vítimas Feridas,Sim,Condutor deixou de manter distância do veículo da frente,Tombamento,Pleno dia,Nublado,Dupla,Reta,Sim,Crescente
748515,2026-01-28,quarta-feira,10:00:00,CE,116.0,495,brejo santo,-7.428807,-38.970547,7.0,1.0,0.0,Com Vítimas Feridas,Sim,Reação tardia ou ineficiente do condutor,Engavetamento,Pleno dia,Céu Claro,Simples,Ponte;Reta;Em Obras,Não,Decrescente
748516,2026-01-28,quarta-feira,15:10:00,RN,304.0,"47,7",mossoro,-5.226585,-37.323303,6.0,0.0,0.0,Com Vítimas Feridas,Sim,Ingestão de álcool pelo condutor,Queda de ocupante de veículo,Pleno dia,Nublado,Dupla,Viaduto;Curva,Sim,Decrescente
748518,2026-01-28,quarta-feira,14:50:00,RJ,393.0,175,tres rios,-22.12506,-43.229736,3.0,0.0,0.0,Com Vítimas Feridas,Sim,Ausência de reação do condutor,Queda de ocupante de veículo,Pleno dia,Nublado,Simples,Reta,Sim,Crescente
748519,2026-01-28,quarta-feira,14:30:00,AL,101.0,138,sao miguel dos campos,-9.800679,-36.111732,1.0,0.0,0.0,Com Vítimas Feridas,Sim,Faixas de trânsito com largura insuficiente,Colisão lateral mesmo sentido,Pleno dia,Céu Claro,Simples,Reta;Em Obras,Sim,Crescente
748520,2026-01-28,quarta-feira,14:22:00,MT,364.0,277,jaciara,-15.95023,-55.001163,48.0,0.0,16.0,Com Vítimas Fatais,Não,Declive acentuado,Derramamento de carga,Pleno dia,Chuva,Simples,Declive,Sim,Decrescente
748521,2026-01-28,quarta-feira,13:20:00,RJ,101.0,320,niteroi,-22.878702,-43.11447,2.0,0.0,0.0,Com Vítimas Feridas,Sim,Reação tardia ou ineficiente do condutor,Queda de ocupante de veículo,Pleno dia,Céu Claro,Dupla,Curva,Sim,Crescente
748523,2026-01-28,quarta-feira,13:18:00,RO,364.0,"424,9",jaru,-10.436985,-62.4722,3.0,0.0,0.0,Com Vítimas Feridas,Sim,Condutor deixou de manter distância do veículo da frente,Queda de ocupante de veículo,Pleno dia,Céu Claro,Dupla,Reta;Aclive,Sim,Crescente
748524,2026-01-28,quarta-feira,16:00:00,GO,60.0,55,abadiania,-16.187,-48.663,3.0,0.0,0.0,Com Vítimas Feridas,Sim,Ausência de reação do condutor,Capotamento,Pleno dia,Nublado,Dupla,Curva;Declive,Não,Crescente
748525,2026-01-28,quarta-feira,16:30:00,PE,101.0,50,abreu e lima,-7.911717,-34.901093,9.0,0.0,0.0,Com Vítimas Feridas,Não,Pista Escorregadia,Colisão lateral mesmo sentido,Pleno dia,Garoa/Chuvisco,Múltipla,Reta,Sim,Crescente
748526,2026-01-28,quarta-feira,13:00:00,RO,364.0,33,vilhena,-12.520229,-60.411743,0.0,0.0,0.0,Sem Vítimas,Sim,Ultrapassagem Indevida,Incêndio,Pleno dia,Céu Claro,Simples,Reta,Não,Crescente