id,data_inversa,dia_semana,horario,uf,br,km,municipio,latitude,longitude,feridos_leves,feridos_graves,mortos,classificacao_acidente,causa_principal,causa_acidente,tipo_acidente,fase_dia,condicao_metereologica,tipo_pista,tracado_via,uso_solo,sentido_via
748527,2026-01-28,quarta-feira,15:30:00,BA,116.0,421,feira de santana,-12.218118,-38.966164,0.0,2.0,0.0,Com Vítimas Feridas,Sim,Ausência de reação do condutor,Queda de ocupante de veículo,Pleno dia,Nublado,Simples,Reta,Sim,Crescente
748528,2026-01-28,quarta-feira,13:30:00,CE,222.0,126,itapaje,-3.702528,-39.60979,2.0,0.0,0.0,Com Vítimas Feridas,Sim,Ultrapassagem Indevida,Tombamento,Pleno dia,Chuva,Simples,Reta;Declive,Não,Crescente
748529,2026-01-28,quarta-feira,16:00:00,PA,155.0,83,rio maria,-7.317288,-50.048088,9.0,0.0,0.0,Com Vítimas Feridas,Não,Ultrapassagem Indevida,Queda de ocupante de veículo,Pleno dia,Céu Claro,Simples,Interseção de Vias,Sim,Crescente
748530,2026-01-28,quarta-feira,16:10:00,RS,101.0,75,osorio,-29.794067,-50.231033,1.0,0.0,0.0,Com Vítimas Feridas,Sim,Demais falhas na via,Saída de leito carroçável,Pleno dia,Céu Claro,Dupla,Curva,Sim,Decrescente
748532,2026-01-28,quarta-feira,16:10:00,MG,381.0,493,betim,-19.960459,-44.157795,0.0,3.0,0.0,Com Vítimas Feridas,Não,Pista esburacada,Queda de ocupante de veículo,Pleno dia,Céu Claro,Múltipla,Reta,Não,Crescente
748533,2026-01-28,quarta-feira,15:30:00,MT,364.0,402,cuiaba,-15.650983,-55.99717,0.0,0.0,0.0,Sem Vítimas,Não,Acumulo de água sobre o pavimento,Colisão transversal,Pleno dia,Chuva,Dupla,Reta,Sim,Decrescente
748534,2026-01-28,quarta-feira,16:24:00,PE,232.0,82,gravata,-8.20217,-35.59396,0.0,6.0,0.0,Com Vítimas Feridas,Não,Reação tardia ou ineficiente do condutor,Tombamento,Pleno dia,Céu Claro,Dupla,Reta,Sim,Decrescente
748535,2026-01-28,quarta-feira,11:35:00,MT,158.0,"520,8",canarana,-13.693649,-52.018784,0.0,0.0,0.0,Sem Vítimas,Não,Velocidade Incompatível,Colisão lateral mesmo sentido,Pleno dia,Nublado,Simples,Reta;Declive,Não,Crescente
748538,2026-01-28,quarta-feira,09:30:00,BA,324.0,565,sao sebastiao do passe,-12.52575,-38.608833,1.0,0.0,0.0,Com Vítimas Feridas,Sim,Ausência de reação do condutor,Saída de leito carroçável,Pleno dia,Chuva,Dupla,Reta,Não,Crescente
748539,2026-01-28,quarta-feira,15:30:00,SC,101.0,95,barra velha,-26.71846,-48.702,2.0,0.0,0.0,Com Vítimas Feridas,Sim,Acessar a via sem observar a presença dos outros veículos,Colisão transversal,Pleno dia,Sol,Dupla,Interseção de Vias;Viaduto,Não,Decrescente
748540,2026-01-28,quarta-feira,17:10:00,BA,367.0,83,eunapolis,-16.374168,-39.577335,1.0,0.0,0.0,Com Vítimas Feridas,Sim,Acessar a via sem observar a presença dos outros veículos,Colisão transversal,Pleno dia,Céu Claro,Simples,Reta,Sim,Crescente
748541,2026-01-28,quarta-feira,14:15:00,PR,277.0,331,guarapuava,-25.3724,-51.3203,0.0,0.0,6.0,Com Vítimas Fatais,Não,Velocidade Incompatível,Colisão com objeto,Pleno dia,Céu Claro,Simples,Reta,Não,Crescente
748542,2026-01-28,quarta-feira,17:00:00,RS,392.0,"682,2",roque gonzales,-28.124485,-54.930737,6.0,0.0,0.0,Com Vítimas Feridas,Não,Avarias e/ou desgaste excessivo no pneu,Tombamento,Pleno dia,Chuva,Simples,Reta,Não,Crescente
748543,2026-01-28,quarta-feira,16:50:00,PR,476.0,189,lapa,-25.71794,-49.679653,6.0,0.0,0.0,Com Vítimas Feridas,Não,Reação tardia ou ineficiente do condutor,Queda de ocupante de veículo,Pleno dia,Céu Claro,Simples,Reta,Não,Crescente
748544,2026-01-28,quarta-feira,17:00:00,ES,101.0,"125,3",sooretama,-19.189602,-40.09503,0.0,6.0,0.0,Com Vítimas Feridas,Sim,Acessar a via sem observar a presença dos outros veículos,Queda de ocupante de veículo,Pleno dia,Céu Claro,Dupla,Reta,Sim,Crescente
748545,2026-01-28,quarta-feira,15:30:00,GO,60.0,389,rio verde,-17.824455,-50.958366,0.0,6.0,0.0,Com Vítimas Feridas,Não,Velocidade Incompatível,Queda de ocupante de veículo,Pleno dia,Céu Claro,Dupla,Reta,Sim,Crescente
748546,2026-01-28,quarta-feira,15:50:00,BA,116.0,575,brejoes,-13.083213,-39.9623,1.0,0.0,0.0,Com Vítimas Feridas,Sim,Acessar a via sem observar a presença dos outros veículos,Colisão frontal,Pleno dia,Chuva,Simples,Reta;Aclive,Sim,Crescente
748547,2026-01-28,quarta-feira,16:00:00,SC,280.0,29,araquari,-26.410301,-48.752422,0.0,1.0,0.0,Com Vítimas Feridas,Sim,Acessar a via sem observar a presença dos outros veículos,Colisão transversal,Pleno dia,Céu Claro,Simples,Reta,Sim,Decrescente
748548,2026-01-28,quarta-feira,13:53:00,MT,364.0,400,cuiaba,-15.658261,-55.980137,0.0,0.0,0.0,Sem Vítimas,Sim,Ausência de reação do condutor,Saída de leito carroçável,Pleno dia,Chuva,Dupla,Viaduto,Não,Decrescente
748550,2026-01-28,quarta-feira,16:25:00,RS,392.0,"6,5",rio grande,-32.088757,-52.107155,0.0,0.0,0.0,Sem Vítimas,Não,Ausência de reação do condutor,Colisão transversal,Pleno dia,Céu Claro,Simples,Reta,Sim,Crescente
748551,2026-01-28,quarta-feira,17:10:00,RS,386.0,"16,9",frederico westphalen,-27.243889,-53.342686,0.0,6.0,0.0,Com Vítimas Feridas,Não,Curva acentuada,Colisão com objeto,Pleno dia,Chuva,Simples,Curva,Não,Crescente
748552,2026-01-04,domingo,14:40:00,RJ,101.0,482,angra dos reis,-23.002401,-44.29773,1.0,0.0,0.0,Com Vítimas Feridas,Sim,Reação tardia ou ineficiente do condutor,Colisão frontal,Pleno dia,Chuva,Simples,Curva,Sim,Decrescente
748553,2026-01-28,quarta-feira,18:17:00,SC,101.0,338,tubarao,-28.497627,-49.044544,1.0,0.0,0.0,Com Vítimas Feridas,Sim,Avarias e/ou desgaste excessivo no pneu,Queda de ocupante de veículo,Pleno dia,Céu Claro,Dupla,Reta,Não,Decrescente
748554,2026-01-28,quarta-feira,17:00:00,BA,101.0,104,alagoinhas,-12.118469,-38.393295,8.0,0.0,0.0,Com Vítimas Feridas,Não,Ingestão de álcool pelo condutor,Tombamento,Anoitecer,Garoa/Chuvisco,Simples,Reta,Sim,Crescente
748555,2026-01-28,quarta-feira,17:40:00,PA,316.0,273,cachoeira do piria,-1.805213,-46.32301,0.0,0.0,9.0,Com Vítimas Fatais,Não,Ausência de reação do condutor,Colisão transversal,Pleno dia,Sol,Simples,Reta,Sim,Crescente
748557,2026-01-28,quarta-feira,17:30:00,PE,101.0,"83,6",jaboatao dos guararapes,-8.178283,-34.9474,1.0,0.0,0.0,Com Vítimas Feridas,Sim,Manobra de mudança de faixa,Colisão lateral mesmo sentido,Amanhecer,Nublado,Dupla,Curva,Sim,Decrescente
748558,2026-01-28,quarta-feira,18:00:00,RS,287.0,281,sao pedro do sul,-29.636028,-54.18899,1.0,0.0,0.0,Com Vítimas Feridas,Sim,Ausência de reação do condutor,Colisão traseira,Pleno dia,Nublado,Simples,Aclive;Reta,Não,Decrescente
748559,2026-01-28,quarta-feira,18:20:00,SC,280.0,130,rio negrinho,-26.255852,-49.539574,0.0,0.0,0.0,Sem Vítimas,Sim,Ingestão de álcool pelo condutor,Colisão traseira,Pleno dia,Céu Claro,Simples,Aclive;Reta,Não,Crescente
748560,2026-01-28,quarta-feira,18:20:00,PB,230.0,"349,5",patos,-6.950393,-37.388145,4.0,0.0,0.0,Com Vítimas Feridas,Sim,Ausência de reação do condutor,Saída de leito carroçável,Plena Noite,Céu Claro,Simples,Reta,Não,Crescente
748562,2026-01-28,quarta-feira,17:25:00,BA,415.0,49,itabuna,-14.819571,-39.305183,1.0,0.0,0.0,Com Vítimas Feridas,Sim,Conversão proibida,Colisão lateral mesmo sentido,Anoitecer,Céu Claro,Simples,Reta,Sim,Decrescente
748563,2026-01-28,quarta-feira,17:30:00,PR,116.0,115,curitiba,-25.545874,-49.30346,0.0,0.0,0.0,Sem Vítimas,Sim,Ultrapassagem Indevida,Colisão lateral mesmo sentido,Anoitecer,Céu Claro,Dupla,Reta,Sim,Crescente
748564,2026-01-28,quarta-feira,16:30:00,MG,251.0,349,fruta de leite,-16.25695,-42.519966,0.0,0.0,0.0,Sem Vítimas,Não,Ausência de reação do condutor,Derramamento de carga,Pleno dia,Céu Claro,Simples,Reta,Não,Decrescente
748565,2026-01-28,quarta-feira,17:45:00,RJ,493.0,5,itaborai,-22.730326,-42.950897,1.0,0.0,0.0,Com Vítimas Feridas,Sim,Avarias e/ou desgaste excessivo no pneu,Queda de ocupante de veículo,Pleno dia,Céu Claro,Simples,Reta,Sim,Crescente
748566,2026-01-28,quarta-feira,14:40:00,RO,364.0,"296,1",presidente medici,-11.299022,-61.892857,1.0,0.0,0.0,Com Vítimas Feridas,Sim,Ausência de reação do condutor,Colisão traseira,Pleno dia,Céu Claro,Simples,Reta,Não,Crescente
748567,2026-01-28,quarta-feira,17:30:00,PR,476.0,"108,1",colombo,-25.299032,-49.151306,24.0,0.0,0.0,Com Vítimas Feridas,Não,Velocidade Incompatível,Queda de ocupante de veículo,Pleno dia,Céu Claro,Simples,Curva,Sim,Decrescente
748568,2026-01-28,quarta-feira,19:00:00,MG,381.0,484,betim,-19.955763,-44.100277,1.0,0.0,0.0,Com Vítimas Feridas,Sim,Ausência de reação do condutor,Colisão lateral mesmo sentido,Plena Noite,Céu Claro,Dupla,Reta,Sim,Crescente
748569,2026-01-14,quarta-feira,07:00:00,PE,104.0,122,panelas,-8.729711,-36.017532,6.0,6.0,9.0,Com Vítimas Fatais,Sim,Transitar na contramão,Saída de leito carroçável,Pleno dia,Garoa/Chuvisco,Simples,Curva,Não,Crescente
748570,2026-01-28,quarta-feira,15:35:00,MG,116.0,"658,4",sao francisco do gloria,-20.785114,-42.298878,0.0,0.0,6.0,Com Vítimas Fatais,Não,Mal súbito do condutor,Tombamento,Pleno dia,Céu Claro,Simples,Curva,Não,Crescente
748571,2026-01-28,quarta-feira,17:00:00,MS,262.0,"531,2",miranda,-20.350319,-56.155907,3.0,0.0,0.0,Com Vítimas Feridas,Sim,Reação tardia ou ineficiente do condutor,Saída de leito carroçável,Pleno dia,Nublado,Simples,Curva,Não,Decrescente
748572,2026-01-28,quarta-feira,16:30:00,RJ,101.0,410,itaguai,-22.858929,-43.759365,2.0,0.0,0.0,Com Vítimas Feridas,Sim,Reação tardia ou ineficiente do condutor,Tombamento,Pleno dia,Céu Claro,Dupla,Reta,Sim,Decrescente
748573,2026-01-28,quarta-feira,17:30:00,MG,251.0,471,francisco sa,-16.46627,-43.433834,0.0,1.0,0.0,Com Vítimas Feridas,Sim,Pista Escorregadia,Saída de leito carroçável,Anoitecer,Chuva,Simples,Reta;Declive,Não,Crescente
748574,2026-01-28,quarta-feira,18:15:00,MT,70.0,"1,5",barra do garcas,-15.88995,-52.264576,1.0,0.0,0.0,Com Vítimas Feridas,Sim,Ultrapassagem Indevida,Colisão frontal,Anoitecer,Céu Claro,Simples,Declive,Sim,Decrescente
748575,2026-01-28,quarta-feira,18:29:00,CE,222.0,38,caucaia,-3.6904848,-38.89455,0.0,0.0,1.0,Com Vítimas Fatais,Sim,Transitar na contramão,Colisão frontal,Plena Noite,Céu Claro,Simples,Reta,Não,Decrescente
748576,2026-01-28,quarta-feira,13:50:00,RJ,116.0,136,mage,-22.64899,-43.176994,0.0,0.0,0.0,Sem Vítimas,Sim,Demais falhas mecânicas ou elétricas,Incêndio,Pleno dia,Céu Claro,Dupla,Reta,Não,Decrescente
748578,2026-01-28,quarta-feira,16:05:00,MG,116.0,"537,2",santa rita de minas,-19.87341,-42.13264,2.0,0.0,0.0,Com Vítimas Feridas,Sim,Reação tardia ou ineficiente do condutor,Tombamento,Pleno dia,Nublado,Simples,Reta,Sim,Crescente
748579,2026-01-28,quarta-feira,20:00:00,SP,116.0,305,sao lourenco da serra,-23.842773,-46.932228,12.0,0.0,0.0,Com Vítimas Feridas,Não,Reação tardia ou ineficiente do condutor,Colisão lateral mesmo sentido,Plena Noite,Céu Claro,Múltipla,Aclive;Curva,Sim,Decrescente
748580,2026-01-28,quarta-feira,20:40:00,PE,232.0,253,arcoverde,-8.422745,-37.075184,2.0,0.0,0.0,Com Vítimas Feridas,Não,Frear bruscamente,Colisão traseira,Plena Noite,Ignorado,Simples,Reta,Sim,Crescente
748581,2026-01-28,quarta-feira,21:05:00,PE,232.0,253,arcoverde,-8.422745,-37.075184,0.0,9.0,0.0,Com Vítimas Feridas,Não,Reação tardia ou ineficiente do condutor,Queda de ocupante de veículo,Plena Noite,Céu Claro,Simples,Reta,Sim,Crescente
748582,2026-01-28,quarta-feira,15:40:00,BA,242.0,497,oliveira dos brejinhos,-12.38156,-42.41322,0.0,0.0,0.0,Sem Vítimas,Sim,Problema com o freio,Incêndio,Pleno dia,Nublado,Simples,Curva,Não,Crescente
748583,2026-01-28,quarta-feira,20:55:00,RS,386.0,337,forquetinha,-29.401754,-52.03953,9.0,0.0,0.0,Com Vítimas Feridas,Não,Ingestão de álcool pelo condutor,Queda de ocupante de veículo,Plena Noite,Nublado,Dupla,Reta,Não,Decrescente
748584,2026-01-28,quarta-feira,20:15:00,SC,101.0,203,sao jose,-27.569109,-48.61404,0.0,4.0,0.0,Com Vítimas Feridas,Não,Ausência de reação do condutor,Queda de ocupante de veículo,Plena Noite,Céu Claro,Múltipla,Interseção de Vias,Sim,Crescente
748585,2026-01-28,quarta-feira,20:00:00,PR,369.0,"416,4",juranda,-24.476564,-52.87724,4.0,0.0,0.0,Com Vítimas Feridas,Não,Ausência de reação do condutor,Queda de ocupante de veículo,Plena Noite,Nublado,Simples,Reta;Interseção de Vias,Sim,Decrescente
748587,2026-01-28,quarta-feira,20:13:00,PE,232.0,40,vitoria de santo antao,-8.11364,-35.242172,9.0,0.0,0.0,Com Vítimas Feridas,Não,Reação tardia ou ineficiente do condutor,Queda de ocupante de veículo,Plena Noite,Nublado,Dupla,Reta;Aclive;Retorno Regulamentado,Não,Crescente
748588,2026-01-28,quarta-feira,17:30:00,BA,116.0,223,euclides da cunha,-10.562053,-38.989872,1.0,0.0,0.0,Com Vítimas Feridas,Sim,Velocidade Incompatível,Tombamento,Pleno dia,Céu Claro,Simples,Reta,Não,Crescente
748589,2026-01-28,quarta-feira,18:45:00,MG,365.0,505,patrocinio,-18.9549,-47.262463,1.0,0.0,0.0,Com Vítimas Feridas,Sim,Demais falhas mecânicas ou elétricas,Incêndio,Plena Noite,Nublado,Simples,Reta,Não,Crescente
748590,2026-01-28,quarta-feira,16:00:00,RS,293.0,67,piratini,-31.691824,-53.01806,0.0,0.0,0.0,Sem Vítimas,Sim,Manobra de mudança de faixa,Capotamento,Pleno dia,Céu Claro,Simples,Reta,Não,Crescente
748591,2026-01-28,quarta-feira,16:00:00,GO,153.0,"591,1",piracanjuba,-17.46816,-49.21781,9.0,0.0,0.0,Com Vítimas Feridas,Sim,Frear bruscamente,Colisão com objeto,Pleno dia,Nublado,Dupla,Aclive;Reta,Não,Decrescente
748592,2026-01-28,quarta-feira,21:30:00,BA,407.0,"1,8",juazeiro,-9.423072,-40.50675,2.0,1.0,0.0,Com Vítimas Feridas,Sim,Ausência de reação do condutor,Colisão com objeto,Plena Noite,Céu Claro,Simples,Reta,Não,Decrescente
748593,2026-01-28,quarta-feira,21:05:00,SC,101.0,258,paulo lopes,-28.007332,-48.69293,1.0,0.0,0.0,Com Vítimas Feridas,Sim,Condutor deixou de manter distância do veículo da frente,Colisão traseira,Plena Noite,Céu Claro,Dupla,Aclive,Não,Decrescente
748594,2026-01-28,quarta-feira,21:40:00,SC,470.0,115,ibirama,-27.078663,-49.48824,6.0,0.0,0.0,Com Vítimas Feridas,Sim,Ultrapassagem Indevida,Colisão frontal,Plena Noite,Chuva,Simples,Reta,Não,Decrescente
748595,2026-01-28,quarta-feira,21:00:00,MG,40.0,521,contagem,-19.859976,-44.07163,0.0,3.0,0.0,Com Vítimas Feridas,Sim,Trafegar com motocicleta (ou similar) entre as faixas,Queda de ocupante de veículo,Plena Noite,Nublado,Dupla,Declive;Curva,Não,Crescente
748596,2026-01-28,quarta-feira,21:05:00,MG,40.0,484,sete lagoas,-19.57401,-44.229816,4.0,0.0,0.0,Com Vítimas Feridas,Sim,Reação tardia ou ineficiente do condutor,Tombamento,Plena Noite,Céu Claro,Dupla,Curva,Não,Decrescente
748597,2026-01-28,quarta-feira,20:30:00,PR,376.0,"238,4",apucarana,-23.583624,-51.462395,0.0,2.0,1.0,Com Vítimas Fatais,Sim,Ausência de reação do condutor,Colisão traseira,Plena Noite,Céu Claro,Múltipla,Reta,Não,Crescente
748599,2026-01-28,quarta-feira,18:30:00,MG,262.0,"709,9",perdizes,-19.621977,-47.238506,0.0,0.0,0.0,Sem Vítimas,Sim,Demais falhas mecânicas ou elétricas,Incêndio,Anoitecer,Nublado,Simples,Reta,Não,Crescente
748600,2026-01-28,quarta-feira,19:30:00,MG,381.0,948,extrema,-22.873129,-46.363327,6.0,0.0,0.0,Com Vítimas Feridas,Não,Chuva,Engavetamento,Plena Noite,Chuva,Dupla,Reta;Retorno Regulamentado,Sim,Crescente
748601,2026-01-28,quarta-feira,22:00:00,PR,467.0,"105,6",cascavel,-24.914003,-53.492687,3.0,0.0,0.0,Com Vítimas Feridas,Não,Iluminação deficiente,Atropelamento de Pedestre,Plena Noite,Nublado,Dupla,Reta,Não,Decrescente
748602,2026-01-28,quarta-feira,22:20:00,SE,235.0,"47,1",itabaiana,-10.729839,-37.413013,0.0,12.0,0.0,Com Vítimas Feridas,Sim,Velocidade Incompatível,Colisão com objeto,Plena Noite,Céu Claro,Simples,Reta;Aclive,Não,Decrescente
748603,2026-01-28,quarta-feira,20:40:00,RJ,116.0,329,itatiaia,-22.504566,-44.613647,0.0,1.0,0.0,Com Vítimas Feridas,Sim,Pedestre cruzava a pista fora da faixa,Atropelamento de Pedestre,Plena Noite,Nublado,Múltipla,Reta,Sim,Decrescente
748604,2026-01-28,quarta-feira,21:05:00,MT,364.0,292,jaciara,-15.857384,-55.13031,3.0,0.0,0.0,Com Vítimas Feridas,Sim,Objeto estático sobre o leito carroçável,Tombamento,Plena Noite,Nublado,Simples,Reta,Não,Crescente
748605,2026-01-28,quarta-feira,18:40:00,GO,414.0,278,vila propicio,-15.059015,-48.721397,3.0,0.0,0.0,Com Vítimas Feridas,Não,Condutor Dormindo,Colisão lateral sentido oposto,Anoitecer,Nublado,Simples,Curva,Não,Crescente
748606,2026-01-28,quarta-feira,21:30:00,MA,135.0,8,sao luis,-2.643498,-44.27381,0.0,2.0,0.0,Com Vítimas Feridas,Sim,Reação tardia ou ineficiente do condutor,Tombamento,Plena Noite,Céu Claro,Dupla,Reta,Sim,Crescente
748607,2026-01-29,quinta-feira,00:10:00,SP,116.0,207,guarulhos,-23.42085,-46.388805,0.0,0.0,1.0,Com Vítimas Fatais,Sim,Pedestre andava na pista,Atropelamento de Pedestre,Plena Noite,Céu Claro,Múltipla,Reta;Desvio Temporário;Em Obras,Sim,Crescente
748608,2026-01-28,quarta-feira,21:45:00,MT,364.0,261,sao pedro da cipa,-16.005953,-54.915085,1.0,0.0,0.0,Com Vítimas Feridas,Sim,Ausência de reação do condutor,Colisão lateral mesmo sentido,Plena Noite,Nublado,Dupla,Reta,Sim,Crescente
748609,2026-01-28,quarta-feira,21:50:00,SC,116.0,134,santa cecilia,-26.92466,-50.442406,16.0,48.0,0.0,Com Vítimas Feridas,Não,Chuva,Colisão com objeto,Plena Noite,Chuva,Simples,Declive;Reta,Não,Decrescente
748610,2026-01-29,quinta-feira,00:20:00,SC,101.0,"203,9",sao jose,-27.575108,-48.61351,6.0,12.0,0.0,Com Vítimas Feridas,Não,Ingestão de álcool pelo condutor,Colisão lateral mesmo sentido,Plena Noite,Nublado,Múltipla,Reta,Não,Decrescente
748611,2026-01-29,quinta-feira,00:40:00,GO,40.0,5,valparaiso de goias,-16.093458,-47.98216,6.0,6.0,0.0,Com Vítimas Feridas,Não,Ingestão de álcool pelo condutor,Queda de ocupante de veículo,Plena Noite,Garoa/Chuvisco,Dupla,Reta,Sim,Crescente
748612,2026-01-21,quarta-feira,08:40:00,GO,40.0,"0,9",valparaiso de goias,-16.05908,-47.98274,0.0,2.0,0.0,Com Vítimas Feridas,Não,Trafegar com motocicleta (ou similar) entre as faixas,Atropelamento de Pedestre,Pleno dia,Céu Claro,Dupla,Reta,Sim,Decrescente
748613,2026-01-28,quarta-feira,23:45:00,MT,364.0,398,cuiaba,-15.663506,-55.967636,0.0,0.0,0.0,Sem Vítimas,Sim,Avarias e/ou desgaste excessivo no pneu,Saída de leito carroçável,Plena Noite,Céu Claro,Dupla,Reta,Não,Crescente
748614,2026-01-29,quinta-feira,00:40:00,PE,101.0,"35,5",itapissuma,-7.7833,-34.930973,2.0,0.0,0.0,Com Vítimas Feridas,Sim,Avarias e/ou desgaste excessivo no pneu,Queda de ocupante de veículo,Plena Noite,Céu Claro,Dupla,Reta;Declive,Não,Decrescente
748615,2026-01-28,quarta-feira,22:00:00,SC,101.0,148,itapema,-27.128698,-48.614117,1.0,1.0,0.0,Com Vítimas Feridas,Sim,Reação tardia ou ineficiente do condutor,Colisão traseira,Plena Noite,Céu Claro,Dupla,Reta,Não,Decrescente
748616,2026-01-29,quinta-feira,02:10:00,ES,101.0,"443,6",mimoso do sul,-21.103779,-41.254055,4.0,0.0,0.0,Com Vítimas Feridas,Não,Avarias e/ou desgaste excessivo no pneu,Tombamento,Plena Noite,Céu Claro,Simples,Curva,Não,Decrescente
748618,2026-01-29,quinta-feira,00:30:00,RJ,493.0,"56,9",duque de caxias,-22.664473,-43.3663,2.0,0.0,0.0,Com Vítimas Feridas,Sim,Reação tardia ou ineficiente do condutor,Colisão com objeto,Plena Noite,Céu Claro,Dupla,Reta,Não,Decrescente
748619,2026-01-29,quinta-feira,02:20:00,PR,376.0,591,curitiba,-25.430435,-49.365025,6.0,0.0,0.0,Com Vítimas Feridas,Não,Chuva,Queda de ocupante de veículo,Plena Noite,Chuva,Dupla,Interseção de Vias;Viaduto,Sim,Decrescente
748620,2026-01-29,quinta-feira,03:30:00,PR,116.0,13,colombo,-25.375452,-49.149246,1.0,0.0,0.0,Com Vítimas Feridas,Sim,Ausência de reação do condutor,Colisão traseira,Plena Noite,Chuva,Dupla,Reta,Sim,Decrescente
748621,2026-01-29,quinta-feira,03:35:00,PR,116.0,13,quatro barras,-25.361591,-49.07832,3.0,0.0,0.0,Com Vítimas Feridas,Não,Acessar a via sem observar a presença dos outros veículos,Colisão traseira,Plena Noite,Chuva,Dupla,Reta,Sim,Decrescente
748622,2026-01-29,quinta-feira,04:00:00,MG,381.0,799,sao goncalo do sapucai,-21.920273,-45.609528,4.0,0.0,0.0,Com Vítimas Feridas,Sim,Condutor Dormindo,Queda de ocupante de veículo,Plena Noite,Ignorado,Dupla,Reta,Não,Crescente
748623,2026-01-29,quinta-feira,05:40:00,GO,153.0,523,hidrolandia,-16.907152,-49.253845,1.0,0.0,0.0,Com Vítimas Feridas,Sim,Reação tardia ou ineficiente do condutor,Saída de leito carroçável,Amanhecer,Céu Claro,Dupla,Reta,Não,Decrescente
748624,2026-01-29,quinta-feira,04:35:00,SC,470.0,65,indaial,-26.870602,-49.21521,0.0,9.0,0.0,Com Vítimas Feridas,Não,Transitar na contramão,Colisão frontal,Plena Noite,Céu Claro,Simples,Reta;Em Obras,Sim,Crescente
748625,2026-01-29,quinta-feira,05:15:00,RS,158.0,366,dilermando de aguiar,-29.827473,-54.14874,0.0,1.0,0.0,Com Vítimas Feridas,Sim,Demais Fenômenos da natureza,Colisão com objeto,Amanhecer,Nublado,Simples,Ponte,Não,Decrescente
748626,2026-01-29,quinta-feira,06:30:00,ES,259.0,96,baixo guandu,-19.514462,-40.99585,0.0,6.0,0.0,Com Vítimas Feridas,Não,Reação tardia ou ineficiente do condutor,Colisão com objeto,Pleno dia,Céu Claro,Simples,Curva;Em Obras,Sim,Crescente
748627,2026-01-28,quarta-feira,18:30:00,BA,101.0,112,alagoinhas,-12.167532,-38.42249,3.0,0.0,0.0,Com Vítimas Feridas,Sim,Ultrapassagem Indevida,Colisão frontal,Plena Noite,Nublado,Simples,Reta;Declive,Não,Crescente
748628,2026-01-29,quinta-feira,02:00:00,PR,369.0,198,apucarana,-23.509132,-51.4259,0.0,0.0,0.0,Sem Vítimas,Sim,Reação tardia ou ineficiente do condutor,Colisão com objeto,Plena Noite,Nublado,Dupla,Reta,Sim,Decrescente
748629,2026-01-28,quarta-feira,22:00:00,MG,40.0,70,paracatu,-17.24132,-46.823627,2.0,4.0,0.0,Com Vítimas Feridas,Sim,Ultrapassagem Indevida,Saída de leito carroçável,Plena Noite,Ignorado,Simples,Reta,Não,Decrescente
748630,2026-01-29,quinta-feira,06:45:00,ES,101.0,83,sao mateus,-18.816809,-39.903152,1.0,2.0,0.0,Com Vítimas Feridas,Sim,Ultrapassagem Indevida,Colisão frontal,Pleno dia,Céu Claro,Simples,Reta,Não,Decrescente
748631,2026-01-29,quinta-feira,06:20:00,MG,381.0,2,betim,-19.978148,-44.160427,4.0,0.0,0.0,Com Vítimas Feridas,Não,Demais falhas na via,Colisão com objeto,Pleno dia,Nublado,Dupla,Curva,Não,Decrescente
748633,2026-01-29,quinta-feira,07:00:00,MG,381.0,373,sao goncalo do rio abaixo,-19.837269,-43.370884,0.0,2.0,0.0,Com Vítimas Feridas,Sim,Velocidade Incompatível,Saída de leito carroçável,Pleno dia,Céu Claro,Simples,Curva,Não,Decrescente
748634,2026-01-29,quinta-feira,06:30:00,MG,116.0,"415,5",governador valadares,-18.891558,-41.944954,4.0,0.0,0.0,Com Vítimas Feridas,Sim,Acessar a via sem observar a presença dos outros veículos,Tombamento,Pleno dia,Céu Claro,Simples,Reta;Retorno Regulamentado,Sim,Decrescente
748636,2026-01-29,quinta-feira,06:25:00,MG,262.0,357,betim,-19.983942,-44.238144,0.0,0.0,0.0,Sem Vítimas,Sim,Ausência de reação do condutor,Saída de leito carroçável,Pleno dia,Céu Claro,Simples,Reta,Não,Decrescente
748637,2026-01-29,quinta-feira,07:00:00,PB,230.0,"1,3",patos,-7.011305,-37.28939,3.0,0.0,0.0,Com Vítimas Feridas,Sim,Acessar a via sem observar a presença dos outros veículos,Queda de ocupante de veículo,Pleno dia,Céu Claro,Simples,Curva,Não,Crescente
748638,2026-01-29,quinta-feira,07:00:00,MA,316.0,269,bela vista do maranhao,-3.698148,-45.320602,0.0,0.0,0.0,Sem Vítimas,Sim,Ingestão de álcool pelo condutor,Saída de leito carroçável,Pleno dia,Céu Claro,Simples,Reta,Sim,Crescente
748639,2026-01-29,quinta-feira,07:20:00,PR,369.0,158,cambe,-23.285448,-51.235535,2.0,0.0,0.0,Com Vítimas Feridas,Sim,Frear bruscamente,Queda de ocupante de veículo,Pleno dia,Céu Claro,Dupla,Reta,Sim,Decrescente
748640,2026-01-25,domingo,11:30:00,SP,116.0,549,barra do turvo,-24.966145,-48.46954,0.0,0.0,0.0,Sem Vítimas,Sim,Demais falhas mecânicas ou elétricas,Incêndio,Pleno dia,Céu Claro,Simples,Curva,Não,Decrescente
748641,2026-01-25,domingo,12:20:00,SC,101.0,117,itajai,-26.896736,-48.718487,1.0,0.0,0.0,Com Vítimas Feridas,Sim,Manobra de mudança de faixa,Colisão lateral mesmo sentido,Pleno dia,Céu Claro,Dupla,Reta,Sim,Decrescente