id,data_inversa,dia_semana,horario,uf,br,km,municipio,latitude,longitude,feridos_leves,feridos_graves,mortos,classificacao_acidente,causa_principal,causa_acidente,tipo_acidente,fase_dia,condicao_metereologica,tipo_pista,tracado_via,uso_solo,sentido_via
748642,2026-01-29,quinta-feira,08:10:00,ES,101.0,268,serra,-20.204803,-40.269352,0.0,2.0,0.0,Com Vítimas Feridas,Sim,Trafegar com motocicleta (ou similar) entre as faixas,Queda de ocupante de veículo,Pleno dia,Céu Claro,Múltipla,Reta,Sim,Crescente
748643,2026-01-29,quinta-feira,06:50:00,ES,101.0,"53,6",conceicao da barra,-18.623741,-39.881207,8.0,0.0,0.0,Com Vítimas Feridas,Sim,Condutor deixou de manter distância do veículo da frente,Colisão traseira,Pleno dia,Céu Claro,Simples,Aclive;Reta,Não,Crescente
748644,2026-01-29,quinta-feira,07:20:00,SC,280.0,28,araquari,-26.407259,-48.74859,2.0,0.0,0.0,Com Vítimas Feridas,Sim,Acessar a via sem observar a presença dos outros veículos,Colisão transversal,Pleno dia,Nublado,Simples,Reta,Não,Decrescente
748645,2026-01-29,quinta-feira,07:30:00,SP,116.0,"50,5",lorena,-22.73872,-45.088486,1.0,0.0,0.0,Com Vítimas Feridas,Sim,Animais na Pista,Atropelamento de Animal,Pleno dia,Céu Claro,Dupla,Reta,Não,Crescente
748646,2026-01-29,quinta-feira,08:20:00,MG,381.0,789,sao goncalo do sapucai,-21.873646,-45.5392,0.0,2.0,0.0,Com Vítimas Feridas,Não,Velocidade Incompatível,Colisão traseira,Pleno dia,Céu Claro,Dupla,Reta,Não,Decrescente
748647,2026-01-29,quinta-feira,08:25:00,RS,116.0,"39,3",vacaria,-28.513859,-50.934746,4.0,0.0,0.0,Com Vítimas Feridas,Não,Ausência de reação do condutor,Tombamento,Pleno dia,Céu Claro,Simples,Rotatória;Em Obras;Viaduto;Interseção de Vias,Sim,Crescente
748648,2026-01-29,quinta-feira,07:30:00,RJ,116.0,206,seropedica,-22.716415,-43.71561,1.0,0.0,0.0,Com Vítimas Feridas,Sim,Pedestre cruzava a pista fora da faixa,Atropelamento de Pedestre,Pleno dia,Céu Claro,Dupla,Reta,Não,Crescente
748649,2026-01-29,quinta-feira,08:30:00,PE,232.0,"9,2",jaboatao dos guararapes,-8.07806,-34.98079,0.0,1.0,0.0,Com Vítimas Feridas,Sim,Condutor deixou de manter distância do veículo da frente,Colisão traseira,Pleno dia,Céu Claro,Dupla,Reta,Sim,Crescente
748650,2026-01-29,quinta-feira,07:00:00,PR,153.0,2,imbituva,-25.198584,-50.598347,36.0,12.0,0.0,Com Vítimas Feridas,Não,Reação tardia ou ineficiente do condutor,Saída de leito carroçável,Pleno dia,Céu Claro,Simples,Reta;Interseção de Vias,Sim,Decrescente
748652,2026-01-29,quinta-feira,08:30:00,DF,20.0,8,brasilia,-15.655802,-47.78123,0.0,1.0,0.0,Com Vítimas Feridas,Sim,Condutor desrespeitou a iluminação vermelha do semáforo,Colisão transversal,Pleno dia,Sol,Dupla,Interseção de Vias,Sim,Decrescente
748653,2026-01-29,quinta-feira,08:10:00,PR,369.0,130,jataizinho,-23.257177,-50.983826,2.0,0.0,0.0,Com Vítimas Feridas,Sim,Acumulo de óleo sobre o pavimento,Queda de ocupante de veículo,Pleno dia,Céu Claro,Dupla,Curva,Não,Crescente
748654,2026-01-29,quinta-feira,07:20:00,AL,424.0,"103,9",marechal deodoro,-9.685215,-35.826435,0.0,1.0,0.0,Com Vítimas Feridas,Sim,Ausência de reação do condutor,Colisão traseira,Pleno dia,Céu Claro,Dupla,Reta;Em Obras,Não,Crescente
748655,2026-01-29,quinta-feira,08:15:00,CE,116.0,15,fortaleza,-3.8822176,-38.500996,0.0,0.0,0.0,Sem Vítimas,Sim,Ausência de reação do condutor,Queda de ocupante de veículo,Pleno dia,Chuva,Dupla,Reta,Sim,Decrescente
748656,2026-01-29,quinta-feira,09:00:00,SP,153.0,"173,8",guaicara,-21.629217,-49.787567,4.0,0.0,0.0,Com Vítimas Feridas,Não,Acumulo de óleo sobre o pavimento,Queda de ocupante de veículo,Pleno dia,Céu Claro,Simples,Reta,Não,Decrescente
748657,2026-01-29,quinta-feira,06:44:00,PR,116.0,"44,4",campina grande do sul,-25.194008,-48.888268,36.0,12.0,0.0,Com Vítimas Feridas,Não,Falta de elemento de contenção que evite a saída do leito carroçável,Colisão frontal,Pleno dia,Chuva,Dupla,Curva,Não,Decrescente
748658,2026-01-29,quinta-feira,08:15:00,RR,401.0,20,canta,2.7979963,-60.634636,6.0,0.0,0.0,Com Vítimas Feridas,Sim,Avarias e/ou desgaste excessivo no pneu,Capotamento,Pleno dia,Céu Claro,Dupla,Reta,Sim,Decrescente
748659,2026-01-26,segunda-feira,09:00:00,RJ,40.0,116,duque de caxias,-22.736502,-43.28861,3.0,0.0,0.0,Com Vítimas Feridas,Sim,Trafegar com motocicleta (ou similar) entre as faixas,Queda de ocupante de veículo,Pleno dia,Céu Claro,Dupla,Reta,Não,Crescente
748660,2026-01-29,quinta-feira,08:53:00,RJ,116.0,276,barra mansa,-22.545542,-44.185047,0.0,0.0,0.0,Sem Vítimas,Não,Ingestão de álcool pelo condutor,Eventos atípicos,Pleno dia,Céu Claro,Dupla,Reta,Sim,Crescente
748661,2026-01-29,quinta-feira,09:45:00,SC,101.0,"93,3",barra velha,-26.696545,-48.69896,8.0,0.0,0.0,Com Vítimas Feridas,Sim,Ultrapassagem Indevida,Capotamento,Pleno dia,Garoa/Chuvisco,Dupla,Reta,Não,Crescente
748662,2026-01-29,quinta-feira,10:50:00,RS,116.0,269,canoas,-29.963247,-51.176487,4.0,0.0,0.0,Com Vítimas Feridas,Sim,Demais falhas mecânicas ou elétricas,Queda de ocupante de veículo,Pleno dia,Céu Claro,Dupla,Reta,Sim,Crescente
748663,2026-01-29,quinta-feira,10:25:00,PI,343.0,342,teresina,-5.0831547,-42.75149,3.0,0.0,0.0,Com Vítimas Feridas,Sim,Condutor deixou de manter distância do veículo da frente,Queda de ocupante de veículo,Pleno dia,Céu Claro,Simples,Reta,Sim,Crescente
748664,2026-01-29,quinta-feira,10:40:00,ES,101.0,147,linhares,-19.395319,-40.06498,1.0,0.0,0.0,Com Vítimas Feridas,Sim,Reação tardia ou ineficiente do condutor,Engavetamento,Pleno dia,Céu Claro,Dupla,Reta,Sim,Crescente
748665,2026-01-25,domingo,21:45:00,PR,116.0,140,mandirituba,-25.76747,-49.321964,3.0,0.0,0.0,Com Vítimas Feridas,Sim,Ausência de reação do condutor,Queda de ocupante de veículo,Plena Noite,Nublado,Dupla,Reta;Aclive,Sim,Crescente
748666,2026-01-29,quinta-feira,10:30:00,DF,20.0,2,brasilia,-15.682071,-47.838238,1.0,0.0,0.0,Com Vítimas Feridas,Sim,Avarias e/ou desgaste excessivo no pneu,Queda de ocupante de veículo,Pleno dia,Céu Claro,Dupla,Reta,Sim,Crescente
748667,2026-01-25,domingo,19:20:00,PR,116.0,"149,9",mandirituba,-25.84264,-49.347626,0.0,0.0,0.0,Sem Vítimas,Sim,Ingestão de álcool pelo condutor,Colisão traseira,Plena Noite,Céu Claro,Simples,Reta,Não,Crescente
748668,2026-01-29,quinta-feira,11:00:00,SC,101.0,"216,4",palhoca,-27.662596,-48.67615,2.0,0.0,0.0,Com Vítimas Feridas,Sim,Acumulo de óleo sobre o pavimento,Saída de leito carroçável,Pleno dia,Céu Claro,Dupla,Retorno Regulamentado,Sim,Crescente
748669,2026-01-29,quinta-feira,10:15:00,MG,116.0,"276,3",teofilo otoni,-17.854107,-41.51419,2.0,0.0,0.0,Com Vítimas Feridas,Não,Área urbana sem a presença de local apropriado para a travessia de pedestres,Atropelamento de Pedestre,Pleno dia,Sol,Múltipla,Reta,Sim,Decrescente
748670,2026-01-29,quinta-feira,10:30:00,RJ,393.0,131,sapucaia,-21.989382,-42.902752,1.0,0.0,0.0,Com Vítimas Feridas,Sim,Velocidade Incompatível,Tombamento,Pleno dia,Sol,Simples,Curva;Declive,Sim,Crescente
748671,2026-01-29,quinta-feira,07:30:00,PR,376.0,"221,4",cambira,-23.602139,-51.60096,1.0,0.0,0.0,Com Vítimas Feridas,Sim,Velocidade Incompatível,Saída de leito carroçável,Pleno dia,Céu Claro,Dupla,Curva,Não,Decrescente
748674,2026-01-29,quinta-feira,10:49:00,GO,60.0,"384,9",rio verde,-17.81022,-50.92704,0.0,0.0,0.0,Sem Vítimas,Não,Velocidade Incompatível,Derramamento de carga,Pleno dia,Céu Claro,Múltipla,Aclive,Sim,Decrescente
748676,2026-01-29,quinta-feira,09:30:00,MG,50.0,174,uberaba,-19.77141,-47.97263,4.0,0.0,0.0,Com Vítimas Feridas,Não,Problema com o freio,Colisão com objeto,Pleno dia,Céu Claro,Simples,Curva;Em Obras,Sim,Decrescente
748677,2026-01-29,quinta-feira,07:50:00,MG,40.0,238,sao goncalo do abaete,-18.052044,-45.517754,5.0,0.0,0.0,Com Vítimas Feridas,Sim,Reação tardia ou ineficiente do condutor,Colisão lateral mesmo sentido,Pleno dia,Céu Claro,Dupla,Reta,Não,Crescente
748678,2026-01-29,quinta-feira,07:40:00,MT,364.0,440,varzea grande,-15.602025,-56.20489,1.0,0.0,0.0,Com Vítimas Feridas,Sim,Mal súbito do condutor,Saída de leito carroçável,Pleno dia,Céu Claro,Simples,Curva,Não,Decrescente
748679,2026-01-29,quinta-feira,10:25:00,RJ,116.0,205,seropedica,-22.726679,-43.649906,0.0,0.0,2.0,Com Vítimas Fatais,Sim,Ausência de reação do condutor,Colisão traseira,Pleno dia,Sol,Dupla,Reta,Não,Decrescente
748680,2026-01-29,quinta-feira,11:40:00,PR,369.0,148,londrina,-23.292875,-51.14311,1.0,0.0,0.0,Com Vítimas Feridas,Sim,Condutor desrespeitou a iluminação vermelha do semáforo,Colisão transversal,Pleno dia,Céu Claro,Dupla,Interseção de Vias,Sim,Crescente
748682,2026-01-29,quinta-feira,12:30:00,TO,153.0,410,miranorte,-9.493847,-48.585503,0.0,6.0,1.0,Com Vítimas Fatais,Sim,Reação tardia ou ineficiente do condutor,Colisão frontal,Pleno dia,Céu Claro,Simples,Reta,Não,Decrescente
748684,2026-01-29,quinta-feira,12:11:00,PE,232.0,"9,7",jaboatao dos guararapes,-8.07933,-34.98799,0.0,0.0,0.0,Sem Vítimas,Sim,Mal súbito do condutor,Colisão traseira,Pleno dia,Céu Claro,Dupla,Reta,Sim,Decrescente
748685,2026-01-29,quinta-feira,11:20:00,SC,101.0,141,balneario camboriu,-27.054066,-48.600082,0.0,1.0,0.0,Com Vítimas Feridas,Sim,Manobra de mudança de faixa,Tombamento,Pleno dia,Nublado,Múltipla,Declive;Curva,Sim,Crescente
748686,2026-01-14,quarta-feira,09:00:00,MT,70.0,220,general carneiro,-15.682233,-53.849583,2.0,0.0,0.0,Com Vítimas Feridas,Sim,Velocidade Incompatível,Derramamento de carga,Pleno dia,Céu Claro,Simples,Curva,Não,Decrescente
748687,2026-01-29,quinta-feira,12:45:00,PE,101.0,60,recife,-7.987834,-34.934044,1.0,0.0,0.0,Com Vítimas Feridas,Sim,Acessar a via sem observar a presença dos outros veículos,Colisão transversal,Pleno dia,Sol,Dupla,Interseção de Vias,Não,Crescente
748688,2026-01-29,quinta-feira,12:50:00,GO,60.0,"81,2",anapolis,-16.312754,-48.83031,2.0,0.0,0.0,Com Vítimas Feridas,Sim,Ausência de reação do condutor,Colisão com objeto,Pleno dia,Céu Claro,Dupla,Curva,Não,Decrescente
748691,2026-01-29,quinta-feira,12:44:00,RN,226.0,"3,8",natal,-5.819737,-35.25897,0.0,0.0,0.0,Sem Vítimas,Sim,Acessar a via sem observar a presença dos outros veículos,Tombamento,Pleno dia,Céu Claro,Simples,Reta,Sim,Decrescente
748693,2026-01-29,quinta-feira,12:00:00,RJ,493.0,98,japeri,-22.662836,-43.62527,1.0,0.0,0.0,Com Vítimas Feridas,Sim,Ausência de reação do condutor,Queda de ocupante de veículo,Pleno dia,Céu Claro,Dupla,Reta,Não,Decrescente
748694,2026-01-29,quinta-feira,13:30:00,GO,364.0,262,mineiros,-17.665981,-52.241627,5.0,0.0,0.0,Com Vítimas Feridas,Não,Velocidade Incompatível,Tombamento,Pleno dia,Céu Claro,Simples,Reta,Não,Decrescente
748695,2026-01-29,quinta-feira,11:00:00,SC,101.0,115,itajai,-26.875793,-48.727234,0.0,3.0,0.0,Com Vítimas Feridas,Sim,Reação tardia ou ineficiente do condutor,Queda de ocupante de veículo,Pleno dia,Nublado,Múltipla,Reta,Sim,Decrescente
748696,2026-01-29,quinta-feira,13:50:00,BA,324.0,3,feira de santana,-12.277161,-38.939667,2.0,0.0,0.0,Com Vítimas Feridas,Sim,Acessar a via sem observar a presença dos outros veículos,Colisão traseira,Pleno dia,Céu Claro,Dupla,Reta,Sim,Decrescente
748697,2026-01-25,domingo,19:00:00,RJ,101.0,544,paraty,-23.047136,-44.604126,0.0,1.0,1.0,Com Vítimas Fatais,Sim,Transitar na contramão,Colisão frontal,Plena Noite,Chuva,Simples,Reta,Não,Crescente
748698,2026-01-17,sábado,21:20:00,ES,101.0,256,serra,-20.120703,-40.30819,1.0,1.0,0.0,Com Vítimas Feridas,Sim,Reação tardia ou ineficiente do condutor,Colisão transversal,Plena Noite,Céu Claro,Simples,Reta;Aclive,Não,Crescente
748700,2026-01-29,quinta-feira,13:04:00,RS,386.0,"288,7",sao jose do herval,-29.08771,-52.25556,4.0,0.0,0.0,Com Vítimas Feridas,Não,Chuva,Colisão com objeto,Pleno dia,Chuva,Simples,Curva,Não,Decrescente
748701,2026-01-29,quinta-feira,13:45:00,RS,285.0,"495,3",entre-ijuis,-28.376852,-54.254555,2.0,0.0,0.0,Com Vítimas Feridas,Sim,Reação tardia ou ineficiente do condutor,Tombamento,Pleno dia,Céu Claro,Simples,Reta,Não,Crescente
748704,2026-01-29,quinta-feira,11:51:00,RO,364.0,350,ji-parana,-10.843435,-62.00226,1.0,0.0,0.0,Com Vítimas Feridas,Sim,Ausência de reação do condutor,Colisão lateral mesmo sentido,Pleno dia,Céu Claro,Simples,Reta,Não,Decrescente
748705,2026-01-29,quinta-feira,14:10:00,SC,101.0,132,balneario camboriu,-26.9988,-48.64886,2.0,0.0,0.0,Com Vítimas Feridas,Sim,Ausência de reação do condutor,Tombamento,Pleno dia,Céu Claro,Dupla,Reta,Sim,Crescente
748706,2026-01-29,quinta-feira,14:00:00,SP,153.0,61,sao jose do rio preto,-20.803457,-49.35576,2.0,0.0,0.0,Com Vítimas Feridas,Não,Condutor deixou de manter distância do veículo da frente,Engavetamento,Pleno dia,Sol,Dupla,Reta,Sim,Crescente
748708,2026-01-29,quinta-feira,07:20:00,RS,290.0,"377,9",vila nova do sul,-30.350264,-53.94263,0.0,2.0,0.0,Com Vítimas Feridas,Sim,Ausência de reação do condutor,Colisão com objeto,Pleno dia,Nublado,Simples,Reta,Não,Crescente
748710,2026-01-29,quinta-feira,13:15:00,RJ,116.0,123,mage,-22.636469,-43.05744,1.0,0.0,0.0,Com Vítimas Feridas,Sim,Condutor Dormindo,Colisão traseira,Pleno dia,Céu Claro,Múltipla,Reta,Não,Decrescente
748712,2026-01-29,quinta-feira,12:00:00,RJ,101.0,301,sao goncalo,-22.778322,-42.956112,1.0,0.0,0.0,Com Vítimas Feridas,Sim,Reação tardia ou ineficiente do condutor,Engavetamento,Pleno dia,Sol,Dupla,Reta,Sim,Decrescente
748713,2026-01-29,quinta-feira,12:50:00,MT,163.0,750,sorriso,-12.571511,-55.726498,0.0,1.0,0.0,Com Vítimas Feridas,Sim,Acessar a via sem observar a presença dos outros veículos,Colisão lateral mesmo sentido,Pleno dia,Céu Claro,Dupla,Reta,Não,Crescente
748716,2026-01-29,quinta-feira,14:30:00,SC,101.0,"91,5",balneario picarras,-26.740177,-48.698498,4.0,0.0,0.0,Com Vítimas Feridas,Não,Reação tardia ou ineficiente do condutor,Colisão traseira,Pleno dia,Nublado,Dupla,Reta,Sim,Crescente
748717,2026-01-29,quinta-feira,11:45:00,MS,163.0,21,mundo novo,-23.917595,-54.29008,60.0,0.0,0.0,Com Vítimas Feridas,Não,Falta de acostamento,Capotamento,Pleno dia,Céu Claro,Simples,Aclive,Não,Decrescente
748718,2026-01-29,quinta-feira,07:00:00,PR,369.0,"140,6",ibipora,-23.286282,-51.0752,1.0,0.0,0.0,Com Vítimas Feridas,Sim,Reação tardia ou ineficiente do condutor,Atropelamento de Pedestre,Pleno dia,Céu Claro,Múltipla,Reta,Sim,Crescente
748719,2026-01-29,quinta-feira,15:48:00,SE,235.0,10,nossa senhora do socorro,-10.878446,-37.15398,9.0,0.0,0.0,Com Vítimas Feridas,Sim,Conversão proibida,Queda de ocupante de veículo,Pleno dia,Sol,Simples,Declive,Sim,Decrescente
748722,2026-01-29,quinta-feira,10:30:00,MA,135.0,361,presidente dutra,-5.40031,-44.46636,0.0,3.0,0.0,Com Vítimas Feridas,Sim,Reação tardia ou ineficiente do condutor,Engavetamento,Pleno dia,Céu Claro,Simples,Em Obras,Não,Decrescente
748724,2026-01-29,quinta-feira,13:21:00,PR,277.0,679,medianeira,-25.314497,-54.15146,5.0,5.0,0.0,Com Vítimas Feridas,Sim,Reação tardia ou ineficiente do condutor,Tombamento,Pleno dia,Céu Claro,Dupla,Reta;Declive,Sim,Decrescente
748725,2026-01-29,quinta-feira,13:45:00,PA,316.0,"35,9",santa izabel do para,-1.290315,-48.15609,0.0,0.0,0.0,Sem Vítimas,Não,Ausência de reação do condutor,Colisão lateral mesmo sentido,Pleno dia,Nublado,Dupla,Curva,Sim,Crescente
748726,2026-01-26,segunda-feira,01:48:00,RJ,465.0,"22,5",rio de janeiro,-22.865562,-43.600224,0.0,2.0,0.0,Com Vítimas Feridas,Sim,Ultrapassagem Indevida,Colisão frontal,Plena Noite,Vento,Simples,Reta,Não,Crescente
748727,2026-01-29,quinta-feira,15:34:00,PI,343.0,5,teresina,-5.083443,-42.796597,1.0,0.0,0.0,Com Vítimas Feridas,Sim,Condutor deixou de manter distância do veículo da frente,Colisão traseira,Pleno dia,Céu Claro,Simples,Ponte,Sim,Decrescente
748728,2026-01-29,quinta-feira,16:20:00,ES,101.0,188,aracruz,-19.57856,-40.18671,2.0,0.0,0.0,Com Vítimas Feridas,Sim,Acessar a via sem observar a presença dos outros veículos,Colisão transversal,Pleno dia,Céu Claro,Simples,Reta,Não,Crescente
748729,2026-01-29,quinta-feira,13:30:00,MG,381.0,559,itaguara,-20.357634,-44.461708,1.0,0.0,0.0,Com Vítimas Feridas,Sim,Condutor Dormindo,Colisão traseira,Pleno dia,Céu Claro,Dupla,Reta;Declive,Não,Crescente
748730,2026-01-29,quinta-feira,16:00:00,SP,116.0,63,guaratingueta,-22.81561,-45.1805,4.0,0.0,0.0,Com Vítimas Feridas,Sim,Demais falhas mecânicas ou elétricas,Queda de ocupante de veículo,Pleno dia,Nublado,Dupla,Reta,Não,Crescente
748732,2026-01-29,quinta-feira,15:35:00,RS,101.0,"16,1",dom pedro de alcantara,-29.414618,-49.85901,2.0,0.0,0.0,Com Vítimas Feridas,Sim,Velocidade Incompatível,Saída de leito carroçável,Pleno dia,Chuva,Dupla,Reta,Não,Decrescente
748733,2026-01-29,quinta-feira,15:33:00,SP,116.0,"229,9",sao paulo,-23.513683,-46.57682,3.0,0.0,0.0,Com Vítimas Feridas,Não,Frear bruscamente,Engavetamento,Pleno dia,Nublado,Múltipla,Reta,Sim,Decrescente
748734,2026-01-29,quinta-feira,14:00:00,RO,421.0,11,ariquemes,-9.97375,-63.12822,2.0,0.0,0.0,Com Vítimas Feridas,Não,Reação tardia ou ineficiente do condutor,Queda de ocupante de veículo,Pleno dia,Céu Claro,Simples,Declive;Reta,Não,Decrescente
748735,2026-01-29,quinta-feira,15:20:00,MG,116.0,407,governador valadares,-18.8416,-41.98397,2.0,0.0,0.0,Com Vítimas Feridas,Sim,Manobra de mudança de faixa,Tombamento,Pleno dia,Céu Claro,Dupla,Reta,Não,Crescente
748736,2026-01-29,quinta-feira,14:30:00,MS,163.0,104,itaquirai,-23.2454,-54.22492,2.0,0.0,0.0,Com Vítimas Feridas,Não,Problema com o freio,Colisão traseira,Pleno dia,Céu Claro,Simples,Reta;Aclive,Não,Decrescente
748737,2026-01-29,quinta-feira,16:05:00,PR,376.0,258,california,-23.682852,-51.350292,2.0,0.0,0.0,Com Vítimas Feridas,Sim,Acumulo de água sobre o pavimento,Queda de ocupante de veículo,Pleno dia,Chuva,Simples,Curva,Não,Decrescente
748738,2026-01-29,quinta-feira,16:50:00,PI,343.0,348,teresina,-5.1215544,-42.792347,4.0,0.0,0.0,Com Vítimas Feridas,Não,Condutor deixou de manter distância do veículo da frente,Queda de ocupante de veículo,Pleno dia,Céu Claro,Dupla,Reta,Sim,Crescente
748740,2026-01-29,quinta-feira,14:45:00,PR,277.0,"404,1",candoi,-25.458445,-51.964054,0.0,0.0,0.0,Sem Vítimas,Sim,Demais falhas mecânicas ou elétricas,Incêndio,Pleno dia,Céu Claro,Simples,Reta;Aclive,Não,Decrescente
748741,2026-01-29,quinta-feira,16:10:00,SC,280.0,"27,8",araquari,-26.410236,-48.75239,1.0,0.0,0.0,Com Vítimas Feridas,Sim,Trafegar com motocicleta (ou similar) entre as faixas,Colisão lateral mesmo sentido,Pleno dia,Garoa/Chuvisco,Simples,Reta,Não,Decrescente
748743,2026-01-29,quinta-feira,17:00:00,BA,242.0,393,seabra,-12.457955,-41.645584,0.0,0.0,0.0,Sem Vítimas,Sim,Condutor deixou de manter distância do veículo da frente,Colisão traseira,Pleno dia,Céu Claro,Simples,Reta,Não,Crescente
748745,2026-01-29,quinta-feira,13:30:00,RS,158.0,"175,4",pejucara,-28.477003,-53.547146,2.0,0.0,0.0,Com Vítimas Feridas,Sim,Mal súbito do condutor,Saída de leito carroçável,Pleno dia,Céu Claro,Simples,Reta;Em Obras,Não,Crescente
748746,2026-01-29,quinta-feira,16:35:00,PR,476.0,112,colombo,-25.319641,-49.159275,3.0,0.0,0.0,Com Vítimas Feridas,Não,Velocidade Incompatível,Colisão transversal,Pleno dia,Nublado,Simples,Reta,Sim,Crescente
748747,2026-01-22,quinta-feira,05:00:00,BA,324.0,576,sao sebastiao do passe,-12.583869,-38.53164,0.0,0.0,0.0,Sem Vítimas,Sim,Demais falhas mecânicas ou elétricas,Incêndio,Plena Noite,Ignorado,Dupla,Reta,Não,Crescente
748748,2026-01-29,quinta-feira,13:40:00,RS,287.0,"334,3",sao vicente do sul,-29.644623,-54.679535,0.0,2.0,0.0,Com Vítimas Feridas,Não,Acumulo de areia ou detritos sobre o pavimento,Saída de leito carroçável,Pleno dia,Céu Claro,Simples,Curva,Não,Crescente
748749,2026-01-29,quinta-feira,15:40:00,PB,230.0,129,campina grande,-7.269277,-35.721893,0.0,0.0,0.0,Sem Vítimas,Sim,Demais falhas mecânicas ou elétricas,Incêndio,Pleno dia,Céu Claro,Dupla,Reta,Não,Crescente
748750,2026-01-29,quinta-feira,17:15:00,SC,282.0,3,florianopolis,-27.600079,-48.59988,1.0,0.0,0.0,Com Vítimas Feridas,Sim,Reação tardia ou ineficiente do condutor,Tombamento,Pleno dia,Chuva,Múltipla,Curva,Sim,Crescente
748751,2026-01-29,quinta-feira,17:00:00,PR,369.0,"115,5",urai,-23.2782,-50.8589,1.0,0.0,0.0,Com Vítimas Feridas,Sim,Acessar a via sem observar a presença dos outros veículos,Colisão lateral mesmo sentido,Pleno dia,Céu Claro,Dupla,Curva;Declive,Não,Crescente
748753,2026-01-29,quinta-feira,17:35:00,SC,470.0,"61,9",indaial,-26.874474,-49.18463,2.0,0.0,0.0,Com Vítimas Feridas,Não,Transitar na contramão,Colisão lateral mesmo sentido,Pleno dia,Nublado,Simples,Reta,Não,Crescente
748754,2026-01-29,quinta-feira,18:30:00,TO,153.0,498,paraiso do tocantins,-10.189432,-48.88032,2.0,0.0,0.0,Com Vítimas Feridas,Sim,Ausência de reação do condutor,Queda de ocupante de veículo,Anoitecer,Nublado,Simples,Reta;Interseção de Vias;Declive,Sim,Crescente
748755,2026-01-29,quinta-feira,17:45:00,SC,282.0,"541,9",chapeco,-26.999468,-52.705616,4.0,0.0,0.0,Com Vítimas Feridas,Não,Transitar na contramão,Saída de leito carroçável,Pleno dia,Chuva,Simples,Reta,Não,Crescente
748756,2026-01-29,quinta-feira,17:25:00,PR,369.0,154,londrina,-23.297945,-51.196316,0.0,1.0,0.0,Com Vítimas Feridas,Sim,Acessar a via sem observar a presença dos outros veículos,Atropelamento de Pedestre,Pleno dia,Sol,Dupla,Reta,Sim,Crescente
748757,2026-01-29,quinta-feira,17:30:00,PR,116.0,18,curitiba,-25.388887,-49.198353,1.0,0.0,0.0,Com Vítimas Feridas,Sim,Condutor deixou de manter distância do veículo da frente,Colisão traseira,Pleno dia,Garoa/Chuvisco,Dupla,Reta;Aclive,Sim,Crescente
748758,2026-01-29,quinta-feira,11:00:00,RJ,101.0,303,sao goncalo,-22.784773,-42.98108,0.0,0.0,0.0,Sem Vítimas,Sim,Reação tardia ou ineficiente do condutor,Colisão traseira,Pleno dia,Céu Claro,Dupla,Reta;Declive,Sim,Crescente
748759,2026-01-29,quinta-feira,18:20:00,RS,392.0,351,santa maria,-29.728043,-53.803474,3.0,3.0,0.0,Com Vítimas Feridas,Sim,Acessar a via sem observar a presença dos outros veículos,Queda de ocupante de veículo,Pleno dia,Sol,Dupla,Rotatória,Sim,Crescente
748762,2026-01-29,quinta-feira,17:29:00,ES,101.0,259,serra,-20.144,-40.29091,6.0,0.0,0.0,Com Vítimas Feridas,Não,Reação tardia ou ineficiente do condutor,Queda de ocupante de veículo,Pleno dia,Céu Claro,Simples,Reta;Declive,Sim,Crescente
748764,2026-01-29,quinta-feira,18:20:00,SC,101.0,205,sao jose,-27.58352,-48.61467,2.0,0.0,0.0,Com Vítimas Feridas,Sim,Pista Escorregadia,Queda de ocupante de veículo,Pleno dia,Chuva,Simples,Curva,Não,Decrescente
748765,2026-01-29,quinta-feira,17:56:00,RN,304.0,"227,8",riachuelo,-5.748458,-35.9135,6.0,0.0,0.0,Com Vítimas Feridas,Sim,Ausência de reação do condutor,Tombamento,Plena Noite,Céu Claro,Simples,Reta,Não,Crescente
748766,2026-01-29,quinta-feira,18:15:00,SC,101.0,144,itapema,-27.070646,-48.595486,0.0,20.0,0.0,Com Vítimas Feridas,Não,Condutor deixou de manter distância do veículo da frente,Atropelamento de Pedestre,Anoitecer,Garoa/Chuvisco,Dupla,Reta,Não,Decrescente
748767,2026-01-29,quinta-feira,18:00:00,MG,381.0,496,betim,-19.975512,-44.194683,0.0,2.0,0.0,Com Vítimas Feridas,Sim,Entrada inopinada do pedestre,Atropelamento de Pedestre,Pleno dia,Céu Claro,Múltipla,Reta,Sim,Decrescente
748768,2026-01-29,quinta-feira,16:00:00,SC,280.0,"99,2",sao bento do sul,-26.371471,-49.33186,0.0,0.0,0.0,Sem Vítimas,Sim,Velocidade Incompatível,Capotamento,Pleno dia,Chuva,Simples,Curva;Declive,Não,Decrescente
748769,2026-01-29,quinta-feira,18:10:00,SC,101.0,206,sao jose,-27.589079,-48.61756,1.0,0.0,0.0,Com Vítimas Feridas,Sim,Reação tardia ou ineficiente do condutor,Colisão transversal,Anoitecer,Chuva,Simples,Interseção de Vias,Sim,Crescente
748770,2026-01-29,quinta-feira,17:55:00,RO,364.0,238,cacoal,-11.438018,-61.456074,16.0,16.0,0.0,Com Vítimas Feridas,Não,Ausência de reação do condutor,Colisão frontal,Anoitecer,Céu Claro,Simples,Interseção de Vias,Sim,Decrescente