id,data_inversa,dia_semana,horario,uf,br,km,municipio,latitude,longitude,feridos_leves,feridos_graves,mortos,classificacao_acidente,causa_principal,causa_acidente,tipo_acidente,fase_dia,condicao_metereologica,tipo_pista,tracado_via,uso_solo,sentido_via
748771,2026-01-21,quarta-feira,13:30:00,CE,116.0,19,eusebio,-3.9208791,-38.50725,0.0,1.0,0.0,Com Vítimas Feridas,Sim,Condutor deixou de manter distância do veículo da frente,Queda de ocupante de veículo,Pleno dia,Céu Claro,Dupla,Reta,Sim,Decrescente
748772,2026-01-29,quinta-feira,14:30:00,SC,280.0,"236,7",canoinhas,-26.196644,-50.42887,1.0,0.0,0.0,Com Vítimas Feridas,Sim,Condutor deixou de manter distância do veículo da frente,Colisão traseira,Pleno dia,Nublado,Simples,Reta,Sim,Decrescente
748774,2026-01-29,quinta-feira,13:10:00,MG,354.0,"727,4",pouso alto,-22.140825,-44.970734,1.0,0.0,0.0,Com Vítimas Feridas,Sim,Carga excessiva e/ou mal acondicionada,Tombamento,Pleno dia,Chuva,Simples,Rotatória,Não,Decrescente
748775,2026-01-29,quinta-feira,16:00:00,MA,316.0,"349,5",bacabal,-4.234405,-44.88282,6.0,0.0,0.0,Com Vítimas Feridas,Sim,Acessar a via sem observar a presença dos outros veículos,Tombamento,Pleno dia,Chuva,Simples,Curva,Sim,Crescente
748777,2026-01-29,quinta-feira,19:40:00,PR,277.0,7,paranagua,-25.510506,-48.519215,1.0,0.0,0.0,Com Vítimas Feridas,Sim,Reação tardia ou ineficiente do condutor,Colisão frontal,Plena Noite,Garoa/Chuvisco,Simples,Reta;Interseção de Vias,Sim,Crescente
748778,2026-01-29,quinta-feira,19:52:00,AP,210.0,"0,8",macapa,0.078,-51.0698,4.0,0.0,0.0,Com Vítimas Feridas,Sim,Ausência de reação do condutor,Queda de ocupante de veículo,Plena Noite,Céu Claro,Dupla,Reta,Sim,Crescente
748779,2026-01-29,quinta-feira,19:20:00,SP,116.0,219,guarulhos,-23.460924,-46.48838,0.0,2.0,0.0,Com Vítimas Feridas,Não,Deficiência do Sistema de Iluminação/Sinalização,Atropelamento de Pedestre,Plena Noite,Céu Claro,Múltipla,Reta,Sim,Crescente
748781,2026-01-29,quinta-feira,20:00:00,SP,116.0,"161,9",jacarei,-23.28066,-45.982914,1.0,0.0,0.0,Com Vítimas Feridas,Sim,Demais falhas mecânicas ou elétricas,Tombamento,Plena Noite,Chuva,Dupla,Reta,Sim,Decrescente
748782,2026-01-29,quinta-feira,15:30:00,PR,163.0,198,cascavel,-25.01969,-53.553204,0.0,0.0,0.0,Sem Vítimas,Sim,Avarias e/ou desgaste excessivo no pneu,Capotamento,Pleno dia,Céu Claro,Dupla,Reta,Não,Crescente
748783,2026-01-29,quinta-feira,18:30:00,SP,381.0,86,sao paulo,-23.467455,-46.570957,1.0,0.0,0.0,Com Vítimas Feridas,Sim,Condutor deixou de manter distância do veículo da frente,Queda de ocupante de veículo,Plena Noite,Chuva,Múltipla,Reta,Sim,Decrescente
748784,2026-01-29,quinta-feira,17:55:00,SC,101.0,"50,9",joinville,-26.39194,-48.83987,4.0,0.0,0.0,Com Vítimas Feridas,Sim,Ausência de reação do condutor,Colisão com objeto,Anoitecer,Nublado,Dupla,Reta,Não,Crescente
748785,2026-01-29,quinta-feira,17:30:00,PI,316.0,"337,9",geminiano,-7.111345,-41.227886,8.0,0.0,0.0,Com Vítimas Feridas,Não,Reação tardia ou ineficiente do condutor,Tombamento,Anoitecer,Nublado,Simples,Reta,Sim,Decrescente
748787,2026-01-29,quinta-feira,20:30:00,PR,277.0,4,curitiba,-25.43053,-49.322903,3.0,0.0,0.0,Com Vítimas Feridas,Não,Condutor deixou de manter distância do veículo da frente,Colisão traseira,Plena Noite,Nublado,Dupla,Reta;Aclive,Sim,Decrescente
748789,2026-01-29,quinta-feira,18:45:00,PR,277.0,662,matelandia,-25.25163,-53.990204,2.0,0.0,0.0,Com Vítimas Feridas,Sim,Acumulo de óleo sobre o pavimento,Queda de ocupante de veículo,Anoitecer,Chuva,Dupla,Curva,Não,Decrescente
748790,2026-01-23,sexta-feira,17:14:00,RJ,101.0,77,campos dos goytacazes,-21.828606,-41.408173,0.0,0.0,0.0,Sem Vítimas,Sim,Condutor deixou de manter distância do veículo da frente,Colisão traseira,Pleno dia,Chuva,Simples,Reta,Sim,Crescente
748791,2026-01-29,quinta-feira,19:00:00,RJ,116.0,"248,6",pirai,-22.666687,-43.841534,1.0,0.0,0.0,Com Vítimas Feridas,Sim,Acumulo de água sobre o pavimento,Colisão com objeto,Plena Noite,Chuva,Dupla,Reta,Não,Decrescente
748792,2026-01-29,quinta-feira,20:30:00,MG,262.0,"354,1",betim,-19.977009,-44.25713,4.0,0.0,0.0,Com Vítimas Feridas,Não,Transitar no Acostamento,Tombamento,Plena Noite,Chuva,Dupla,Reta,Não,Decrescente
748793,2026-01-29,quinta-feira,19:55:00,RS,290.0,176,butia,-30.132172,-51.978195,0.0,2.0,0.0,Com Vítimas Feridas,Sim,Acessar a via sem observar a presença dos outros veículos,Tombamento,Plena Noite,Nublado,Simples,Reta,Sim,Crescente
748794,2026-01-29,quinta-feira,21:00:00,PA,230.0,584,vitoria do xingu,-3.094102,-51.85257,0.0,2.0,0.0,Com Vítimas Feridas,Sim,Reação tardia ou ineficiente do condutor,Tombamento,Plena Noite,Nublado,Simples,Curva;Aclive,Não,Crescente
748795,2026-01-29,quinta-feira,20:10:00,SC,101.0,145,itapema,-27.08619,-48.60798,4.0,0.0,0.0,Com Vítimas Feridas,Sim,Ausência de reação do condutor,Queda de ocupante de veículo,Plena Noite,Garoa/Chuvisco,Múltipla,Curva,Não,Crescente
748796,2026-01-29,quinta-feira,21:20:00,MG,262.0,"354,1",betim,-19.97629,-44.25786,12.0,0.0,0.0,Com Vítimas Feridas,Não,Ausência de reação do condutor,Colisão com objeto,Plena Noite,Chuva,Múltipla,Reta,Não,Decrescente
748797,2026-01-17,sábado,20:00:00,RJ,393.0,283,volta redonda,-22.494068,-44.067146,2.0,0.0,0.0,Com Vítimas Feridas,Sim,Transitar na contramão,Colisão frontal,Plena Noite,Chuva,Simples,Reta,Não,Crescente
748798,2026-01-29,quinta-feira,15:14:00,PA,163.0,558,trairao,-5.1341,-56.1042,6.0,0.0,0.0,Com Vítimas Feridas,Não,Velocidade Incompatível,Derramamento de carga,Pleno dia,Sol,Simples,Declive;Curva,Não,Crescente
748799,2026-01-29,quinta-feira,15:20:00,PI,135.0,"313,8",cristino castro,-8.793988,-44.20788,6.0,0.0,0.0,Com Vítimas Feridas,Não,Reação tardia ou ineficiente do condutor,Colisão com objeto,Pleno dia,Céu Claro,Simples,Reta,Não,Decrescente
748800,2026-01-01,quinta-feira,18:00:00,RS,285.0,161,muitos capoes,-28.319508,-51.249115,2.0,0.0,0.0,Com Vítimas Feridas,Sim,Reação tardia ou ineficiente do condutor,Colisão com objeto,Anoitecer,Garoa/Chuvisco,Simples,Reta,Não,Decrescente
748801,2026-01-29,quinta-feira,21:30:00,PR,277.0,"35,5",morretes,-25.574106,-48.828316,2.0,0.0,0.0,Com Vítimas Feridas,Sim,Reação tardia ou ineficiente do condutor,Tombamento,Plena Noite,Nublado,Dupla,Reta;Aclive,Não,Crescente
748802,2026-01-29,quinta-feira,19:37:00,PR,116.0,10,campina grande do sul,-25.083412,-48.64274,6.0,0.0,0.0,Com Vítimas Feridas,Não,Reação tardia ou ineficiente do condutor,Queda de ocupante de veículo,Anoitecer,Chuva,Dupla,Curva,Não,Crescente
748803,2026-01-29,quinta-feira,21:15:00,PR,272.0,"368,1",campo mourao,-24.054205,-52.409992,0.0,0.0,0.0,Sem Vítimas,Sim,Ingestão de álcool pelo condutor,Colisão com objeto,Plena Noite,Chuva,Dupla,Reta,Sim,Crescente
748804,2026-01-29,quinta-feira,16:15:00,MG,381.0,420,nova uniao,-19.6888,-43.5868,0.0,1.0,0.0,Com Vítimas Feridas,Sim,Ultrapassagem Indevida,Colisão lateral mesmo sentido,Pleno dia,Céu Claro,Dupla,Curva,Não,Crescente
748805,2026-01-29,quinta-feira,15:35:00,MT,163.0,670,lucas do rio verde,-13.208644,-55.997265,12.0,0.0,0.0,Com Vítimas Feridas,Sim,Reação tardia ou ineficiente do condutor,Capotamento,Pleno dia,Chuva,Simples,Reta,Não,Decrescente
748806,2026-01-29,quinta-feira,21:30:00,DF,20.0,"2,5",brasilia,-15.681132,-47.83505,1.0,0.0,0.0,Com Vítimas Feridas,Sim,Suicídio (presumido),Atropelamento de Pedestre,Plena Noite,Céu Claro,Múltipla,Reta,Sim,Crescente
748808,2026-01-29,quinta-feira,19:40:00,SC,470.0,"104,8",apiuna,-27.06772,-49.41851,0.0,0.0,4.0,Com Vítimas Fatais,Não,Velocidade Incompatível,Saída de leito carroçável,Plena Noite,Chuva,Simples,Declive;Reta,Não,Crescente
748809,2026-01-29,quinta-feira,20:50:00,SC,101.0,132,balneario camboriu,-27.029478,-48.605465,2.0,0.0,0.0,Com Vítimas Feridas,Sim,Ausência de reação do condutor,Colisão com objeto,Plena Noite,Garoa/Chuvisco,Simples,Curva,Sim,Crescente
748810,2026-01-29,quinta-feira,22:30:00,ES,262.0,"107,4",venda nova do imigrante,-20.331776,-41.158665,6.0,0.0,0.0,Com Vítimas Feridas,Não,Iluminação deficiente,Tombamento,Plena Noite,Nublado,Simples,Reta,Não,Crescente
748811,2026-01-29,quinta-feira,20:00:00,RJ,101.0,251,silva jardim,-22.680004,-42.526844,0.0,0.0,0.0,Sem Vítimas,Sim,Demais falhas mecânicas ou elétricas,Incêndio,Plena Noite,Céu Claro,Dupla,Reta,Não,Crescente
748813,2026-01-29,quinta-feira,19:30:00,MT,364.0,141,pedra preta,-16.788393,-54.216347,0.0,0.0,2.0,Com Vítimas Fatais,Não,Ausência de reação do condutor,Colisão frontal,Plena Noite,Céu Claro,Simples,Aclive;Reta,Não,Decrescente
748814,2026-01-29,quinta-feira,20:50:00,RJ,101.0,385,rio de janeiro,-22.870485,-43.600475,1.0,0.0,0.0,Com Vítimas Feridas,Sim,Manobra de mudança de faixa,Colisão traseira,Plena Noite,Nublado,Dupla,Reta,Sim,Decrescente
748815,2026-01-29,quinta-feira,20:40:00,MT,174.0,8,pontes e lacerda,-15.210999,-59.357605,0.0,0.0,0.0,Sem Vítimas,Sim,Ingestão de álcool pelo condutor,Saída de leito carroçável,Plena Noite,Céu Claro,Simples,Reta,Não,Crescente
748816,2026-01-29,quinta-feira,22:45:00,PR,116.0,35,campina grande do sul,-25.127932,-48.857544,10.0,0.0,0.0,Com Vítimas Feridas,Sim,Ausência de reação do condutor,Capotamento,Plena Noite,Céu Claro,Dupla,Curva,Não,Crescente
748817,2026-01-29,quinta-feira,09:10:00,MG,251.0,454,montes claros,-16.799282,-43.900337,0.0,1.0,0.0,Com Vítimas Feridas,Sim,Reação tardia ou ineficiente do condutor,Colisão frontal,Pleno dia,Céu Claro,Simples,Reta,Não,Crescente
748818,2026-01-29,quinta-feira,23:30:00,RS,470.0,223,garibaldi,-29.227144,-51.51593,0.0,2.0,0.0,Com Vítimas Feridas,Sim,Acessar a via sem observar a presença dos outros veículos,Tombamento,Plena Noite,Nublado,Simples,Retorno Regulamentado;Reta;Declive,Sim,Decrescente
748819,2026-01-29,quinta-feira,21:39:00,PI,316.0,314,picos,-7.077925,-41.43975,0.0,0.0,12.0,Com Vítimas Fatais,Não,Velocidade Incompatível,Queda de ocupante de veículo,Plena Noite,Céu Claro,Simples,Reta,Sim,Decrescente
748820,2026-01-29,quinta-feira,23:35:00,BA,101.0,870,teixeira de freitas,-17.496246,-39.704113,0.0,0.0,1.0,Com Vítimas Fatais,Sim,Transitar na contramão,Colisão frontal,Plena Noite,Céu Claro,Simples,Curva,Não,Decrescente
748821,2026-01-30,sexta-feira,00:20:00,BA,324.0,609,simoes filho,-12.835371,-38.413162,4.0,0.0,0.0,Com Vítimas Feridas,Sim,Ausência de reação do condutor,Capotamento,Plena Noite,Nublado,Dupla,Reta,Não,Decrescente
748822,2026-01-29,quinta-feira,22:30:00,RJ,40.0,120,duque de caxias,-22.784794,-43.28523,2.0,0.0,0.0,Com Vítimas Feridas,Sim,Demais falhas mecânicas ou elétricas,Queda de ocupante de veículo,Plena Noite,Nublado,Dupla,Reta,Sim,Decrescente
748823,2026-01-30,sexta-feira,01:10:00,RJ,101.0,331,rio de janeiro,-22.87131,-43.203945,0.0,2.0,0.0,Com Vítimas Feridas,Não,Objeto estático sobre o leito carroçável,Queda de ocupante de veículo,Plena Noite,Nublado,Dupla,Reta;Em Obras;Ponte,Não,Decrescente
748824,2026-01-30,sexta-feira,01:30:00,MG,381.0,652,desterro de entre rios,-20.550638,-44.19168,2.0,0.0,0.0,Com Vítimas Feridas,Sim,Chuva,Capotamento,Plena Noite,Chuva,Dupla,Curva,Não,Crescente
748825,2026-01-30,sexta-feira,00:50:00,RJ,393.0,147,tres rios,-22.053598,-43.02194,0.0,1.0,0.0,Com Vítimas Feridas,Sim,Velocidade Incompatível,Tombamento,Plena Noite,Céu Claro,Simples,Curva;Declive,Não,Crescente
748826,2026-01-29,quinta-feira,22:30:00,PI,316.0,4,teresina,-5.267926,-42.727406,1.0,0.0,0.0,Com Vítimas Feridas,Sim,Reação tardia ou ineficiente do condutor,Colisão com objeto,Plena Noite,Chuva,Dupla,Curva,Não,Crescente
748827,2026-01-29,quinta-feira,20:49:00,MT,163.0,"604,8",nova mutum,-13.769,-56.056,1.0,0.0,0.0,Com Vítimas Feridas,Sim,Demais falhas mecânicas ou elétricas,Colisão traseira,Plena Noite,Céu Claro,Dupla,Reta,Não,Decrescente
748828,2026-01-30,sexta-feira,02:50:00,SC,101.0,"134,7",balneario camboriu,-27.00462,-48.629242,2.0,0.0,0.0,Com Vítimas Feridas,Sim,Condutor usando celular,Colisão com objeto,Plena Noite,Céu Claro,Múltipla,Reta,Sim,Crescente
748829,2026-01-30,sexta-feira,02:50:00,PR,376.0,"540,9",palmeira,-25.405542,-49.78372,0.0,0.0,0.0,Sem Vítimas,Sim,Condutor Dormindo,Colisão com objeto,Plena Noite,Nublado,Dupla,Reta;Declive,Não,Decrescente
748830,2026-01-25,domingo,19:30:00,BA,324.0,513,feira de santana,-12.2309675,-38.962067,2.0,2.0,0.0,Com Vítimas Feridas,Sim,Acessar a via sem observar a presença dos outros veículos,Colisão transversal,Plena Noite,Nublado,Simples,Reta,Sim,Crescente
748831,2026-01-29,quinta-feira,20:00:00,BA,101.0,443,ubaitaba,-14.288509,-39.32474,1.0,0.0,0.0,Com Vítimas Feridas,Sim,Reação tardia ou ineficiente do condutor,Queda de ocupante de veículo,Plena Noite,Nublado,Simples,Curva,Não,Decrescente
748832,2026-01-30,sexta-feira,03:57:00,GO,153.0,"551,5",piracanjuba,-17.142742,-49.21515,0.0,0.0,0.0,Sem Vítimas,Sim,Reação tardia ou ineficiente do condutor,Colisão traseira,Plena Noite,Nublado,Dupla,Reta,Não,Decrescente
748833,2026-01-30,sexta-feira,00:40:00,RJ,116.0,208,seropedica,-22.725206,-43.659584,1.0,3.0,0.0,Com Vítimas Feridas,Sim,Reação tardia ou ineficiente do condutor,Capotamento,Plena Noite,Céu Claro,Dupla,Reta,Não,Crescente
748834,2026-01-30,sexta-feira,04:30:00,RS,116.0,317,barra do ribeiro,-30.26637,-51.40728,0.0,0.0,0.0,Sem Vítimas,Não,Ingestão de álcool pelo condutor,Colisão com objeto,Amanhecer,Chuva,Dupla,Reta,Não,Crescente
748836,2026-01-29,quinta-feira,19:00:00,RJ,356.0,156,campos dos goytacazes,-21.752972,-41.22863,2.0,0.0,0.0,Com Vítimas Feridas,Não,Deficiência do Sistema de Iluminação/Sinalização,Atropelamento de Pedestre,Pleno dia,Nublado,Simples,Reta,Não,Decrescente
748837,2026-01-29,quinta-feira,18:30:00,MT,70.0,153,general carneiro,-15.578358,-53.36464,2.0,0.0,0.0,Com Vítimas Feridas,Sim,Condutor Dormindo,Tombamento,Plena Noite,Céu Claro,Simples,Reta;Aclive,Não,Decrescente
748838,2026-01-30,sexta-feira,06:00:00,CE,116.0,"192,7",limoeiro do norte,-5.1424985,-38.159775,0.0,1.0,0.0,Com Vítimas Feridas,Sim,Velocidade Incompatível,Tombamento,Pleno dia,Céu Claro,Simples,Curva,Não,Decrescente
748840,2026-01-29,quinta-feira,20:20:00,PA,10.0,"5,1",dom eliseu,-4.39944,-47.53129,40.0,0.0,20.0,Com Vítimas Fatais,Sim,Chuva,Saída de leito carroçável,Plena Noite,Chuva,Simples,Curva;Aclive,Não,Crescente
748841,2026-01-30,sexta-feira,05:15:00,MG,381.0,153,governador valadares,-18.924799,-42.034206,4.0,2.0,0.0,Com Vítimas Feridas,Sim,Condutor Dormindo,Tombamento,Amanhecer,Céu Claro,Simples,Reta,Não,Crescente
748842,2026-01-30,sexta-feira,07:20:00,SC,470.0,"59,6",blumenau,-26.88236,-49.16137,12.0,0.0,0.0,Com Vítimas Feridas,Não,Reação tardia ou ineficiente do condutor,Queda de ocupante de veículo,Pleno dia,Nublado,Simples,Em Obras,Sim,Decrescente
748843,2026-01-30,sexta-feira,06:55:00,DF,20.0,2,brasilia,-15.682655,-47.840893,3.0,0.0,0.0,Com Vítimas Feridas,Não,Trafegar com motocicleta (ou similar) entre as faixas,Colisão traseira,Pleno dia,Céu Claro,Dupla,Reta,Não,Decrescente
748844,2026-01-30,sexta-feira,06:40:00,MG,251.0,512,montes claros,-16.656998,-43.722626,3.0,0.0,0.0,Com Vítimas Feridas,Sim,Ultrapassagem Indevida,Colisão com objeto,Pleno dia,Céu Claro,Simples,Reta;Declive,Não,Decrescente
748845,2026-01-30,sexta-feira,02:09:00,MT,163.0,111,rondonopolis,-16.559994,-54.678257,0.0,0.0,0.0,Sem Vítimas,Sim,Condutor Dormindo,Saída de leito carroçável,Plena Noite,Céu Claro,Dupla,Reta,Não,Decrescente
748846,2026-01-30,sexta-feira,07:10:00,SC,470.0,"64,8",indaial,-26.86995,-49.21019,6.0,0.0,0.0,Com Vítimas Feridas,Não,Condutor deixou de manter distância do veículo da frente,Queda de ocupante de veículo,Pleno dia,Céu Claro,Simples,Em Obras;Aclive;Desvio Temporário,Não,Decrescente
748847,2026-01-30,sexta-feira,06:33:00,MS,163.0,"255,1",dourados,-22.264826,-54.808395,10.0,10.0,0.0,Com Vítimas Feridas,Não,Falta de elemento de contenção que evite a saída do leito carroçável,Colisão frontal,Pleno dia,Céu Claro,Dupla,Reta;Declive,Sim,Decrescente
748849,2026-01-30,sexta-feira,07:08:00,BA,324.0,604,simoes filho,-12.798521,-38.40313,1.0,0.0,0.0,Com Vítimas Feridas,Sim,Acessar a via sem observar a presença dos outros veículos,Colisão traseira,Pleno dia,Céu Claro,Dupla,Reta,Não,Decrescente
748850,2026-01-30,sexta-feira,05:10:00,RO,364.0,511,ariquemes,-9.957301,-63.0506,3.0,3.0,0.0,Com Vítimas Feridas,Sim,Condutor Dormindo,Queda de ocupante de veículo,Amanhecer,Céu Claro,Simples,Reta,Não,Crescente
748851,2026-01-30,sexta-feira,07:00:00,SC,101.0,"357,2",sangao,-28.645922,-49.102802,0.0,6.0,0.0,Com Vítimas Feridas,Não,Reação tardia ou ineficiente do condutor,Queda de ocupante de veículo,Pleno dia,Céu Claro,Múltipla,Reta,Não,Crescente
748852,2026-01-30,sexta-feira,06:50:00,SP,116.0,"100,7",pindamonhangaba,-22.98913,-45.47778,1.0,0.0,0.0,Com Vítimas Feridas,Sim,Avarias e/ou desgaste excessivo no pneu,Tombamento,Pleno dia,Nublado,Dupla,Reta,Não,Decrescente
748853,2026-01-30,sexta-feira,07:35:00,PR,277.0,"10,3",foz do iguacu,-25.575598,-54.550755,2.0,0.0,0.0,Com Vítimas Feridas,Não,Reação tardia ou ineficiente do condutor,Queda de ocupante de veículo,Pleno dia,Céu Claro,Simples,Rotatória,Sim,Crescente
748854,2026-01-30,sexta-feira,08:00:00,SP,116.0,"132,2",cacapava,-23.132202,-45.746326,6.0,0.0,0.0,Com Vítimas Feridas,Não,Trafegar com motocicleta (ou similar) entre as faixas,Queda de ocupante de veículo,Pleno dia,Céu Claro,Dupla,Reta,Não,Crescente
748855,2026-01-30,sexta-feira,06:20:00,MG,365.0,305,joao pinheiro,-18.17165,-45.78302,0.0,2.0,0.0,Com Vítimas Feridas,Não,Pista Escorregadia,Tombamento,Amanhecer,Chuva,Simples,Reta,Não,Crescente
748856,2026-01-30,sexta-feira,06:00:00,GO,70.0,311,itapirapua,-15.857288,-50.759415,0.0,2.0,2.0,Com Vítimas Fatais,Não,Condutor Dormindo,Colisão frontal,Amanhecer,Nublado,Simples,Reta,Não,Crescente
748857,2026-01-30,sexta-feira,07:15:00,SP,116.0,472,jacupiranga,-24.675322,-47.979588,1.0,0.0,0.0,Com Vítimas Feridas,Sim,Ausência de reação do condutor,Tombamento,Pleno dia,Nublado,Dupla,Reta,Sim,Decrescente
748858,2026-01-30,sexta-feira,02:50:00,RJ,116.0,120,mage,-22.601614,-43.02456,0.0,0.0,0.0,Sem Vítimas,Sim,Demais falhas mecânicas ou elétricas,Incêndio,Plena Noite,Nublado,Dupla,Reta,Não,Decrescente
748859,2026-01-30,sexta-feira,07:20:00,PE,101.0,"127,9",escada,-8.378384,-35.242157,6.0,0.0,0.0,Com Vítimas Feridas,Sim,Reação tardia ou ineficiente do condutor,Queda de ocupante de veículo,Pleno dia,Céu Claro,Dupla,Reta,Sim,Decrescente
748860,2026-01-30,sexta-feira,07:30:00,MG,381.0,"812,2",sao goncalo do sapucai,-21.93795,-45.61798,2.0,0.0,0.0,Com Vítimas Feridas,Sim,Velocidade Incompatível,Colisão com objeto,Pleno dia,Chuva,Dupla,Curva,Não,Crescente
748861,2026-01-30,sexta-feira,07:40:00,MG,116.0,"279,2",teofilo otoni,-17.877234,-41.521114,0.0,3.0,0.0,Com Vítimas Feridas,Sim,Acessar a via sem observar a presença dos outros veículos,Queda de ocupante de veículo,Pleno dia,Céu Claro,Simples,Reta,Não,Crescente
748862,2026-01-30,sexta-feira,07:30:00,GO,153.0,504,aparecida de goiania,-16.747793,-49.24054,2.0,0.0,0.0,Com Vítimas Feridas,Sim,Acessar a via sem observar a presença dos outros veículos,Queda de ocupante de veículo,Pleno dia,Garoa/Chuvisco,Múltipla,Reta,Sim,Decrescente
748863,2026-01-30,sexta-feira,08:05:00,RS,290.0,80,gravatai,-29.953094,-51.0561,9.0,0.0,0.0,Com Vítimas Feridas,Não,Reação tardia ou ineficiente do condutor,Saída de leito carroçável,Pleno dia,Garoa/Chuvisco,Simples,Curva,Sim,Crescente
748865,2026-01-30,sexta-feira,07:50:00,PE,101.0,60,recife,-7.983275,-34.932102,4.0,0.0,0.0,Com Vítimas Feridas,Sim,Ausência de reação do condutor,Queda de ocupante de veículo,Pleno dia,Céu Claro,Dupla,Reta,Sim,Crescente
748866,2026-01-30,sexta-feira,07:28:00,MT,364.0,199,rondonopolis,-16.503994,-54.62601,9.0,0.0,0.0,Com Vítimas Feridas,Sim,Reação tardia ou ineficiente do condutor,Queda de ocupante de veículo,Pleno dia,Céu Claro,Dupla,Retorno Regulamentado;Aclive;Reta,Sim,Crescente
748868,2026-01-30,sexta-feira,05:45:00,MG,262.0,"128,2",rio casca,-20.16854,-42.69878,1.0,0.0,0.0,Com Vítimas Feridas,Sim,Objeto estático sobre o leito carroçável,Colisão lateral sentido oposto,Amanhecer,Céu Claro,Simples,Reta;Aclive,Não,Crescente
748869,2026-01-30,sexta-feira,08:38:00,PB,101.0,45,mamanguape,-6.882492,-35.13109,0.0,0.0,0.0,Sem Vítimas,Sim,Acessar a via sem observar a presença dos outros veículos,Colisão transversal,Pleno dia,Céu Claro,Dupla,Reta,Não,Crescente
748870,2026-01-30,sexta-feira,07:00:00,MG,40.0,792,juiz de fora,-21.767626,-43.439205,2.0,0.0,0.0,Com Vítimas Feridas,Sim,Reação tardia ou ineficiente do condutor,Colisão com objeto,Pleno dia,Nublado,Dupla,Curva,Não,Decrescente
748871,2026-01-30,sexta-feira,08:45:00,MG,40.0,"610,3",congonhas,-20.50795,-43.83844,0.0,0.0,8.0,Com Vítimas Fatais,Não,Curva acentuada,Colisão transversal,Pleno dia,Nublado,Simples,Curva,Sim,Decrescente
748873,2026-01-29,quinta-feira,20:20:00,PR,272.0,546,terra roxa,-24.074678,-54.05342,0.0,1.0,0.0,Com Vítimas Feridas,Sim,Pedestre andava na pista,Atropelamento de Pedestre,Plena Noite,Nublado,Simples,Reta,Não,Crescente
748874,2026-01-30,sexta-feira,08:00:00,PR,277.0,"726,4",foz do iguacu,-25.50776,-54.54575,0.0,1.0,0.0,Com Vítimas Feridas,Sim,Condutor deixou de manter distância do veículo da frente,Colisão traseira,Pleno dia,Céu Claro,Dupla,Reta;Declive,Sim,Crescente
748875,2026-01-30,sexta-feira,08:24:00,RN,101.0,"105,6",parnamirim,-5.902387,-35.259342,1.0,0.0,0.0,Com Vítimas Feridas,Sim,Reação tardia ou ineficiente do condutor,Colisão traseira,Pleno dia,Céu Claro,Dupla,Reta,Sim,Decrescente
748876,2026-01-30,sexta-feira,09:00:00,RS,386.0,347,lajeado,-29.452538,-51.964764,1.0,0.0,0.0,Com Vítimas Feridas,Sim,Manobra de mudança de faixa,Colisão lateral mesmo sentido,Pleno dia,Nublado,Dupla,Reta,Não,Crescente
748877,2026-01-30,sexta-feira,09:00:00,MT,70.0,"1,6",barra do garcas,-15.889492,-52.265156,1.0,0.0,0.0,Com Vítimas Feridas,Sim,Ausência de reação do condutor,Atropelamento de Pedestre,Pleno dia,Céu Claro,Simples,Reta;Interseção de Vias,Sim,Crescente
748878,2026-01-30,sexta-feira,08:20:00,PI,135.0,352,bom jesus,-9.075348,-44.354706,0.0,0.0,0.0,Sem Vítimas,Sim,Acessar a via sem observar a presença dos outros veículos,Queda de ocupante de veículo,Pleno dia,Céu Claro,Dupla,Reta,Sim,Decrescente
748880,2026-01-30,sexta-feira,08:00:00,PR,277.0,2,paranagua,-25.551945,-48.552895,9.0,0.0,0.0,Com Vítimas Feridas,Não,Acumulo de água sobre o pavimento,Queda de ocupante de veículo,Pleno dia,Céu Claro,Dupla,Reta,Não,Crescente
748881,2026-01-30,sexta-feira,08:00:00,RJ,493.0,55,duque de caxias,-22.660038,-43.355022,0.0,0.0,0.0,Sem Vítimas,Sim,Demais falhas mecânicas ou elétricas,Incêndio,Pleno dia,Céu Claro,Dupla,Reta,Sim,Decrescente
748882,2026-01-30,sexta-feira,08:58:00,SC,282.0,27,santo amaro da imperatriz,-27.673042,-48.771698,0.0,2.0,0.0,Com Vítimas Feridas,Sim,Ultrapassagem Indevida,Tombamento,Pleno dia,Céu Claro,Simples,Curva,Sim,Decrescente
748883,2026-01-30,sexta-feira,09:40:00,PE,232.0,150,sao caitano,-8.326358,-36.171413,1.0,0.0,0.0,Com Vítimas Feridas,Sim,Ausência de reação do condutor,Saída de leito carroçável,Pleno dia,Céu Claro,Simples,Reta,Não,Crescente
748884,2026-01-30,sexta-feira,10:00:00,RS,116.0,"147,1",caxias do sul,-29.15007,-51.144855,1.0,0.0,0.0,Com Vítimas Feridas,Sim,Ausência de reação do condutor,Colisão traseira,Pleno dia,Nublado,Dupla,Reta,Sim,Decrescente
748885,2026-01-30,sexta-feira,09:30:00,RS,290.0,54,glorinha,-29.913,-50.80189,1.0,0.0,0.0,Com Vítimas Feridas,Sim,Reação tardia ou ineficiente do condutor,Tombamento,Pleno dia,Céu Claro,Múltipla,Reta,Não,Crescente