id,data_inversa,dia_semana,horario,uf,br,km,municipio,latitude,longitude,feridos_leves,feridos_graves,mortos,classificacao_acidente,causa_principal,causa_acidente,tipo_acidente,fase_dia,condicao_metereologica,tipo_pista,tracado_via,uso_solo,sentido_via
749000,2026-01-30,sexta-feira,19:30:00,RS,290.0,101,porto alegre,-29.987196,-51.256508,1.0,0.0,0.0,Com Vítimas Feridas,Sim,Manobra de mudança de faixa,Colisão lateral mesmo sentido,Anoitecer,Céu Claro,Dupla,Reta,Não,Crescente
749001,2026-01-30,sexta-feira,16:20:00,BA,242.0,348,lencois,-12.50228,-41.282845,1.0,0.0,0.0,Com Vítimas Feridas,Sim,Acessar a via sem observar a presença dos outros veículos,Atropelamento de Pedestre,Pleno dia,Céu Claro,Simples,Reta,Não,Decrescente
749002,2026-01-30,sexta-feira,19:15:00,MS,163.0,615,sao gabriel do oeste,-19.389235,-54.571587,3.0,0.0,0.0,Com Vítimas Feridas,Sim,Acessar a via sem observar a presença dos outros veículos,Tombamento,Plena Noite,Céu Claro,Simples,Reta;Interseção de Vias,Não,Crescente
749003,2026-01-30,sexta-feira,17:45:00,CE,116.0,305,jaguaribe,-5.8802533,-38.61544,0.0,1.0,0.0,Com Vítimas Feridas,Sim,Transitar na contramão,Colisão frontal,Anoitecer,Céu Claro,Simples,Curva,Sim,Decrescente
749004,2026-01-30,sexta-feira,18:00:00,RO,435.0,85,colorado do oeste,-13.128089,-60.543896,2.0,0.0,0.0,Com Vítimas Feridas,Sim,Condutor deixou de manter distância do veículo da frente,Colisão traseira,Plena Noite,Nublado,Simples,Reta;Aclive,Sim,Crescente
749005,2026-01-30,sexta-feira,17:35:00,RJ,101.0,328,niteroi,-22.869862,-43.168858,1.0,0.0,0.0,Com Vítimas Feridas,Sim,Demais falhas mecânicas ou elétricas,Queda de ocupante de veículo,Anoitecer,Chuva,Múltipla,Reta,Sim,Crescente
749006,2026-01-30,sexta-feira,20:30:00,ES,101.0,"147,2",linhares,-19.422255,-40.077934,2.0,0.0,0.0,Com Vítimas Feridas,Sim,Ausência de reação do condutor,Queda de ocupante de veículo,Plena Noite,Chuva,Dupla,Reta,Sim,Decrescente
749007,2026-01-30,sexta-feira,18:10:00,BA,116.0,536,itatim,-12.784721,-39.816925,4.0,0.0,0.0,Com Vítimas Feridas,Sim,Condutor deixou de manter distância do veículo da frente,Tombamento,Anoitecer,Céu Claro,Simples,Aclive,Não,Decrescente
749008,2026-01-30,sexta-feira,18:40:00,RJ,116.0,77,teresopolis,-22.371635,-42.950832,1.0,0.0,0.0,Com Vítimas Feridas,Sim,Ingestão de álcool pelo condutor,Queda de ocupante de veículo,Plena Noite,Chuva,Simples,Curva;Aclive,Sim,Decrescente
749009,2026-01-30,sexta-feira,18:40:00,CE,222.0,"56,9",sao goncalo do amarante,-3.670033,-39.057003,4.0,0.0,0.0,Com Vítimas Feridas,Não,Reação tardia ou ineficiente do condutor,Atropelamento de Animal,Plena Noite,Céu Claro,Simples,Reta,Não,Decrescente
749010,2026-01-30,sexta-feira,20:10:00,SC,101.0,"404,8",ararangua,-28.900156,-49.474815,1.0,0.0,0.0,Com Vítimas Feridas,Sim,Ausência de reação do condutor,Saída de leito carroçável,Plena Noite,Nublado,Dupla,Reta,Não,Decrescente
749011,2026-01-30,sexta-feira,19:50:00,RJ,116.0,78,teresopolis,-22.378967,-42.95208,2.0,0.0,0.0,Com Vítimas Feridas,Sim,Ausência de reação do condutor,Queda de ocupante de veículo,Plena Noite,Chuva,Simples,Curva,Não,Crescente
749012,2026-01-30,sexta-feira,21:00:00,BA,324.0,557,sao sebastiao do passe,-12.522628,-38.61381,4.0,0.0,0.0,Com Vítimas Feridas,Não,Reação tardia ou ineficiente do condutor,Colisão traseira,Plena Noite,Céu Claro,Dupla,Reta,Não,Decrescente
749013,2026-01-30,sexta-feira,20:20:00,MS,163.0,833,sonora,-17.599298,-54.74613,0.0,2.0,0.0,Com Vítimas Feridas,Sim,Ausência de reação do condutor,Saída de leito carroçável,Plena Noite,Céu Claro,Simples,Reta,Não,Crescente
749014,2026-01-30,sexta-feira,21:10:00,MG,40.0,516,ribeirao das neves,-19.822681,-44.083702,4.0,0.0,0.0,Com Vítimas Feridas,Não,Chuva,Tombamento,Plena Noite,Chuva,Dupla,Reta,Sim,Decrescente
749015,2026-01-30,sexta-feira,16:00:00,PB,230.0,"1,4",patos,-7.0120516,-37.288155,4.0,0.0,0.0,Com Vítimas Feridas,Sim,Condutor deixou de manter distância do veículo da frente,Tombamento,Pleno dia,Sol,Simples,Reta;Interseção de Vias,Sim,Crescente
749016,2026-01-30,sexta-feira,19:10:00,RN,101.0,151,goianinha,-6.3216,-35.181072,2.0,0.0,0.0,Com Vítimas Feridas,Sim,Reação tardia ou ineficiente do condutor,Tombamento,Plena Noite,Céu Claro,Dupla,Reta,Não,Crescente
749017,2026-01-30,sexta-feira,21:00:00,RJ,116.0,192,rio de janeiro,-22.804813,-43.345192,1.0,0.0,0.0,Com Vítimas Feridas,Sim,Deficiência do Sistema de Iluminação/Sinalização,Colisão traseira,Plena Noite,Garoa/Chuvisco,Dupla,Reta,Não,Crescente
749018,2026-01-30,sexta-feira,18:30:00,RJ,101.0,528,angra dos reis,-23.025707,-44.503624,3.0,0.0,0.0,Com Vítimas Feridas,Não,Chuva,Colisão com objeto,Plena Noite,Chuva,Simples,Reta;Aclive,Sim,Crescente
749019,2026-01-30,sexta-feira,19:00:00,RJ,40.0,105,duque de caxias,-22.644161,-43.283405,1.0,0.0,0.0,Com Vítimas Feridas,Sim,Pedestre andava na pista,Atropelamento de Pedestre,Plena Noite,Céu Claro,Dupla,Reta,Sim,Decrescente
749020,2026-01-30,sexta-feira,17:30:00,AP,210.0,2,macapa,0.084995,-51.081722,3.0,0.0,0.0,Com Vítimas Feridas,Não,Afundamento ou ondulação no pavimento,Atropelamento de Pedestre,Pleno dia,Céu Claro,Simples,Curva,Sim,Decrescente
749022,2026-01-30,sexta-feira,19:35:00,MA,135.0,13,sao luis,-2.683937,-44.296707,2.0,0.0,0.0,Com Vítimas Feridas,Sim,Acessar a via sem observar a presença dos outros veículos,Saída de leito carroçável,Plena Noite,Céu Claro,Dupla,Curva;Aclive,Sim,Crescente
749023,2026-01-30,sexta-feira,19:30:00,MG,381.0,393,bom jesus do amparo,-19.752176,-43.47999,0.0,0.0,0.0,Sem Vítimas,Sim,Ingestão de álcool pelo condutor,Colisão lateral sentido oposto,Plena Noite,Chuva,Dupla,Reta,Não,Crescente
749024,2026-01-30,sexta-feira,19:15:00,RO,364.0,"195,6",pimenta bueno,-11.688928,-61.182144,0.0,6.0,0.0,Com Vítimas Feridas,Sim,Acessar a via sem observar a presença dos outros veículos,Tombamento,Plena Noite,Nublado,Simples,Curva,Sim,Crescente
749025,2026-01-30,sexta-feira,21:20:00,PE,101.0,"72,6",recife,-8.09026,-34.94647,12.0,0.0,0.0,Com Vítimas Feridas,Não,Manobra de mudança de faixa,Colisão lateral mesmo sentido,Plena Noite,Céu Claro,Simples,Reta;Interseção de Vias,Sim,Decrescente
749026,2026-01-30,sexta-feira,21:10:00,SP,116.0,226,guarulhos,-23.494387,-46.553406,1.0,0.0,0.0,Com Vítimas Feridas,Sim,Ausência de reação do condutor,Queda de ocupante de veículo,Plena Noite,Nublado,Múltipla,Reta,Sim,Decrescente
749027,2026-01-30,sexta-feira,19:10:00,PE,407.0,10,afranio,-8.516558,-41.008457,1.0,0.0,0.0,Com Vítimas Feridas,Sim,Acessar a via sem observar a presença dos outros veículos,Colisão transversal,Plena Noite,Céu Claro,Simples,Interseção de Vias,Sim,Crescente
749029,2026-01-30,sexta-feira,21:00:00,MS,163.0,835,sonora,-17.628616,-54.745365,2.0,0.0,0.0,Com Vítimas Feridas,Sim,Reação tardia ou ineficiente do condutor,Colisão traseira,Plena Noite,Nublado,Simples,Reta;Aclive,Não,Decrescente
749030,2026-01-30,sexta-feira,19:55:00,PE,116.0,"21,1",salgueiro,-8.028983,-39.143406,0.0,2.0,0.0,Com Vítimas Feridas,Sim,Animais na Pista,Queda de ocupante de veículo,Plena Noite,Céu Claro,Simples,Declive,Não,Decrescente
749031,2026-01-30,sexta-feira,19:50:00,MG,40.0,"695,1",alfredo vasconcelos,-21.170822,-43.75634,0.0,0.0,3.0,Com Vítimas Fatais,Sim,Transitar na contramão,Queda de ocupante de veículo,Plena Noite,Chuva,Simples,Reta,Não,Crescente
749032,2026-01-30,sexta-feira,19:30:00,SC,282.0,"337,2",campos novos,-27.393934,-51.169056,0.0,0.0,0.0,Sem Vítimas,Sim,Transtornos Mentais (exceto suicidio),Saída de leito carroçável,Plena Noite,Chuva,Simples,Curva,Não,Decrescente
749033,2026-01-30,sexta-feira,21:40:00,RJ,116.0,187,nova iguacu,-22.739204,-43.470463,0.0,0.0,0.0,Sem Vítimas,Sim,Demais falhas mecânicas ou elétricas,Incêndio,Plena Noite,Céu Claro,Dupla,Reta,Não,Decrescente
749034,2026-01-30,sexta-feira,22:30:00,ES,101.0,289,cariacica,-20.279003,-40.392933,0.0,1.0,0.0,Com Vítimas Feridas,Sim,Ausência de reação do condutor,Colisão com objeto,Plena Noite,Chuva,Múltipla,Reta,Não,Crescente
749035,2026-01-30,sexta-feira,20:50:00,RJ,116.0,178,mesquita,-22.773472,-43.403454,0.0,1.0,0.0,Com Vítimas Feridas,Sim,Ausência de reação do condutor,Queda de ocupante de veículo,Plena Noite,Céu Claro,Dupla,Reta,Sim,Decrescente
749036,2026-01-30,sexta-feira,21:30:00,ES,393.0,"0,1",cachoeiro de itapemirim,-20.840633,-41.160084,2.0,0.0,0.0,Com Vítimas Feridas,Sim,Reação tardia ou ineficiente do condutor,Saída de leito carroçável,Plena Noite,Chuva,Simples,Reta;Declive,Não,Decrescente
749038,2026-01-30,sexta-feira,22:20:00,SC,470.0,2,navegantes,-26.889618,-48.663254,0.0,1.0,0.0,Com Vítimas Feridas,Sim,Animais na Pista,Atropelamento de Animal,Plena Noite,Céu Claro,Dupla,Reta,Não,Crescente
749040,2026-01-30,sexta-feira,20:33:00,PI,316.0,306,picos,-7.078937,-41.504166,3.0,3.0,0.0,Com Vítimas Feridas,Sim,Transitar na contramão,Queda de ocupante de veículo,Plena Noite,Céu Claro,Simples,Aclive,Sim,Crescente
749041,2026-01-30,sexta-feira,23:00:00,PR,369.0,100,cornelio procopio,-23.244158,-50.72138,4.0,0.0,0.0,Com Vítimas Feridas,Não,Ingestão de álcool pelo condutor,Queda de ocupante de veículo,Plena Noite,Céu Claro,Simples,Retorno Regulamentado,Não,Crescente
749042,2026-01-30,sexta-feira,23:00:00,SC,101.0,24,joinville,-26.176243,-48.907944,6.0,0.0,0.0,Com Vítimas Feridas,Sim,Ingestão de álcool pelo condutor,Colisão com objeto,Plena Noite,Nublado,Dupla,Interseção de Vias,Não,Decrescente
749043,2026-01-30,sexta-feira,22:45:00,MG,365.0,"604,5",uberlandia,-18.892365,-48.150078,0.0,2.0,0.0,Com Vítimas Feridas,Sim,Ausência de reação do condutor,Colisão lateral sentido oposto,Plena Noite,Nublado,Simples,Curva,Não,Crescente
749044,2026-01-30,sexta-feira,23:20:00,PR,277.0,"729,6",foz do iguacu,-25.50902,-54.57954,0.0,0.0,3.0,Com Vítimas Fatais,Sim,Reação tardia ou ineficiente do condutor,Queda de ocupante de veículo,Plena Noite,Céu Claro,Dupla,Reta,Sim,Decrescente
749045,2026-01-30,sexta-feira,22:00:00,PR,153.0,375,rio azul,-25.769,-50.846,0.0,0.0,0.0,Sem Vítimas,Não,Transtornos Mentais (exceto suicidio),Incêndio,Plena Noite,Nublado,Simples,Reta,Não,Decrescente
749046,2026-01-30,sexta-feira,23:15:00,SC,101.0,210,sao jose,-27.617636,-48.646313,3.0,0.0,0.0,Com Vítimas Feridas,Sim,Condutor deixou de manter distância do veículo da frente,Queda de ocupante de veículo,Plena Noite,Céu Claro,Múltipla,Aclive;Reta,Sim,Decrescente
749047,2026-01-30,sexta-feira,23:30:00,PI,343.0,"16,9",parnaiba,-2.954115,-41.757946,2.0,2.0,0.0,Com Vítimas Feridas,Não,Ausência de reação do condutor,Colisão frontal,Plena Noite,Céu Claro,Simples,Reta,Não,Decrescente
749049,2026-01-30,sexta-feira,23:45:00,SC,101.0,"229,6",palhoca,-27.77195,-48.633373,0.0,0.0,0.0,Sem Vítimas,Sim,Demais falhas mecânicas ou elétricas,Incêndio,Plena Noite,Céu Claro,Dupla,Reta,Não,Crescente
749050,2026-01-31,sábado,00:15:00,SC,116.0,"4,6",mafra,-26.140003,-49.813576,2.0,0.0,0.0,Com Vítimas Feridas,Sim,Ausência de reação do condutor,Queda de ocupante de veículo,Plena Noite,Céu Claro,Simples,Reta,Sim,Decrescente
749051,2026-01-30,sexta-feira,17:00:00,MT,174.0,504,comodoro,-13.471434,-59.841843,4.0,0.0,4.0,Com Vítimas Fatais,Não,Acostamento em desnível,Incêndio,Pleno dia,Céu Claro,Simples,Reta,Não,Crescente
749052,2026-01-30,sexta-feira,22:00:00,MG,40.0,"628,7",conselheiro lafaiete,-20.65431,-43.8086,2.0,2.0,0.0,Com Vítimas Feridas,Não,Deixar de acionar o farol da motocicleta (ou similar),Colisão frontal,Plena Noite,Chuva,Simples,Declive;Curva,Sim,Decrescente
749053,2026-01-30,sexta-feira,23:48:00,CE,20.0,"252,7",madalena,-4.766563,-39.491203,0.0,8.0,0.0,Com Vítimas Feridas,Sim,Transitar no Acostamento,Queda de ocupante de veículo,Plena Noite,Céu Claro,Simples,Reta,Não,Decrescente
749054,2026-01-31,sábado,00:03:00,PB,230.0,"27,9",joao pessoa,-7.165067,-34.894314,4.0,0.0,0.0,Com Vítimas Feridas,Sim,Avarias e/ou desgaste excessivo no pneu,Queda de ocupante de veículo,Plena Noite,Céu Claro,Dupla,Reta,Sim,Crescente
749055,2026-01-30,sexta-feira,20:35:00,RJ,393.0,125,sapucaia,-21.958382,-42.85582,6.0,0.0,0.0,Com Vítimas Feridas,Não,Chuva,Incêndio,Plena Noite,Chuva,Simples,Curva,Sim,Decrescente
749056,2026-01-30,sexta-feira,21:00:00,MT,364.0,489,jangada,-15.249421,-56.471172,4.0,0.0,2.0,Com Vítimas Fatais,Sim,Ausência de reação do condutor,Engavetamento,Plena Noite,Céu Claro,Simples,Reta,Não,Crescente
749057,2026-01-30,sexta-feira,21:30:00,MT,174.0,87,caceres,-15.92513,-57.79648,3.0,0.0,0.0,Com Vítimas Feridas,Sim,Animais na Pista,Colisão frontal,Plena Noite,Céu Claro,Simples,Reta,Não,Crescente
749058,2026-01-31,sábado,01:30:00,MG,262.0,357,juatuba,-19.972404,-44.280582,0.0,0.0,0.0,Sem Vítimas,Sim,Velocidade Incompatível,Colisão traseira,Plena Noite,Céu Claro,Dupla,Reta,Sim,Decrescente
749059,2026-01-30,sexta-feira,21:30:00,SC,470.0,116,ibirama,-27.08159,-49.50045,0.0,0.0,6.0,Com Vítimas Fatais,Sim,Suicídio (presumido),Colisão frontal,Plena Noite,Céu Claro,Simples,Reta,Não,Crescente
749060,2026-01-31,sábado,01:50:00,CE,116.0,"150,2",russas,-4.844743,-38.042088,18.0,0.0,0.0,Com Vítimas Feridas,Não,Reação tardia ou ineficiente do condutor,Derramamento de carga,Plena Noite,Céu Claro,Simples,Rotatória,Não,Decrescente
749061,2026-01-31,sábado,01:30:00,MA,230.0,403,balsas,-7.519452,-46.03652,0.0,3.0,0.0,Com Vítimas Feridas,Sim,Ingestão de álcool pelo condutor,Queda de ocupante de veículo,Plena Noite,Céu Claro,Simples,Reta,Sim,Decrescente
749062,2026-01-31,sábado,00:40:00,SC,101.0,197,biguacu,-27.52069,-48.63773,4.0,0.0,0.0,Com Vítimas Feridas,Não,Ingestão de álcool pelo condutor,Queda de ocupante de veículo,Plena Noite,Céu Claro,Dupla,Reta,Sim,Crescente
749063,2026-01-31,sábado,02:10:00,RS,116.0,298,guaiba,-30.111423,-51.34526,0.0,0.0,0.0,Sem Vítimas,Sim,Ausência de reação do condutor,Colisão com objeto,Plena Noite,Nublado,Dupla,Reta,Não,Crescente
749064,2026-01-31,sábado,02:30:00,SC,101.0,49,joinville,-26.386843,-48.844334,1.0,0.0,0.0,Com Vítimas Feridas,Sim,Ingestão de álcool pelo condutor,Colisão com objeto,Plena Noite,Nublado,Simples,Curva;Viaduto;Aclive,Não,Crescente
749065,2026-01-31,sábado,02:50:00,PE,101.0,"67,9",recife,-8.0499,-34.9459,0.0,0.0,0.0,Sem Vítimas,Não,Reação tardia ou ineficiente do condutor,Colisão com objeto,Plena Noite,Nublado,Múltipla,Reta;Viaduto,Sim,Crescente
749066,2026-01-31,sábado,02:30:00,PR,116.0,210,rio negro,-26.095348,-49.780155,1.0,0.0,0.0,Com Vítimas Feridas,Sim,Ingestão de álcool pelo condutor,Atropelamento de Pedestre,Pleno dia,Céu Claro,Simples,Reta,Sim,Decrescente
749067,2026-01-30,sexta-feira,23:15:00,RO,364.0,673,candeias do jamari,-8.791903,-63.642326,3.0,0.0,0.0,Com Vítimas Feridas,Não,Acostamento em desnível,Queda de ocupante de veículo,Plena Noite,Nublado,Simples,Reta,Não,Crescente
749069,2026-01-31,sábado,03:20:00,PE,101.0,184,palmares,-8.668503,-35.574413,0.0,0.0,4.0,Com Vítimas Fatais,Não,Estacionar ou parar em local proibido,Colisão com objeto,Plena Noite,Céu Claro,Dupla,Reta,Sim,Crescente
749070,2026-01-31,sábado,03:30:00,RJ,116.0,170,rio de janeiro,-22.81301,-43.33022,9.0,0.0,0.0,Com Vítimas Feridas,Não,Estacionar ou parar em local proibido,Colisão lateral mesmo sentido,Plena Noite,Céu Claro,Dupla,Reta,Não,Crescente
749071,2026-01-31,sábado,03:15:00,GO,40.0,"17,6",luziania,-16.19103,-47.92639,1.0,0.0,0.0,Com Vítimas Feridas,Sim,Ingestão de álcool pelo condutor,Capotamento,Plena Noite,Céu Claro,Dupla,Reta;Declive,Não,Decrescente
749072,2026-01-31,sábado,02:10:00,PR,277.0,341,guarapuava,-25.34074,-51.413746,6.0,0.0,0.0,Com Vítimas Feridas,Não,Condutor usando celular,Tombamento,Plena Noite,Céu Claro,Dupla,Declive;Curva,Não,Crescente
749073,2026-01-31,sábado,04:55:00,MG,381.0,"657,3",santo antonio do amparo,-20.996502,-44.962708,6.0,0.0,0.0,Com Vítimas Feridas,Sim,Condutor Dormindo,Colisão com objeto,Plena Noite,Nublado,Dupla,Reta;Aclive,Não,Crescente
749074,2026-01-31,sábado,01:05:00,MA,316.0,"144,1",nova olinda do maranhao,-2.800867,-45.705936,1.0,0.0,0.0,Com Vítimas Feridas,Sim,Ingestão de álcool pelo condutor,Capotamento,Plena Noite,Céu Claro,Simples,Reta,Sim,Decrescente
749075,2026-01-31,sábado,02:05:00,GO,452.0,"108,2",bom jesus de goias,-18.142256,-49.965446,1.0,0.0,0.0,Com Vítimas Feridas,Sim,Condutor Dormindo,Colisão traseira,Plena Noite,Nublado,Simples,Reta,Não,Crescente
749076,2026-01-31,sábado,05:00:00,AL,316.0,"265,5",satuba,-9.587398,-35.856407,0.0,12.0,0.0,Com Vítimas Feridas,Não,Falta de acostamento,Tombamento,Amanhecer,Céu Claro,Simples,Curva,Não,Decrescente
749077,2026-01-31,sábado,05:00:00,MG,40.0,"514,2",ribeirao das neves,-19.802395,-44.09866,2.0,0.0,0.0,Com Vítimas Feridas,Sim,Velocidade Incompatível,Saída de leito carroçável,Amanhecer,Céu Claro,Dupla,Reta,Sim,Decrescente
749078,2026-01-31,sábado,03:06:00,BA,418.0,90,nova vicosa,-17.881964,-39.862434,0.0,0.0,0.0,Sem Vítimas,Não,Reação tardia ou ineficiente do condutor,Colisão com objeto,Plena Noite,Ignorado,Simples,Reta;Interseção de Vias,Sim,Decrescente
749079,2026-01-31,sábado,02:30:00,RJ,465.0,22,rio de janeiro,-22.861876,-43.60184,0.0,0.0,4.0,Com Vítimas Fatais,Não,Mal súbito do condutor,Colisão com objeto,Plena Noite,Nublado,Múltipla,Viaduto,Não,Crescente
749080,2026-01-31,sábado,04:55:00,SC,101.0,"150,2",itapema,-27.120163,-48.609188,0.0,0.0,0.0,Sem Vítimas,Sim,Ingestão de álcool pelo condutor,Colisão traseira,Amanhecer,Céu Claro,Múltipla,Reta,Sim,Decrescente
749081,2026-01-31,sábado,06:18:00,PB,101.0,"88,6",joao pessoa,-7.168388,-34.896942,3.0,0.0,0.0,Com Vítimas Feridas,Sim,Condutor deixou de manter distância do veículo da frente,Queda de ocupante de veículo,Pleno dia,Céu Claro,Dupla,Reta,Sim,Crescente
749082,2026-01-31,sábado,05:30:00,GO,80.0,135,barro alto,-14.961425,-48.93073,0.0,0.0,0.0,Sem Vítimas,Não,Ausência de reação do condutor,Saída de leito carroçável,Amanhecer,Nevoeiro/Neblina,Simples,Reta,Sim,Crescente
749083,2026-01-31,sábado,05:45:00,MG,50.0,"160,8",uberaba,-19.727613,-47.969296,6.0,0.0,0.0,Com Vítimas Feridas,Sim,Reação tardia ou ineficiente do condutor,Tombamento,Amanhecer,Céu Claro,Dupla,Reta;Declive,Não,Crescente
749084,2026-01-31,sábado,05:41:00,PR,277.0,"2,8",paranagua,-25.546284,-48.560177,0.0,2.0,0.0,Com Vítimas Feridas,Não,Acessar a via sem observar a presença dos outros veículos,Colisão transversal,Amanhecer,Céu Claro,Simples,Reta;Interseção de Vias,Sim,Crescente
749085,2026-01-30,sexta-feira,18:00:00,PR,373.0,181,ponta grossa,-25.043041,-50.25876,1.0,0.0,0.0,Com Vítimas Feridas,Sim,Ingestão de álcool pelo condutor,Saída de leito carroçável,Pleno dia,Céu Claro,Simples,Declive;Curva,Não,Decrescente
749086,2026-01-31,sábado,04:30:00,PR,376.0,"623,9",sao jose dos pinhais,-25.65,-49.1577,4.0,0.0,0.0,Com Vítimas Feridas,Não,Velocidade Incompatível,Capotamento,Plena Noite,Nevoeiro/Neblina,Múltipla,Reta,Sim,Crescente
749088,2026-01-31,sábado,05:30:00,MG,262.0,430,nova serrana,-19.881771,-44.907516,0.0,0.0,0.0,Sem Vítimas,Sim,Velocidade Incompatível,Colisão com objeto,Amanhecer,Sol,Dupla,Retorno Regulamentado,Não,Crescente
749089,2026-01-31,sábado,06:00:00,PE,101.0,"163,4",agua preta,-8.5536,-35.44952,0.0,0.0,8.0,Com Vítimas Fatais,Não,Condutor Dormindo,Tombamento,Pleno dia,Céu Claro,Dupla,Curva,Não,Decrescente
749090,2026-01-31,sábado,03:45:00,GO,153.0,110,santa tereza de goias,-13.742921,-49.03072,0.0,0.0,18.0,Com Vítimas Fatais,Não,Falta de elemento de contenção que evite a saída do leito carroçável,Incêndio,Plena Noite,Nublado,Dupla,Aclive;Curva,Não,Crescente
749091,2026-01-31,sábado,05:50:00,PR,277.0,243,irati,-25.460377,-50.603085,0.0,0.0,2.0,Com Vítimas Fatais,Sim,Suicídio (presumido),Saída de leito carroçável,Amanhecer,Céu Claro,Simples,Reta,Sim,Decrescente
749092,2026-01-30,sexta-feira,19:30:00,RJ,40.0,35,areal,-22.213312,-43.134212,1.0,0.0,0.0,Com Vítimas Feridas,Sim,Velocidade Incompatível,Colisão traseira,Plena Noite,Chuva,Dupla,Curva,Não,Crescente
749093,2026-01-31,sábado,06:55:00,PR,277.0,"584,2",cascavel,-24.977846,-53.38416,1.0,0.0,0.0,Com Vítimas Feridas,Sim,Entrada inopinada do pedestre,Atropelamento de Pedestre,Pleno dia,Céu Claro,Dupla,Reta;Aclive,Sim,Crescente
749094,2026-01-31,sábado,07:15:00,TO,153.0,145,araguaina,-7.20796,-48.24207,2.0,0.0,0.0,Com Vítimas Feridas,Sim,Ausência de reação do condutor,Queda de ocupante de veículo,Pleno dia,Céu Claro,Dupla,Curva,Sim,Decrescente
749095,2026-01-31,sábado,05:20:00,SC,480.0,"128,1",chapeco,-27.032845,-52.633347,4.0,0.0,0.0,Com Vítimas Feridas,Sim,Ingestão de álcool pelo condutor,Saída de leito carroçável,Amanhecer,Céu Claro,Simples,Reta,Sim,Decrescente
749096,2026-01-31,sábado,06:20:00,ES,101.0,"285,9",cariacica,-20.257574,-40.377335,2.0,0.0,0.0,Com Vítimas Feridas,Sim,Condutor deixou de manter distância do veículo da frente,Saída de leito carroçável,Pleno dia,Nublado,Dupla,Declive;Curva,Não,Crescente
749097,2026-01-30,sexta-feira,18:00:00,AP,210.0,2,macapa,0.08258122,-51.077713,2.0,0.0,0.0,Com Vítimas Feridas,Sim,Acessar a via sem observar a presença dos outros veículos,Queda de ocupante de veículo,Pleno dia,Céu Claro,Simples,Reta,Sim,Crescente
749098,2026-01-31,sábado,06:50:00,RS,293.0,"339,8",santana do livramento,-30.51157,-55.32469,2.0,0.0,0.0,Com Vítimas Feridas,Sim,Acessar a via sem observar a presença dos outros veículos,Saída de leito carroçável,Pleno dia,Céu Claro,Simples,Reta,Sim,Crescente
749099,2026-01-31,sábado,06:15:00,AL,101.0,76,rio largo,-9.417214,-35.840317,1.0,0.0,0.0,Com Vítimas Feridas,Sim,Reação tardia ou ineficiente do condutor,Queda de ocupante de veículo,Pleno dia,Céu Claro,Dupla,Reta;Em Obras,Não,Crescente
749101,2026-01-31,sábado,07:20:00,PR,277.0,"635,5",ceu azul,-25.127903,-53.823845,8.0,0.0,0.0,Com Vítimas Feridas,Não,Manobra de mudança de faixa,Capotamento,Pleno dia,Céu Claro,Simples,Reta,Não,Decrescente
749102,2026-01-31,sábado,06:30:00,MG,40.0,555,nova lima,-20.086765,-43.97633,2.0,0.0,0.0,Com Vítimas Feridas,Sim,Velocidade Incompatível,Colisão com objeto,Pleno dia,Nublado,Dupla,Curva,Não,Crescente
749103,2026-01-31,sábado,06:40:00,RJ,116.0,212,seropedica,-22.716337,-43.716755,0.0,0.0,0.0,Sem Vítimas,Não,Ingestão de álcool pelo condutor,Colisão traseira,Pleno dia,Sol,Dupla,Reta,Não,Decrescente
749104,2026-01-30,sexta-feira,20:48:00,MG,381.0,"243,1",santana do paraiso,-19.450039,-42.516964,6.0,0.0,0.0,Com Vítimas Feridas,Não,Condutor deixou de manter distância do veículo da frente,Colisão traseira,Plena Noite,Chuva,Simples,Reta,Não,Crescente
749105,2026-01-31,sábado,07:50:00,PE,101.0,69,recife,-8.0649,-34.94366,2.0,0.0,0.0,Com Vítimas Feridas,Sim,Velocidade Incompatível,Queda de ocupante de veículo,Pleno dia,Sol,Dupla,Curva,Não,Decrescente
749106,2026-01-31,sábado,07:00:00,SP,116.0,148,sao jose dos campos,-23.210312,-45.889877,4.0,0.0,0.0,Com Vítimas Feridas,Sim,Reação tardia ou ineficiente do condutor,Colisão traseira,Pleno dia,Sol,Dupla,Reta,Sim,Decrescente
749107,2026-01-20,terça-feira,06:40:00,PR,153.0,34,santo antonio da platina,-23.244053,-50.038765,0.0,0.0,2.0,Com Vítimas Fatais,Sim,Velocidade Incompatível,Tombamento,Pleno dia,Céu Claro,Simples,Curva;Declive,Não,Crescente
749109,2026-01-31,sábado,07:45:00,MG,365.0,"593,1",araguari,-18.881186,-48.04754,1.0,0.0,0.0,Com Vítimas Feridas,Sim,Ausência de reação do condutor,Saída de leito carroçável,Amanhecer,Nublado,Simples,Curva,Não,Crescente
749111,2026-01-31,sábado,03:20:00,RJ,116.0,328,itatiaia,-22.504608,-44.60276,2.0,0.0,2.0,Com Vítimas Fatais,Sim,Transitar na contramão,Atropelamento de Pedestre,Plena Noite,Nublado,Dupla,Reta,Não,Crescente