id,data_inversa,dia_semana,horario,uf,br,km,municipio,latitude,longitude,feridos_leves,feridos_graves,mortos,classificacao_acidente,causa_principal,causa_acidente,tipo_acidente,fase_dia,condicao_metereologica,tipo_pista,tracado_via,uso_solo,sentido_via
749112,2026-01-31,sábado,08:40:00,GO,153.0,"507,2",aparecida de goiania,-16.789543,-49.23852,4.0,0.0,0.0,Com Vítimas Feridas,Sim,Reação tardia ou ineficiente do condutor,Queda de ocupante de veículo,Pleno dia,Nublado,Dupla,Interseção de Vias,Sim,Crescente
749113,2026-01-31,sábado,08:00:00,DF,70.0,6,brasilia,-15.787607,-48.115257,8.0,0.0,0.0,Com Vítimas Feridas,Não,Velocidade Incompatível,Saída de leito carroçável,Pleno dia,Céu Claro,Dupla,Reta,Sim,Decrescente
749114,2026-01-31,sábado,07:10:00,RO,364.0,347,ji-parana,-10.859983,-61.977264,6.0,0.0,0.0,Com Vítimas Feridas,Sim,Acessar a via sem observar a presença dos outros veículos,Queda de ocupante de veículo,Pleno dia,Sol,Simples,Reta;Declive,Sim,Crescente
749115,2026-01-31,sábado,07:35:00,GO,452.0,195,itumbiara,-18.362232,-49.230038,1.0,0.0,0.0,Com Vítimas Feridas,Sim,Acessar a via sem observar a presença dos outros veículos,Colisão transversal,Pleno dia,Sol,Simples,Reta,Não,Crescente
749116,2026-01-31,sábado,08:20:00,RJ,40.0,"123,6",duque de caxias,-22.806168,-43.2898,3.0,0.0,0.0,Com Vítimas Feridas,Não,Transtornos Mentais (exceto suicidio),Atropelamento de Pedestre,Pleno dia,Céu Claro,Dupla,Curva,Sim,Decrescente
749117,2026-01-31,sábado,06:30:00,BA,101.0,440,ubaitaba,-14.266915,-39.32615,8.0,0.0,0.0,Com Vítimas Feridas,Sim,Velocidade Incompatível,Capotamento,Pleno dia,Sol,Simples,Reta;Aclive;Interseção de Vias,Não,Crescente
749118,2026-01-31,sábado,07:20:00,PR,369.0,60,bandeirantes,-23.13576,-50.40303,6.0,0.0,0.0,Com Vítimas Feridas,Sim,Ausência de reação do condutor,Queda de ocupante de veículo,Pleno dia,Céu Claro,Simples,Rotatória,Sim,Crescente
749119,2026-01-12,segunda-feira,07:20:00,PR,116.0,116,curitiba,-25.557014,-49.30623,0.0,0.0,0.0,Sem Vítimas,Não,Manobra de mudança de faixa,Colisão lateral mesmo sentido,Pleno dia,Céu Claro,Dupla,Reta,Sim,Decrescente
749120,2026-01-27,terça-feira,15:30:00,RJ,116.0,184,nova iguacu,-22.740961,-43.49968,1.0,0.0,0.0,Com Vítimas Feridas,Sim,Manobra de mudança de faixa,Colisão lateral mesmo sentido,Pleno dia,Nublado,Dupla,Reta,Não,Decrescente
749121,2026-01-31,sábado,06:31:00,BA,116.0,"886,5",candido sales,-15.337309,-41.160435,2.0,0.0,0.0,Com Vítimas Feridas,Sim,Reação tardia ou ineficiente do condutor,Colisão lateral sentido oposto,Pleno dia,Céu Claro,Simples,Reta;Declive,Não,Crescente
749122,2026-01-31,sábado,09:00:00,SP,101.0,44,ubatuba,-23.408361,-45.06156,1.0,0.0,0.0,Com Vítimas Feridas,Sim,Acessar a via sem observar a presença dos outros veículos,Colisão transversal,Pleno dia,Sol,Simples,Curva,Sim,Crescente
749123,2026-01-31,sábado,07:53:00,SC,101.0,94,barra velha,-26.705128,-48.700783,3.0,0.0,0.0,Com Vítimas Feridas,Sim,Condutor deixou de manter distância do veículo da frente,Engavetamento,Pleno dia,Céu Claro,Dupla,Declive;Reta,Não,Crescente
749124,2026-01-31,sábado,10:00:00,MG,381.0,369,sao goncalo do rio abaixo,-19.844196,-43.308353,4.0,0.0,0.0,Com Vítimas Feridas,Sim,Transitar na contramão,Colisão frontal,Pleno dia,Nublado,Simples,Curva,Não,Decrescente
749125,2026-01-31,sábado,09:15:00,MG,365.0,681,monte alegre de minas,-18.849855,-48.828915,1.0,0.0,0.0,Com Vítimas Feridas,Sim,Condutor Dormindo,Colisão lateral mesmo sentido,Pleno dia,Céu Claro,Dupla,Reta,Não,Crescente
749126,2026-01-31,sábado,09:45:00,PB,230.0,"1,3",cabedelo,-6.9796457,-34.830566,0.0,1.0,0.0,Com Vítimas Feridas,Sim,Condutor Dormindo,Colisão frontal,Pleno dia,Céu Claro,Simples,Reta,Sim,Crescente
749127,2026-01-27,terça-feira,23:40:00,RJ,101.0,297,itaborai,-22.771473,-42.92384,2.0,0.0,0.0,Com Vítimas Feridas,Sim,Chuva,Queda de ocupante de veículo,Plena Noite,Chuva,Simples,Curva,Não,Decrescente
749128,2026-01-31,sábado,10:30:00,SP,116.0,306,sao lourenco da serra,-23.845566,-46.93716,2.0,0.0,0.0,Com Vítimas Feridas,Sim,Ausência de reação do condutor,Colisão com objeto,Pleno dia,Céu Claro,Dupla,Curva;Declive,Não,Crescente
749129,2026-01-26,segunda-feira,16:30:00,RS,116.0,150,caxias do sul,-29.171408,-51.15997,3.0,0.0,0.0,Com Vítimas Feridas,Sim,Reação tardia ou ineficiente do condutor,Queda de ocupante de veículo,Pleno dia,Céu Claro,Dupla,Interseção de Vias,Sim,Crescente
749130,2026-01-31,sábado,09:30:00,PR,272.0,379,campo mourao,-24.062147,-52.510643,2.0,0.0,0.0,Com Vítimas Feridas,Sim,Avarias e/ou desgaste excessivo no pneu,Capotamento,Pleno dia,Céu Claro,Simples,Declive;Reta,Não,Crescente
749131,2026-01-31,sábado,09:15:00,RS,153.0,52,erechim,-27.663265,-52.287518,6.0,0.0,0.0,Com Vítimas Feridas,Não,Objeto estático sobre o leito carroçável,Queda de ocupante de veículo,Pleno dia,Céu Claro,Simples,Retorno Regulamentado;Reta;Interseção de Vias,Sim,Crescente
749132,2026-01-31,sábado,10:32:00,GO,414.0,"301,6",vila propicio,-15.2231,-48.69595,8.0,0.0,0.0,Com Vítimas Feridas,Não,Condutor Dormindo,Colisão com objeto,Pleno dia,Céu Claro,Simples,Reta,Não,Crescente
749133,2026-01-31,sábado,11:16:00,SP,116.0,5,guarulhos,-23.42134,-46.47803,1.0,0.0,0.0,Com Vítimas Feridas,Sim,Reação tardia ou ineficiente do condutor,Colisão traseira,Pleno dia,Sol,Dupla,Reta,Sim,Crescente
749134,2026-01-03,sábado,08:35:00,MA,222.0,260,arari,-3.583184,-44.6403,10.0,0.0,0.0,Com Vítimas Feridas,Não,Reação tardia ou ineficiente do condutor,Engavetamento,Pleno dia,Céu Claro,Simples,Reta,Não,Crescente
749136,2026-01-31,sábado,11:28:00,PE,101.0,"46,7",igarassu,-7.878028,-34.905605,0.0,0.0,0.0,Sem Vítimas,Sim,Condutor deixou de manter distância do veículo da frente,Engavetamento,Pleno dia,Céu Claro,Múltipla,Reta,Sim,Crescente
749137,2026-01-31,sábado,11:20:00,SC,282.0,"47,4",aguas mornas,-27.718763,-48.93821,1.0,0.0,0.0,Com Vítimas Feridas,Sim,Reação tardia ou ineficiente do condutor,Engavetamento,Pleno dia,Céu Claro,Simples,Reta;Em Obras,Não,Crescente
749138,2026-01-31,sábado,11:30:00,PB,230.0,"17,7",joao pessoa,-7.120037,-34.845005,0.0,1.0,0.0,Com Vítimas Feridas,Sim,Trafegar com motocicleta (ou similar) entre as faixas,Colisão traseira,Pleno dia,Céu Claro,Dupla,Curva,Sim,Decrescente
749139,2026-01-31,sábado,11:35:00,SP,381.0,25,braganca paulista,-23.01376,-46.523857,1.0,1.0,0.0,Com Vítimas Feridas,Sim,Reação tardia ou ineficiente do condutor,Colisão traseira,Pleno dia,Céu Claro,Dupla,Reta;Aclive,Não,Decrescente
749140,2026-01-31,sábado,04:50:00,ES,262.0,155,ibatiba,-20.22767,-41.47321,0.0,0.0,0.0,Sem Vítimas,Sim,Ingestão de álcool pelo condutor,Colisão lateral sentido oposto,Amanhecer,Nublado,Simples,Reta,Sim,Decrescente
749141,2026-01-31,sábado,05:30:00,MA,316.0,112,santa luzia do parua,-2.5301526,-45.780716,4.0,0.0,0.0,Com Vítimas Feridas,Não,Ausência de reação do condutor,Saída de leito carroçável,Amanhecer,Céu Claro,Simples,Reta,Sim,Crescente
749142,2026-01-31,sábado,12:20:00,MG,40.0,"462,9",sete lagoas,-19.42111,-44.33904,3.0,0.0,0.0,Com Vítimas Feridas,Não,Chuva,Saída de leito carroçável,Pleno dia,Chuva,Dupla,Reta;Declive,Não,Crescente
749143,2026-01-31,sábado,11:00:00,SC,101.0,149,itapema,-27.11466,-48.60939,0.0,1.0,0.0,Com Vítimas Feridas,Sim,Ultrapassagem Indevida,Colisão transversal,Pleno dia,Céu Claro,Simples,Reta,Sim,Decrescente
749144,2026-01-29,quinta-feira,01:15:00,MS,163.0,610,sao gabriel do oeste,-19.431679,-54.539448,1.0,0.0,0.0,Com Vítimas Feridas,Sim,Animais na Pista,Atropelamento de Animal,Plena Noite,Nublado,Simples,Aclive,Não,Crescente
749145,2026-01-31,sábado,12:20:00,MG,40.0,"500,2",esmeraldas,-19.7022,-44.17233,0.0,2.0,0.0,Com Vítimas Feridas,Sim,Trafegar com motocicleta (ou similar) entre as faixas,Queda de ocupante de veículo,Pleno dia,Chuva,Dupla,Reta;Declive,Não,Decrescente
749146,2026-01-31,sábado,12:15:00,PB,230.0,117,inga,-7.241864,-35.614716,2.0,0.0,0.0,Com Vítimas Feridas,Sim,Condutor Dormindo,Colisão com objeto,Pleno dia,Sol,Dupla,Reta,Não,Crescente
749147,2026-01-31,sábado,12:45:00,SC,101.0,"224,8",palhoca,-27.741194,-48.638683,3.0,0.0,0.0,Com Vítimas Feridas,Sim,Condutor deixou de manter distância do veículo da frente,Queda de ocupante de veículo,Pleno dia,Céu Claro,Dupla,Reta,Sim,Crescente
749148,2026-01-31,sábado,12:10:00,RN,101.0,"99,4",parnamirim,-5.8760424,-35.222134,1.0,0.0,0.0,Com Vítimas Feridas,Sim,Reação tardia ou ineficiente do condutor,Colisão traseira,Pleno dia,Sol,Múltipla,Viaduto;Retorno Regulamentado,Sim,Decrescente
749149,2026-01-31,sábado,11:00:00,MS,163.0,502,jaraguari,-20.304134,-54.505898,0.0,1.0,0.0,Com Vítimas Feridas,Sim,Ausência de reação do condutor,Atropelamento de Pedestre,Pleno dia,Céu Claro,Dupla,Reta;Aclive,Não,Crescente
749150,2026-01-31,sábado,12:00:00,MG,153.0,"2,5",arapora,-18.43738,-49.18985,12.0,0.0,6.0,Com Vítimas Fatais,Não,Demais falhas na via,Capotamento,Pleno dia,Nublado,Dupla,Reta;Declive,Sim,Crescente
749151,2026-01-31,sábado,10:50:00,SE,101.0,91,nossa senhora do socorro,-10.901419,-37.132843,0.0,0.0,0.0,Sem Vítimas,Sim,Ausência de reação do condutor,Capotamento,Pleno dia,Céu Claro,Simples,Curva;Declive,Não,Crescente
749152,2026-01-31,sábado,12:30:00,SC,101.0,"224,9",palhoca,-27.742016,-48.6381,1.0,0.0,0.0,Com Vítimas Feridas,Sim,Reação tardia ou ineficiente do condutor,Colisão traseira,Pleno dia,Céu Claro,Múltipla,Reta,Sim,Crescente
749153,2026-01-31,sábado,13:15:00,SC,280.0,28,araquari,-26.40731,-48.74863,2.0,0.0,0.0,Com Vítimas Feridas,Sim,Transitar na contramão,Queda de ocupante de veículo,Pleno dia,Céu Claro,Simples,Reta,Sim,Decrescente
749154,2026-01-31,sábado,12:50:00,SP,116.0,221,guarulhos,-23.467363,-46.50644,2.0,0.0,0.0,Com Vítimas Feridas,Não,Demais falhas mecânicas ou elétricas,Queda de ocupante de veículo,Pleno dia,Nublado,Múltipla,Reta,Sim,Crescente
749155,2026-01-31,sábado,09:05:00,RJ,101.0,330,rio de janeiro,-22.86795,-43.193092,6.0,0.0,0.0,Com Vítimas Feridas,Sim,Ausência de reação do condutor,Queda de ocupante de veículo,Pleno dia,Céu Claro,Dupla,Reta,Não,Decrescente
749156,2026-01-31,sábado,06:31:00,PE,232.0,71,gravata,-8.185158,-35.49589,0.0,6.0,0.0,Com Vítimas Feridas,Sim,Ausência de reação do condutor,Queda de ocupante de veículo,Pleno dia,Céu Claro,Dupla,Reta;Aclive,Não,Decrescente
749157,2026-01-31,sábado,11:10:00,BA,116.0,843,vitoria da conquista,-15.008658,-40.940884,2.0,0.0,0.0,Com Vítimas Feridas,Não,Velocidade Incompatível,Engavetamento,Pleno dia,Céu Claro,Simples,Reta;Aclive,Não,Crescente
749158,2026-01-31,sábado,06:51:00,RO,364.0,283,presidente medici,-11.370515,-61.83207,0.0,12.0,12.0,Com Vítimas Fatais,Não,Ausência de reação do condutor,Tombamento,Pleno dia,Céu Claro,Simples,Reta,Não,Decrescente
749159,2026-01-31,sábado,13:45:00,BA,135.0,204,sao desiderio,-12.349207,-44.991257,4.0,0.0,0.0,Com Vítimas Feridas,Não,Falta de elemento de contenção que evite a saída do leito carroçável,Saída de leito carroçável,Pleno dia,Céu Claro,Simples,Curva,Não,Crescente
749161,2026-01-31,sábado,11:45:00,SP,381.0,"90,2",guarulhos,-23.497375,-46.559998,0.0,0.0,10.0,Com Vítimas Fatais,Não,Ultrapassagem Indevida,Atropelamento de Pedestre,Pleno dia,Céu Claro,Múltipla,Reta;Interseção de Vias,Sim,Crescente
749162,2026-01-31,sábado,12:00:00,SC,282.0,379,herval doeste,-27.2176,-51.46868,8.0,0.0,0.0,Com Vítimas Feridas,Não,Afundamento ou ondulação no pavimento,Colisão com objeto,Pleno dia,Céu Claro,Simples,Reta,Não,Decrescente
749163,2026-01-31,sábado,13:20:00,SC,101.0,"148,9",itapema,-27.10706,-48.61426,3.0,3.0,0.0,Com Vítimas Feridas,Sim,Reação tardia ou ineficiente do condutor,Colisão traseira,Pleno dia,Céu Claro,Dupla,Reta;Aclive,Sim,Decrescente
749164,2026-01-31,sábado,13:55:00,RS,116.0,148,caxias do sul,-29.158636,-51.155464,1.0,0.0,0.0,Com Vítimas Feridas,Sim,Reação tardia ou ineficiente do condutor,Colisão lateral mesmo sentido,Pleno dia,Céu Claro,Dupla,Curva,Sim,Decrescente
749165,2026-01-31,sábado,12:30:00,GO,60.0,"46,2",alexania,-16.145124,-48.602165,2.0,0.0,0.0,Com Vítimas Feridas,Sim,Velocidade Incompatível,Capotamento,Pleno dia,Chuva,Dupla,Curva;Declive,Não,Crescente
749166,2026-01-31,sábado,12:15:00,SC,101.0,"141,5",balneario camboriu,-27.05066,-48.59927,0.0,0.0,0.0,Sem Vítimas,Sim,Demais falhas mecânicas ou elétricas,Incêndio,Pleno dia,Céu Claro,Dupla,Declive,Não,Crescente
749167,2026-01-31,sábado,11:05:00,SC,101.0,"144,6",itapema,-27.07736,-48.59894,4.0,0.0,0.0,Com Vítimas Feridas,Sim,Reação tardia ou ineficiente do condutor,Tombamento,Pleno dia,Céu Claro,Dupla,Reta,Não,Decrescente
749168,2026-01-31,sábado,13:00:00,RS,470.0,"282,5",montenegro,-29.619865,-51.47451,6.0,0.0,0.0,Com Vítimas Feridas,Não,Reação tardia ou ineficiente do condutor,Capotamento,Pleno dia,Nublado,Simples,Curva;Interseção de Vias;Em Obras,Não,Decrescente
749169,2026-01-31,sábado,14:30:00,ES,101.0,"66,3",sao mateus,-18.717743,-39.8721,1.0,0.0,0.0,Com Vítimas Feridas,Sim,Acessar a via sem observar a presença dos outros veículos,Colisão lateral mesmo sentido,Pleno dia,Céu Claro,Simples,Retorno Regulamentado,Sim,Crescente
749170,2026-01-31,sábado,14:22:00,RJ,116.0,180,nova iguacu,-22.764109,-43.417442,0.0,0.0,0.0,Sem Vítimas,Sim,Trafegar com motocicleta (ou similar) entre as faixas,Colisão traseira,Pleno dia,Céu Claro,Múltipla,Reta,Sim,Crescente
749171,2026-01-31,sábado,07:40:00,RO,364.0,425,jaru,-10.436952,-62.47241,3.0,0.0,0.0,Com Vítimas Feridas,Sim,Conversão proibida,Queda de ocupante de veículo,Pleno dia,Céu Claro,Simples,Declive;Reta,Sim,Decrescente
749172,2026-01-31,sábado,13:50:00,RJ,116.0,"81,7",teresopolis,-22.399302,-42.95499,3.0,0.0,0.0,Com Vítimas Feridas,Não,Desrespeitar a preferência no cruzamento,Colisão transversal,Pleno dia,Céu Claro,Simples,Declive;Reta;Retorno Regulamentado,Não,Decrescente
749173,2026-01-31,sábado,12:30:00,SC,280.0,"25,7",araquari,-26.386827,-48.73063,0.0,0.0,0.0,Sem Vítimas,Sim,Ausência de reação do condutor,Queda de ocupante de veículo,Pleno dia,Céu Claro,Simples,Reta,Não,Decrescente
749174,2026-01-31,sábado,13:17:00,PB,427.0,14,paulista,-6.692588,-37.606995,3.0,3.0,3.0,Com Vítimas Fatais,Sim,Reação tardia ou ineficiente do condutor,Saída de leito carroçável,Pleno dia,Céu Claro,Simples,Reta,Não,Decrescente
749175,2026-01-31,sábado,13:10:00,MG,381.0,"635,8",santo antonio do amparo,-20.864426,-44.841385,10.0,0.0,0.0,Com Vítimas Feridas,Sim,Ausência de reação do condutor,Colisão com objeto,Pleno dia,Céu Claro,Dupla,Curva;Aclive,Não,Decrescente
749176,2026-01-31,sábado,15:05:00,PE,101.0,70,recife,-8.075568,-34.939667,1.0,0.0,0.0,Com Vítimas Feridas,Sim,Ausência de reação do condutor,Saída de leito carroçável,Pleno dia,Sol,Simples,Curva,Não,Decrescente
749177,2026-01-31,sábado,12:15:00,MT,70.0,3,barra do garcas,-15.879286,-52.313934,2.0,0.0,0.0,Com Vítimas Feridas,Sim,Reação tardia ou ineficiente do condutor,Colisão lateral mesmo sentido,Pleno dia,Céu Claro,Dupla,Rotatória,Sim,Decrescente
749178,2026-01-31,sábado,14:50:00,MG,40.0,"523,6",contagem,-19.872772,-44.0558,2.0,0.0,0.0,Com Vítimas Feridas,Sim,Reação tardia ou ineficiente do condutor,Colisão traseira,Pleno dia,Nublado,Dupla,Reta,Sim,Crescente
749179,2026-01-31,sábado,14:00:00,SE,101.0,"21,4",sao francisco,-10.36891,-36.91211,0.0,0.0,0.0,Sem Vítimas,Sim,Demais falhas mecânicas ou elétricas,Incêndio,Pleno dia,Céu Claro,Dupla,Aclive;Curva,Não,Decrescente
749180,2026-01-31,sábado,14:10:00,RJ,40.0,117,duque de caxias,-22.75359,-43.28706,2.0,0.0,0.0,Com Vítimas Feridas,Não,Condutor deixou de manter distância do veículo da frente,Colisão traseira,Pleno dia,Nublado,Dupla,Reta,Sim,Decrescente
749181,2026-01-31,sábado,14:25:00,PE,232.0,"90,5",saire,-8.217425,-35.655354,1.0,0.0,0.0,Com Vítimas Feridas,Sim,Ausência de reação do condutor,Colisão traseira,Pleno dia,Sol,Dupla,Reta,Não,Decrescente
749182,2026-01-31,sábado,15:20:00,BA,101.0,715,eunapolis,-16.358948,-39.579556,12.0,0.0,0.0,Com Vítimas Feridas,Sim,Condutor deixou de manter distância do veículo da frente,Capotamento,Pleno dia,Céu Claro,Simples,Reta,Sim,Decrescente
749183,2026-01-31,sábado,15:35:00,RS,386.0,"347,4",lajeado,-29.453205,-51.96221,0.0,0.0,4.0,Com Vítimas Fatais,Sim,Objeto estático sobre o leito carroçável,Colisão com objeto,Pleno dia,Nublado,Dupla,Reta;Declive,Sim,Crescente
749184,2026-01-31,sábado,15:15:00,SC,101.0,150,itapema,-27.11749,-48.609238,0.0,1.0,0.0,Com Vítimas Feridas,Sim,Manobra de mudança de faixa,Colisão lateral mesmo sentido,Pleno dia,Nublado,Múltipla,Reta,Sim,Decrescente
749185,2026-01-31,sábado,15:03:00,MG,40.0,"462,8",sete lagoas,-19.41898,-44.33933,9.0,0.0,0.0,Com Vítimas Feridas,Não,Falta de elemento de contenção que evite a saída do leito carroçável,Tombamento,Pleno dia,Chuva,Dupla,Reta;Declive,Não,Crescente
749186,2026-01-31,sábado,15:05:00,PB,230.0,28,joao pessoa,-7.164214,-34.900475,0.0,0.0,0.0,Sem Vítimas,Não,Reação tardia ou ineficiente do condutor,Engavetamento,Pleno dia,Céu Claro,Dupla,Reta,Sim,Crescente
749187,2026-01-31,sábado,15:15:00,ES,101.0,"367,9",anchieta,-20.751411,-40.759598,2.0,0.0,0.0,Com Vítimas Feridas,Sim,Ultrapassagem Indevida,Tombamento,Pleno dia,Céu Claro,Simples,Reta,Não,Decrescente
749189,2026-01-31,sábado,15:50:00,SC,101.0,"196,3",biguacu,-27.513056,-48.640835,1.0,0.0,0.0,Com Vítimas Feridas,Sim,Ingestão de álcool pelo condutor,Colisão traseira,Pleno dia,Nublado,Dupla,Reta,Não,Decrescente
749190,2026-01-31,sábado,14:20:00,RJ,116.0,181,nova iguacu,-22.762495,-43.421978,1.0,0.0,0.0,Com Vítimas Feridas,Sim,Ausência de reação do condutor,Colisão traseira,Pleno dia,Céu Claro,Dupla,Reta,Não,Decrescente
749191,2026-01-31,sábado,09:30:00,BA,324.0,518,feira de santana,-12.276638,-38.92948,0.0,10.0,0.0,Com Vítimas Feridas,Não,Objeto estático sobre o leito carroçável,Queda de ocupante de veículo,Pleno dia,Céu Claro,Dupla,Reta,Não,Decrescente
749192,2026-01-31,sábado,15:05:00,SC,470.0,31,gaspar,-26.900446,-48.93012,0.0,4.0,0.0,Com Vítimas Feridas,Sim,Ausência de reação do condutor,Colisão com objeto,Pleno dia,Nublado,Dupla,Reta,Não,Crescente
749193,2026-01-31,sábado,15:00:00,GO,153.0,585,professor jamil,-17.415207,-49.227806,0.0,0.0,0.0,Sem Vítimas,Sim,Demais falhas mecânicas ou elétricas,Saída de leito carroçável,Pleno dia,Nublado,Dupla,Reta,Não,Decrescente
749196,2026-01-31,sábado,15:19:00,SC,282.0,118,alfredo wagner,-27.77732,-49.41185,8.0,0.0,0.0,Com Vítimas Feridas,Sim,Reação tardia ou ineficiente do condutor,Saída de leito carroçável,Pleno dia,Chuva,Simples,Curva,Não,Crescente
749197,2026-01-31,sábado,16:00:00,PR,376.0,160,mandaguacu,-23.365314,-52.08205,0.0,6.0,0.0,Com Vítimas Feridas,Não,Manobra de mudança de faixa,Colisão com objeto,Pleno dia,Céu Claro,Dupla,Curva,Não,Crescente
749198,2026-01-31,sábado,16:00:00,SP,101.0,51,ubatuba,-23.455673,-45.071735,0.0,0.0,0.0,Sem Vítimas,Sim,Transitar na contramão,Tombamento,Pleno dia,Nublado,Simples,Reta,Sim,Decrescente
749199,2026-01-31,sábado,12:00:00,MG,365.0,"198,6",buritizeiro,-17.48592,-45.20729,0.0,0.0,0.0,Sem Vítimas,Sim,Demais falhas mecânicas ou elétricas,Incêndio,Pleno dia,Céu Claro,Simples,Reta,Não,Decrescente
749200,2026-01-31,sábado,13:25:00,RO,364.0,58,vilhena,-12.518,-60.418,4.0,0.0,0.0,Com Vítimas Feridas,Sim,Demais falhas mecânicas ou elétricas,Tombamento,Pleno dia,Céu Claro,Simples,Reta,Não,Crescente
749201,2026-01-31,sábado,16:00:00,SC,101.0,85,barra velha,-26.639193,-48.69313,0.0,0.0,0.0,Sem Vítimas,Sim,Condutor deixou de manter distância do veículo da frente,Colisão traseira,Pleno dia,Céu Claro,Dupla,Reta,Não,Decrescente
749202,2026-01-31,sábado,15:50:00,PI,316.0,5,teresina,-5.1429033,-42.779736,1.0,0.0,0.0,Com Vítimas Feridas,Sim,Ausência de reação do condutor,Atropelamento de Pedestre,Pleno dia,Céu Claro,Múltipla,Reta,Sim,Crescente
749203,2026-01-31,sábado,16:40:00,RS,285.0,339,carazinho,-28.317965,-52.809055,3.0,0.0,0.0,Com Vítimas Feridas,Sim,Desrespeitar a preferência no cruzamento,Colisão transversal,Pleno dia,Céu Claro,Simples,Reta,Não,Crescente
749204,2026-01-31,sábado,15:00:00,MG,381.0,242,santana do paraiso,-19.443567,-42.513313,2.0,0.0,0.0,Com Vítimas Feridas,Sim,Acumulo de areia ou detritos sobre o pavimento,Queda de ocupante de veículo,Pleno dia,Nublado,Simples,Interseção de Vias;Curva,Não,Crescente
749205,2026-01-31,sábado,13:30:00,MA,10.0,367,itinga do maranhao,-4.53819,-47.49939,0.0,1.0,0.0,Com Vítimas Feridas,Sim,Ultrapassagem Indevida,Colisão frontal,Pleno dia,Céu Claro,Simples,Declive;Reta,Não,Crescente
749206,2026-01-31,sábado,17:00:00,RS,153.0,"45,5",erechim,-27.632093,-52.23632,6.0,0.0,0.0,Com Vítimas Feridas,Não,Reação tardia ou ineficiente do condutor,Colisão com objeto,Pleno dia,Céu Claro,Simples,Reta;Aclive,Sim,Crescente
749207,2026-01-31,sábado,15:05:00,GO,60.0,297,acreuna,-17.359888,-50.33274,15.0,0.0,0.0,Com Vítimas Feridas,Não,Acumulo de água sobre o pavimento,Capotamento,Pleno dia,Chuva,Dupla,Curva;Retorno Regulamentado,Não,Crescente
749209,2026-01-31,sábado,18:00:00,MG,40.0,517,ribeirao das neves,-19.840633,-44.076572,0.0,1.0,0.0,Com Vítimas Feridas,Sim,Desrespeitar a preferência no cruzamento,Colisão transversal,Anoitecer,Céu Claro,Dupla,Reta,Sim,Crescente
749210,2026-01-31,sábado,18:00:00,GO,60.0,109,goianapolis,-16.451227,-49.038834,1.0,0.0,0.0,Com Vítimas Feridas,Sim,Chuva,Saída de leito carroçável,Anoitecer,Chuva,Dupla,Curva,Não,Decrescente
749211,2026-01-31,sábado,16:50:00,SC,163.0,"67,9",sao miguel do oeste,-26.751545,-53.500805,0.0,4.0,0.0,Com Vítimas Feridas,Não,Manobra de mudança de faixa,Queda de ocupante de veículo,Pleno dia,Céu Claro,Dupla,Reta;Interseção de Vias,Sim,Decrescente
749212,2026-01-31,sábado,17:00:00,SC,101.0,67,araquari,-26.481297,-48.735874,6.0,0.0,0.0,Com Vítimas Feridas,Sim,Condutor usando celular,Colisão com objeto,Pleno dia,Céu Claro,Dupla,Curva,Não,Decrescente
749213,2026-01-31,sábado,16:03:00,BA,101.0,527,buerarema,-14.96739,-39.31813,0.0,1.0,0.0,Com Vítimas Feridas,Sim,Transitar na contramão,Saída de leito carroçável,Pleno dia,Céu Claro,Simples,Aclive,Não,Crescente
749214,2026-01-31,sábado,17:54:00,GO,60.0,72,abadiania,-16.261322,-48.763416,1.0,0.0,0.0,Com Vítimas Feridas,Sim,Ingestão de álcool pelo condutor,Saída de leito carroçável,Pleno dia,Garoa/Chuvisco,Dupla,Reta,Não,Decrescente
749215,2026-01-31,sábado,16:45:00,PI,343.0,316,altos,-5.046063,-42.508884,2.0,0.0,0.0,Com Vítimas Feridas,Sim,Ausência de reação do condutor,Queda de ocupante de veículo,Pleno dia,Nublado,Simples,Aclive,Não,Decrescente
749216,2026-01-31,sábado,15:20:00,RO,364.0,342,ji-parana,-10.879062,-61.94505,6.0,0.0,0.0,Com Vítimas Feridas,Não,Ausência de reação do condutor,Queda de ocupante de veículo,Pleno dia,Céu Claro,Múltipla,Reta,Sim,Decrescente
749217,2026-01-31,sábado,18:00:00,RJ,101.0,462,angra dos reis,-23.030256,-44.20742,3.0,0.0,0.0,Com Vítimas Feridas,Sim,Avarias e/ou desgaste excessivo no pneu,Colisão frontal,Anoitecer,Céu Claro,Simples,Curva,Não,Crescente
749220,2026-01-31,sábado,13:15:00,SC,101.0,"1,8",garuva,-25.995977,-48.878944,2.0,0.0,0.0,Com Vítimas Feridas,Sim,Reação tardia ou ineficiente do condutor,Queda de ocupante de veículo,Pleno dia,Nublado,Dupla,Reta;Declive,Não,Decrescente
749221,2026-01-31,sábado,19:00:00,PE,101.0,81,jaboatao dos guararapes,-8.16139,-34.94003,2.0,2.0,0.0,Com Vítimas Feridas,Sim,Animais na Pista,Queda de ocupante de veículo,Plena Noite,Céu Claro,Dupla,Reta,Sim,Crescente
749222,2026-01-31,sábado,15:00:00,PR,369.0,"423,8",ubirata,-24.516598,-52.930454,0.0,12.0,3.0,Com Vítimas Fatais,Sim,Ultrapassagem Indevida,Incêndio,Pleno dia,Sol,Simples,Reta,Não,Crescente
749223,2026-01-31,sábado,12:10:00,GO,364.0,282,mineiros,-17.616577,-52.404366,18.0,0.0,0.0,Com Vítimas Feridas,Não,Falta de acostamento,Capotamento,Pleno dia,Céu Claro,Simples,Reta,Não,Decrescente