id,data_inversa,dia_semana,horario,uf,br,km,municipio,latitude,longitude,feridos_leves,feridos_graves,mortos,classificacao_acidente,causa_principal,causa_acidente,tipo_acidente,fase_dia,condicao_metereologica,tipo_pista,tracado_via,uso_solo,sentido_via
749224,2026-01-31,sábado,18:40:00,MG,381.0,425,sabara,-19.786785,-43.70105,4.0,0.0,0.0,Com Vítimas Feridas,Não,Chuva,Queda de ocupante de veículo,Pleno dia,Chuva,Simples,Curva,Não,Crescente
749225,2026-01-16,sexta-feira,03:30:00,MG,153.0,141,prata,-19.577803,-48.824955,3.0,0.0,0.0,Com Vítimas Feridas,Sim,Transitar na contramão,Colisão lateral sentido oposto,Plena Noite,Chuva,Simples,Curva,Não,Decrescente
749226,2026-01-31,sábado,17:00:00,SC,101.0,"311,3",laguna,-28.440628,-48.81356,0.0,1.0,0.0,Com Vítimas Feridas,Sim,Condutor deixou de manter distância do veículo da frente,Tombamento,Pleno dia,Céu Claro,Simples,Aclive,Sim,Decrescente
749227,2026-01-31,sábado,19:00:00,ES,101.0,"98,7",jaguare,-18.946468,-39.97871,0.0,2.0,2.0,Com Vítimas Fatais,Sim,Transitar na contramão,Colisão transversal,Plena Noite,Céu Claro,Simples,Reta,Não,Decrescente
749228,2026-01-31,sábado,18:50:00,RS,470.0,"219,2",bento goncalves,-29.188814,-51.521976,3.0,0.0,0.0,Com Vítimas Feridas,Sim,Manobra de mudança de faixa,Queda de ocupante de veículo,Anoitecer,Céu Claro,Simples,Curva,Sim,Decrescente
749229,2026-01-31,sábado,19:27:00,SP,116.0,"415,7",juquia,-24.335966,-47.642124,4.0,0.0,0.0,Com Vítimas Feridas,Sim,Reação tardia ou ineficiente do condutor,Queda de ocupante de veículo,Plena Noite,Céu Claro,Dupla,Reta,Não,Decrescente
749230,2026-01-31,sábado,19:15:00,PI,343.0,26,parnaiba,-3.038375,-41.772842,1.0,0.0,0.0,Com Vítimas Feridas,Sim,Ausência de reação do condutor,Queda de ocupante de veículo,Plena Noite,Céu Claro,Simples,Reta,Não,Crescente
749231,2026-01-31,sábado,19:30:00,PE,101.0,50,abreu e lima,-7.9129357,-34.90036,3.0,0.0,0.0,Com Vítimas Feridas,Sim,Reação tardia ou ineficiente do condutor,Queda de ocupante de veículo,Plena Noite,Céu Claro,Múltipla,Reta;Retorno Regulamentado,Sim,Decrescente
749232,2026-01-31,sábado,18:40:00,MS,376.0,"86,3",deodapolis,-22.296207,-54.117527,0.0,16.0,16.0,Com Vítimas Fatais,Não,Ausência de reação do condutor,Colisão com objeto,Plena Noite,Céu Claro,Simples,Reta,Não,Crescente
749233,2026-01-31,sábado,19:35:00,PR,277.0,0,foz do iguacu,-25.491764,-54.516468,4.0,0.0,0.0,Com Vítimas Feridas,Não,Ingestão de álcool pelo condutor,Queda de ocupante de veículo,Plena Noite,Céu Claro,Simples,Declive;Curva,Sim,Decrescente
749234,2026-01-31,sábado,19:15:00,RS,470.0,"59,2",lagoa vermelha,-28.08503,-51.46796,2.0,2.0,0.0,Com Vítimas Feridas,Sim,Ultrapassagem Indevida,Capotamento,Anoitecer,Céu Claro,Simples,Reta,Não,Crescente
749235,2026-01-31,sábado,18:55:00,SP,116.0,165,jacarei,-23.296732,-46.00731,1.0,0.0,0.0,Com Vítimas Feridas,Sim,Velocidade Incompatível,Engavetamento,Plena Noite,Nublado,Dupla,Reta;Declive,Sim,Decrescente
749236,2026-01-31,sábado,18:40:00,MG,153.0,13,arapora,-18.533323,-49.192184,0.0,0.0,0.0,Sem Vítimas,Sim,Demais falhas mecânicas ou elétricas,Incêndio,Anoitecer,Nublado,Dupla,Reta,Não,Decrescente
749237,2026-01-31,sábado,19:46:00,RN,101.0,84,natal,-5.774417,-35.25716,0.0,0.0,0.0,Sem Vítimas,Sim,Ausência de reação do condutor,Colisão traseira,Plena Noite,Céu Claro,Dupla,Reta,Sim,Crescente
749238,2026-01-31,sábado,18:50:00,BA,418.0,100,nova vicosa,-17.907494,-39.943523,0.0,1.0,0.0,Com Vítimas Feridas,Sim,Transitar na contramão,Colisão frontal,Plena Noite,Nublado,Simples,Reta,Não,Decrescente
749240,2026-01-31,sábado,19:00:00,RS,386.0,"73,7",boa vista das missoes,-27.66813,-53.312702,0.0,0.0,0.0,Sem Vítimas,Sim,Transitar na contramão,Colisão transversal,Pleno dia,Céu Claro,Simples,Reta;Interseção de Vias,Sim,Crescente
749241,2026-01-31,sábado,19:40:00,RJ,101.0,407,itaguai,-22.879848,-43.822163,1.0,0.0,0.0,Com Vítimas Feridas,Sim,Ausência de reação do condutor,Colisão lateral mesmo sentido,Plena Noite,Nublado,Dupla,Viaduto,Não,Decrescente
749242,2026-01-31,sábado,18:20:00,MS,267.0,"391,5",maracaju,-21.616089,-55.395782,0.0,2.0,6.0,Com Vítimas Fatais,Sim,Acessar a via sem observar a presença dos outros veículos,Colisão transversal,Anoitecer,Nublado,Simples,Reta,Não,Decrescente
749243,2026-01-31,sábado,18:15:00,MG,116.0,"563,4",manhuacu,-20.06491,-42.173294,0.0,0.0,1.0,Com Vítimas Fatais,Sim,Reação tardia ou ineficiente do condutor,Colisão frontal,Anoitecer,Céu Claro,Simples,Reta;Aclive,Não,Crescente
749244,2026-01-31,sábado,19:20:00,SP,381.0,4,vargem,-22.884066,-46.40968,0.0,0.0,0.0,Sem Vítimas,Sim,Ausência de reação do condutor,Colisão com objeto,Plena Noite,Céu Claro,Dupla,Reta;Declive,Sim,Decrescente
749246,2026-01-31,sábado,20:50:00,RJ,116.0,284,barra mansa,-22.511984,-44.216652,1.0,0.0,0.0,Com Vítimas Feridas,Sim,Condutor Dormindo,Capotamento,Plena Noite,Nublado,Dupla,Reta,Não,Crescente
749247,2026-01-31,sábado,21:00:00,RJ,465.0,13,seropedica,-22.795702,-43.647694,32.0,0.0,0.0,Com Vítimas Feridas,Sim,Reação tardia ou ineficiente do condutor,Queda de ocupante de veículo,Plena Noite,Nublado,Simples,Reta;Interseção de Vias,Sim,Crescente
749248,2026-01-31,sábado,20:50:00,MG,50.0,56,uberlandia,-18.784616,-48.232048,0.0,0.0,0.0,Sem Vítimas,Sim,Ausência de reação do condutor,Colisão traseira,Plena Noite,Céu Claro,Dupla,Aclive,Não,Crescente
749249,2026-01-31,sábado,21:30:00,PB,101.0,92,joao pessoa,-7.1637,-34.905907,2.0,0.0,0.0,Com Vítimas Feridas,Sim,Ingestão de álcool pelo condutor,Queda de ocupante de veículo,Plena Noite,Nublado,Dupla,Reta,Não,Decrescente
749250,2026-01-31,sábado,21:30:00,CE,116.0,46,pacajus,-4.1445136,-38.47775,2.0,2.0,0.0,Com Vítimas Feridas,Sim,Condutor usando celular,Queda de ocupante de veículo,Plena Noite,Céu Claro,Dupla,Reta;Aclive;Retorno Regulamentado,Não,Decrescente
749251,2026-01-31,sábado,20:47:00,GO,60.0,109,goianapolis,-16.447912,-49.023975,0.0,0.0,0.0,Sem Vítimas,Sim,Reação tardia ou ineficiente do condutor,Colisão com objeto,Plena Noite,Chuva,Dupla,Declive,Não,Crescente
749252,2026-01-31,sábado,19:40:00,MT,70.0,153,general carneiro,-15.571843,-53.417683,1.0,0.0,0.0,Com Vítimas Feridas,Sim,Ultrapassagem Indevida,Atropelamento de Pedestre,Plena Noite,Nublado,Simples,Reta,Sim,Decrescente
749253,2026-01-31,sábado,21:02:00,PE,423.0,96,garanhuns,-8.87943,-36.49499,4.0,0.0,0.0,Com Vítimas Feridas,Sim,Ausência de reação do condutor,Queda de ocupante de veículo,Plena Noite,Céu Claro,Simples,Reta,Não,Crescente
749254,2026-01-31,sábado,18:57:00,PI,407.0,426,picos,-7.0992393,-41.41989,3.0,3.0,0.0,Com Vítimas Feridas,Não,Velocidade Incompatível,Colisão frontal,Plena Noite,Céu Claro,Simples,Reta,Não,Crescente
749255,2026-01-31,sábado,22:00:00,MG,40.0,"481,5",sete lagoas,-19.55462,-44.24265,18.0,0.0,0.0,Com Vítimas Feridas,Não,Iluminação deficiente,Queda de ocupante de veículo,Plena Noite,Chuva,Dupla,Reta;Em Obras,Não,Decrescente
749256,2026-01-31,sábado,22:10:00,RJ,101.0,268,rio bonito,-22.714403,-42.67793,0.0,0.0,1.0,Com Vítimas Fatais,Sim,Manobra de mudança de faixa,Colisão transversal,Plena Noite,Céu Claro,Dupla,Reta,Sim,Crescente
749257,2026-01-31,sábado,21:00:00,BA,367.0,"33,4",porto seguro,-16.416836,-39.156727,0.0,8.0,0.0,Com Vítimas Feridas,Não,Sinalização mal posicionada,Queda de ocupante de veículo,Plena Noite,Céu Claro,Simples,Reta,Não,Decrescente
749258,2026-01-31,sábado,17:20:00,RS,285.0,"212,2",caseiros,-28.24032,-51.64222,0.0,0.0,0.0,Sem Vítimas,Sim,Reação tardia ou ineficiente do condutor,Colisão traseira,Plena Noite,Céu Claro,Simples,Reta;Declive,Não,Decrescente
749259,2026-01-31,sábado,21:40:00,ES,101.0,97,jaguare,-18.955938,-39.983334,4.0,0.0,0.0,Com Vítimas Feridas,Sim,Ausência de reação do condutor,Colisão traseira,Plena Noite,Céu Claro,Simples,Reta,Não,Crescente
749260,2026-01-31,sábado,20:35:00,MT,174.0,2,pontes e lacerda,-15.252276,-59.329357,2.0,0.0,0.0,Com Vítimas Feridas,Sim,Reação tardia ou ineficiente do condutor,Tombamento,Plena Noite,Céu Claro,Simples,Reta;Interseção de Vias,Sim,Decrescente
749261,2026-01-31,sábado,21:20:00,TO,153.0,97,wanderlandia,-6.887727,-48.001446,0.0,0.0,0.0,Sem Vítimas,Sim,Demais falhas mecânicas ou elétricas,Incêndio,Plena Noite,Nublado,Simples,Reta,Não,Crescente
749262,2026-01-31,sábado,19:40:00,BA,101.0,844,vereda,-17.270103,-39.63576,0.0,3.0,0.0,Com Vítimas Feridas,Sim,Transitar na contramão,Colisão lateral sentido oposto,Plena Noite,Nublado,Simples,Reta,Não,Decrescente
749263,2026-01-31,sábado,22:15:00,SE,101.0,185,umbauba,-11.396143,-37.67776,0.0,0.0,2.0,Com Vítimas Fatais,Não,Velocidade Incompatível,Atropelamento de Pedestre,Plena Noite,Céu Claro,Simples,Reta,Não,Decrescente
749264,2026-01-31,sábado,22:42:00,PI,343.0,339,teresina,-5.07305,-42.73556,2.0,0.0,0.0,Com Vítimas Feridas,Sim,Acessar a via sem observar a presença dos outros veículos,Colisão traseira,Plena Noite,Céu Claro,Dupla,Reta,Sim,Crescente
749265,2026-01-31,sábado,23:00:00,MG,381.0,"480,8",contagem,-19.958506,-44.057922,0.0,0.0,1.0,Com Vítimas Fatais,Sim,Pedestre cruzava a pista fora da faixa,Atropelamento de Pedestre,Plena Noite,Céu Claro,Dupla,Curva,Sim,Crescente
749266,2026-01-31,sábado,22:40:00,SC,101.0,"134,6",balneario camboriu,-27.00408,-48.63123,2.0,0.0,0.0,Com Vítimas Feridas,Sim,Reação tardia ou ineficiente do condutor,Queda de ocupante de veículo,Plena Noite,Nublado,Dupla,Reta,Sim,Crescente
749267,2026-01-31,sábado,23:10:00,SE,349.0,18,neopolis,-10.35254,-36.71529,0.0,8.0,8.0,Com Vítimas Fatais,Não,Transitar na contramão,Queda de ocupante de veículo,Plena Noite,Céu Claro,Simples,Reta,Não,Crescente
749268,2026-01-31,sábado,22:40:00,PR,277.0,"29,2",morretes,-25.547857,-48.791477,0.0,2.0,0.0,Com Vítimas Feridas,Não,Ausência de reação do condutor,Colisão traseira,Plena Noite,Nublado,Dupla,Viaduto;Aclive;Reta,Não,Crescente
749269,2026-01-31,sábado,22:20:00,PR,277.0,58,sao jose dos pinhais,-25.57257,-48.99104,1.0,0.0,0.0,Com Vítimas Feridas,Sim,Demais falhas mecânicas ou elétricas,Colisão com objeto,Plena Noite,Céu Claro,Dupla,Aclive,Não,Crescente
749270,2026-01-31,sábado,21:45:00,MG,116.0,"374,6",frei inocencio,-18.571115,-41.91012,0.0,0.0,0.0,Sem Vítimas,Sim,Transitar na contramão,Colisão lateral sentido oposto,Plena Noite,Nublado,Simples,Reta,Sim,Decrescente
749271,2026-01-31,sábado,21:39:00,RN,226.0,"2,3",natal,-5.816,-35.249,1.0,0.0,0.0,Com Vítimas Feridas,Sim,Manobra de mudança de faixa,Colisão frontal,Plena Noite,Céu Claro,Simples,Reta,Sim,Decrescente
749272,2026-01-31,sábado,23:00:00,MG,365.0,"5,6",montes claros,-16.758156,-43.87105,3.0,0.0,0.0,Com Vítimas Feridas,Sim,Velocidade Incompatível,Tombamento,Pleno dia,Nublado,Simples,Curva;Declive,Não,Decrescente
749273,2026-02-01,domingo,00:20:00,SC,282.0,521,xaxim,-26.950035,-52.532623,15.0,5.0,0.0,Com Vítimas Feridas,Não,Condutor Dormindo,Capotamento,Plena Noite,Céu Claro,Simples,Reta;Declive,Não,Crescente
749274,2026-02-01,domingo,00:30:00,RJ,101.0,276,tangua,-22.739044,-42.74332,1.0,0.0,0.0,Com Vítimas Feridas,Sim,Transitar na contramão,Colisão frontal,Plena Noite,Ignorado,Dupla,Reta,Não,Decrescente
749275,2026-02-01,domingo,00:30:00,ES,262.0,"184,9",iuna,-20.30091,-41.708645,0.0,0.0,1.0,Com Vítimas Fatais,Sim,Transitar na contramão,Colisão frontal,Plena Noite,Céu Claro,Simples,Reta;Retorno Regulamentado,Não,Crescente
749276,2026-02-01,domingo,01:00:00,ES,101.0,"152,8",linhares,-19.422235,-40.077557,0.0,0.0,0.0,Sem Vítimas,Sim,Condutor Dormindo,Colisão com objeto,Plena Noite,Céu Claro,Simples,Curva,Não,Decrescente
749277,2026-01-31,sábado,19:30:00,PI,343.0,"233,2",cocal de telha,-4.619922,-42.00105,4.0,0.0,0.0,Com Vítimas Feridas,Sim,Transitar na contramão,Colisão transversal,Plena Noite,Céu Claro,Simples,Curva,Não,Crescente
749278,2026-01-31,sábado,22:00:00,BA,101.0,342,teolandia,-13.568231,-39.47393,4.0,0.0,0.0,Com Vítimas Feridas,Não,Condutor Dormindo,Queda de ocupante de veículo,Plena Noite,Nublado,Simples,Reta,Não,Crescente
749279,2026-02-01,domingo,01:00:00,SP,116.0,156,sao jose dos campos,-23.249725,-45.93535,0.0,0.0,1.0,Com Vítimas Fatais,Sim,Ausência de reação do condutor,Queda de ocupante de veículo,Plena Noite,Céu Claro,Dupla,Reta,Sim,Crescente
749280,2026-02-01,domingo,02:19:00,RS,116.0,247,sao leopoldo,-29.761885,-51.152534,0.0,0.0,0.0,Sem Vítimas,Sim,Ingestão de álcool pelo condutor,Saída de leito carroçável,Plena Noite,Céu Claro,Dupla,Curva,Sim,Crescente
749281,2026-02-01,domingo,01:50:00,SC,101.0,"142,3",itapema,-27.05754,-48.598,0.0,0.0,0.0,Sem Vítimas,Sim,Reação tardia ou ineficiente do condutor,Colisão com objeto,Plena Noite,Nublado,Dupla,Curva;Declive,Não,Crescente
749282,2026-02-01,domingo,02:16:00,PI,230.0,"306,9",floriano,-6.787128,-42.99314,0.0,27.0,0.0,Com Vítimas Feridas,Não,Ultrapassagem Indevida,Queda de ocupante de veículo,Plena Noite,Céu Claro,Simples,Rotatória,Sim,Decrescente
749283,2026-02-01,domingo,02:15:00,PR,277.0,726,foz do iguacu,-25.508636,-54.546738,2.0,2.0,0.0,Com Vítimas Feridas,Sim,Ingestão de álcool pelo condutor,Saída de leito carroçável,Plena Noite,Céu Claro,Dupla,Reta,Sim,Crescente
749284,2026-02-01,domingo,01:00:00,PI,316.0,5,teresina,-5.142298,-42.78032,0.0,0.0,0.0,Sem Vítimas,Não,Ausência de reação do condutor,Colisão traseira,Plena Noite,Ignorado,Múltipla,Reta;Interseção de Vias,Sim,Decrescente
749285,2026-02-01,domingo,03:00:00,PR,277.0,"1,1",paranagua,-25.553064,-48.554417,0.0,2.0,0.0,Com Vítimas Feridas,Sim,Ausência de reação do condutor,Queda de ocupante de veículo,Plena Noite,Chuva,Dupla,Reta,Sim,Crescente
749287,2026-02-01,domingo,02:50:00,SP,381.0,53,atibaia,-23.20348,-46.59011,6.0,0.0,0.0,Com Vítimas Feridas,Não,Velocidade Incompatível,Capotamento,Plena Noite,Céu Claro,Dupla,Reta,Sim,Crescente
749288,2026-02-01,domingo,03:50:00,TO,153.0,698,cariri do tocantins,-11.9286,-49.1841,0.0,0.0,0.0,Sem Vítimas,Sim,Demais falhas mecânicas ou elétricas,Incêndio,Plena Noite,Chuva,Simples,Reta,Não,Crescente
749289,2026-02-01,domingo,04:15:00,RJ,356.0,160,sao joao da barra,-21.723299,-41.17799,2.0,1.0,0.0,Com Vítimas Feridas,Sim,Transitar na contramão,Colisão frontal,Amanhecer,Céu Claro,Simples,Curva,Não,Crescente
749290,2026-02-01,domingo,03:15:00,MT,163.0,751,sorriso,-12.564992,-55.722504,0.0,0.0,0.0,Sem Vítimas,Não,Ausência de reação do condutor,Colisão com objeto,Plena Noite,Céu Claro,Múltipla,Reta,Sim,Decrescente
749291,2026-02-01,domingo,02:30:00,MT,163.0,759,sorriso,-12.499853,-55.68815,1.0,0.0,0.0,Com Vítimas Feridas,Sim,Ausência de reação do condutor,Queda de ocupante de veículo,Plena Noite,Céu Claro,Dupla,Aclive;Reta,Não,Crescente
749292,2026-02-01,domingo,04:40:00,SP,116.0,215,guarulhos,-23.45273,-46.463192,0.0,0.0,0.0,Sem Vítimas,Sim,Ausência de reação do condutor,Tombamento,Amanhecer,Céu Claro,Múltipla,Reta,Sim,Crescente
749294,2026-02-01,domingo,03:58:00,RJ,101.0,323,niteroi,-22.881895,-43.106304,0.0,2.0,0.0,Com Vítimas Feridas,Sim,Ausência de reação do condutor,Tombamento,Plena Noite,Céu Claro,Dupla,Reta,Não,Decrescente
749295,2026-02-01,domingo,04:44:00,PA,316.0,20,benevides,-1.364211,-48.272198,0.0,8.0,0.0,Com Vítimas Feridas,Não,Velocidade Incompatível,Queda de ocupante de veículo,Plena Noite,Nublado,Dupla,Reta,Sim,Decrescente
749296,2026-02-01,domingo,03:55:00,SC,101.0,"29,7",joinville,-26.2257,-48.916424,0.0,0.0,4.0,Com Vítimas Fatais,Sim,Velocidade Incompatível,Queda de ocupante de veículo,Plena Noite,Nublado,Dupla,Declive;Reta,Não,Decrescente
749297,2026-02-01,domingo,04:44:00,PR,277.0,597,cascavel,-24.980368,-53.500095,3.0,3.0,0.0,Com Vítimas Feridas,Não,Ausência de reação do condutor,Colisão frontal,Amanhecer,Céu Claro,Simples,Curva,Sim,Crescente
749298,2026-02-01,domingo,05:34:00,SP,116.0,"278,1",embu das artes,-23.639715,-46.835423,12.0,12.0,0.0,Com Vítimas Feridas,Não,Manobra de mudança de faixa,Incêndio,Amanhecer,Céu Claro,Dupla,Curva;Aclive,Não,Decrescente
749299,2026-02-01,domingo,04:30:00,MG,40.0,508,ribeirao das neves,-19.76067,-44.13486,0.0,0.0,0.0,Sem Vítimas,Não,Ingestão de álcool pelo condutor,Capotamento,Plena Noite,Nublado,Dupla,Reta,Sim,Crescente
749300,2026-01-31,sábado,22:40:00,PI,230.0,200,oeiras,-7.01696,-42.14996,0.0,2.0,0.0,Com Vítimas Feridas,Sim,Ausência de reação do condutor,Queda de ocupante de veículo,Plena Noite,Nublado,Simples,Aclive,Sim,Crescente
749301,2026-02-01,domingo,04:30:00,DF,40.0,3,brasilia,-15.9782915,-47.9898,0.0,0.0,0.0,Sem Vítimas,Sim,Ingestão de álcool pelo condutor,Colisão com objeto,Plena Noite,Céu Claro,Dupla,Viaduto,Sim,Crescente
749302,2026-02-01,domingo,03:45:00,RJ,493.0,"50,5",duque de caxias,-22.669205,-43.308407,0.0,24.0,0.0,Com Vítimas Feridas,Não,Iluminação deficiente,Queda de ocupante de veículo,Plena Noite,Nublado,Dupla,Reta,Não,Decrescente
749303,2026-02-01,domingo,03:15:00,SC,282.0,"4,8",sao jose,-27.589312,-48.61116,0.0,0.0,0.0,Sem Vítimas,Sim,Velocidade Incompatível,Saída de leito carroçável,Plena Noite,Céu Claro,Múltipla,Reta,Não,Decrescente
749304,2026-02-01,domingo,05:50:00,MG,381.0,447,belo horizonte,-19.841148,-43.87341,1.0,0.0,0.0,Com Vítimas Feridas,Sim,Reação tardia ou ineficiente do condutor,Colisão traseira,Amanhecer,Nublado,Simples,Reta,Sim,Decrescente
749305,2026-02-01,domingo,04:30:00,TO,153.0,722,figueiropolis,-12.1441,-49.1671,0.0,0.0,0.0,Sem Vítimas,Sim,Ingestão de álcool pelo condutor,Saída de leito carroçável,Plena Noite,Garoa/Chuvisco,Simples,Reta;Em Obras,Sim,Decrescente
749306,2026-02-01,domingo,03:59:00,PI,343.0,342,teresina,-5.08532,-42.75607,0.0,0.0,0.0,Sem Vítimas,Sim,Ausência de reação do condutor,Colisão com objeto,Plena Noite,Ignorado,Dupla,Reta;Em Obras;Ponte,Sim,Crescente
749307,2026-02-01,domingo,06:20:00,ES,262.0,"86,6",domingos martins,-20.395258,-40.997585,0.0,0.0,0.0,Sem Vítimas,Sim,Transitar na contramão,Capotamento,Pleno dia,Céu Claro,Simples,Curva;Declive,Não,Decrescente
749308,2026-02-01,domingo,04:00:00,RJ,116.0,106,guapimirim,-22.523977,-43.00055,2.0,0.0,0.0,Com Vítimas Feridas,Sim,Avarias e/ou desgaste excessivo no pneu,Colisão com objeto,Amanhecer,Céu Claro,Simples,Curva,Sim,Decrescente
749309,2026-01-31,sábado,21:20:00,SP,101.0,46,ubatuba,-23.427938,-45.080097,0.0,0.0,0.0,Sem Vítimas,Não,Ingestão de álcool pelo condutor,Colisão com objeto,Plena Noite,Céu Claro,Simples,Reta,Sim,Crescente
749310,2026-01-13,terça-feira,08:30:00,BA,101.0,251,conceicao do almeida,-12.890697,-39.22927,0.0,1.0,0.0,Com Vítimas Feridas,Sim,Acessar a via sem observar a presença dos outros veículos,Colisão transversal,Pleno dia,Céu Claro,Simples,Reta,Não,Decrescente
749311,2026-01-31,sábado,20:45:00,RO,364.0,"275,4",cacoal,-11.388788,-61.76329,0.0,0.0,0.0,Sem Vítimas,Sim,Ingestão de álcool pelo condutor,Saída de leito carroçável,Plena Noite,Céu Claro,Simples,Curva,Não,Decrescente
749312,2026-02-01,domingo,02:20:00,GO,452.0,9,rio verde,-17.828281,-50.829716,0.0,0.0,0.0,Sem Vítimas,Não,Acessar a via sem observar a presença dos outros veículos,Saída de leito carroçável,Plena Noite,Nublado,Simples,Reta,Não,Decrescente
749313,2026-02-01,domingo,05:00:00,GO,153.0,"312,5",rialma,-15.405185,-49.53237,6.0,6.0,0.0,Com Vítimas Feridas,Não,Velocidade Incompatível,Capotamento,Amanhecer,Chuva,Simples,Reta,Não,Crescente
749314,2026-02-01,domingo,06:30:00,SC,101.0,123,itajai,-26.93304,-48.702198,1.0,0.0,0.0,Com Vítimas Feridas,Sim,Ausência de reação do condutor,Tombamento,Pleno dia,Céu Claro,Dupla,Reta,Não,Decrescente
749315,2026-02-01,domingo,07:30:00,ES,101.0,"269,6",serra,-20.222485,-40.270226,4.0,0.0,0.0,Com Vítimas Feridas,Não,Condutor deixou de manter distância do veículo da frente,Queda de ocupante de veículo,Pleno dia,Céu Claro,Simples,Reta,Sim,Decrescente
749316,2026-02-01,domingo,08:15:00,SC,101.0,"145,5",itapema,-27.084333,-48.60532,0.0,0.0,12.0,Com Vítimas Fatais,Não,Estacionar ou parar em local proibido,Queda de ocupante de veículo,Pleno dia,Céu Claro,Dupla,Reta;Aclive,Sim,Decrescente
749317,2026-02-01,domingo,08:00:00,MG,381.0,517,igarape,-20.104803,-44.319916,0.0,2.0,0.0,Com Vítimas Feridas,Sim,Ausência de reação do condutor,Queda de ocupante de veículo,Pleno dia,Céu Claro,Dupla,Curva,Não,Crescente
749318,2026-01-28,quarta-feira,17:15:00,PR,116.0,67,quatro barras,-25.314508,-49.017296,0.0,0.0,0.0,Sem Vítimas,Sim,Velocidade Incompatível,Colisão traseira,Pleno dia,Céu Claro,Dupla,Reta,Não,Decrescente
749319,2026-02-01,domingo,05:30:00,MT,163.0,650,lucas do rio verde,-13.373588,-56.07834,0.0,0.0,3.0,Com Vítimas Fatais,Sim,Ausência de reação do condutor,Queda de ocupante de veículo,Amanhecer,Céu Claro,Simples,Desvio Temporário,Não,Crescente
749320,2026-02-01,domingo,07:35:00,PR,373.0,175,ponta grossa,-25.06475,-50.21329,0.0,0.0,0.0,Sem Vítimas,Não,Ingestão de álcool pelo condutor,Saída de leito carroçável,Pleno dia,Céu Claro,Dupla,Curva;Retorno Regulamentado,Sim,Crescente
749321,2026-02-01,domingo,04:35:00,PI,316.0,"54,7",monsenhor gil,-5.53412,-42.63049,0.0,8.0,0.0,Com Vítimas Feridas,Não,Ausência de reação do condutor,Colisão frontal,Plena Noite,Céu Claro,Simples,Reta;Aclive,Não,Crescente
749322,2026-02-01,domingo,06:45:00,RO,364.0,700,porto velho,-8.800517,-63.77985,0.0,2.0,0.0,Com Vítimas Feridas,Sim,Ausência de reação do condutor,Tombamento,Pleno dia,Céu Claro,Dupla,Reta,Não,Decrescente
749323,2026-02-01,domingo,09:00:00,MG,381.0,504,betim,-20.030823,-44.23683,4.0,0.0,0.0,Com Vítimas Feridas,Sim,Ausência de reação do condutor,Colisão traseira,Pleno dia,Céu Claro,Dupla,Curva;Aclive,Sim,Crescente
749324,2026-02-01,domingo,05:10:00,PI,230.0,184,oeiras,-6.961977,-42.02346,0.0,0.0,0.0,Sem Vítimas,Sim,Condutor deixou de manter distância do veículo da frente,Incêndio,Amanhecer,Nublado,Simples,Reta,Não,Crescente
749325,2026-02-01,domingo,08:00:00,RJ,101.0,"451,9",mangaratiba,-23.031946,-44.13121,2.0,2.0,0.0,Com Vítimas Feridas,Sim,Ausência de reação do condutor,Queda de ocupante de veículo,Pleno dia,Sol,Simples,Curva,Não,Crescente
749328,2026-02-01,domingo,08:30:00,PR,277.0,33,morretes,-25.56632,-48.810837,2.0,0.0,0.0,Com Vítimas Feridas,Não,Ausência de reação do condutor,Queda de ocupante de veículo,Pleno dia,Nublado,Dupla,Declive;Curva,Não,Decrescente
749329,2026-02-01,domingo,07:00:00,RJ,40.0,85,petropolis,-22.533005,-43.233505,6.0,0.0,0.0,Com Vítimas Feridas,Não,Reação tardia ou ineficiente do condutor,Queda de ocupante de veículo,Pleno dia,Céu Claro,Dupla,Declive;Curva,Não,Crescente
749330,2026-02-01,domingo,07:00:00,SC,101.0,19,biguacu,-27.379068,-48.6814,1.0,0.0,0.0,Com Vítimas Feridas,Sim,Ausência de reação do condutor,Tombamento,Pleno dia,Céu Claro,Dupla,Reta,Não,Crescente
749331,2026-02-01,domingo,06:00:00,RS,392.0,"1,5",capao do leao,-31.764387,-52.41217,0.0,0.0,0.0,Sem Vítimas,Sim,Ingestão de álcool pelo condutor,Saída de leito carroçável,Amanhecer,Nublado,Simples,Curva,Não,Crescente
749332,2026-02-01,domingo,07:10:00,MS,463.0,"88,9",ponta pora,-22.590185,-55.52043,0.0,0.0,0.0,Sem Vítimas,Sim,Reação tardia ou ineficiente do condutor,Capotamento,Pleno dia,Nublado,Simples,Curva,Não,Crescente
749333,2026-01-30,sexta-feira,17:50:00,MG,50.0,69,uberlandia,-18.884964,-48.265007,2.0,0.0,0.0,Com Vítimas Feridas,Sim,Manobra de mudança de faixa,Queda de ocupante de veículo,Pleno dia,Céu Claro,Dupla,Reta;Aclive,Sim,Crescente
749334,2026-02-01,domingo,09:49:00,TO,10.0,461,palmas,-10.2557,-48.31118,0.0,0.0,0.0,Sem Vítimas,Não,Chuva,Colisão com objeto,Pleno dia,Garoa/Chuvisco,Múltipla,Reta,Sim,Crescente
749336,2026-02-01,domingo,10:00:00,DF,70.0,17,brasilia,-15.790888,-48.212837,0.0,0.0,0.0,Sem Vítimas,Não,Frear bruscamente,Capotamento,Pleno dia,Céu Claro,Dupla,Reta;Declive,Sim,Crescente