id,data_inversa,dia_semana,horario,uf,br,km,municipio,latitude,longitude,feridos_leves,feridos_graves,mortos,classificacao_acidente,causa_principal,causa_acidente,tipo_acidente,fase_dia,condicao_metereologica,tipo_pista,tracado_via,uso_solo,sentido_via
749679,2026-02-02,segunda-feira,20:00:00,SP,101.0,51,ubatuba,-23.451729,-45.075916,6.0,0.0,0.0,Com Vítimas Feridas,Não,Frear bruscamente,Queda de ocupante de veículo,Plena Noite,Chuva,Simples,Reta;Interseção de Vias,Não,Decrescente
749680,2026-02-02,segunda-feira,20:00:00,SP,153.0,56,sao jose do rio preto,-20.77279,-49.350887,0.0,3.0,0.0,Com Vítimas Feridas,Sim,Ausência de reação do condutor,Queda de ocupante de veículo,Plena Noite,Nublado,Dupla,Reta,Não,Decrescente
749682,2026-02-02,segunda-feira,20:50:00,PB,230.0,19,joao pessoa,-7.129021,-34.84951,0.0,4.0,0.0,Com Vítimas Feridas,Sim,Transitar no Acostamento,Queda de ocupante de veículo,Plena Noite,Céu Claro,Dupla,Curva,Sim,Decrescente
749683,2026-02-02,segunda-feira,19:45:00,RS,153.0,"49,3",erechim,-27.650366,-52.256447,6.0,0.0,0.0,Com Vítimas Feridas,Sim,Transitar na contramão,Queda de ocupante de veículo,Plena Noite,Céu Claro,Simples,Reta,Não,Crescente
749684,2026-02-02,segunda-feira,20:05:00,SC,116.0,"12,4",mafra,-26.179596,-49.871025,0.0,0.0,0.0,Sem Vítimas,Não,Desrespeitar a preferência no cruzamento,Colisão transversal,Plena Noite,Céu Claro,Simples,Interseção de Vias,Não,Decrescente
749685,2026-02-02,segunda-feira,20:30:00,SP,116.0,"276,5",embu das artes,-23.62645,-46.81753,2.0,0.0,0.0,Com Vítimas Feridas,Não,Pedestre andava na pista,Atropelamento de Pedestre,Plena Noite,Céu Claro,Dupla,Reta,Sim,Crescente
749686,2026-02-02,segunda-feira,19:00:00,MS,60.0,"592,1",jardim,-21.483341,-56.144985,6.0,3.0,0.0,Com Vítimas Feridas,Sim,Acessar a via sem observar a presença dos outros veículos,Queda de ocupante de veículo,Plena Noite,Nublado,Simples,Reta,Sim,Decrescente
749687,2026-02-02,segunda-feira,14:30:00,BA,116.0,582,nova itarana,-13.122606,-39.991585,1.0,0.0,0.0,Com Vítimas Feridas,Sim,Demais falhas na via,Tombamento,Pleno dia,Céu Claro,Simples,Curva,Não,Crescente
749688,2026-02-02,segunda-feira,20:00:00,PR,373.0,403,candoi,-25.60724,-52.05384,0.0,0.0,6.0,Com Vítimas Fatais,Não,Ingestão de álcool pelo condutor,Saída de leito carroçável,Plena Noite,Céu Claro,Simples,Curva,Não,Crescente
749689,2026-02-02,segunda-feira,21:50:00,RS,116.0,268,canoas,-29.94709,-51.176727,1.0,0.0,0.0,Com Vítimas Feridas,Sim,Ausência de reação do condutor,Colisão com objeto,Plena Noite,Céu Claro,Múltipla,Reta,Sim,Decrescente
749690,2026-02-02,segunda-feira,21:40:00,RJ,116.0,184,nova iguacu,-22.74811,-43.44346,1.0,0.0,0.0,Com Vítimas Feridas,Sim,Pista Escorregadia,Queda de ocupante de veículo,Plena Noite,Céu Claro,Dupla,Reta,Sim,Crescente
749691,2026-02-02,segunda-feira,21:25:00,PR,369.0,"456,9",corbelia,-24.587833,-53.201138,8.0,0.0,0.0,Com Vítimas Feridas,Não,Condutor deixou de manter distância do veículo da frente,Saída de leito carroçável,Plena Noite,Nublado,Simples,Curva;Declive,Sim,Decrescente
749693,2026-02-02,segunda-feira,21:47:00,SC,470.0,"191,9",pouso redondo,-27.293,-50.078,0.0,2.0,0.0,Com Vítimas Feridas,Sim,Reação tardia ou ineficiente do condutor,Colisão lateral sentido oposto,Pleno dia,Nublado,Simples,Aclive;Curva,Não,Crescente
749694,2026-02-02,segunda-feira,22:10:00,SP,116.0,151,sao jose dos campos,-23.223995,-45.903625,1.0,0.0,0.0,Com Vítimas Feridas,Sim,Reação tardia ou ineficiente do condutor,Colisão traseira,Plena Noite,Nublado,Dupla,Reta;Em Obras;Declive,Sim,Decrescente
749695,2026-02-02,segunda-feira,12:00:00,MA,10.0,248,imperatriz,-5.55899,-47.45421,0.0,1.0,0.0,Com Vítimas Feridas,Sim,Condutor deixou de manter distância do veículo da frente,Colisão traseira,Pleno dia,Céu Claro,Múltipla,Reta,Sim,Decrescente
749696,2026-02-02,segunda-feira,22:30:00,PE,101.0,"201,7",xexeu,-8.78849,-35.62204,1.0,0.0,0.0,Com Vítimas Feridas,Sim,Velocidade Incompatível,Tombamento,Plena Noite,Céu Claro,Dupla,Curva;Declive,Não,Decrescente
749697,2026-02-02,segunda-feira,23:00:00,GO,40.0,23,luziania,-16.241383,-47.90962,1.0,0.0,0.0,Com Vítimas Feridas,Sim,Mal súbito do condutor,Eventos atípicos,Plena Noite,Céu Claro,Dupla,Reta,Sim,Crescente
749698,2026-02-02,segunda-feira,22:50:00,PR,272.0,560,guaira,-24.082222,-54.16722,0.0,0.0,3.0,Com Vítimas Fatais,Não,Reação tardia ou ineficiente do condutor,Atropelamento de Pedestre,Plena Noite,Céu Claro,Simples,Reta,Não,Crescente
749699,2026-02-03,terça-feira,00:10:00,CE,116.0,37,horizonte,-4.07239,-38.5013,0.0,0.0,1.0,Com Vítimas Fatais,Sim,Condutor Dormindo,Colisão traseira,Pleno dia,Céu Claro,Dupla,Reta,Sim,Crescente
749701,2026-02-02,segunda-feira,23:35:00,MT,163.0,1102,guaranta do norte,-9.648329,-54.87254,0.0,3.0,0.0,Com Vítimas Feridas,Sim,Transitar na contramão,Colisão frontal,Plena Noite,Chuva,Simples,Curva;Aclive,Não,Crescente
749702,2026-02-03,terça-feira,00:00:00,PR,277.0,166,porto amazonas,-25.46371,-49.91487,6.0,0.0,0.0,Com Vítimas Feridas,Não,Condutor Dormindo,Saída de leito carroçável,Plena Noite,Céu Claro,Simples,Reta,Não,Crescente
749703,2026-02-03,terça-feira,00:20:00,PR,153.0,"50,5",santo antonio da platina,-23.367353,-50.065598,0.0,2.0,0.0,Com Vítimas Feridas,Sim,Ingestão de álcool pelo condutor,Queda de ocupante de veículo,Plena Noite,Céu Claro,Simples,Reta;Declive,Não,Crescente
749704,2026-02-03,terça-feira,00:40:00,SC,101.0,"328,8",tubarao,-28.451323,-48.972668,0.0,0.0,0.0,Sem Vítimas,Não,Condutor Dormindo,Colisão com objeto,Plena Noite,Céu Claro,Múltipla,Ponte;Reta,Não,Decrescente
749705,2026-02-02,segunda-feira,23:30:00,MS,463.0,92,ponta pora,-22.60217,-55.54849,0.0,3.0,0.0,Com Vítimas Feridas,Sim,Animais na Pista,Capotamento,Plena Noite,Chuva,Simples,Curva,Não,Crescente
749706,2026-02-03,terça-feira,01:20:00,MG,251.0,472,francisco sa,-16.474058,-43.42219,0.0,2.0,0.0,Com Vítimas Feridas,Sim,Reação tardia ou ineficiente do condutor,Colisão com objeto,Plena Noite,Nublado,Simples,Curva;Declive,Não,Decrescente
749707,2026-02-03,terça-feira,01:50:00,MG,381.0,334,bela vista de minas,-19.821434,-43.074776,3.0,0.0,0.0,Com Vítimas Feridas,Não,Condutor usando celular,Tombamento,Plena Noite,Nublado,Simples,Curva;Aclive,Não,Decrescente
749708,2026-02-03,terça-feira,02:40:00,MG,262.0,437,nova serrana,-19.8904,-44.932022,0.0,0.0,0.0,Sem Vítimas,Sim,Ausência de reação do condutor,Colisão com objeto,Plena Noite,Vento,Dupla,Reta;Aclive,Sim,Crescente
749709,2026-02-02,segunda-feira,19:40:00,PI,135.0,619,cristalandia do piaui,-10.662558,-45.178223,0.0,0.0,8.0,Com Vítimas Fatais,Não,Condutor Dormindo,Colisão frontal,Plena Noite,Céu Claro,Simples,Reta,Não,Crescente
749710,2026-02-03,terça-feira,03:00:00,RS,392.0,73,pelotas,-31.709309,-52.40169,3.0,0.0,0.0,Com Vítimas Feridas,Sim,Reação tardia ou ineficiente do condutor,Engavetamento,Plena Noite,Céu Claro,Simples,Reta,Não,Decrescente
749711,2026-02-02,segunda-feira,17:30:00,MT,364.0,840,campo novo do parecis,-13.934932,-57.976593,0.0,0.0,3.0,Com Vítimas Fatais,Sim,Reação tardia ou ineficiente do condutor,Queda de ocupante de veículo,Pleno dia,Nublado,Simples,Reta,Não,Decrescente
749712,2026-02-03,terça-feira,00:55:00,PR,476.0,"283,6",sao mateus do sul,-25.89703,-50.43833,0.0,0.0,1.0,Com Vítimas Fatais,Sim,Velocidade Incompatível,Colisão frontal,Plena Noite,Céu Claro,Simples,Reta,Não,Decrescente
749713,2026-02-03,terça-feira,03:20:00,MG,354.0,739,pouso alto,-22.205612,-44.957813,3.0,0.0,0.0,Com Vítimas Feridas,Sim,Animais na Pista,Queda de ocupante de veículo,Plena Noite,Céu Claro,Simples,Curva;Declive,Não,Decrescente
749714,2026-02-03,terça-feira,02:00:00,RJ,101.0,310,sao goncalo,-22.798971,-43.049927,1.0,0.0,0.0,Com Vítimas Feridas,Sim,Carga excessiva e/ou mal acondicionada,Tombamento,Amanhecer,Céu Claro,Dupla,Reta,Sim,Crescente
749716,2026-02-03,terça-feira,05:50:00,BA,242.0,823,barreiras,-12.126943,-45.02472,1.0,0.0,0.0,Com Vítimas Feridas,Sim,Reação tardia ou ineficiente do condutor,Colisão traseira,Pleno dia,Chuva,Simples,Reta,Não,Decrescente
749717,2026-02-03,terça-feira,01:15:00,MG,267.0,"9,5",leopoldina,-21.570292,-42.69184,2.0,0.0,0.0,Com Vítimas Feridas,Sim,Reação tardia ou ineficiente do condutor,Tombamento,Plena Noite,Chuva,Simples,Reta,Não,Decrescente
749718,2026-02-02,segunda-feira,18:45:00,PR,277.0,77,sao jose dos pinhais,-25.491167,-49.1736,1.0,0.0,0.0,Com Vítimas Feridas,Sim,Reação tardia ou ineficiente do condutor,Colisão traseira,Anoitecer,Nublado,Dupla,Reta,Não,Crescente
749719,2026-02-03,terça-feira,06:30:00,PE,104.0,63,caruaru,-8.259148,-35.976097,0.0,3.0,0.0,Com Vítimas Feridas,Sim,Manobra de mudança de faixa,Queda de ocupante de veículo,Pleno dia,Céu Claro,Dupla,Reta,Sim,Crescente
749720,2026-02-03,terça-feira,07:05:00,SC,470.0,63,blumenau,-26.87873,-49.174698,2.0,0.0,0.0,Com Vítimas Feridas,Sim,Acessar a via sem observar a presença dos outros veículos,Queda de ocupante de veículo,Pleno dia,Chuva,Simples,Reta,Sim,Crescente
749721,2026-02-02,segunda-feira,09:20:00,RR,,,boa vista,2.789375,-60.69898,1.0,0.0,0.0,Com Vítimas Feridas,Sim,Demais falhas mecânicas ou elétricas,Queda de ocupante de veículo,Pleno dia,Céu Claro,Dupla,Reta;Aclive,Sim,Não Informado
749722,2026-02-03,terça-feira,07:23:00,PA,316.0,"63,6",castanhal,-1.29648,-47.922943,0.0,0.0,8.0,Com Vítimas Fatais,Não,Desrespeitar a preferência no cruzamento,Atropelamento de Pedestre,Pleno dia,Sol,Dupla,Reta;Interseção de Vias,Sim,Crescente
749723,2026-02-03,terça-feira,07:00:00,GO,40.0,7,valparaiso de goias,-16.108936,-47.971844,0.0,24.0,0.0,Com Vítimas Feridas,Não,Pedestre cruzava a pista fora da faixa,Queda de ocupante de veículo,Pleno dia,Céu Claro,Dupla,Reta,Sim,Crescente
749724,2026-02-03,terça-feira,07:20:00,BA,101.0,826,prado,-17.140213,-39.568542,2.0,2.0,0.0,Com Vítimas Feridas,Sim,Acostamento em desnível,Saída de leito carroçável,Pleno dia,Céu Claro,Simples,Reta,Não,Decrescente
749725,2026-02-03,terça-feira,07:45:00,PB,230.0,"20,1",joao pessoa,-7.137095,-34.85409,0.0,0.0,0.0,Sem Vítimas,Sim,Demais falhas mecânicas ou elétricas,Incêndio,Pleno dia,Céu Claro,Dupla,Reta;Viaduto;Aclive,Sim,Crescente
749726,2026-02-03,terça-feira,05:45:00,RJ,116.0,"104,8",guapimirim,-22.53594,-42.985558,0.0,6.0,2.0,Com Vítimas Fatais,Sim,Velocidade Incompatível,Colisão traseira,Plena Noite,Céu Claro,Simples,Curva,Não,Crescente
749727,2026-02-03,terça-feira,06:30:00,SC,101.0,"180,1",governador celso ramos,-27.381914,-48.630722,0.0,1.0,0.0,Com Vítimas Feridas,Sim,Reação tardia ou ineficiente do condutor,Saída de leito carroçável,Pleno dia,Garoa/Chuvisco,Múltipla,Reta;Aclive,Sim,Crescente
749728,2026-02-03,terça-feira,07:20:00,ES,101.0,"309,9",viana,-20.422897,-40.459812,1.0,0.0,0.0,Com Vítimas Feridas,Sim,Condutor Dormindo,Saída de leito carroçável,Pleno dia,Céu Claro,Dupla,Curva;Aclive,Não,Crescente
749729,2026-02-02,segunda-feira,23:20:00,SP,116.0,169,jacarei,-23.306541,-46.03955,0.0,0.0,0.0,Sem Vítimas,Sim,Reação tardia ou ineficiente do condutor,Colisão traseira,Plena Noite,Nublado,Múltipla,Reta,Não,Crescente
749730,2026-02-03,terça-feira,08:20:00,GO,40.0,6,valparaiso de goias,-16.104475,-47.974762,0.0,4.0,0.0,Com Vítimas Feridas,Não,Velocidade Incompatível,Atropelamento de Pedestre,Pleno dia,Céu Claro,Dupla,Aclive,Sim,Decrescente
749731,2026-02-03,terça-feira,07:30:00,PR,467.0,"108,2",cascavel,-24.92219,-53.46999,4.0,0.0,0.0,Com Vítimas Feridas,Sim,Ausência de reação do condutor,Tombamento,Pleno dia,Nublado,Dupla,Curva,Não,Crescente
749732,2026-02-03,terça-feira,00:30:00,RJ,116.0,278,barra mansa,-22.552954,-44.17759,0.0,0.0,0.0,Sem Vítimas,Sim,Demais falhas mecânicas ou elétricas,Incêndio,Plena Noite,Garoa/Chuvisco,Simples,Reta,Não,Decrescente
749733,2026-02-03,terça-feira,08:10:00,RS,290.0,86,porto alegre,-29.966867,-51.117397,0.0,0.0,0.0,Sem Vítimas,Sim,Ausência de reação do condutor,Saída de leito carroçável,Pleno dia,Céu Claro,Dupla,Curva,Não,Crescente
749734,2026-02-03,terça-feira,07:30:00,SC,282.0,"21,7",santo amaro da imperatriz,-27.68825,-48.726337,6.0,0.0,0.0,Com Vítimas Feridas,Não,Reação tardia ou ineficiente do condutor,Queda de ocupante de veículo,Pleno dia,Chuva,Simples,Reta,Sim,Crescente
749735,2026-02-03,terça-feira,07:10:00,RO,364.0,13,vilhena,-12.74057,-60.13363,0.0,0.0,0.0,Sem Vítimas,Não,Velocidade Incompatível,Queda de ocupante de veículo,Pleno dia,Céu Claro,Dupla,Reta,Sim,Decrescente
749736,2026-02-03,terça-feira,08:15:00,PR,277.0,"83,4",curitiba,-25.446772,-49.23097,0.0,3.0,0.0,Com Vítimas Feridas,Sim,Manobra de mudança de faixa,Queda de ocupante de veículo,Pleno dia,Nublado,Dupla,Reta,Sim,Crescente
749737,2026-02-03,terça-feira,07:20:00,CE,116.0,19,eusebio,-3.9185994,-38.507156,2.0,0.0,0.0,Com Vítimas Feridas,Sim,Acumulo de areia ou detritos sobre o pavimento,Queda de ocupante de veículo,Pleno dia,Céu Claro,Múltipla,Retorno Regulamentado,Sim,Crescente
749738,2026-02-03,terça-feira,07:53:00,PE,101.0,50,abreu e lima,-7.9147162,-34.89885,1.0,0.0,0.0,Com Vítimas Feridas,Sim,Manobra de mudança de faixa,Colisão lateral mesmo sentido,Pleno dia,Céu Claro,Múltipla,Reta;Retorno Regulamentado,Sim,Crescente
749739,2026-02-03,terça-feira,08:20:00,PR,376.0,"2,8",apucarana,-23.559368,-51.436874,1.0,0.0,0.0,Com Vítimas Feridas,Sim,Transitar na contramão,Colisão frontal,Pleno dia,Garoa/Chuvisco,Simples,Reta;Aclive;Interseção de Vias,Sim,Decrescente
749740,2026-02-03,terça-feira,07:55:00,GO,60.0,387,rio verde,-17.82057,-50.946487,0.0,4.0,0.0,Com Vítimas Feridas,Não,Chuva,Queda de ocupante de veículo,Pleno dia,Chuva,Dupla,Reta,Sim,Crescente
749741,2026-02-03,terça-feira,08:40:00,SP,116.0,230,sao paulo,-23.516611,-46.580227,1.0,0.0,0.0,Com Vítimas Feridas,Sim,Ausência de reação do condutor,Colisão traseira,Pleno dia,Nublado,Múltipla,Reta,Sim,Crescente
749742,2026-02-03,terça-feira,08:00:00,RJ,116.0,192,nova iguacu,-22.742641,-43.518566,1.0,0.0,0.0,Com Vítimas Feridas,Sim,Reação tardia ou ineficiente do condutor,Tombamento,Pleno dia,Céu Claro,Dupla,Reta,Sim,Crescente
749743,2026-02-03,terça-feira,04:40:00,RN,427.0,14,acari,-6.347212,-36.58915,6.0,0.0,0.0,Com Vítimas Feridas,Não,Reação tardia ou ineficiente do condutor,Queda de ocupante de veículo,Plena Noite,Céu Claro,Simples,Declive;Reta,Não,Decrescente
749744,2026-02-03,terça-feira,08:30:00,SP,381.0,48,atibaia,-23.19131,-46.584778,4.0,0.0,0.0,Com Vítimas Feridas,Não,Reação tardia ou ineficiente do condutor,Colisão traseira,Pleno dia,Garoa/Chuvisco,Dupla,Reta,Não,Crescente
749745,2026-02-03,terça-feira,08:40:00,MG,381.0,481,contagem,-19.958788,-44.061035,4.0,4.0,0.0,Com Vítimas Feridas,Sim,Manobra de mudança de faixa,Queda de ocupante de veículo,Pleno dia,Chuva,Múltipla,Reta;Declive,Sim,Decrescente
749746,2026-02-03,terça-feira,08:30:00,PR,116.0,120,curitiba,-25.580404,-49.312965,0.0,6.0,0.0,Com Vítimas Feridas,Não,Velocidade Incompatível,Queda de ocupante de veículo,Pleno dia,Céu Claro,Dupla,Reta,Não,Decrescente
749747,2026-02-03,terça-feira,08:50:00,RJ,101.0,321,niteroi,-22.8724,-43.1103,2.0,0.0,0.0,Com Vítimas Feridas,Não,Ausência de reação do condutor,Engavetamento,Pleno dia,Céu Claro,Múltipla,Reta,Não,Crescente
749748,2026-02-03,terça-feira,09:10:00,SC,153.0,110,concordia,-27.32007,-51.98305,8.0,0.0,0.0,Com Vítimas Feridas,Sim,Ausência de reação do condutor,Saída de leito carroçável,Pleno dia,Céu Claro,Simples,Curva,Não,Crescente
749749,2026-02-03,terça-feira,08:32:00,PE,232.0,"24,6",moreno,-8.110308,-35.105755,0.0,0.0,0.0,Sem Vítimas,Sim,Reação tardia ou ineficiente do condutor,Engavetamento,Pleno dia,Céu Claro,Dupla,Curva;Aclive,Não,Decrescente
749750,2026-02-03,terça-feira,09:43:00,PR,277.0,59,sao jose dos pinhais,-25.551735,-49.037907,0.0,3.0,0.0,Com Vítimas Feridas,Sim,Acessar a via sem observar a presença dos outros veículos,Queda de ocupante de veículo,Pleno dia,Céu Claro,Dupla,Reta;Declive,Não,Decrescente
749751,2026-02-03,terça-feira,09:10:00,ES,262.0,"85,3",domingos martins,-20.397722,-40.990364,0.0,0.0,0.0,Sem Vítimas,Sim,Demais falhas mecânicas ou elétricas,Incêndio,Pleno dia,Nublado,Dupla,Aclive;Reta,Não,Crescente
749752,2026-02-03,terça-feira,09:20:00,MG,40.0,458,caetanopolis,-19.37391,-44.33667,8.0,0.0,0.0,Com Vítimas Feridas,Não,Reação tardia ou ineficiente do condutor,Queda de ocupante de veículo,Pleno dia,Céu Claro,Dupla,Reta,Não,Crescente
749753,2026-02-03,terça-feira,05:30:00,BA,367.0,"26,6",porto seguro,-16.4266,-39.098568,2.0,0.0,0.0,Com Vítimas Feridas,Sim,Demais falhas na via,Colisão lateral mesmo sentido,Amanhecer,Céu Claro,Simples,Reta,Sim,Crescente
749754,2026-01-31,sábado,00:00:00,PR,277.0,11,paranagua,-25.564802,-48.629303,0.0,0.0,0.0,Sem Vítimas,Sim,Reação tardia ou ineficiente do condutor,Colisão com objeto,Plena Noite,Nublado,Dupla,Curva,Sim,Crescente
749755,2026-01-31,sábado,06:00:00,PR,277.0,20,morretes,-25.53319,-48.713345,1.0,0.0,0.0,Com Vítimas Feridas,Sim,Reação tardia ou ineficiente do condutor,Saída de leito carroçável,Pleno dia,Céu Claro,Dupla,Reta;Ponte,Não,Crescente
749756,2026-02-03,terça-feira,08:20:00,PI,402.0,36,parnaiba,-2.947629,-41.73221,0.0,6.0,0.0,Com Vítimas Feridas,Não,Reação tardia ou ineficiente do condutor,Queda de ocupante de veículo,Pleno dia,Céu Claro,Simples,Reta,Sim,Crescente
749757,2026-02-03,terça-feira,10:29:00,PE,101.0,46,igarassu,-7.877334,-34.90547,20.0,0.0,0.0,Com Vítimas Feridas,Não,Ausência de reação do condutor,Queda de ocupante de veículo,Pleno dia,Céu Claro,Dupla,Reta,Sim,Decrescente
749758,2026-02-03,terça-feira,10:20:00,SP,381.0,74,sao paulo,-23.395456,-46.572483,1.0,0.0,0.0,Com Vítimas Feridas,Sim,Ausência de reação do condutor,Colisão traseira,Pleno dia,Chuva,Múltipla,Curva;Aclive,Não,Decrescente
749759,2026-02-03,terça-feira,08:20:00,SC,101.0,"31,3",sao jose,-27.5863,-48.69574,2.0,0.0,0.0,Com Vítimas Feridas,Sim,Reação tardia ou ineficiente do condutor,Queda de ocupante de veículo,Pleno dia,Céu Claro,Simples,Rotatória,Não,Crescente
749761,2026-02-03,terça-feira,09:50:00,RS,290.0,86,porto alegre,-29.968197,-51.123707,0.0,0.0,0.0,Sem Vítimas,Sim,Condutor Dormindo,Colisão traseira,Pleno dia,Céu Claro,Múltipla,Reta,Não,Crescente
749762,2026-02-03,terça-feira,10:40:00,MG,381.0,813,careacu,-22.02063,-45.6818,8.0,0.0,0.0,Com Vítimas Feridas,Não,Condutor deixou de manter distância do veículo da frente,Colisão traseira,Pleno dia,Chuva,Dupla,Declive;Curva,Não,Crescente
749763,2026-02-03,terça-feira,05:30:00,RJ,116.0,209,seropedica,-22.720917,-43.68305,0.0,0.0,1.0,Com Vítimas Fatais,Sim,Pedestre andava na pista,Atropelamento de Pedestre,Amanhecer,Céu Claro,Múltipla,Reta,Não,Decrescente
749764,2026-02-03,terça-feira,08:30:00,SC,101.0,"20,3",joinville,-26.143173,-48.905106,0.0,0.0,3.0,Com Vítimas Fatais,Sim,Manobra de mudança de faixa,Queda de ocupante de veículo,Pleno dia,Nublado,Dupla,Reta,Não,Decrescente
749765,2026-02-03,terça-feira,08:30:00,SC,101.0,113,itajai,-26.854551,-48.726852,1.0,0.0,0.0,Com Vítimas Feridas,Sim,Ausência de reação do condutor,Tombamento,Pleno dia,Céu Claro,Múltipla,Reta,Não,Decrescente
749766,2026-01-03,sábado,12:00:00,BA,242.0,488,oliveira dos brejinhos,-12.411331,-42.363148,2.0,2.0,0.0,Com Vítimas Feridas,Sim,Pista esburacada,Queda de ocupante de veículo,Pleno dia,Céu Claro,Simples,Curva;Declive,Não,Crescente
749768,2026-02-03,terça-feira,04:50:00,MG,262.0,"2,5",martins soares,-20.255413,-41.78089,5.0,0.0,0.0,Com Vítimas Feridas,Não,Velocidade Incompatível,Colisão frontal,Amanhecer,Chuva,Simples,Curva;Declive,Não,Crescente
749769,2026-02-03,terça-feira,10:30:00,RO,319.0,139,porto velho,-8.742343,-63.90257,1.0,0.0,0.0,Com Vítimas Feridas,Sim,Condutor deixou de manter distância do veículo da frente,Colisão traseira,Pleno dia,Céu Claro,Dupla,Reta,Sim,Decrescente
749770,2026-02-03,terça-feira,10:40:00,TO,10.0,392,porto nacional,-10.762708,-48.383743,1.0,0.0,0.0,Com Vítimas Feridas,Sim,Reação tardia ou ineficiente do condutor,Colisão traseira,Pleno dia,Garoa/Chuvisco,Simples,Reta,Não,Crescente
749771,2026-02-03,terça-feira,07:20:00,SC,282.0,"101,7",alfredo wagner,-27.694174,-49.312035,16.0,4.0,0.0,Com Vítimas Feridas,Não,Afundamento ou ondulação no pavimento,Capotamento,Pleno dia,Garoa/Chuvisco,Simples,Reta,Não,Decrescente
749772,2026-02-03,terça-feira,08:20:00,PA,316.0,34,santa izabel do para,-1.292986,-48.17097,0.0,0.0,0.0,Sem Vítimas,Sim,Ausência de reação do condutor,Colisão lateral mesmo sentido,Pleno dia,Nublado,Dupla,Reta,Sim,Decrescente
749773,2026-02-03,terça-feira,08:00:00,RJ,101.0,394,itaguai,-22.85891,-43.759396,1.0,0.0,0.0,Com Vítimas Feridas,Sim,Animais na Pista,Colisão lateral mesmo sentido,Pleno dia,Céu Claro,Dupla,Reta,Não,Crescente
749774,2026-02-03,terça-feira,09:50:00,PR,376.0,605,curitiba,-25.539978,-49.311565,3.0,0.0,0.0,Com Vítimas Feridas,Não,Ausência de reação do condutor,Engavetamento,Pleno dia,Sol,Dupla,Reta,Sim,Decrescente
749775,2026-02-03,terça-feira,11:45:00,SP,116.0,"210,5",guarulhos,-23.431873,-46.41779,4.0,0.0,0.0,Com Vítimas Feridas,Sim,Reação tardia ou ineficiente do condutor,Colisão com objeto,Pleno dia,Garoa/Chuvisco,Múltipla,Interseção de Vias,Sim,Decrescente
749776,2026-02-03,terça-feira,11:30:00,PR,116.0,"101,9",sao jose dos pinhais,-25.56816,-49.177006,0.0,0.0,0.0,Sem Vítimas,Sim,Problema com o freio,Colisão traseira,Pleno dia,Nublado,Dupla,Reta,Não,Crescente
749777,2026-02-01,domingo,17:30:00,BA,415.0,"51,5",itabuna,-14.837267,-39.325466,1.0,0.0,0.0,Com Vítimas Feridas,Sim,Ultrapassagem Indevida,Colisão transversal,Plena Noite,Céu Claro,Simples,Reta,Sim,Decrescente
749778,2026-02-03,terça-feira,12:00:00,GO,414.0,440,anapolis,-16.282993,-48.942947,6.0,0.0,0.0,Com Vítimas Feridas,Sim,Acesso irregular,Colisão transversal,Pleno dia,Céu Claro,Simples,Declive;Reta,Não,Crescente
749779,2026-02-03,terça-feira,11:10:00,MG,381.0,2,betim,-19.98132,-44.16275,6.0,0.0,0.0,Com Vítimas Feridas,Sim,Ultrapassagem Indevida,Saída de leito carroçável,Pleno dia,Nublado,Dupla,Reta,Sim,Crescente
749780,2026-02-03,terça-feira,12:00:00,RJ,116.0,182,nova iguacu,-22.773838,-43.476234,1.0,0.0,0.0,Com Vítimas Feridas,Sim,Ausência de reação do condutor,Colisão traseira,Pleno dia,Nublado,Dupla,Reta,Não,Decrescente
749781,2026-02-03,terça-feira,10:20:00,SC,470.0,"27,3",ilhota,-26.89252,-48.88825,8.0,0.0,0.0,Com Vítimas Feridas,Não,Chuva,Colisão com objeto,Pleno dia,Nublado,Dupla,Reta,Não,Decrescente
749784,2026-02-03,terça-feira,12:00:00,ES,101.0,335,guarapari,-20.627663,-40.527855,2.0,0.0,0.0,Com Vítimas Feridas,Sim,Acumulo de areia ou detritos sobre o pavimento,Queda de ocupante de veículo,Pleno dia,Céu Claro,Dupla,Curva;Viaduto,Não,Crescente
749785,2026-02-03,terça-feira,11:30:00,RJ,393.0,"257,6",barra do pirai,-22.464808,-43.855923,0.0,1.0,0.0,Com Vítimas Feridas,Sim,Conversão proibida,Colisão transversal,Pleno dia,Sol,Simples,Reta,Não,Crescente
749786,2026-02-03,terça-feira,12:35:00,PB,101.0,99,conde,-7.257872,-34.93502,0.0,1.0,0.0,Com Vítimas Feridas,Sim,Reação tardia ou ineficiente do condutor,Saída de leito carroçável,Pleno dia,Sol,Dupla,Reta,Sim,Crescente
749787,2026-02-03,terça-feira,12:25:00,PA,316.0,23,benevides,-1.3373,-48.2416,4.0,0.0,0.0,Com Vítimas Feridas,Não,Ausência de reação do condutor,Queda de ocupante de veículo,Pleno dia,Céu Claro,Simples,Reta;Interseção de Vias,Sim,Crescente
749788,2026-02-03,terça-feira,11:14:00,MT,364.0,208,rondonopolis,-16.417118,-54.70671,0.0,0.0,0.0,Sem Vítimas,Sim,Ausência de reação do condutor,Colisão traseira,Pleno dia,Sol,Dupla,Reta,Sim,Crescente
749789,2026-02-03,terça-feira,12:45:00,MG,40.0,"790,8",juiz de fora,-21.772646,-43.43491,0.0,4.0,0.0,Com Vítimas Feridas,Sim,Demais falhas mecânicas ou elétricas,Queda de ocupante de veículo,Pleno dia,Nublado,Dupla,Reta,Não,Decrescente