id,data_inversa,dia_semana,horario,uf,br,km,municipio,latitude,longitude,feridos_leves,feridos_graves,mortos,classificacao_acidente,causa_principal,causa_acidente,tipo_acidente,fase_dia,condicao_metereologica,tipo_pista,tracado_via,uso_solo,sentido_via
749790,2026-01-30,sexta-feira,18:50:00,BA,101.0,620,mascote,-15.593215,-39.4183,4.0,0.0,0.0,Com Vítimas Feridas,Não,Transitar na contramão,Queda de ocupante de veículo,Plena Noite,Céu Claro,Simples,Reta,Não,Decrescente
749791,2026-02-03,terça-feira,11:00:00,MT,70.0,"1,5",barra do garcas,-15.889888,-52.264496,1.0,0.0,0.0,Com Vítimas Feridas,Sim,Pista Escorregadia,Colisão lateral mesmo sentido,Pleno dia,Chuva,Simples,Declive,Sim,Decrescente
749792,2026-02-03,terça-feira,12:20:00,RJ,40.0,112,duque de caxias,-22.702103,-43.290077,2.0,0.0,0.0,Com Vítimas Feridas,Sim,Reação tardia ou ineficiente do condutor,Colisão traseira,Pleno dia,Céu Claro,Dupla,Reta,Sim,Decrescente
749793,2026-02-03,terça-feira,11:45:00,AL,101.0,247,porto real do colegio,-10.202035,-36.817562,12.0,0.0,0.0,Com Vítimas Feridas,Não,Curva acentuada,Incêndio,Pleno dia,Céu Claro,Dupla,Curva,Não,Crescente
749794,2026-01-11,domingo,16:50:00,SC,282.0,446,ponte serrada,-26.912369,-51.905262,0.0,2.0,0.0,Com Vítimas Feridas,Sim,Ultrapassagem Indevida,Queda de ocupante de veículo,Pleno dia,Céu Claro,Simples,Curva,Não,Crescente
749795,2026-01-24,sábado,23:54:00,PR,369.0,141,ibipora,-23.285667,-51.07428,3.0,0.0,0.0,Com Vítimas Feridas,Sim,Acessar a via sem observar a presença dos outros veículos,Queda de ocupante de veículo,Plena Noite,Céu Claro,Dupla,Rotatória,Sim,Crescente
749796,2026-02-03,terça-feira,07:45:00,MG,381.0,"231,5",santana do paraiso,-19.371338,-42.457554,0.0,1.0,0.0,Com Vítimas Feridas,Sim,Acessar a via sem observar a presença dos outros veículos,Colisão transversal,Pleno dia,Céu Claro,Simples,Retorno Regulamentado,Não,Decrescente
749797,2026-01-23,sexta-feira,02:00:00,GO,20.0,"67,3",formosa,-15.194598,-47.151688,0.0,0.0,6.0,Com Vítimas Fatais,Não,Chuva,Tombamento,Plena Noite,Chuva,Simples,Declive,Não,Decrescente
749798,2026-02-03,terça-feira,11:15:00,MG,116.0,"416,2",governador valadares,-18.89946,-41.94604,0.0,8.0,4.0,Com Vítimas Fatais,Não,Velocidade Incompatível,Queda de ocupante de veículo,Pleno dia,Céu Claro,Simples,Reta,Sim,Crescente
749799,2026-02-03,terça-feira,13:20:00,MG,381.0,5,betim,-19.98878,-44.19567,3.0,0.0,0.0,Com Vítimas Feridas,Sim,Velocidade Incompatível,Colisão com objeto,Pleno dia,Céu Claro,Dupla,Curva,Não,Crescente
749800,2026-02-03,terça-feira,11:35:00,GO,60.0,"94,3",anapolis,-16.360764,-48.932526,0.0,4.0,0.0,Com Vítimas Feridas,Não,Reação tardia ou ineficiente do condutor,Queda de ocupante de veículo,Pleno dia,Nublado,Dupla,Interseção de Vias,Sim,Decrescente
749802,2026-02-03,terça-feira,13:30:00,PB,230.0,"23,2",joao pessoa,-7.160522,-34.85977,0.0,1.0,0.0,Com Vítimas Feridas,Sim,Velocidade Incompatível,Engavetamento,Pleno dia,Sol,Dupla,Reta,Sim,Decrescente
749803,2026-02-03,terça-feira,14:10:00,SP,116.0,350,miracatu,-24.06155,-47.226295,8.0,0.0,0.0,Com Vítimas Feridas,Sim,Problema com o freio,Tombamento,Pleno dia,Garoa/Chuvisco,Dupla,Reta;Declive,Não,Crescente
749804,2026-02-03,terça-feira,11:50:00,SC,282.0,"580,9",pinhalzinho,-26.836037,-52.98997,2.0,2.0,0.0,Com Vítimas Feridas,Sim,Acessar a via sem observar a presença dos outros veículos,Queda de ocupante de veículo,Pleno dia,Chuva,Simples,Reta,Sim,Crescente
749805,2026-02-03,terça-feira,12:00:00,RO,364.0,740,porto velho,-9.0032,-64.0066,0.0,0.0,0.0,Sem Vítimas,Sim,Demais falhas mecânicas ou elétricas,Incêndio,Pleno dia,Céu Claro,Simples,Reta,Não,Crescente
749806,2026-02-03,terça-feira,10:30:00,SC,163.0,103,sao jose do cedro,-26.463305,-53.50642,2.0,0.0,0.0,Com Vítimas Feridas,Não,Avarias e/ou desgaste excessivo no pneu,Colisão traseira,Pleno dia,Chuva,Múltipla,Reta;Interseção de Vias,Sim,Crescente
749808,2026-02-03,terça-feira,14:10:00,SP,116.0,220,guarulhos,-23.464975,-46.50006,1.0,0.0,0.0,Com Vítimas Feridas,Sim,Reação tardia ou ineficiente do condutor,Queda de ocupante de veículo,Pleno dia,Nevoeiro/Neblina,Múltipla,Reta,Sim,Crescente
749809,2026-02-03,terça-feira,13:30:00,MG,40.0,794,juiz de fora,-21.779285,-43.424282,0.0,1.0,0.0,Com Vítimas Feridas,Sim,Manobra de mudança de faixa,Colisão lateral mesmo sentido,Pleno dia,Céu Claro,Dupla,Reta;Retorno Regulamentado,Sim,Decrescente
749810,2026-01-05,segunda-feira,10:00:00,MG,365.0,"226,5",buritizeiro,-17.647703,-45.406494,12.0,0.0,0.0,Com Vítimas Feridas,Sim,Acumulo de água sobre o pavimento,Capotamento,Pleno dia,Chuva,Simples,Reta,Não,Crescente
749811,2026-02-03,terça-feira,14:37:00,PE,101.0,48,abreu e lima,-7.897466,-34.902534,0.0,0.0,0.0,Sem Vítimas,Sim,Demais falhas mecânicas ou elétricas,Incêndio,Pleno dia,Céu Claro,Múltipla,Reta,Sim,Decrescente
749812,2026-02-03,terça-feira,12:40:00,MS,163.0,490,campo grande,-20.388714,-54.55025,6.0,0.0,0.0,Com Vítimas Feridas,Não,Sinalização encoberta,Queda de ocupante de veículo,Pleno dia,Chuva,Dupla,Reta,Sim,Crescente
749814,2026-02-03,terça-feira,12:00:00,PE,424.0,87,garanhuns,-8.876957,-36.50718,0.0,0.0,1.0,Com Vítimas Fatais,Sim,Suicídio (presumido),Sinistro pessoal de trânsito,Pleno dia,Céu Claro,Simples,Viaduto,Sim,Decrescente
749815,2026-02-03,terça-feira,13:20:00,SC,158.0,"135,8",palmitos,-27.079782,-53.224728,4.0,0.0,0.0,Com Vítimas Feridas,Sim,Acessar a via sem observar a presença dos outros veículos,Saída de leito carroçável,Pleno dia,Sol,Simples,Declive;Curva;Rotatória;Interseção de Vias,Não,Decrescente
749816,2026-02-03,terça-feira,14:45:00,PR,376.0,159,mandaguacu,-23.364578,-52.08376,0.0,3.0,0.0,Com Vítimas Feridas,Sim,Ausência de reação do condutor,Colisão com objeto,Pleno dia,Céu Claro,Dupla,Curva;Declive,Sim,Crescente
749817,2026-02-03,terça-feira,14:30:00,SP,116.0,190,santa isabel,-23.369194,-46.23684,2.0,0.0,0.0,Com Vítimas Feridas,Sim,Chuva,Tombamento,Pleno dia,Chuva,Dupla,Curva,Não,Crescente
749818,2026-02-03,terça-feira,11:00:00,RJ,116.0,202,queimados,-22.731352,-43.62125,1.0,0.0,0.0,Com Vítimas Feridas,Sim,Ausência de reação do condutor,Queda de ocupante de veículo,Pleno dia,Nublado,Dupla,Curva,Não,Crescente
749819,2026-02-03,terça-feira,15:20:00,MG,459.0,73,senador jose bento,-22.133432,-46.15645,2.0,0.0,0.0,Com Vítimas Feridas,Não,Reação tardia ou ineficiente do condutor,Colisão transversal,Pleno dia,Nublado,Simples,Curva;Aclive;Interseção de Vias,Não,Crescente
749820,2026-02-03,terça-feira,12:30:00,SC,116.0,"249,7",lages,-27.831806,-50.381405,2.0,0.0,0.0,Com Vítimas Feridas,Sim,Velocidade Incompatível,Colisão com objeto,Pleno dia,Nublado,Simples,Curva;Declive,Não,Crescente
749821,2026-02-03,terça-feira,14:05:00,PE,316.0,76,ouricuri,-7.843708,-40.131096,2.0,0.0,0.0,Com Vítimas Feridas,Sim,Reação tardia ou ineficiente do condutor,Tombamento,Pleno dia,Sol,Simples,Reta,Não,Crescente
749822,2026-02-03,terça-feira,13:50:00,SC,116.0,"41,3",itaiopolis,-26.337393,-50.005325,0.0,6.0,0.0,Com Vítimas Feridas,Não,Condutor Dormindo,Colisão com objeto,Pleno dia,Nublado,Simples,Reta,Não,Decrescente
749823,2026-02-03,terça-feira,15:20:00,ES,101.0,"112,6",linhares,-19.084446,-40.04595,1.0,0.0,0.0,Com Vítimas Feridas,Sim,Condutor Dormindo,Colisão com objeto,Pleno dia,Céu Claro,Simples,Reta;Aclive,Não,Crescente
749824,2026-02-03,terça-feira,12:00:00,SC,470.0,26,gaspar,-26.893497,-48.89683,0.0,0.0,0.0,Sem Vítimas,Sim,Demais falhas mecânicas ou elétricas,Incêndio,Pleno dia,Céu Claro,Dupla,Reta,Não,Crescente
749825,2026-02-03,terça-feira,15:08:00,PE,101.0,"82,2",jaboatao dos guararapes,-8.175477,-34.943024,0.0,0.0,0.0,Sem Vítimas,Não,Condutor deixou de manter distância do veículo da frente,Engavetamento,Pleno dia,Céu Claro,Dupla,Viaduto,Sim,Decrescente
749826,2026-02-03,terça-feira,15:15:00,GO,60.0,"6,7",santo antonio do descoberto,-16.102894,-48.28948,12.0,0.0,0.0,Com Vítimas Feridas,Não,Avarias e/ou desgaste excessivo no pneu,Colisão com objeto,Pleno dia,Chuva,Dupla,Curva;Declive,Não,Decrescente
749827,2026-02-03,terça-feira,13:50:00,MG,381.0,"485,7",betim,-19.956093,-44.101646,1.0,0.0,0.0,Com Vítimas Feridas,Sim,Reação tardia ou ineficiente do condutor,Tombamento,Pleno dia,Céu Claro,Múltipla,Declive;Reta,Sim,Decrescente
749828,2026-02-03,terça-feira,13:55:00,MS,163.0,11,mundo novo,-23.968,-54.328,0.0,0.0,0.0,Sem Vítimas,Não,Chuva,Colisão traseira,Pleno dia,Chuva,Simples,Aclive;Em Obras,Não,Decrescente
749829,2026-02-03,terça-feira,14:00:00,MG,40.0,565,nova lima,-20.16982,-43.965538,0.0,0.0,0.0,Sem Vítimas,Sim,Avarias e/ou desgaste excessivo no pneu,Saída de leito carroçável,Pleno dia,Chuva,Simples,Reta,Não,Decrescente
749830,2026-02-03,terça-feira,12:50:00,PA,316.0,93,sao francisco do para,-1.324995,-47.66052,0.0,15.0,0.0,Com Vítimas Feridas,Não,Ultrapassagem Indevida,Saída de leito carroçável,Pleno dia,Chuva,Simples,Reta,Não,Decrescente
749831,2026-02-03,terça-feira,13:00:00,PI,343.0,321,altos,-5.054772,-42.583958,0.0,3.0,0.0,Com Vítimas Feridas,Sim,Transitar no Acostamento,Tombamento,Pleno dia,Céu Claro,Simples,Reta,Não,Crescente
749832,2026-02-03,terça-feira,16:00:00,MG,365.0,418,patos de minas,-18.68252,-46.57289,2.0,0.0,0.0,Com Vítimas Feridas,Sim,Acessar a via sem observar a presença dos outros veículos,Colisão transversal,Pleno dia,Nublado,Simples,Reta;Interseção de Vias;Retorno Regulamentado,Não,Decrescente
749833,2026-02-03,terça-feira,15:10:00,PE,104.0,103,cupira,-8.59414,-35.95591,0.0,0.0,0.0,Sem Vítimas,Sim,Desrespeitar a preferência no cruzamento,Colisão transversal,Pleno dia,Céu Claro,Simples,Rotatória,Sim,Decrescente
749834,2026-02-03,terça-feira,15:30:00,RJ,101.0,515,angra dos reis,-22.980879,-44.442978,6.0,0.0,0.0,Com Vítimas Feridas,Sim,Chuva,Saída de leito carroçável,Pleno dia,Chuva,Simples,Curva,Sim,Decrescente
749835,2026-02-03,terça-feira,16:00:00,AL,104.0,88,rio largo,-9.486918,-35.816635,1.0,1.0,0.0,Com Vítimas Feridas,Sim,Acumulo de areia ou detritos sobre o pavimento,Colisão transversal,Pleno dia,Céu Claro,Dupla,Curva,Não,Decrescente
749836,2026-02-03,terça-feira,16:40:00,MG,381.0,511,igarape,-20.060062,-44.29061,20.0,0.0,0.0,Com Vítimas Feridas,Não,Ausência de reação do condutor,Colisão traseira,Pleno dia,Nublado,Múltipla,Reta;Declive,Não,Decrescente
749837,2026-02-03,terça-feira,15:17:00,RO,174.0,13,vilhena,-12.736267,-60.130676,0.0,0.0,0.0,Sem Vítimas,Sim,Desrespeitar a preferência no cruzamento,Queda de ocupante de veículo,Pleno dia,Garoa/Chuvisco,Dupla,Interseção de Vias,Sim,Crescente
749838,2026-02-03,terça-feira,15:30:00,MG,40.0,"674,8",carandai,-21.011585,-43.78293,4.0,3.0,0.0,Com Vítimas Feridas,Sim,Acessar a via sem observar a presença dos outros veículos,Colisão transversal,Pleno dia,Céu Claro,Simples,Reta,Não,Crescente
749840,2026-02-03,terça-feira,15:50:00,SP,153.0,280,ocaucu,-22.416975,-49.860443,4.0,0.0,0.0,Com Vítimas Feridas,Não,Acessar a via sem observar a presença dos outros veículos,Colisão transversal,Pleno dia,Nublado,Simples,Reta;Rotatória,Não,Crescente
749841,2026-02-03,terça-feira,17:00:00,ES,101.0,"55,3",sao mateus,-18.637428,-39.876884,1.0,0.0,0.0,Com Vítimas Feridas,Sim,Demais falhas na via,Tombamento,Pleno dia,Sol,Simples,Reta,Não,Decrescente
749842,2026-02-03,terça-feira,16:10:00,PR,116.0,51,campina grande do sul,-25.244244,-48.90254,1.0,0.0,0.0,Com Vítimas Feridas,Sim,Chuva,Saída de leito carroçável,Pleno dia,Chuva,Dupla,Curva;Aclive,Não,Crescente
749843,2026-02-03,terça-feira,16:15:00,RS,158.0,325,santa maria,-29.70927,-53.80234,1.0,0.0,0.0,Com Vítimas Feridas,Sim,Acessar a via sem observar a presença dos outros veículos,Colisão transversal,Pleno dia,Céu Claro,Simples,Interseção de Vias,Sim,Crescente
749844,2026-02-03,terça-feira,17:00:00,RN,405.0,"79,8",apodi,-5.7015553,-37.802525,0.0,0.0,1.0,Com Vítimas Fatais,Sim,Acesso irregular,Colisão lateral mesmo sentido,Pleno dia,Céu Claro,Simples,Reta,Não,Crescente
749845,2026-02-03,terça-feira,16:00:00,AL,101.0,218,porto real do colegio,-10.121654,-36.732445,2.0,2.0,0.0,Com Vítimas Feridas,Sim,Problema com o freio,Colisão traseira,Pleno dia,Sol,Dupla,Reta;Em Obras,Não,Decrescente
749846,2026-02-03,terça-feira,16:40:00,ES,101.0,269,serra,-20.217985,-40.26974,3.0,0.0,0.0,Com Vítimas Feridas,Sim,Acessar a via sem observar a presença dos outros veículos,Queda de ocupante de veículo,Anoitecer,Nublado,Múltipla,Reta;Interseção de Vias,Sim,Decrescente
749847,2026-02-03,terça-feira,14:39:00,MT,364.0,267,jaciara,-15.98746,-54.92705,2.0,0.0,0.0,Com Vítimas Feridas,Sim,Ausência de reação do condutor,Saída de leito carroçável,Pleno dia,Chuva,Dupla,Reta,Não,Crescente
749848,2026-02-03,terça-feira,16:00:00,MG,40.0,552,nova lima,-20.06777,-43.981815,0.0,0.0,0.0,Sem Vítimas,Não,Transitar na contramão,Queda de ocupante de veículo,Pleno dia,Chuva,Simples,Reta,Sim,Crescente
749850,2026-02-03,terça-feira,16:30:00,SC,101.0,"278,6",imbituba,-28.1817,-48.695526,8.0,0.0,0.0,Com Vítimas Feridas,Não,Reação tardia ou ineficiente do condutor,Queda de ocupante de veículo,Pleno dia,Chuva,Múltipla,Viaduto;Retorno Regulamentado;Rotatória,Não,Decrescente
749851,2026-01-18,domingo,17:00:00,PR,116.0,15,colombo,-25.381407,-49.1635,1.0,0.0,0.0,Com Vítimas Feridas,Sim,Condutor deixou de manter distância do veículo da frente,Colisão traseira,Pleno dia,Ignorado,Dupla,Reta,Sim,Crescente
749852,2026-02-03,terça-feira,17:15:00,PR,376.0,"597,3",curitiba,-25.481174,-49.349712,0.0,0.0,2.0,Com Vítimas Fatais,Sim,Trafegar com motocicleta (ou similar) entre as faixas,Atropelamento de Pedestre,Pleno dia,Nublado,Dupla,Reta,Não,Crescente
749853,2026-02-03,terça-feira,16:30:00,MG,381.0,511,igarape,-20.062067,-44.292515,0.0,0.0,0.0,Sem Vítimas,Sim,Pista esburacada,Colisão lateral mesmo sentido,Pleno dia,Céu Claro,Dupla,Declive;Reta,Sim,Decrescente
749854,2026-02-03,terça-feira,16:00:00,SP,116.0,501,cajati,-24.78291,-48.172737,2.0,0.0,0.0,Com Vítimas Feridas,Sim,Acessar a via sem observar a presença dos outros veículos,Colisão lateral mesmo sentido,Pleno dia,Chuva,Simples,Reta,Não,Decrescente
749855,2026-02-03,terça-feira,16:50:00,SC,101.0,"134,5",balneario camboriu,-27.003925,-48.63136,1.0,0.0,0.0,Com Vítimas Feridas,Sim,Trafegar com motocicleta (ou similar) entre as faixas,Colisão lateral mesmo sentido,Pleno dia,Nublado,Múltipla,Reta,Sim,Crescente
749856,2026-02-03,terça-feira,17:00:00,MG,262.0,423,sao goncalo do para,-19.896374,-44.849907,1.0,0.0,0.0,Com Vítimas Feridas,Sim,Manobra de mudança de faixa,Colisão traseira,Pleno dia,Nublado,Dupla,Aclive,Não,Decrescente
749857,2026-02-03,terça-feira,11:00:00,RO,364.0,"298,1",presidente medici,-11.262407,-61.902126,1.0,0.0,0.0,Com Vítimas Feridas,Sim,Ausência de reação do condutor,Colisão traseira,Pleno dia,Céu Claro,Simples,Reta,Não,Decrescente
749858,2026-02-03,terça-feira,14:00:00,PR,373.0,420,foz do jordao,-25.698828,-52.165497,0.0,0.0,0.0,Sem Vítimas,Não,Fumaça,Incêndio,Pleno dia,Chuva,Simples,Aclive;Reta,Não,Crescente
749859,2026-01-22,quinta-feira,23:00:00,AL,104.0,90,rio largo,-9.476569,-35.821243,1.0,0.0,0.0,Com Vítimas Feridas,Sim,Condutor deixou de manter distância do veículo da frente,Colisão traseira,Plena Noite,Ignorado,Dupla,Retorno Regulamentado,Sim,Decrescente
749860,2026-02-03,terça-feira,16:05:00,RO,364.0,"347,1",ji-parana,-10.859066,-61.978745,6.0,6.0,0.0,Com Vítimas Feridas,Não,Velocidade Incompatível,Saída de leito carroçável,Pleno dia,Nublado,Simples,Reta,Sim,Decrescente
749861,2026-02-03,terça-feira,16:40:00,MT,163.0,829,sinop,-11.913062,-55.50881,4.0,0.0,0.0,Com Vítimas Feridas,Não,Manobra de mudança de faixa,Tombamento,Anoitecer,Céu Claro,Simples,Retorno Regulamentado,Sim,Decrescente
749862,2026-02-03,terça-feira,16:30:00,BA,110.0,314,alagoinhas,-11.97413,-38.37614,1.0,0.0,0.0,Com Vítimas Feridas,Sim,Acessar a via sem observar a presença dos outros veículos,Saída de leito carroçável,Pleno dia,Céu Claro,Simples,Reta;Declive,Não,Decrescente
749863,2026-02-03,terça-feira,17:00:00,PR,153.0,484,general carneiro,-26.38567,-51.270775,2.0,0.0,0.0,Com Vítimas Feridas,Sim,Retorno proibido,Saída de leito carroçável,Pleno dia,Nublado,Simples,Interseção de Vias,Não,Crescente
749864,2026-02-03,terça-feira,17:45:00,SP,116.0,"216,5",guarulhos,-23.452133,-46.467167,2.0,0.0,0.0,Com Vítimas Feridas,Sim,Ausência de reação do condutor,Queda de ocupante de veículo,Anoitecer,Céu Claro,Dupla,Reta,Sim,Crescente
749865,2026-02-03,terça-feira,15:21:00,MT,70.0,"2,9",barra do garcas,-15.882647,-52.27561,2.0,0.0,0.0,Com Vítimas Feridas,Não,Acessar a via sem observar a presença dos outros veículos,Colisão traseira,Pleno dia,Céu Claro,Dupla,Reta;Aclive,Sim,Decrescente
749866,2026-02-03,terça-feira,18:00:00,SP,116.0,499,cajati,-24.781351,-48.175484,1.0,0.0,0.0,Com Vítimas Feridas,Sim,Ausência de reação do condutor,Capotamento,Anoitecer,Céu Claro,Múltipla,Curva,Não,Crescente
749867,2026-02-03,terça-feira,17:30:00,SP,381.0,40,atibaia,-23.131979,-46.57669,0.0,0.0,0.0,Sem Vítimas,Não,Ausência de reação do condutor,Engavetamento,Anoitecer,Nublado,Simples,Interseção de Vias,Sim,Crescente
749868,2026-02-03,terça-feira,17:40:00,PR,277.0,38,morretes,-25.572765,-48.833237,0.0,0.0,0.0,Sem Vítimas,Sim,Chuva,Colisão com objeto,Pleno dia,Chuva,Dupla,Curva,Não,Crescente
749869,2026-02-03,terça-feira,16:10:00,TO,10.0,"462,8",palmas,-10.241175,-48.312096,3.0,0.0,0.0,Com Vítimas Feridas,Sim,Manobra de mudança de faixa,Colisão lateral sentido oposto,Pleno dia,Céu Claro,Múltipla,Reta,Sim,Decrescente
749870,2026-02-03,terça-feira,18:10:00,PR,277.0,731,foz do iguacu,-25.509523,-54.600655,1.0,0.0,0.0,Com Vítimas Feridas,Sim,Ausência de reação do condutor,Queda de ocupante de veículo,Pleno dia,Céu Claro,Simples,Reta;Ponte,Sim,Decrescente
749871,2026-02-03,terça-feira,18:50:00,RJ,465.0,5,seropedica,-22.746655,-43.700104,2.0,0.0,0.0,Com Vítimas Feridas,Sim,Trafegar com motocicleta (ou similar) entre as faixas,Tombamento,Plena Noite,Ignorado,Simples,Reta,Sim,Crescente
749872,2026-02-03,terça-feira,17:15:00,RJ,116.0,184,nova iguacu,-22.747303,-43.444828,2.0,0.0,0.0,Com Vítimas Feridas,Sim,Acessar a via sem observar a presença dos outros veículos,Colisão transversal,Pleno dia,Céu Claro,Dupla,Reta,Não,Crescente
749873,2026-02-03,terça-feira,18:20:00,PR,376.0,"75,7",guairaca,-22.95412,-52.701553,20.0,16.0,0.0,Com Vítimas Feridas,Não,Acessar a via sem observar a presença dos outros veículos,Tombamento,Anoitecer,Céu Claro,Simples,Reta;Interseção de Vias;Rotatória,Não,Decrescente
749874,2026-02-03,terça-feira,19:00:00,PE,232.0,"253,7",arcoverde,-8.425586,-37.056362,2.0,0.0,0.0,Com Vítimas Feridas,Sim,Transitar na contramão,Colisão frontal,Plena Noite,Céu Claro,Simples,Reta,Sim,Decrescente
749875,2026-02-03,terça-feira,16:00:00,SP,116.0,505,cajati,-24.815237,-48.20922,1.0,0.0,0.0,Com Vítimas Feridas,Sim,Ausência de reação do condutor,Capotamento,Pleno dia,Chuva,Dupla,Curva,Não,Decrescente
749876,2026-02-03,terça-feira,18:15:00,PR,116.0,23,antonina,-25.113287,-48.758343,4.0,0.0,0.0,Com Vítimas Feridas,Não,Reação tardia ou ineficiente do condutor,Colisão com objeto,Plena Noite,Chuva,Dupla,Curva;Declive,Não,Decrescente
749877,2026-02-03,terça-feira,17:00:00,PI,343.0,344,teresina,-5.098576,-42.76451,1.0,0.0,0.0,Com Vítimas Feridas,Sim,Acessar a via sem observar a presença dos outros veículos,Colisão transversal,Pleno dia,Céu Claro,Simples,Reta,Sim,Crescente
749879,2026-02-03,terça-feira,15:45:00,RJ,40.0,110,duque de caxias,-22.68764,-43.285507,6.0,0.0,0.0,Com Vítimas Feridas,Não,Chuva,Colisão com objeto,Pleno dia,Nublado,Múltipla,Reta,Sim,Decrescente
749880,2026-02-03,terça-feira,17:50:00,RJ,40.0,113,duque de caxias,-22.70621,-43.290215,0.0,6.0,0.0,Com Vítimas Feridas,Não,Trafegar com motocicleta (ou similar) entre as faixas,Queda de ocupante de veículo,Pleno dia,Céu Claro,Múltipla,Reta,Sim,Decrescente
749881,2026-02-03,terça-feira,19:20:00,RS,116.0,236,novo hamburgo,-29.666319,-51.143578,0.0,0.0,0.0,Sem Vítimas,Não,Velocidade Incompatível,Colisão traseira,Anoitecer,Nublado,Múltipla,Viaduto;Reta,Sim,Crescente
749882,2026-02-03,terça-feira,17:30:00,MT,174.0,484,comodoro,-13.612674,-59.80183,1.0,2.0,0.0,Com Vítimas Feridas,Sim,Acessar a via sem observar a presença dos outros veículos,Colisão frontal,Pleno dia,Céu Claro,Simples,Reta,Sim,Crescente
749883,2026-02-03,terça-feira,18:10:00,TO,153.0,93,wanderlandia,-6.854422,-47.973003,4.0,0.0,0.0,Com Vítimas Feridas,Não,Velocidade Incompatível,Tombamento,Anoitecer,Nublado,Simples,Curva,Sim,Crescente
749884,2026-02-03,terça-feira,18:05:00,RO,364.0,427,jaru,-10.426966,-62.488365,2.0,0.0,0.0,Com Vítimas Feridas,Sim,Desrespeitar a preferência no cruzamento,Colisão transversal,Anoitecer,Céu Claro,Simples,Interseção de Vias;Rotatória,Não,Crescente
749886,2026-02-03,terça-feira,19:50:00,CE,20.0,405,caucaia,-3.7725446,-38.675095,3.0,0.0,0.0,Com Vítimas Feridas,Sim,Retorno proibido,Queda de ocupante de veículo,Plena Noite,Céu Claro,Simples,Reta,Sim,Decrescente
749887,2026-02-03,terça-feira,18:50:00,ES,262.0,"40,3",domingos martins,-20.38302,-40.638523,0.0,1.0,0.0,Com Vítimas Feridas,Sim,Ausência de reação do condutor,Colisão frontal,Plena Noite,Nublado,Simples,Curva,Não,Crescente
749888,2026-02-03,terça-feira,19:43:00,PE,101.0,79,jaboatao dos guararapes,-8.14455,-34.94738,1.0,1.0,0.0,Com Vítimas Feridas,Sim,Ausência de sinalização,Colisão com objeto,Plena Noite,Céu Claro,Dupla,Reta,Não,Crescente
749889,2026-02-03,terça-feira,20:21:00,GO,60.0,"94,3",anapolis,-16.360764,-48.932526,4.0,0.0,0.0,Com Vítimas Feridas,Não,Reação tardia ou ineficiente do condutor,Tombamento,Plena Noite,Nublado,Dupla,Interseção de Vias,Sim,Decrescente
749891,2026-02-03,terça-feira,20:20:00,SC,101.0,"197,7",biguacu,-27.524347,-48.635914,3.0,0.0,0.0,Com Vítimas Feridas,Sim,Manobra de mudança de faixa,Queda de ocupante de veículo,Plena Noite,Chuva,Múltipla,Reta;Aclive,Sim,Decrescente
749892,2026-02-03,terça-feira,19:25:00,DF,251.0,"36,5",brasilia,-15.94445,-47.78562,6.0,0.0,0.0,Com Vítimas Feridas,Não,Ausência de reação do condutor,Atropelamento de Animal,Plena Noite,Chuva,Simples,Reta;Declive,Não,Decrescente
749894,2026-02-03,terça-feira,19:15:00,MG,40.0,"662,7",carandai,-20.92366,-43.82117,4.0,0.0,0.0,Com Vítimas Feridas,Não,Chuva,Colisão com objeto,Plena Noite,Chuva,Simples,Reta;Declive,Não,Decrescente
749895,2026-02-03,terça-feira,19:15:00,PR,376.0,444,tibagi,-24.876106,-50.443172,0.0,3.0,0.0,Com Vítimas Feridas,Sim,Ausência de reação do condutor,Saída de leito carroçável,Plena Noite,Nublado,Dupla,Curva,Não,Crescente
749896,2026-02-03,terça-feira,21:00:00,SC,101.0,"215,7",palhoca,-27.657444,-48.678055,1.0,0.0,0.0,Com Vítimas Feridas,Sim,Ausência de reação do condutor,Colisão traseira,Plena Noite,Nublado,Múltipla,Reta,Sim,Decrescente
749897,2026-02-03,terça-feira,21:30:00,RS,116.0,266,canoas,-29.93687,-51.177067,2.0,0.0,0.0,Com Vítimas Feridas,Sim,Avarias e/ou desgaste excessivo no pneu,Saída de leito carroçável,Plena Noite,Céu Claro,Múltipla,Reta,Sim,Decrescente
749898,2026-02-03,terça-feira,20:30:00,PR,376.0,468,ponta grossa,-25.034895,-50.304634,1.0,0.0,0.0,Com Vítimas Feridas,Sim,Reação tardia ou ineficiente do condutor,Saída de leito carroçável,Plena Noite,Chuva,Dupla,Curva,Não,Crescente
749899,2026-02-03,terça-feira,18:30:00,PR,116.0,180,campo do tenente,-25.916012,-49.60988,0.0,0.0,0.0,Sem Vítimas,Sim,Demais falhas mecânicas ou elétricas,Incêndio,Anoitecer,Chuva,Simples,Aclive;Curva,Não,Crescente
749900,2026-02-03,terça-feira,19:35:00,RJ,40.0,124,rio de janeiro,-22.812214,-43.28814,4.0,0.0,0.0,Com Vítimas Feridas,Não,Entrada inopinada do pedestre,Atropelamento de Pedestre,Plena Noite,Nublado,Dupla,Reta,Sim,Crescente