id,data_inversa,dia_semana,horario,uf,br,km,municipio,latitude,longitude,feridos_leves,feridos_graves,mortos,classificacao_acidente,causa_principal,causa_acidente,tipo_acidente,fase_dia,condicao_metereologica,tipo_pista,tracado_via,uso_solo,sentido_via
750012,2026-02-04,quarta-feira,14:30:00,ES,101.0,"290,5",cariacica,-20.29567,-40.39319,1.0,0.0,0.0,Com Vítimas Feridas,Sim,Acessar a via sem observar a presença dos outros veículos,Colisão lateral mesmo sentido,Pleno dia,Sol,Simples,Aclive,Sim,Decrescente
750013,2026-02-04,quarta-feira,14:45:00,SP,116.0,"57,6",guaratingueta,-22.776358,-45.140644,2.0,0.0,0.0,Com Vítimas Feridas,Não,Frear bruscamente,Colisão traseira,Pleno dia,Céu Claro,Dupla,Reta,Não,Decrescente
750014,2026-01-19,segunda-feira,14:50:00,GO,60.0,"33,1",alexania,-16.097387,-48.521286,1.0,1.0,0.0,Com Vítimas Feridas,Sim,Acumulo de água sobre o pavimento,Capotamento,Pleno dia,Chuva,Dupla,Curva,Não,Crescente
750015,2026-02-04,quarta-feira,14:00:00,CE,116.0,19,eusebio,-3.914911,-38.50675,12.0,0.0,0.0,Com Vítimas Feridas,Sim,Condutor deixou de manter distância do veículo da frente,Queda de ocupante de veículo,Pleno dia,Céu Claro,Dupla,Reta,Sim,Crescente
750016,2026-02-04,quarta-feira,15:00:00,MG,381.0,"482,8",betim,-19.996624,-44.209137,6.0,0.0,0.0,Com Vítimas Feridas,Não,Ausência de reação do condutor,Queda de ocupante de veículo,Pleno dia,Céu Claro,Dupla,Reta;Aclive,Sim,Decrescente
750017,2026-02-04,quarta-feira,13:30:00,RJ,116.0,277,barra mansa,-22.561584,-44.163998,2.0,0.0,0.0,Com Vítimas Feridas,Sim,Condutor deixou de manter distância do veículo da frente,Queda de ocupante de veículo,Pleno dia,Céu Claro,Dupla,Reta,Não,Crescente
750018,2026-02-04,quarta-feira,11:00:00,BA,116.0,652,jequie,-13.682288,-40.095364,0.0,0.0,0.0,Sem Vítimas,Sim,Mal súbito do condutor,Tombamento,Pleno dia,Céu Claro,Simples,Reta,Não,Crescente
750019,2026-02-04,quarta-feira,12:40:00,MS,267.0,"516,6",jardim,-21.496439,-56.453934,1.0,0.0,0.0,Com Vítimas Feridas,Sim,Acessar a via sem observar a presença dos outros veículos,Colisão transversal,Pleno dia,Céu Claro,Simples,Reta;Interseção de Vias,Não,Crescente
750020,2026-02-04,quarta-feira,13:10:00,MG,116.0,115,itaobim,-16.562227,-41.503693,0.0,3.0,0.0,Com Vítimas Feridas,Não,Velocidade Incompatível,Colisão com objeto,Pleno dia,Céu Claro,Simples,Retorno Regulamentado,Sim,Crescente
750021,2026-02-04,quarta-feira,13:10:00,MG,116.0,"580,1",manhuacu,-20.194399,-42.183735,3.0,0.0,0.0,Com Vítimas Feridas,Sim,Condutor deixou de manter distância do veículo da frente,Colisão traseira,Pleno dia,Céu Claro,Simples,Reta,Não,Crescente
750022,2026-01-30,sexta-feira,14:10:00,PE,101.0,44,igarassu,-7.856938,-34.908695,2.0,0.0,0.0,Com Vítimas Feridas,Sim,Manobra de mudança de faixa,Colisão lateral mesmo sentido,Pleno dia,Sol,Múltipla,Reta,Não,Crescente
750023,2026-02-04,quarta-feira,14:40:00,GO,153.0,"584,5",professor jamil,-17.402914,-49.223675,1.0,0.0,0.0,Com Vítimas Feridas,Sim,Ausência de reação do condutor,Colisão lateral mesmo sentido,Pleno dia,Sol,Dupla,Reta,Não,Decrescente
750024,2026-02-04,quarta-feira,14:15:00,SP,381.0,40,atibaia,-23.126,-46.576,4.0,0.0,0.0,Com Vítimas Feridas,Sim,Demais falhas mecânicas ou elétricas,Queda de ocupante de veículo,Pleno dia,Nublado,Dupla,Reta,Sim,Crescente
750025,2026-02-04,quarta-feira,13:00:00,BA,110.0,255,olindina,-11.517293,-38.29692,6.0,6.0,6.0,Com Vítimas Fatais,Não,Acessar a via sem observar a presença dos outros veículos,Colisão transversal,Pleno dia,Céu Claro,Simples,Reta,Não,Crescente
750026,2026-02-04,quarta-feira,14:10:00,GO,153.0,"333,6",jaragua,-15.561027,-49.422554,2.0,0.0,0.0,Com Vítimas Feridas,Não,Acessar a via sem observar a presença dos outros veículos,Colisão transversal,Pleno dia,Céu Claro,Simples,Reta;Interseção de Vias,Não,Decrescente
750027,2026-02-04,quarta-feira,14:15:00,MT,163.0,827,sinop,-11.929263,-55.51283,2.0,0.0,0.0,Com Vítimas Feridas,Sim,Ausência de reação do condutor,Tombamento,Pleno dia,Céu Claro,Dupla,Retorno Regulamentado,Sim,Decrescente
750028,2026-02-04,quarta-feira,15:30:00,ES,101.0,"367,8",anchieta,-20.751127,-40.76005,2.0,0.0,0.0,Com Vítimas Feridas,Sim,Reação tardia ou ineficiente do condutor,Saída de leito carroçável,Pleno dia,Céu Claro,Simples,Reta,Não,Crescente
750029,2026-01-31,sábado,07:30:00,SC,101.0,"211,7",palhoca,-27.628172,-48.65702,0.0,2.0,0.0,Com Vítimas Feridas,Sim,Reação tardia ou ineficiente do condutor,Colisão traseira,Pleno dia,Céu Claro,Múltipla,Reta,Não,Decrescente
750030,2026-02-04,quarta-feira,16:05:00,CE,222.0,23,caucaia,-3.7318995,-38.75994,2.0,0.0,0.0,Com Vítimas Feridas,Sim,Animais na Pista,Queda de ocupante de veículo,Pleno dia,Nublado,Múltipla,Reta,Sim,Decrescente
750031,2026-02-04,quarta-feira,11:40:00,MA,10.0,302,acailandia,-5.0914507,-47.554825,2.0,0.0,0.0,Com Vítimas Feridas,Sim,Condutor Dormindo,Capotamento,Pleno dia,Nublado,Simples,Reta,Não,Decrescente
750032,2026-02-04,quarta-feira,15:20:00,RJ,101.0,565,paraty,-23.15479,-44.702637,1.0,0.0,0.0,Com Vítimas Feridas,Sim,Pista Escorregadia,Colisão transversal,Pleno dia,Chuva,Simples,Reta,Sim,Crescente
750033,2026-02-04,quarta-feira,12:50:00,SC,101.0,253,paulo lopes,-27.963043,-48.679527,0.0,1.0,0.0,Com Vítimas Feridas,Sim,Pedestre andava na pista,Atropelamento de Pedestre,Pleno dia,Céu Claro,Dupla,Reta,Sim,Decrescente
750034,2026-02-04,quarta-feira,13:00:00,MT,163.0,1111,guaranta do norte,-9.759641,-54.895718,0.0,4.0,0.0,Com Vítimas Feridas,Não,Demais falhas mecânicas ou elétricas,Tombamento,Pleno dia,Céu Claro,Simples,Curva;Declive,Não,Decrescente
750036,2026-02-04,quarta-feira,13:30:00,MA,10.0,254,imperatriz,-5.50945,-47.47164,1.0,0.0,0.0,Com Vítimas Feridas,Sim,Condutor desrespeitou a iluminação vermelha do semáforo,Colisão lateral sentido oposto,Pleno dia,Céu Claro,Simples,Reta,Sim,Crescente
750038,2026-02-04,quarta-feira,15:45:00,PA,316.0,"63,9",castanhal,-1.296288,-47.9204,2.0,0.0,0.0,Com Vítimas Feridas,Sim,Ausência de reação do condutor,Queda de ocupante de veículo,Pleno dia,Céu Claro,Dupla,Reta,Sim,Crescente
750040,2026-02-04,quarta-feira,16:00:00,SC,101.0,"243,2",palhoca,-27.886847,-48.647728,0.0,0.0,0.0,Sem Vítimas,Sim,Ausência de reação do condutor,Colisão traseira,Pleno dia,Céu Claro,Múltipla,Reta,Sim,Decrescente
750041,2026-02-04,quarta-feira,15:30:00,PI,343.0,"1,6",teresina,-5.080982,-42.764126,6.0,0.0,0.0,Com Vítimas Feridas,Não,Acessar a via sem observar a presença dos outros veículos,Queda de ocupante de veículo,Pleno dia,Céu Claro,Dupla,Retorno Regulamentado;Reta;Interseção de Vias,Sim,Crescente
750042,2026-02-04,quarta-feira,17:20:00,RS,290.0,90,porto alegre,-29.969631,-51.169735,1.0,0.0,0.0,Com Vítimas Feridas,Sim,Reação tardia ou ineficiente do condutor,Colisão traseira,Pleno dia,Céu Claro,Múltipla,Reta;Retorno Regulamentado,Não,Decrescente
750043,2026-02-04,quarta-feira,17:00:00,PB,230.0,"8,7",cabedelo,-7.041424,-34.84564,0.0,2.0,0.0,Com Vítimas Feridas,Sim,Reação tardia ou ineficiente do condutor,Queda de ocupante de veículo,Pleno dia,Céu Claro,Simples,Reta,Sim,Crescente
750044,2026-02-04,quarta-feira,16:36:00,SE,235.0,53,itabaiana,-10.701956,-37.429897,3.0,0.0,0.0,Com Vítimas Feridas,Sim,Acessar a via sem observar a presença dos outros veículos,Colisão transversal,Pleno dia,Céu Claro,Simples,Reta,Não,Crescente
750045,2026-02-04,quarta-feira,16:50:00,SC,101.0,"141,5",itapema,-27.059738,-48.597336,0.0,1.0,0.0,Com Vítimas Feridas,Sim,Reação tardia ou ineficiente do condutor,Colisão traseira,Pleno dia,Céu Claro,Simples,Reta;Declive,Não,Decrescente
750047,2026-02-04,quarta-feira,17:30:00,RS,386.0,"362,4",estrela,-29.55931,-51.88583,0.0,6.0,0.0,Com Vítimas Feridas,Não,Velocidade Incompatível,Queda de ocupante de veículo,Pleno dia,Sol,Dupla,Curva,Não,Crescente
750048,2026-02-04,quarta-feira,17:39:00,MG,381.0,"614,2",oliveira,-20.715433,-44.759468,0.0,2.0,4.0,Com Vítimas Fatais,Sim,Acumulo de água sobre o pavimento,Colisão transversal,Pleno dia,Chuva,Dupla,Reta,Não,Decrescente
750049,2026-02-04,quarta-feira,15:16:00,MS,463.0,33,ponta pora,-22.302174,-55.10167,2.0,0.0,0.0,Com Vítimas Feridas,Sim,Ausência de reação do condutor,Derramamento de carga,Pleno dia,Céu Claro,Simples,Reta;Rotatória,Não,Decrescente
750050,2026-02-04,quarta-feira,14:10:00,RJ,101.0,330,rio de janeiro,-22.874409,-43.206932,3.0,0.0,0.0,Com Vítimas Feridas,Sim,Ausência de reação do condutor,Queda de ocupante de veículo,Pleno dia,Garoa/Chuvisco,Dupla,Reta,Sim,Decrescente
750051,2026-02-04,quarta-feira,16:32:00,MS,163.0,788,pedro gomes,-18.023258,-54.68311,20.0,0.0,0.0,Com Vítimas Feridas,Não,Acumulo de água sobre o pavimento,Colisão com objeto,Pleno dia,Chuva,Simples,Reta;Declive,Não,Crescente
750052,2026-02-04,quarta-feira,08:09:00,AC,364.0,136,rio branco,-9.977131,-67.849045,4.0,0.0,0.0,Com Vítimas Feridas,Não,Reação tardia ou ineficiente do condutor,Colisão lateral mesmo sentido,Pleno dia,Céu Claro,Dupla,Rotatória,Sim,Crescente
750053,2026-02-04,quarta-feira,16:30:00,RJ,101.0,385,rio de janeiro,-22.88016,-43.62879,2.0,0.0,0.0,Com Vítimas Feridas,Sim,Condutor deixou de manter distância do veículo da frente,Colisão traseira,Pleno dia,Céu Claro,Múltipla,Reta,Sim,Crescente
750055,2026-02-04,quarta-feira,13:00:00,MG,116.0,587,manhuacu,-20.237026,-42.164326,1.0,0.0,0.0,Com Vítimas Feridas,Sim,Acessar a via sem observar a presença dos outros veículos,Colisão lateral mesmo sentido,Pleno dia,Céu Claro,Simples,Reta,Sim,Crescente
750056,2026-02-04,quarta-feira,17:00:00,RO,364.0,710,porto velho,-8.788096,-63.854256,4.0,0.0,0.0,Com Vítimas Feridas,Não,Manobra de mudança de faixa,Saída de leito carroçável,Pleno dia,Céu Claro,Dupla,Reta,Sim,Decrescente
750057,2026-02-04,quarta-feira,18:11:00,PB,230.0,"23,6",joao pessoa,-7.162828,-34.861313,2.0,0.0,0.0,Com Vítimas Feridas,Sim,Ausência de reação do condutor,Queda de ocupante de veículo,Plena Noite,Céu Claro,Dupla,Reta,Sim,Crescente
750058,2026-02-04,quarta-feira,15:30:00,RO,364.0,16,vilhena,-12.734,-60.155,6.0,0.0,0.0,Com Vítimas Feridas,Sim,Ultrapassagem Indevida,Colisão frontal,Pleno dia,Céu Claro,Simples,Interseção de Vias,Sim,Decrescente
750059,2026-02-04,quarta-feira,18:05:00,PR,116.0,"93,4",sao jose dos pinhais,-25.516535,-49.131584,0.0,16.0,0.0,Com Vítimas Feridas,Não,Manobra de mudança de faixa,Queda de ocupante de veículo,Pleno dia,Nublado,Dupla,Reta;Aclive,Sim,Decrescente
750060,2026-01-06,terça-feira,07:30:00,PB,412.0,35,sao joao do cariri,-7.315185,-36.362034,0.0,6.0,6.0,Com Vítimas Fatais,Não,Condutor deixou de manter distância do veículo da frente,Queda de ocupante de veículo,Pleno dia,Céu Claro,Simples,Reta,Não,Crescente
750061,2026-02-04,quarta-feira,15:10:00,RJ,393.0,274,barra do pirai,-22.474562,-43.99567,6.0,2.0,0.0,Com Vítimas Feridas,Sim,Demais falhas mecânicas ou elétricas,Tombamento,Pleno dia,Céu Claro,Simples,Curva;Aclive,Não,Crescente
750062,2026-02-04,quarta-feira,14:00:00,BA,420.0,244,mutuipe,-13.220907,-39.48482,12.0,0.0,0.0,Com Vítimas Feridas,Não,Velocidade Incompatível,Capotamento,Pleno dia,Céu Claro,Simples,Declive,Não,Crescente
750064,2026-02-04,quarta-feira,18:30:00,MG,381.0,516,igarape,-20.08352,-44.30848,1.0,0.0,0.0,Com Vítimas Feridas,Sim,Chuva,Saída de leito carroçável,Plena Noite,Chuva,Dupla,Curva,Não,Decrescente
750065,2026-02-04,quarta-feira,16:10:00,AC,364.0,134,rio branco,-9.999589,-67.84964,2.0,0.0,0.0,Com Vítimas Feridas,Sim,Acessar a via sem observar a presença dos outros veículos,Colisão transversal,Pleno dia,Céu Claro,Dupla,Reta,Sim,Decrescente
750066,2026-02-04,quarta-feira,18:15:00,RS,386.0,440,canoas,-29.879988,-51.240124,4.0,0.0,0.0,Com Vítimas Feridas,Sim,Acessar a via sem observar a presença dos outros veículos,Colisão lateral mesmo sentido,Anoitecer,Céu Claro,Dupla,Reta,Não,Decrescente
750068,2026-02-04,quarta-feira,18:30:00,SC,470.0,"55,3",blumenau,-26.876554,-49.12089,0.0,1.0,0.0,Com Vítimas Feridas,Sim,Velocidade Incompatível,Colisão com objeto,Pleno dia,Nublado,Simples,Reta;Em Obras,Sim,Decrescente
750069,2026-02-04,quarta-feira,17:30:00,MT,163.0,686,lucas do rio verde,-13.0796585,-55.937347,0.0,2.0,0.0,Com Vítimas Feridas,Sim,Reação tardia ou ineficiente do condutor,Queda de ocupante de veículo,Pleno dia,Céu Claro,Dupla,Reta;Interseção de Vias,Sim,Crescente
750070,2026-02-04,quarta-feira,19:00:00,PE,101.0,69,recife,-8.061547,-34.94528,0.0,0.0,0.0,Sem Vítimas,Sim,Condutor deixou de manter distância do veículo da frente,Colisão traseira,Plena Noite,Céu Claro,Dupla,Reta,Não,Decrescente
750071,2026-02-04,quarta-feira,17:45:00,RO,425.0,122,guajara-mirim,-10.740561,-65.29209,12.0,4.0,0.0,Com Vítimas Feridas,Não,Reação tardia ou ineficiente do condutor,Colisão frontal,Pleno dia,Nublado,Simples,Reta,Não,Crescente
750072,2026-02-04,quarta-feira,17:30:00,RJ,40.0,2,comendador levy gasparian,-22.008055,-43.24801,2.0,0.0,0.0,Com Vítimas Feridas,Sim,Reação tardia ou ineficiente do condutor,Colisão com objeto,Pleno dia,Céu Claro,Dupla,Curva,Não,Decrescente
750073,2026-02-04,quarta-feira,17:20:00,SC,470.0,109,apiuna,-27.083673,-49.454437,0.0,1.0,0.0,Com Vítimas Feridas,Sim,Ausência de reação do condutor,Saída de leito carroçável,Pleno dia,Sol,Simples,Curva,Não,Crescente
750074,2026-02-04,quarta-feira,19:00:00,PI,316.0,"23,7",teresina,-5.28739,-42.7183,0.0,0.0,0.0,Sem Vítimas,Não,Ingestão de álcool pelo condutor,Saída de leito carroçável,Plena Noite,Céu Claro,Dupla,Reta,Não,Decrescente
750075,2026-02-04,quarta-feira,18:40:00,DF,20.0,"5,6",brasilia,-15.6683655,-47.81258,0.0,1.0,0.0,Com Vítimas Feridas,Sim,Condutor deixou de manter distância do veículo da frente,Colisão traseira,Plena Noite,Garoa/Chuvisco,Dupla,Declive,Sim,Crescente
750076,2026-02-04,quarta-feira,18:10:00,SC,101.0,16,biguacu,-27.453903,-48.71519,0.0,0.0,0.0,Sem Vítimas,Sim,Demais falhas mecânicas ou elétricas,Saída de leito carroçável,Pleno dia,Céu Claro,Dupla,Reta,Não,Crescente
750077,2026-02-04,quarta-feira,18:50:00,SP,116.0,"64,9",guaratingueta,-22.823116,-45.192337,3.0,0.0,0.0,Com Vítimas Feridas,Não,Ausência de reação do condutor,Colisão traseira,Plena Noite,Garoa/Chuvisco,Dupla,Aclive;Curva,Não,Crescente
750078,2026-02-04,quarta-feira,16:40:00,SC,282.0,"569,8",nova erechim,-26.8964,-52.91846,1.0,0.0,0.0,Com Vítimas Feridas,Sim,Acessar a via sem observar a presença dos outros veículos,Colisão transversal,Pleno dia,Sol,Simples,Reta;Retorno Regulamentado,Não,Crescente
750079,2026-02-04,quarta-feira,19:10:00,PE,232.0,115,caruaru,-8.29721,-35.8658,0.0,0.0,2.0,Com Vítimas Fatais,Não,Reação tardia ou ineficiente do condutor,Atropelamento de Pedestre,Plena Noite,Céu Claro,Dupla,Reta,Não,Decrescente
750080,2026-02-04,quarta-feira,19:35:00,SC,101.0,"139,4",balneario camboriu,-27.030376,-48.60093,2.0,0.0,0.0,Com Vítimas Feridas,Sim,Reação tardia ou ineficiente do condutor,Colisão lateral mesmo sentido,Plena Noite,Céu Claro,Dupla,Reta;Aclive,Não,Crescente
750081,2026-02-04,quarta-feira,19:00:00,RJ,101.0,"548,9",paraty,-23.043104,-44.615883,1.0,0.0,0.0,Com Vítimas Feridas,Sim,Acessar a via sem observar a presença dos outros veículos,Colisão transversal,Plena Noite,Chuva,Simples,Reta,Não,Crescente
750082,2026-02-04,quarta-feira,20:00:00,RS,386.0,439,nova santa rita,-29.871355,-51.248146,1.0,0.0,0.0,Com Vítimas Feridas,Sim,Ausência de reação do condutor,Tombamento,Plena Noite,Céu Claro,Simples,Reta,Não,Decrescente
750083,2026-01-30,sexta-feira,08:00:00,MS,163.0,208,caarapo,-22.63986,-54.81371,0.0,0.0,0.0,Sem Vítimas,Sim,Ausência de reação do condutor,Saída de leito carroçável,Pleno dia,Sol,Simples,Reta,Sim,Decrescente
750084,2026-02-04,quarta-feira,19:45:00,PB,230.0,"19,4",joao pessoa,-7.13,-34.854,6.0,0.0,0.0,Com Vítimas Feridas,Não,Ausência de reação do condutor,Queda de ocupante de veículo,Plena Noite,Céu Claro,Dupla,Reta,Sim,Decrescente
750085,2026-02-04,quarta-feira,15:50:00,RJ,101.0,385,rio de janeiro,-22.882074,-43.637657,1.0,0.0,0.0,Com Vítimas Feridas,Sim,Reação tardia ou ineficiente do condutor,Colisão traseira,Pleno dia,Céu Claro,Dupla,Reta,Não,Crescente
750086,2026-02-04,quarta-feira,20:35:00,PE,101.0,"77,5",recife,-8.131275,-34.945442,2.0,0.0,0.0,Com Vítimas Feridas,Sim,Desrespeitar a preferência no cruzamento,Queda de ocupante de veículo,Plena Noite,Céu Claro,Dupla,Reta;Retorno Regulamentado,Sim,Crescente
750087,2026-02-04,quarta-feira,17:10:00,RJ,101.0,405,itaguai,-22.868284,-43.803898,0.0,0.0,1.0,Com Vítimas Fatais,Sim,Ausência de reação do condutor,Queda de ocupante de veículo,Pleno dia,Céu Claro,Dupla,Reta,Não,Crescente
750088,2026-02-04,quarta-feira,18:40:00,PB,230.0,167,campina grande,-7.194743,-35.96426,12.0,0.0,3.0,Com Vítimas Fatais,Sim,Transitar na contramão,Queda de ocupante de veículo,Plena Noite,Vento,Simples,Curva,Não,Crescente
750089,2026-02-04,quarta-feira,14:26:00,MT,70.0,7,barra do garcas,-15.8792305,-52.307854,0.0,0.0,0.0,Sem Vítimas,Sim,Desrespeitar a preferência no cruzamento,Colisão transversal,Pleno dia,Céu Claro,Dupla,Retorno Regulamentado,Sim,Crescente
750090,2026-02-04,quarta-feira,19:00:00,BA,410.0,2,ribeira do pombal,-10.828604,-38.544617,0.0,4.0,0.0,Com Vítimas Feridas,Não,Ausência de reação do condutor,Queda de ocupante de veículo,Plena Noite,Céu Claro,Simples,Reta;Rotatória,Sim,Crescente
750091,2026-02-04,quarta-feira,19:10:00,SP,116.0,"85,7",pindamonhangaba,-22.923916,-45.34863,1.0,0.0,0.0,Com Vítimas Feridas,Sim,Ausência de reação do condutor,Colisão traseira,Plena Noite,Garoa/Chuvisco,Dupla,Reta,Não,Decrescente
750092,2026-02-04,quarta-feira,18:10:00,GO,60.0,302,acreuna,-17.376905,-50.363228,2.0,0.0,0.0,Com Vítimas Feridas,Não,Objeto estático sobre o leito carroçável,Colisão com objeto,Anoitecer,Céu Claro,Dupla,Reta,Não,Crescente
750093,2026-02-04,quarta-feira,20:20:00,RS,392.0,"293,7",sao sepe,-30.1841,-53.567307,0.0,4.0,0.0,Com Vítimas Feridas,Não,Iluminação deficiente,Queda de ocupante de veículo,Plena Noite,Céu Claro,Simples,Reta,Não,Crescente
750094,2026-02-04,quarta-feira,14:30:00,BA,242.0,"222,5",itaberaba,-12.520401,-40.278755,0.0,0.0,0.0,Sem Vítimas,Sim,Demais falhas mecânicas ou elétricas,Incêndio,Pleno dia,Céu Claro,Simples,Reta,Não,Crescente
750095,2026-02-04,quarta-feira,21:15:00,PR,277.0,64,piraquara,-25.546013,-49.051056,1.0,0.0,0.0,Com Vítimas Feridas,Sim,Objeto estático sobre o leito carroçável,Queda de ocupante de veículo,Plena Noite,Céu Claro,Múltipla,Reta;Em Obras,Não,Crescente
750096,2026-02-04,quarta-feira,20:15:00,SP,101.0,50,ubatuba,-23.450596,-45.0769,3.0,0.0,0.0,Com Vítimas Feridas,Não,Acessar a via sem observar a presença dos outros veículos,Atropelamento de Pedestre,Plena Noite,Garoa/Chuvisco,Simples,Reta,Sim,Crescente
750097,2026-02-04,quarta-feira,19:08:00,RO,364.0,202,pimenta bueno,-11.633798,-61.202293,0.0,0.0,0.0,Sem Vítimas,Sim,Reação tardia ou ineficiente do condutor,Colisão lateral mesmo sentido,Plena Noite,Céu Claro,Dupla,Aclive;Reta,Sim,Crescente
750098,2026-02-04,quarta-feira,18:50:00,GO,153.0,"668,8",goiatuba,-18.123074,-49.28262,2.0,0.0,0.0,Com Vítimas Feridas,Sim,Velocidade Incompatível,Capotamento,Anoitecer,Céu Claro,Dupla,Reta,Não,Crescente
750099,2026-02-04,quarta-feira,20:00:00,SC,480.0,"127,5",chapeco,-27.039484,-52.634586,0.0,1.0,0.0,Com Vítimas Feridas,Sim,Desrespeitar a preferência no cruzamento,Colisão frontal,Plena Noite,Céu Claro,Simples,Aclive;Reta,Não,Decrescente
750101,2026-02-04,quarta-feira,16:25:00,RO,364.0,"312,1",presidente medici,-11.134063,-61.901226,24.0,0.0,0.0,Com Vítimas Feridas,Não,Frear bruscamente,Queda de ocupante de veículo,Pleno dia,Sol,Simples,Reta,Não,Decrescente
750102,2026-02-04,quarta-feira,21:00:00,PE,408.0,"59,2",tracunhaem,-7.80946,-35.24276,1.0,0.0,0.0,Com Vítimas Feridas,Sim,Reação tardia ou ineficiente do condutor,Capotamento,Plena Noite,Chuva,Simples,Reta;Declive,Sim,Crescente
750103,2026-02-04,quarta-feira,19:00:00,RJ,116.0,86,teresopolis,-22.427204,-42.952477,1.0,0.0,0.0,Com Vítimas Feridas,Sim,Mal súbito do condutor,Saída de leito carroçável,Plena Noite,Nublado,Simples,Reta,Não,Decrescente
750104,2026-02-04,quarta-feira,17:50:00,MT,70.0,522,varzea grande,-15.66838,-56.18164,6.0,0.0,0.0,Com Vítimas Feridas,Sim,Acessar a via sem observar a presença dos outros veículos,Queda de ocupante de veículo,Anoitecer,Nublado,Simples,Reta,Sim,Crescente
750105,2026-02-04,quarta-feira,21:25:00,MG,381.0,153,governador valadares,-18.889132,-42.005074,0.0,1.0,0.0,Com Vítimas Feridas,Sim,Ingestão de álcool pelo condutor,Saída de leito carroçável,Plena Noite,Céu Claro,Simples,Interseção de Vias;Rotatória,Não,Crescente
750106,2026-02-04,quarta-feira,20:30:00,SP,116.0,287,itapecerica da serra,-23.701464,-46.869904,0.0,1.0,0.0,Com Vítimas Feridas,Sim,Pedestre cruzava a pista fora da faixa,Atropelamento de Pedestre,Plena Noite,Nublado,Dupla,Reta,Sim,Crescente
750107,2026-02-04,quarta-feira,22:20:00,DF,60.0,"7,7",brasilia,-15.903,-48.129967,0.0,0.0,0.0,Sem Vítimas,Sim,Ingestão de álcool pelo condutor,Saída de leito carroçável,Plena Noite,Chuva,Dupla,Reta,Não,Crescente
750108,2026-02-04,quarta-feira,20:40:00,AC,364.0,138,rio branco,-9.953502,-67.86284,4.0,0.0,0.0,Com Vítimas Feridas,Sim,Acumulo de areia ou detritos sobre o pavimento,Tombamento,Plena Noite,Céu Claro,Dupla,Reta,Sim,Crescente
750109,2026-02-04,quarta-feira,22:50:00,PR,116.0,116,curitiba,-25.549292,-49.304775,8.0,0.0,0.0,Com Vítimas Feridas,Não,Velocidade Incompatível,Queda de ocupante de veículo,Plena Noite,Nublado,Dupla,Reta,Não,Crescente
750110,2026-02-04,quarta-feira,20:50:00,SC,282.0,160,bom retiro,-27.732353,-49.75843,24.0,0.0,0.0,Com Vítimas Feridas,Não,Chuva,Capotamento,Plena Noite,Chuva,Simples,Reta,Não,Decrescente
750111,2026-02-04,quarta-feira,23:30:00,MG,262.0,"549,9",corrego danta,-19.74126,-45.94348,3.0,0.0,0.0,Com Vítimas Feridas,Não,Declive acentuado,Tombamento,Plena Noite,Chuva,Simples,Curva;Declive,Não,Decrescente
750112,2026-02-04,quarta-feira,23:05:00,PR,277.0,"598,2",cascavel,-24.9876,-53.5065,6.0,0.0,0.0,Com Vítimas Feridas,Não,Iluminação deficiente,Queda de ocupante de veículo,Plena Noite,Céu Claro,Dupla,Reta;Interseção de Vias,Sim,Decrescente
750113,2026-02-04,quarta-feira,19:10:00,MA,10.0,"219,9",governador edison lobao,-5.79121,-47.3592,0.0,0.0,4.0,Com Vítimas Fatais,Não,Reação tardia ou ineficiente do condutor,Tombamento,Plena Noite,Céu Claro,Simples,Reta,Não,Decrescente
750114,2026-02-04,quarta-feira,21:40:00,SC,153.0,"109,9",concordia,-27.318756,-51.986298,0.0,4.0,0.0,Com Vítimas Feridas,Sim,Ingestão de álcool pelo condutor,Saída de leito carroçável,Plena Noite,Céu Claro,Simples,Curva,Não,Crescente
750115,2026-02-04,quarta-feira,23:00:00,MG,262.0,120,rio casca,-20.218067,-42.651478,0.0,6.0,0.0,Com Vítimas Feridas,Não,Chuva,Atropelamento de Pedestre,Plena Noite,Chuva,Simples,Curva,Sim,Decrescente
750116,2026-02-04,quarta-feira,23:00:00,BA,324.0,530,feira de santana,-12.34016,-38.847797,0.0,1.0,0.0,Com Vítimas Feridas,Sim,Acessar a via sem observar a presença dos outros veículos,Atropelamento de Pedestre,Plena Noite,Céu Claro,Dupla,Curva,Sim,Decrescente
750118,2026-02-04,quarta-feira,20:50:00,GO,60.0,"234,8",indiara,-17.083565,-49.83893,0.0,0.0,0.0,Sem Vítimas,Sim,Condutor Dormindo,Capotamento,Plena Noite,Nublado,Dupla,Reta;Aclive,Não,Decrescente
750119,2026-02-04,quarta-feira,16:35:00,MS,163.0,788,pedro gomes,-18.019373,-54.682472,2.0,0.0,0.0,Com Vítimas Feridas,Sim,Ausência de reação do condutor,Capotamento,Pleno dia,Chuva,Simples,Declive,Não,Crescente
750120,2026-02-05,quinta-feira,01:00:00,RJ,101.0,87,campos dos goytacazes,-21.83537,-41.5036,2.0,0.0,0.0,Com Vítimas Feridas,Sim,Acumulo de água sobre o pavimento,Saída de leito carroçável,Plena Noite,Chuva,Dupla,Curva,Não,Decrescente