id,data_inversa,dia_semana,horario,uf,br,km,municipio,latitude,longitude,feridos_leves,feridos_graves,mortos,classificacao_acidente,causa_principal,causa_acidente,tipo_acidente,fase_dia,condicao_metereologica,tipo_pista,tracado_via,uso_solo,sentido_via
750121,2026-02-05,quinta-feira,00:20:00,SP,153.0,"53,1",sao jose do rio preto,-20.727558,-49.3387,4.0,0.0,0.0,Com Vítimas Feridas,Sim,Avarias e/ou desgaste excessivo no pneu,Queda de ocupante de veículo,Plena Noite,Céu Claro,Dupla,Reta;Retorno Regulamentado,Não,Decrescente
750123,2026-02-04,quarta-feira,23:50:00,PR,277.0,"29,9",morretes,-25.551071,-48.797363,0.0,0.0,4.0,Com Vítimas Fatais,Sim,Ausência de reação do condutor,Colisão com objeto,Plena Noite,Nublado,Dupla,Reta,Não,Crescente
750124,2026-02-05,quinta-feira,00:15:00,SC,101.0,114,itajai,-26.869257,-48.729683,2.0,0.0,0.0,Com Vítimas Feridas,Não,Ausência de reação do condutor,Colisão com objeto,Plena Noite,Nublado,Múltipla,Reta,Não,Decrescente
750126,2026-02-04,quarta-feira,21:20:00,MT,364.0,134,pedra preta,-16.788088,-54.16853,2.0,0.0,0.0,Com Vítimas Feridas,Sim,Ausência de sinalização,Tombamento,Plena Noite,Céu Claro,Múltipla,Curva,Não,Crescente
750128,2026-02-05,quinta-feira,01:27:00,SP,116.0,"279,8",embu das artes,-23.644157,-46.839874,0.0,0.0,0.0,Sem Vítimas,Sim,Manobra de mudança de faixa,Colisão lateral mesmo sentido,Plena Noite,Garoa/Chuvisco,Dupla,Reta,Não,Crescente
750129,2026-02-05,quinta-feira,00:32:00,MG,116.0,"506,8",ubaporanga,-19.620518,-42.10815,0.0,3.0,0.0,Com Vítimas Feridas,Sim,Ausência de reação do condutor,Queda de ocupante de veículo,Plena Noite,Chuva,Simples,Reta,Não,Decrescente
750130,2026-02-05,quinta-feira,02:30:00,MG,40.0,320,tres marias,-18.520874,-45.07474,4.0,0.0,0.0,Com Vítimas Feridas,Sim,Pista esburacada,Derramamento de carga,Plena Noite,Chuva,Simples,Aclive,Não,Crescente
750131,2026-02-05,quinta-feira,03:50:00,MS,163.0,123,navirai,-23.085213,-54.226974,6.0,0.0,0.0,Com Vítimas Feridas,Sim,Ingestão de álcool pelo condutor,Queda de ocupante de veículo,Amanhecer,Céu Claro,Simples,Reta,Não,Crescente
750132,2026-01-02,sexta-feira,04:33:00,SE,101.0,59,rosario do catete,-10.69772,-37.046585,0.0,1.0,0.0,Com Vítimas Feridas,Sim,Condutor Dormindo,Colisão com objeto,Amanhecer,Céu Claro,Simples,Ponte,Não,Decrescente
750133,2026-02-05,quinta-feira,03:00:00,MT,163.0,804,sinop,-12.136763,-55.514896,0.0,0.0,0.0,Sem Vítimas,Sim,Ingestão de álcool pelo condutor,Saída de leito carroçável,Plena Noite,Céu Claro,Simples,Reta,Não,Decrescente
750134,2026-02-05,quinta-feira,05:31:00,PE,232.0,120,caruaru,-8.29843,-35.90296,2.0,0.0,0.0,Com Vítimas Feridas,Sim,Ausência de reação do condutor,Saída de leito carroçável,Plena Noite,Céu Claro,Dupla,Declive,Sim,Crescente
750135,2026-02-05,quinta-feira,06:30:00,MG,381.0,925,itapeva,-22.77175,-46.20575,2.0,0.0,0.0,Com Vítimas Feridas,Sim,Velocidade Incompatível,Tombamento,Pleno dia,Céu Claro,Dupla,Curva,Não,Crescente
750136,2026-02-05,quinta-feira,05:40:00,PR,277.0,134,balsa nova,-25.47022,-49.724983,48.0,0.0,0.0,Com Vítimas Feridas,Não,Reação tardia ou ineficiente do condutor,Colisão traseira,Amanhecer,Nublado,Dupla,Aclive;Reta,Não,Decrescente
750137,2026-02-05,quinta-feira,06:10:00,MG,146.0,"474,4",bandeira do sul,-21.745295,-46.404045,3.0,0.0,0.0,Com Vítimas Feridas,Não,Restrição de visibilidade em curvas horizontais,Colisão transversal,Pleno dia,Céu Claro,Simples,Interseção de Vias,Não,Crescente
750138,2026-02-04,quarta-feira,16:30:00,RJ,465.0,6,seropedica,-22.78373,-43.679626,1.0,0.0,0.0,Com Vítimas Feridas,Sim,Reação tardia ou ineficiente do condutor,Colisão traseira,Pleno dia,Chuva,Simples,Retorno Regulamentado,Sim,Decrescente
750139,2026-02-04,quarta-feira,12:30:00,AL,101.0,208,sao sebastiao,-9.989684,-36.586777,0.0,1.0,0.0,Com Vítimas Feridas,Sim,Ausência de reação do condutor,Saída de leito carroçável,Pleno dia,Céu Claro,Dupla,Reta,Não,Crescente
750140,2026-02-05,quinta-feira,06:00:00,RJ,101.0,223,silva jardim,-22.523512,-42.342907,8.0,0.0,2.0,Com Vítimas Fatais,Sim,Condutor Dormindo,Colisão frontal,Amanhecer,Céu Claro,Dupla,Curva,Não,Crescente
750141,2026-02-05,quinta-feira,06:10:00,PR,369.0,426,ubirata,-24.530434,-52.947517,2.0,0.0,0.0,Com Vítimas Feridas,Sim,Afundamento ou ondulação no pavimento,Tombamento,Amanhecer,Céu Claro,Simples,Curva,Não,Crescente
750142,2026-02-04,quarta-feira,18:30:00,MT,70.0,676,caceres,-16.164577,-57.352905,0.0,0.0,0.0,Sem Vítimas,Sim,Acumulo de água sobre o pavimento,Capotamento,Pleno dia,Chuva,Simples,Curva,Não,Crescente
750143,2026-02-04,quarta-feira,12:38:00,MT,364.0,465,varzea grande,-15.438528,-56.33575,1.0,0.0,0.0,Com Vítimas Feridas,Sim,Ausência de reação do condutor,Capotamento,Pleno dia,Céu Claro,Simples,Reta,Não,Decrescente
750144,2026-02-04,quarta-feira,09:10:00,PE,232.0,445,sao jose do belmonte,-8.005072,-38.60918,12.0,0.0,0.0,Com Vítimas Feridas,Não,Reação tardia ou ineficiente do condutor,Queda de ocupante de veículo,Pleno dia,Céu Claro,Simples,Reta;Declive,Não,Crescente
750145,2026-02-05,quinta-feira,06:59:00,RN,226.0,2,natal,-5.817819,-35.250134,0.0,2.0,0.0,Com Vítimas Feridas,Não,Transitar na contramão,Colisão frontal,Pleno dia,Céu Claro,Simples,Reta,Sim,Decrescente
750146,2026-02-05,quinta-feira,05:30:00,PR,277.0,"145,7",balsa nova,-25.475601,-49.71974,3.0,0.0,0.0,Com Vítimas Feridas,Sim,Ausência de reação do condutor,Colisão traseira,Amanhecer,Nublado,Dupla,Curva,Não,Crescente
750147,2026-02-04,quarta-feira,23:15:00,PR,153.0,491,general carneiro,-26.430187,-51.31206,1.0,0.0,0.0,Com Vítimas Feridas,Sim,Acessar a via sem observar a presença dos outros veículos,Colisão transversal,Plena Noite,Céu Claro,Simples,Interseção de Vias,Sim,Decrescente
750148,2026-02-05,quinta-feira,07:00:00,SP,116.0,145,sao jose dos campos,-23.189049,-45.858566,3.0,0.0,0.0,Com Vítimas Feridas,Sim,Condutor deixou de manter distância do veículo da frente,Queda de ocupante de veículo,Pleno dia,Céu Claro,Múltipla,Reta;Aclive,Sim,Decrescente
750149,2026-02-05,quinta-feira,06:50:00,SC,101.0,"333,7",tubarao,-28.469841,-49.01494,3.0,0.0,0.0,Com Vítimas Feridas,Sim,Desrespeitar a preferência no cruzamento,Queda de ocupante de veículo,Pleno dia,Céu Claro,Múltipla,Interseção de Vias,Sim,Decrescente
750150,2026-02-04,quarta-feira,13:10:00,AC,364.0,118,rio branco,-10.012383,-67.74712,2.0,2.0,0.0,Com Vítimas Feridas,Sim,Acessar a via sem observar a presença dos outros veículos,Queda de ocupante de veículo,Pleno dia,Céu Claro,Simples,Reta,Não,Crescente
750151,2026-02-05,quinta-feira,04:16:00,PA,163.0,618,trairao,-4.7338324,-56.049156,8.0,0.0,0.0,Com Vítimas Feridas,Não,Velocidade Incompatível,Colisão lateral mesmo sentido,Plena Noite,Céu Claro,Simples,Curva,Não,Crescente
750152,2026-02-05,quinta-feira,05:40:00,BA,101.0,99,alagoinhas,-12.0863495,-38.35365,1.0,0.0,0.0,Com Vítimas Feridas,Sim,Acessar a via sem observar a presença dos outros veículos,Colisão transversal,Pleno dia,Céu Claro,Simples,Reta,Não,Crescente
750153,2026-02-05,quinta-feira,06:00:00,MG,365.0,"283,5",joao pinheiro,-18.031982,-45.641693,4.0,4.0,0.0,Com Vítimas Feridas,Não,Condutor deixou de manter distância do veículo da frente,Colisão lateral sentido oposto,Plena Noite,Nevoeiro/Neblina,Simples,Reta,Não,Crescente
750155,2026-02-04,quarta-feira,19:40:00,AC,317.0,5,porto acre,-9.62863,-67.33678,0.0,0.0,0.0,Sem Vítimas,Não,Reação tardia ou ineficiente do condutor,Colisão lateral sentido oposto,Anoitecer,Céu Claro,Simples,Reta,Não,Decrescente
750156,2026-02-05,quinta-feira,07:35:00,PR,277.0,"25,2",morretes,-25.533329,-48.75625,6.0,0.0,0.0,Com Vítimas Feridas,Não,Ausência de reação do condutor,Capotamento,Pleno dia,Sol,Dupla,Aclive;Retorno Regulamentado,Não,Decrescente
750157,2026-02-05,quinta-feira,05:40:00,BA,101.0,145,teodoro sampaio,-12.270231,-38.67325,4.0,0.0,0.0,Com Vítimas Feridas,Não,Reação tardia ou ineficiente do condutor,Tombamento,Amanhecer,Céu Claro,Simples,Curva,Não,Decrescente
750158,2026-02-05,quinta-feira,06:00:00,PR,487.0,"26,7",icaraima,-23.412092,-53.61331,0.0,0.0,0.0,Sem Vítimas,Sim,Reação tardia ou ineficiente do condutor,Colisão com objeto,Amanhecer,Céu Claro,Simples,Reta;Declive,Não,Crescente
750159,2026-02-05,quinta-feira,06:30:00,RN,226.0,"97,9",santa cruz,-6.2486954,-35.937054,4.0,0.0,0.0,Com Vítimas Feridas,Sim,Velocidade Incompatível,Saída de leito carroçável,Pleno dia,Céu Claro,Simples,Curva,Não,Decrescente
750160,2026-02-05,quinta-feira,01:00:00,MA,222.0,312,igarape do meio,-3.5915148,-45.017036,0.0,1.0,0.0,Com Vítimas Feridas,Sim,Reação tardia ou ineficiente do condutor,Colisão traseira,Plena Noite,Nublado,Simples,Reta,Não,Crescente
750161,2026-01-05,segunda-feira,03:37:00,GO,153.0,589,piracanjuba,-17.455748,-49.224636,0.0,1.0,0.0,Com Vítimas Feridas,Sim,Animais na Pista,Atropelamento de Animal,Plena Noite,Nublado,Dupla,Reta,Não,Crescente
750162,2026-02-05,quinta-feira,03:00:00,PB,101.0,"23,2",rio tinto,-6.692375,-35.115643,0.0,0.0,0.0,Sem Vítimas,Não,Reação tardia ou ineficiente do condutor,Colisão com objeto,Plena Noite,Céu Claro,Dupla,Reta,Não,Crescente
750163,2026-02-05,quinta-feira,08:10:00,PR,376.0,605,curitiba,-25.456915,-49.360886,2.0,0.0,0.0,Com Vítimas Feridas,Sim,Ausência de reação do condutor,Queda de ocupante de veículo,Pleno dia,Céu Claro,Dupla,Reta,Sim,Crescente
750164,2026-02-05,quinta-feira,07:40:00,RS,290.0,642,uruguaiana,-30.018867,-56.402435,2.0,0.0,0.0,Com Vítimas Feridas,Sim,Ausência de reação do condutor,Colisão lateral sentido oposto,Pleno dia,Céu Claro,Simples,Curva,Não,Crescente
750165,2026-02-05,quinta-feira,08:50:00,ES,101.0,331,guarapari,-20.60604,-40.50576,0.0,1.0,0.0,Com Vítimas Feridas,Sim,Manobra de mudança de faixa,Tombamento,Pleno dia,Céu Claro,Múltipla,Curva,Não,Crescente
750167,2026-02-05,quinta-feira,07:35:00,PR,277.0,5,foz do iguacu,-25.53403,-54.5284,1.0,0.0,0.0,Com Vítimas Feridas,Sim,Retorno proibido,Colisão lateral mesmo sentido,Pleno dia,Céu Claro,Simples,Reta,Sim,Crescente
750168,2026-02-05,quinta-feira,07:00:00,BA,324.0,576,sao sebastiao do passe,-12.577564,-38.53875,0.0,0.0,0.0,Sem Vítimas,Não,Manobra de mudança de faixa,Colisão lateral mesmo sentido,Pleno dia,Céu Claro,Múltipla,Reta,Não,Decrescente
750169,2026-02-05,quinta-feira,06:00:00,MT,163.0,"827,2",sinop,-11.928776,-55.51218,8.0,4.0,0.0,Com Vítimas Feridas,Não,Velocidade Incompatível,Colisão com objeto,Amanhecer,Céu Claro,Dupla,Reta;Retorno Regulamentado,Sim,Decrescente
750171,2026-02-05,quinta-feira,07:30:00,MT,364.0,564,nobres,-14.70513,-56.32162,1.0,0.0,0.0,Com Vítimas Feridas,Sim,Ausência de reação do condutor,Queda de ocupante de veículo,Pleno dia,Céu Claro,Dupla,Curva,Não,Crescente
750172,2026-02-05,quinta-feira,07:26:00,RS,386.0,"79,3",boa vista das missoes,-27.695553,-53.299305,2.0,0.0,0.0,Com Vítimas Feridas,Sim,Reação tardia ou ineficiente do condutor,Colisão com objeto,Pleno dia,Céu Claro,Simples,Curva,Não,Crescente
750173,2026-01-24,sábado,22:00:00,RJ,116.0,169,rio de janeiro,-22.819023,-43.318317,2.0,0.0,0.0,Com Vítimas Feridas,Sim,Deficiência do Sistema de Iluminação/Sinalização,Colisão com objeto,Plena Noite,Chuva,Múltipla,Viaduto;Em Obras;Interseção de Vias,Sim,Crescente
750174,2026-02-05,quinta-feira,09:50:00,MG,381.0,533,itatiaiucu,-20.170992,-44.37331,2.0,0.0,0.0,Com Vítimas Feridas,Sim,Velocidade Incompatível,Capotamento,Pleno dia,Chuva,Dupla,Reta,Não,Crescente
750176,2026-02-05,quinta-feira,06:20:00,PI,343.0,"305,5",altos,-5.037273,-42.44726,12.0,6.0,0.0,Com Vítimas Feridas,Não,Condutor deixou de manter distância do veículo da frente,Colisão com objeto,Amanhecer,Céu Claro,Simples,Reta,Sim,Crescente
750178,2026-02-05,quinta-feira,10:17:00,PE,101.0,"77,5",recife,-8.13125,-34.94548,1.0,0.0,0.0,Com Vítimas Feridas,Sim,Acessar a via sem observar a presença dos outros veículos,Colisão transversal,Pleno dia,Céu Claro,Dupla,Reta;Retorno Regulamentado;Interseção de Vias,Sim,Crescente
750179,2026-02-05,quinta-feira,09:15:00,MG,116.0,"562,1",manhuacu,-20.04586,-42.179234,0.0,0.0,0.0,Sem Vítimas,Não,Condutor deixou de manter distância do veículo da frente,Colisão traseira,Pleno dia,Céu Claro,Simples,Reta,Sim,Decrescente
750180,2026-02-05,quinta-feira,05:00:00,RJ,101.0,305,sao goncalo,-22.784563,-42.984833,0.0,0.0,6.0,Com Vítimas Fatais,Não,Falta de elemento de contenção que evite a saída do leito carroçável,Saída de leito carroçável,Amanhecer,Nublado,Dupla,Reta,Sim,Decrescente
750181,2026-02-05,quinta-feira,10:20:00,PE,101.0,69,recife,-8.06434,-34.944,3.0,0.0,0.0,Com Vítimas Feridas,Sim,Condutor deixou de manter distância do veículo da frente,Queda de ocupante de veículo,Pleno dia,Céu Claro,Dupla,Reta,Sim,Crescente
750182,2026-02-05,quinta-feira,10:30:00,RS,290.0,85,porto alegre,-29.96587,-51.101322,4.0,0.0,0.0,Com Vítimas Feridas,Sim,Mal súbito do condutor,Colisão lateral mesmo sentido,Pleno dia,Céu Claro,Dupla,Reta,Não,Decrescente
750184,2026-02-05,quinta-feira,09:40:00,PR,153.0,329,irati,-25.457376,-50.620434,0.0,0.0,0.0,Sem Vítimas,Sim,Reação tardia ou ineficiente do condutor,Colisão com objeto,Pleno dia,Céu Claro,Simples,Reta,Sim,Decrescente
750185,2026-02-05,quinta-feira,10:58:00,PE,101.0,37,itapissuma,-7.798052,-34.927055,4.0,0.0,0.0,Com Vítimas Feridas,Sim,Acesso irregular,Queda de ocupante de veículo,Pleno dia,Céu Claro,Dupla,Reta,Não,Crescente
750186,2026-02-05,quinta-feira,08:40:00,ES,262.0,"0,5",cariacica,-20.327244,-40.355186,2.0,0.0,0.0,Com Vítimas Feridas,Sim,Objeto estático sobre o leito carroçável,Queda de ocupante de veículo,Pleno dia,Nublado,Dupla,Reta,Sim,Decrescente
750187,2026-02-05,quinta-feira,06:30:00,PR,373.0,"410,8",candoi,-25.632534,-52.099,0.0,36.0,9.0,Com Vítimas Fatais,Não,Reação tardia ou ineficiente do condutor,Colisão traseira,Amanhecer,Céu Claro,Simples,Reta,Não,Crescente
750189,2026-02-05,quinta-feira,11:00:00,CE,116.0,41,horizonte,-4.105222,-38.497814,2.0,2.0,0.0,Com Vítimas Feridas,Sim,Acessar a via sem observar a presença dos outros veículos,Saída de leito carroçável,Pleno dia,Chuva,Múltipla,Reta,Não,Crescente
750190,2026-02-05,quinta-feira,11:00:00,DF,70.0,"10,8",brasilia,-15.79496,-48.199192,12.0,0.0,0.0,Com Vítimas Feridas,Não,Manobra de mudança de faixa,Queda de ocupante de veículo,Pleno dia,Céu Claro,Múltipla,Reta;Retorno Regulamentado,Não,Decrescente
750191,2026-02-05,quinta-feira,11:15:00,SC,470.0,"67,5",indaial,-26.8753,-49.23603,1.0,0.0,0.0,Com Vítimas Feridas,Sim,Desrespeitar a preferência no cruzamento,Colisão transversal,Pleno dia,Céu Claro,Simples,Interseção de Vias,Não,Decrescente
750192,2026-02-05,quinta-feira,10:20:00,PR,376.0,"598,9",curitiba,-25.492672,-49.343914,9.0,0.0,0.0,Com Vítimas Feridas,Não,Trafegar com motocicleta (ou similar) entre as faixas,Tombamento,Pleno dia,Sol,Dupla,Reta,Sim,Decrescente
750193,2026-02-05,quinta-feira,09:55:00,PE,232.0,37,vitoria de santo antao,-8.1143,-35.216,2.0,0.0,0.0,Com Vítimas Feridas,Sim,Manobra de mudança de faixa,Saída de leito carroçável,Pleno dia,Céu Claro,Dupla,Reta,Sim,Crescente
750195,2026-02-05,quinta-feira,11:50:00,SP,116.0,218,guarulhos,-23.458324,-46.481716,2.0,0.0,0.0,Com Vítimas Feridas,Sim,Ausência de reação do condutor,Queda de ocupante de veículo,Pleno dia,Céu Claro,Múltipla,Reta,Sim,Crescente
750196,2026-02-05,quinta-feira,01:30:00,PE,232.0,410,serra talhada,-7.9821196,-38.295746,0.0,0.0,0.0,Sem Vítimas,Sim,Condutor Dormindo,Colisão com objeto,Plena Noite,Céu Claro,Simples,Curva,Sim,Crescente
750197,2026-02-05,quinta-feira,12:00:00,RS,116.0,245,sao leopoldo,-29.754105,-51.15127,0.0,0.0,0.0,Sem Vítimas,Sim,Ausência de reação do condutor,Colisão transversal,Pleno dia,Céu Claro,Dupla,Interseção de Vias,Sim,Decrescente
750198,2026-02-05,quinta-feira,12:00:00,RJ,116.0,175,sao joao de meriti,-22.783146,-43.38501,1.0,0.0,0.0,Com Vítimas Feridas,Sim,Acessar a via sem observar a presença dos outros veículos,Colisão traseira,Pleno dia,Céu Claro,Dupla,Reta,Não,Crescente
750199,2026-02-05,quinta-feira,10:30:00,MG,116.0,"421,8",alpercata,-18.945908,-41.950607,0.0,1.0,0.0,Com Vítimas Feridas,Sim,Condutor deixou de manter distância do veículo da frente,Colisão traseira,Pleno dia,Nublado,Simples,Reta,Não,Crescente
750201,2026-02-05,quinta-feira,11:05:00,PR,376.0,275,marilandia do sul,-23.797018,-51.262486,0.0,2.0,0.0,Com Vítimas Feridas,Sim,Reação tardia ou ineficiente do condutor,Colisão com objeto,Pleno dia,Sol,Dupla,Reta,Não,Crescente
750202,2026-01-16,sexta-feira,12:30:00,PR,277.0,30,morretes,-25.551579,-48.798115,15.0,0.0,0.0,Com Vítimas Feridas,Não,Trafegar com motocicleta (ou similar) entre as faixas,Queda de ocupante de veículo,Pleno dia,Ignorado,Dupla,Reta;Viaduto,Não,Crescente
750203,2026-02-05,quinta-feira,10:30:00,MA,135.0,"6,8",sao luis,-2.635084,-44.267536,0.0,0.0,12.0,Com Vítimas Fatais,Sim,Manobra de mudança de faixa,Atropelamento de Pedestre,Pleno dia,Céu Claro,Dupla,Reta;Aclive,Sim,Decrescente
750205,2026-02-05,quinta-feira,12:55:00,SP,488.0,"4,5",aparecida,-22.857779,-45.247063,9.0,0.0,0.0,Com Vítimas Feridas,Não,Trafegar com motocicleta (ou similar) entre as faixas,Queda de ocupante de veículo,Pleno dia,Garoa/Chuvisco,Dupla,Reta,Sim,Crescente
750206,2026-02-05,quinta-feira,13:10:00,ES,101.0,"159,9",linhares,-19.476686,-40.113987,3.0,0.0,0.0,Com Vítimas Feridas,Sim,Acessar a via sem observar a presença dos outros veículos,Saída de leito carroçável,Pleno dia,Céu Claro,Simples,Reta,Sim,Decrescente
750207,2026-02-05,quinta-feira,10:25:00,PE,101.0,51,paulista,-7.920885,-34.893867,2.0,0.0,0.0,Com Vítimas Feridas,Sim,Acesso irregular,Queda de ocupante de veículo,Pleno dia,Céu Claro,Dupla,Reta;Interseção de Vias,Não,Decrescente
750208,2026-02-05,quinta-feira,12:50:00,SC,282.0,"4,7",sao jose,-27.592867,-48.603493,1.0,0.0,0.0,Com Vítimas Feridas,Sim,Condutor deixou de manter distância do veículo da frente,Colisão traseira,Pleno dia,Céu Claro,Múltipla,Reta;Declive,Sim,Crescente
750209,2026-02-05,quinta-feira,13:00:00,MG,40.0,124,paracatu,-17.41502,-46.716034,4.0,0.0,0.0,Com Vítimas Feridas,Não,Sistema de drenagem ineficiente,Colisão com objeto,Pleno dia,Garoa/Chuvisco,Simples,Reta;Declive,Não,Crescente
750210,2026-02-05,quinta-feira,10:50:00,PE,101.0,44,igarassu,-7.859449,-34.9326,1.0,0.0,0.0,Com Vítimas Feridas,Sim,Manobra de mudança de faixa,Colisão lateral mesmo sentido,Pleno dia,Céu Claro,Múltipla,Reta,Não,Decrescente
750211,2026-02-05,quinta-feira,13:30:00,RJ,116.0,244,pirai,-22.622211,-43.92339,0.0,1.0,0.0,Com Vítimas Feridas,Sim,Condutor Dormindo,Colisão traseira,Pleno dia,Chuva,Dupla,Reta,Não,Decrescente
750212,2026-01-01,quinta-feira,18:00:00,RJ,101.0,"454,6",mangaratiba,-23.033472,-44.15514,2.0,0.0,0.0,Com Vítimas Feridas,Não,Demais falhas mecânicas ou elétricas,Colisão traseira,Pleno dia,Nublado,Simples,Reta,Sim,Crescente
750213,2026-02-05,quinta-feira,10:30:00,MA,226.0,193,presidente dutra,-5.3022456,-44.411545,0.0,0.0,6.0,Com Vítimas Fatais,Não,Ingestão de álcool pelo condutor,Queda de ocupante de veículo,Pleno dia,Céu Claro,Simples,Reta,Não,Crescente
750214,2026-02-05,quinta-feira,12:21:00,PR,272.0,366,campo mourao,-24.048576,-52.39718,0.0,2.0,0.0,Com Vítimas Feridas,Sim,Acessar a via sem observar a presença dos outros veículos,Colisão transversal,Pleno dia,Céu Claro,Dupla,Reta,Não,Decrescente
750215,2026-02-05,quinta-feira,12:15:00,PB,230.0,"22,2",joao pessoa,-7.15318,-34.85491,2.0,0.0,0.0,Com Vítimas Feridas,Sim,Avarias e/ou desgaste excessivo no pneu,Queda de ocupante de veículo,Pleno dia,Céu Claro,Dupla,Reta,Sim,Crescente
750217,2026-02-05,quinta-feira,13:20:00,RO,319.0,143,porto velho,-8.76297,-63.885273,4.0,0.0,0.0,Com Vítimas Feridas,Não,Reação tardia ou ineficiente do condutor,Queda de ocupante de veículo,Pleno dia,Chuva,Dupla,Reta,Não,Crescente
750218,2026-02-05,quinta-feira,11:53:00,MT,364.0,"347,6",santo antonio do leverger,-15.795808,-55.563057,0.0,0.0,0.0,Sem Vítimas,Não,Carga excessiva e/ou mal acondicionada,Colisão com objeto,Pleno dia,Céu Claro,Simples,Reta;Declive;Em Obras,Não,Crescente
750219,2026-02-02,segunda-feira,07:20:00,SC,101.0,"46,7",joinville,-26.36452,-48.858433,1.0,0.0,0.0,Com Vítimas Feridas,Sim,Ausência de reação do condutor,Colisão traseira,Amanhecer,Céu Claro,Simples,Reta,Sim,Decrescente
750221,2026-01-16,sexta-feira,13:41:00,MT,364.0,252,juscimeira,-16.10381,-54.86357,0.0,2.0,0.0,Com Vítimas Feridas,Sim,Condutor deixou de manter distância do veículo da frente,Queda de ocupante de veículo,Pleno dia,Céu Claro,Dupla,Aclive;Reta,Não,Decrescente
750222,2026-02-05,quinta-feira,14:25:00,SP,116.0,221,guarulhos,-23.475597,-46.524662,0.0,0.0,0.0,Sem Vítimas,Sim,Ausência de reação do condutor,Queda de ocupante de veículo,Pleno dia,Nublado,Múltipla,Reta,Sim,Decrescente
750224,2026-02-05,quinta-feira,12:00:00,SC,101.0,91,barra velha,-26.68077,-48.6929,1.0,0.0,0.0,Com Vítimas Feridas,Sim,Transitar na contramão,Colisão transversal,Pleno dia,Sol,Simples,Interseção de Vias,Sim,Decrescente
750225,2026-02-05,quinta-feira,14:28:00,TO,153.0,491,paraiso do tocantins,-10.130522,-48.88793,0.0,0.0,0.0,Sem Vítimas,Sim,Reação tardia ou ineficiente do condutor,Saída de leito carroçável,Pleno dia,Céu Claro,Simples,Curva;Declive,Não,Crescente
750226,2026-02-05,quinta-feira,15:00:00,SC,101.0,145,itapema,-27.085781,-48.607,2.0,0.0,0.0,Com Vítimas Feridas,Sim,Trafegar com motocicleta (ou similar) entre as faixas,Colisão lateral mesmo sentido,Pleno dia,Sol,Dupla,Reta,Sim,Decrescente
750227,2026-01-16,sexta-feira,19:35:00,SC,282.0,"3,5",florianopolis,-27.595322,-48.601273,9.0,0.0,0.0,Com Vítimas Feridas,Não,Trafegar com motocicleta (ou similar) entre as faixas,Queda de ocupante de veículo,Plena Noite,Céu Claro,Dupla,Curva,Não,Crescente
750228,2026-02-05,quinta-feira,15:15:00,PR,116.0,122,curitiba,-25.604568,-49.31825,0.0,2.0,0.0,Com Vítimas Feridas,Sim,Ausência de reação do condutor,Queda de ocupante de veículo,Pleno dia,Céu Claro,Dupla,Reta,Sim,Decrescente
750229,2026-02-05,quinta-feira,06:50:00,SP,116.0,461,pariquera-acu,-24.62098,-47.892776,2.0,0.0,0.0,Com Vítimas Feridas,Sim,Chuva,Tombamento,Pleno dia,Chuva,Simples,Declive;Curva,Não,Decrescente
750230,2026-02-05,quinta-feira,11:45:00,SP,381.0,"86,3",sao paulo,-23.466051,-46.570263,0.0,1.0,0.0,Com Vítimas Feridas,Sim,Ausência de reação do condutor,Queda de ocupante de veículo,Pleno dia,Céu Claro,Dupla,Reta,Sim,Decrescente
750231,2026-02-05,quinta-feira,14:45:00,PR,116.0,18,curitiba,-25.389013,-49.199715,6.0,0.0,0.0,Com Vítimas Feridas,Não,Ausência de reação do condutor,Queda de ocupante de veículo,Pleno dia,Céu Claro,Dupla,Aclive,Sim,Crescente
750232,2026-02-05,quinta-feira,12:50:00,MT,174.0,4,pontes e lacerda,-15.238271,-59.338757,15.0,0.0,0.0,Com Vítimas Feridas,Não,Velocidade Incompatível,Tombamento,Pleno dia,Garoa/Chuvisco,Simples,Reta,Sim,Crescente
750233,2026-02-05,quinta-feira,15:30:00,MG,40.0,"792,5",juiz de fora,-21.769547,-43.43766,1.0,0.0,0.0,Com Vítimas Feridas,Sim,Demais falhas mecânicas ou elétricas,Colisão lateral mesmo sentido,Pleno dia,Nublado,Dupla,Reta;Declive,Não,Crescente
750234,2026-01-27,terça-feira,22:00:00,RJ,356.0,173,sao joao da barra,-21.718401,-41.069942,6.0,0.0,12.0,Com Vítimas Fatais,Não,Ausência de reação do condutor,Saída de leito carroçável,Plena Noite,Céu Claro,Simples,Reta,Não,Decrescente
750235,2026-02-05,quinta-feira,13:35:00,MG,262.0,"478,7",bom despacho,-19.783075,-45.339336,3.0,3.0,0.0,Com Vítimas Feridas,Sim,Transitar na contramão,Colisão lateral sentido oposto,Pleno dia,Nublado,Simples,Reta,Não,Decrescente
750236,2026-02-05,quinta-feira,16:09:00,PE,101.0,"43,6",igarassu,-7.854038,-34.908974,2.0,0.0,0.0,Com Vítimas Feridas,Sim,Animais na Pista,Queda de ocupante de veículo,Pleno dia,Céu Claro,Múltipla,Reta,Sim,Decrescente