id,data_inversa,dia_semana,horario,uf,br,km,municipio,latitude,longitude,feridos_leves,feridos_graves,mortos,classificacao_acidente,causa_principal,causa_acidente,tipo_acidente,fase_dia,condicao_metereologica,tipo_pista,tracado_via,uso_solo,sentido_via
750238,2026-02-05,quinta-feira,15:20:00,SC,282.0,"3,7",florianopolis,-27.59274,-48.60386,2.0,0.0,0.0,Com Vítimas Feridas,Sim,Condutor deixou de manter distância do veículo da frente,Colisão lateral mesmo sentido,Pleno dia,Céu Claro,Dupla,Reta,Sim,Crescente
750239,2026-02-05,quinta-feira,13:10:00,MG,116.0,"689,9",muriae,-21.020853,-42.361618,2.0,0.0,0.0,Com Vítimas Feridas,Sim,Condutor Dormindo,Colisão com objeto,Pleno dia,Nublado,Simples,Reta;Declive,Não,Decrescente
750240,2026-02-05,quinta-feira,14:00:00,CE,222.0,308,tiangua,-3.7040477,-40.97617,0.0,0.0,0.0,Sem Vítimas,Sim,Chuva,Colisão com objeto,Pleno dia,Chuva,Dupla,Reta,Sim,Decrescente
750241,2026-02-05,quinta-feira,13:00:00,PR,373.0,254,guamiranga,-25.187609,-50.895493,0.0,9.0,0.0,Com Vítimas Feridas,Não,Transtornos Mentais (exceto suicidio),Tombamento,Pleno dia,Céu Claro,Simples,Aclive;Curva,Não,Decrescente
750242,2026-02-05,quinta-feira,15:42:00,BA,101.0,708,eunapolis,-16.285706,-39.58374,0.0,0.0,0.0,Sem Vítimas,Sim,Ausência de reação do condutor,Saída de leito carroçável,Pleno dia,Céu Claro,Simples,Reta,Não,Decrescente
750243,2026-02-05,quinta-feira,15:00:00,RO,364.0,702,porto velho,-8.800356,-63.790073,2.0,0.0,0.0,Com Vítimas Feridas,Sim,Avarias e/ou desgaste excessivo no pneu,Queda de ocupante de veículo,Pleno dia,Nublado,Dupla,Reta,Não,Crescente
750244,2026-02-05,quinta-feira,15:15:00,BA,242.0,424,seabra,-12.411514,-41.84967,3.0,0.0,0.0,Com Vítimas Feridas,Sim,Ausência de reação do condutor,Colisão lateral mesmo sentido,Pleno dia,Céu Claro,Simples,Curva,Não,Crescente
750245,2026-02-05,quinta-feira,14:40:00,MT,70.0,"515,4",varzea grande,-15.705432,-56.144943,0.0,2.0,0.0,Com Vítimas Feridas,Sim,Acessar a via sem observar a presença dos outros veículos,Queda de ocupante de veículo,Pleno dia,Nublado,Simples,Reta,Sim,Crescente
750246,2026-02-05,quinta-feira,15:37:00,SC,163.0,"71,2",sao miguel do oeste,-26.72661,-53.51288,1.0,0.0,0.0,Com Vítimas Feridas,Sim,Desrespeitar a preferência no cruzamento,Colisão transversal,Pleno dia,Céu Claro,Dupla,Reta;Interseção de Vias;Retorno Regulamentado,Sim,Decrescente
750247,2026-02-05,quinta-feira,16:15:00,PR,163.0,280,marechal candido rondon,-24.5058,-54.129246,1.0,0.0,0.0,Com Vítimas Feridas,Sim,Acumulo de areia ou detritos sobre o pavimento,Queda de ocupante de veículo,Pleno dia,Sol,Simples,Rotatória,Não,Decrescente
750248,2026-02-05,quinta-feira,16:40:00,MG,40.0,286,tres marias,-18.254591,-45.160244,1.0,0.0,0.0,Com Vítimas Feridas,Sim,Ausência de reação do condutor,Colisão lateral sentido oposto,Pleno dia,Céu Claro,Simples,Reta,Não,Crescente
750249,2026-02-05,quinta-feira,11:00:00,RO,364.0,420,jaru,-10.473221,-62.446953,1.0,1.0,0.0,Com Vítimas Feridas,Sim,Condutor deixou de manter distância do veículo da frente,Engavetamento,Pleno dia,Céu Claro,Simples,Reta;Aclive,Não,Crescente
750250,2026-02-05,quinta-feira,17:14:00,GO,60.0,118,terezopolis de goias,-16.486584,-49.095154,2.0,0.0,0.0,Com Vítimas Feridas,Sim,Ultrapassagem Indevida,Colisão lateral mesmo sentido,Pleno dia,Nublado,Dupla,Reta,Sim,Decrescente
750251,2026-02-05,quinta-feira,16:30:00,RJ,101.0,428,angra dos reis,-23.02192,-44.53617,0.0,3.0,0.0,Com Vítimas Feridas,Sim,Ausência de reação do condutor,Tombamento,Pleno dia,Chuva,Simples,Curva,Não,Decrescente
750253,2026-02-05,quinta-feira,17:30:00,SC,101.0,124,itajai,-26.940214,-48.6952,0.0,3.0,0.0,Com Vítimas Feridas,Sim,Condutor deixou de manter distância do veículo da frente,Queda de ocupante de veículo,Pleno dia,Céu Claro,Múltipla,Reta,Não,Crescente
750254,2026-02-05,quinta-feira,14:50:00,BA,324.0,586,candeias,-12.655716,-38.472416,2.0,0.0,0.0,Com Vítimas Feridas,Sim,Condutor Dormindo,Queda de ocupante de veículo,Pleno dia,Céu Claro,Dupla,Reta,Não,Decrescente
750255,2026-02-05,quinta-feira,17:18:00,RS,290.0,"52,7",glorinha,-29.912079,-50.78219,6.0,0.0,0.0,Com Vítimas Feridas,Sim,Manobra de mudança de faixa,Colisão lateral mesmo sentido,Pleno dia,Céu Claro,Dupla,Reta,Não,Decrescente
750256,2026-02-05,quinta-feira,17:40:00,MG,40.0,"825,5",simao pereira,-21.985668,-43.2814,2.0,0.0,0.0,Com Vítimas Feridas,Sim,Pista Escorregadia,Queda de ocupante de veículo,Pleno dia,Nublado,Dupla,Curva;Retorno Regulamentado;Aclive,Não,Decrescente
750258,2026-02-05,quinta-feira,18:10:00,ES,101.0,146,linhares,-19.374903,-40.06643,1.0,0.0,0.0,Com Vítimas Feridas,Sim,Ausência de reação do condutor,Colisão traseira,Anoitecer,Céu Claro,Múltipla,Reta,Não,Crescente
750259,2026-02-03,terça-feira,00:25:00,PR,153.0,456,uniao da vitoria,-26.209047,-51.11664,0.0,1.0,0.0,Com Vítimas Feridas,Sim,Condutor deixou de manter distância do veículo da frente,Colisão lateral mesmo sentido,Plena Noite,Céu Claro,Simples,Interseção de Vias,Não,Decrescente
750260,2026-02-05,quinta-feira,17:20:00,RS,471.0,"150,5",santa cruz do sul,-29.779049,-52.415707,2.0,0.0,0.0,Com Vítimas Feridas,Sim,Desrespeitar a preferência no cruzamento,Colisão transversal,Pleno dia,Sol,Simples,Interseção de Vias,Não,Decrescente
750261,2026-02-05,quinta-feira,17:30:00,SP,116.0,"55,6",lorena,-22.766495,-45.12709,2.0,0.0,0.0,Com Vítimas Feridas,Sim,Ausência de reação do condutor,Queda de ocupante de veículo,Pleno dia,Nublado,Dupla,Reta,Não,Crescente
750262,2026-02-05,quinta-feira,15:35:00,SC,153.0,"104,6",concordia,-27.28599,-51.9689,0.0,0.0,2.0,Com Vítimas Fatais,Sim,Mal súbito do condutor,Colisão com objeto,Pleno dia,Céu Claro,Simples,Curva,Não,Crescente
750263,2026-02-05,quinta-feira,18:05:00,PB,230.0,"16,3",joao pessoa,-7.1049857,-34.8449,3.0,0.0,0.0,Com Vítimas Feridas,Sim,Manobra de mudança de faixa,Queda de ocupante de veículo,Plena Noite,Garoa/Chuvisco,Dupla,Reta,Sim,Crescente
750264,2026-02-05,quinta-feira,16:15:00,MG,365.0,"357,9",varjao de minas,-18.49086,-46.10024,4.0,0.0,0.0,Com Vítimas Feridas,Sim,Reação tardia ou ineficiente do condutor,Capotamento,Pleno dia,Chuva,Simples,Reta,Não,Decrescente
750265,2026-02-05,quinta-feira,08:40:00,RJ,393.0,162,tres rios,-22.111088,-43.082886,9.0,0.0,3.0,Com Vítimas Fatais,Sim,Velocidade Incompatível,Colisão frontal,Pleno dia,Nublado,Simples,Curva,Não,Decrescente
750266,2026-02-05,quinta-feira,13:08:00,PR,277.0,336,guarapuava,-25.35318,-51.364407,75.0,30.0,0.0,Com Vítimas Feridas,Não,Reação tardia ou ineficiente do condutor,Colisão lateral mesmo sentido,Pleno dia,Céu Claro,Simples,Reta;Aclive,Não,Crescente
750268,2026-02-05,quinta-feira,11:08:00,RJ,465.0,5,seropedica,-22.716358,-43.71628,1.0,0.0,0.0,Com Vítimas Feridas,Sim,Trafegar com motocicleta (ou similar) entre as faixas,Colisão lateral mesmo sentido,Pleno dia,Céu Claro,Simples,Reta,Sim,Decrescente
750269,2026-02-05,quinta-feira,18:00:00,DF,60.0,"0,5",brasilia,-15.882868,-48.06291,4.0,0.0,0.0,Com Vítimas Feridas,Não,Trafegar com motocicleta (ou similar) entre as faixas,Queda de ocupante de veículo,Pleno dia,Chuva,Dupla,Reta,Sim,Crescente
750270,2026-01-30,sexta-feira,07:42:00,SP,116.0,219,guarulhos,-23.460354,-46.486073,1.0,0.0,0.0,Com Vítimas Feridas,Sim,Reação tardia ou ineficiente do condutor,Colisão traseira,Pleno dia,Céu Claro,Múltipla,Reta,Não,Decrescente
750271,2026-02-05,quinta-feira,18:30:00,PI,343.0,344,teresina,-5.0948153,-42.762634,2.0,0.0,0.0,Com Vítimas Feridas,Sim,Ausência de reação do condutor,Colisão transversal,Plena Noite,Céu Claro,Simples,Reta,Sim,Crescente
750272,2026-02-05,quinta-feira,19:00:00,PB,230.0,"16,3",joao pessoa,-7.1049857,-34.8449,0.0,0.0,0.0,Sem Vítimas,Não,Condutor deixou de manter distância do veículo da frente,Engavetamento,Plena Noite,Garoa/Chuvisco,Dupla,Reta;Declive,Sim,Crescente
750273,2026-02-05,quinta-feira,18:30:00,PR,277.0,"66,7",sao jose dos pinhais,-25.526878,-49.09348,15.0,5.0,0.0,Com Vítimas Feridas,Não,Velocidade Incompatível,Colisão traseira,Pleno dia,Nublado,Dupla,Reta;Viaduto;Em Obras;Declive,Sim,Crescente
750274,2026-02-05,quinta-feira,18:11:00,SC,470.0,"26,3",ilhota,-26.890451,-48.883114,2.0,0.0,0.0,Com Vítimas Feridas,Sim,Ultrapassagem Indevida,Saída de leito carroçável,Anoitecer,Céu Claro,Dupla,Reta,Não,Decrescente
750275,2026-02-05,quinta-feira,18:30:00,MA,135.0,"12,9",sao luis,-2.6796727,-44.29488,0.0,3.0,0.0,Com Vítimas Feridas,Sim,Acessar a via sem observar a presença dos outros veículos,Queda de ocupante de veículo,Plena Noite,Nublado,Dupla,Reta,Sim,Crescente
750276,2026-02-05,quinta-feira,18:30:00,SC,282.0,17,palhoca,-27.65879,-48.67602,0.0,2.0,0.0,Com Vítimas Feridas,Sim,Condutor deixou de manter distância do veículo da frente,Colisão lateral mesmo sentido,Anoitecer,Nublado,Simples,Reta,Sim,Decrescente
750277,2026-02-05,quinta-feira,18:35:00,PE,232.0,412,serra talhada,-7.987838,-38.328583,0.0,3.0,0.0,Com Vítimas Feridas,Sim,Transitar na contramão,Queda de ocupante de veículo,Plena Noite,Nublado,Simples,Reta,Sim,Crescente
750278,2026-02-05,quinta-feira,18:35:00,BA,367.0,"35,4",porto seguro,-16.408064,-39.17042,1.0,0.0,0.0,Com Vítimas Feridas,Sim,Acessar a via sem observar a presença dos outros veículos,Colisão lateral mesmo sentido,Plena Noite,Céu Claro,Simples,Interseção de Vias,Não,Crescente
750279,2026-01-24,sábado,12:44:00,PI,343.0,317,altos,-5.043907,-42.552498,2.0,0.0,0.0,Com Vítimas Feridas,Não,Ausência de reação do condutor,Colisão traseira,Pleno dia,Sol,Simples,Curva;Aclive,Não,Crescente
750280,2026-02-05,quinta-feira,18:00:00,PE,232.0,45,vitoria de santo antao,-8.128997,-35.28259,0.0,0.0,3.0,Com Vítimas Fatais,Não,Iluminação deficiente,Atropelamento de Pedestre,Plena Noite,Céu Claro,Dupla,Reta;Declive,Sim,Decrescente
750281,2026-02-05,quinta-feira,19:30:00,ES,101.0,259,serra,-20.146473,-40.286865,0.0,2.0,0.0,Com Vítimas Feridas,Sim,Trafegar com motocicleta (ou similar) entre as faixas,Queda de ocupante de veículo,Plena Noite,Nublado,Simples,Aclive,Não,Decrescente
750282,2026-02-05,quinta-feira,19:15:00,GO,60.0,170,goiania,-16.737272,-49.406452,2.0,0.0,0.0,Com Vítimas Feridas,Sim,Animais na Pista,Atropelamento de Animal,Plena Noite,Céu Claro,Dupla,Curva,Sim,Crescente
750283,2026-02-05,quinta-feira,14:45:00,MS,262.0,195,ribas do rio pardo,-20.45324,-53.338715,2.0,0.0,0.0,Com Vítimas Feridas,Sim,Reação tardia ou ineficiente do condutor,Capotamento,Pleno dia,Céu Claro,Dupla,Reta;Aclive,Não,Decrescente
750285,2026-02-05,quinta-feira,20:15:00,PA,316.0,"64,2",castanhal,-1.296008,-47.9173,4.0,4.0,0.0,Com Vítimas Feridas,Não,Conversão proibida,Queda de ocupante de veículo,Plena Noite,Céu Claro,Dupla,Reta,Sim,Decrescente
750286,2026-02-05,quinta-feira,17:20:00,MG,381.0,"239,9",santana do paraiso,-19.444902,-42.51297,6.0,0.0,0.0,Com Vítimas Feridas,Sim,Velocidade Incompatível,Capotamento,Pleno dia,Céu Claro,Simples,Reta,Não,Decrescente
750287,2026-01-28,quarta-feira,21:15:00,RJ,116.0,126,mage,-22.655354,-43.087383,4.0,0.0,0.0,Com Vítimas Feridas,Sim,Demais falhas na via,Queda de ocupante de veículo,Plena Noite,Céu Claro,Dupla,Reta,Não,Decrescente
750288,2026-02-05,quinta-feira,18:30:00,SC,470.0,115,rio do sul,-27.2129,-49.6334,1.0,0.0,0.0,Com Vítimas Feridas,Sim,Reação tardia ou ineficiente do condutor,Atropelamento de Pedestre,Pleno dia,Céu Claro,Simples,Reta,Não,Crescente
750289,2026-02-05,quinta-feira,19:50:00,PE,428.0,"181,7",petrolina,-9.328947,-40.464447,0.0,4.0,0.0,Com Vítimas Feridas,Não,Reação tardia ou ineficiente do condutor,Queda de ocupante de veículo,Plena Noite,Céu Claro,Dupla,Reta,Sim,Decrescente
750290,2026-02-05,quinta-feira,20:00:00,MG,40.0,632,conselheiro lafaiete,-20.677544,-43.794464,2.0,0.0,0.0,Com Vítimas Feridas,Sim,Acessar a via sem observar a presença dos outros veículos,Queda de ocupante de veículo,Plena Noite,Chuva,Dupla,Curva;Aclive,Sim,Crescente
750291,2026-02-05,quinta-feira,19:00:00,DF,70.0,13,brasilia,-15.794386,-48.16488,6.0,0.0,0.0,Com Vítimas Feridas,Sim,Acessar a via sem observar a presença dos outros veículos,Queda de ocupante de veículo,Plena Noite,Garoa/Chuvisco,Dupla,Reta,Sim,Decrescente
750292,2026-02-05,quinta-feira,20:35:00,SC,101.0,"198,7",sao jose,-27.532831,-48.63138,0.0,0.0,0.0,Sem Vítimas,Sim,Ausência de reação do condutor,Colisão lateral mesmo sentido,Plena Noite,Céu Claro,Dupla,Reta,Sim,Crescente
750293,2026-02-05,quinta-feira,17:00:00,RO,174.0,16,vilhena,-12.717169,-60.127045,1.0,0.0,0.0,Com Vítimas Feridas,Sim,Acessar a via sem observar a presença dos outros veículos,Colisão lateral mesmo sentido,Pleno dia,Céu Claro,Simples,Reta,Sim,Decrescente
750294,2026-02-05,quinta-feira,19:30:00,RO,319.0,138,porto velho,-8.743201,-63.9129,0.0,0.0,0.0,Sem Vítimas,Sim,Reação tardia ou ineficiente do condutor,Colisão lateral mesmo sentido,Plena Noite,Céu Claro,Dupla,Interseção de Vias,Sim,Crescente
750295,2026-02-05,quinta-feira,20:35:00,PR,487.0,"147,8",cianorte,-23.938288,-52.67035,0.0,0.0,2.0,Com Vítimas Fatais,Sim,Acesso irregular,Queda de ocupante de veículo,Plena Noite,Céu Claro,Simples,Reta;Declive,Não,Crescente
750296,2026-02-05,quinta-feira,19:20:00,PI,343.0,"592,4",floriano,-6.7796936,-43.035717,0.0,24.0,0.0,Com Vítimas Feridas,Não,Iluminação deficiente,Queda de ocupante de veículo,Plena Noite,Céu Claro,Simples,Reta,Sim,Crescente
750297,2026-02-05,quinta-feira,21:02:00,PE,407.0,"129,8",petrolina,-9.405934,-40.504498,4.0,0.0,0.0,Com Vítimas Feridas,Não,Acessar a via sem observar a presença dos outros veículos,Queda de ocupante de veículo,Plena Noite,Céu Claro,Múltipla,Ponte,Sim,Crescente
750298,2026-02-05,quinta-feira,13:00:00,SC,101.0,202,sao jose,-27.556879,-48.618782,2.0,0.0,0.0,Com Vítimas Feridas,Sim,Condutor deixou de manter distância do veículo da frente,Queda de ocupante de veículo,Pleno dia,Céu Claro,Múltipla,Reta,Não,Crescente
750299,2026-02-05,quinta-feira,18:15:00,RO,364.0,343,ji-parana,-10.877718,-61.946938,4.0,0.0,0.0,Com Vítimas Feridas,Sim,Acesso irregular,Tombamento,Pleno dia,Chuva,Dupla,Reta,Sim,Crescente
750300,2026-02-05,quinta-feira,21:00:00,MG,40.0,750,santos dumont,-21.491556,-43.535706,4.0,0.0,0.0,Com Vítimas Feridas,Não,Ausência de reação do condutor,Colisão frontal,Plena Noite,Chuva,Simples,Curva;Aclive,Não,Crescente
750301,2026-02-05,quinta-feira,20:15:00,RJ,493.0,22,mage,-22.657833,-43.05663,1.0,0.0,0.0,Com Vítimas Feridas,Sim,Desrespeitar a preferência no cruzamento,Colisão transversal,Plena Noite,Chuva,Simples,Em Obras;Desvio Temporário,Sim,Decrescente
750302,2026-02-05,quinta-feira,20:50:00,PA,163.0,653,itaituba,-4.50521,-55.86624,0.0,16.0,0.0,Com Vítimas Feridas,Não,Reação tardia ou ineficiente do condutor,Derramamento de carga,Plena Noite,Nublado,Simples,Curva,Não,Crescente
750303,2026-02-05,quinta-feira,21:00:00,MG,50.0,"55,5",uberlandia,-18.779577,-48.23872,2.0,0.0,0.0,Com Vítimas Feridas,Sim,Velocidade Incompatível,Derramamento de carga,Plena Noite,Nublado,Dupla,Curva,Não,Decrescente
750304,2026-02-05,quinta-feira,19:40:00,BA,242.0,226,itaberaba,-12.518706,-40.282356,3.0,0.0,0.0,Com Vítimas Feridas,Sim,Acessar a via sem observar a presença dos outros veículos,Queda de ocupante de veículo,Plena Noite,Ignorado,Simples,Rotatória,Sim,Crescente
750305,2026-02-05,quinta-feira,18:30:00,MT,163.0,1039,matupa,-10.179965,-54.942646,0.0,6.0,6.0,Com Vítimas Fatais,Não,Velocidade Incompatível,Saída de leito carroçável,Anoitecer,Nublado,Simples,Reta,Não,Decrescente
750306,2026-02-05,quinta-feira,20:14:00,PE,101.0,"186,3",palmares,-8.68475,-35.581306,0.0,1.0,0.0,Com Vítimas Feridas,Sim,Manobra de mudança de faixa,Colisão lateral mesmo sentido,Plena Noite,Céu Claro,Dupla,Reta,Sim,Decrescente
750307,2026-02-05,quinta-feira,21:10:00,SC,116.0,"6,1",mafra,-26.147972,-49.82527,0.0,0.0,0.0,Sem Vítimas,Sim,Reação tardia ou ineficiente do condutor,Colisão com objeto,Plena Noite,Céu Claro,Simples,Reta,Sim,Crescente
750308,2026-02-05,quinta-feira,20:57:00,RS,116.0,253,sapucaia do sul,-29.819921,-51.170513,0.0,4.0,0.0,Com Vítimas Feridas,Sim,Condutor usando celular,Queda de ocupante de veículo,Plena Noite,Céu Claro,Múltipla,Reta;Aclive;Viaduto,Sim,Decrescente
750309,2026-02-05,quinta-feira,22:05:00,MG,40.0,"525,3",contagem,-19.886396,-44.05028,3.0,0.0,0.0,Com Vítimas Feridas,Sim,Acessar a via sem observar a presença dos outros veículos,Queda de ocupante de veículo,Plena Noite,Nublado,Dupla,Reta,Sim,Decrescente
750310,2026-02-05,quinta-feira,18:40:00,MA,226.0,"1,6",timon,-5.13439,-42.82858,0.0,1.0,0.0,Com Vítimas Feridas,Sim,Transitar na contramão,Colisão frontal,Plena Noite,Céu Claro,Simples,Reta,Sim,Decrescente
750311,2026-02-05,quinta-feira,18:00:00,RS,386.0,"37,5",frederico westphalen,-27.386728,-53.399647,0.0,0.0,0.0,Sem Vítimas,Não,Transitar na contramão,Colisão transversal,Pleno dia,Céu Claro,Simples,Reta,Sim,Decrescente
750312,2026-02-05,quinta-feira,14:45:00,SP,116.0,511,cajati,-24.836445,-48.222683,9.0,0.0,9.0,Com Vítimas Fatais,Não,Chuva,Atropelamento de Pedestre,Pleno dia,Garoa/Chuvisco,Múltipla,Curva,Não,Crescente
750313,2026-02-05,quinta-feira,20:45:00,PR,277.0,227,fernandes pinheiro,-25.470709,-50.4669,8.0,0.0,0.0,Com Vítimas Feridas,Não,Condutor Dormindo,Saída de leito carroçável,Plena Noite,Céu Claro,Simples,Curva;Declive,Não,Decrescente
750314,2026-02-05,quinta-feira,22:00:00,RJ,493.0,1,itaborai,-22.766771,-42.922825,0.0,0.0,1.0,Com Vítimas Fatais,Sim,Pedestre andava na pista,Atropelamento de Pedestre,Plena Noite,Chuva,Simples,Reta,Sim,Crescente
750315,2026-02-05,quinta-feira,20:40:00,RS,158.0,565,santana do livramento,-30.876417,-55.51075,0.0,6.0,0.0,Com Vítimas Feridas,Não,Velocidade Incompatível,Queda de ocupante de veículo,Plena Noite,Céu Claro,Simples,Reta;Interseção de Vias,Sim,Decrescente
750316,2026-02-05,quinta-feira,18:20:00,RJ,40.0,89,petropolis,-22.55717,-43.240387,0.0,0.0,9.0,Com Vítimas Fatais,Não,Demais falhas mecânicas ou elétricas,Incêndio,Plena Noite,Chuva,Dupla,Curva;Declive,Não,Crescente
750317,2026-02-05,quinta-feira,19:55:00,RO,364.0,"521,6",ariquemes,-9.864597,-63.058094,6.0,0.0,0.0,Com Vítimas Feridas,Não,Ausência de reação do condutor,Queda de ocupante de veículo,Plena Noite,Céu Claro,Simples,Reta,Não,Crescente
750318,2026-02-05,quinta-feira,22:00:00,SP,116.0,211,guarulhos,-23.434603,-46.425484,2.0,2.0,0.0,Com Vítimas Feridas,Sim,Frear bruscamente,Queda de ocupante de veículo,Plena Noite,Céu Claro,Múltipla,Reta;Declive,Sim,Crescente
750319,2026-02-05,quinta-feira,20:00:00,CE,230.0,"49,5",lavras da mangabeira,-6.766694,-39.04466,0.0,4.0,0.0,Com Vítimas Feridas,Sim,Condutor deixou de manter distância do veículo da frente,Colisão traseira,Plena Noite,Nublado,Simples,Reta,Não,Decrescente
750320,2026-02-05,quinta-feira,22:40:00,PE,232.0,508,salgueiro,-8.062824,-39.123116,0.0,0.0,0.0,Sem Vítimas,Não,Velocidade Incompatível,Colisão com objeto,Plena Noite,Céu Claro,Simples,Interseção de Vias,Sim,Decrescente
750321,2026-02-05,quinta-feira,21:30:00,MG,381.0,884,estiva,-22.495865,-46.01363,0.0,0.0,0.0,Sem Vítimas,Não,Velocidade Incompatível,Colisão com objeto,Plena Noite,Chuva,Dupla,Reta,Não,Crescente
750322,2026-02-05,quinta-feira,23:30:00,ES,101.0,282,cariacica,-20.23254,-40.3679,2.0,0.0,0.0,Com Vítimas Feridas,Sim,Ausência de reação do condutor,Queda de ocupante de veículo,Plena Noite,Nublado,Dupla,Reta,Sim,Decrescente
750323,2026-02-05,quinta-feira,22:44:00,PR,277.0,177,palmeira,-25.43477,-50.00859,0.0,0.0,0.0,Sem Vítimas,Não,Condutor deixou de manter distância do veículo da frente,Colisão com objeto,Plena Noite,Céu Claro,Simples,Reta;Viaduto,Sim,Decrescente
750324,2026-02-05,quinta-feira,21:15:00,MT,70.0,284,primavera do leste,-15.573477,-54.318466,0.0,0.0,0.0,Sem Vítimas,Não,Falta de acostamento,Saída de leito carroçável,Plena Noite,Céu Claro,Simples,Reta,Sim,Decrescente
750325,2026-02-05,quinta-feira,22:38:00,RJ,101.0,487,angra dos reis,-22.989763,-44.241646,0.0,1.0,0.0,Com Vítimas Feridas,Sim,Transitar na contramão,Colisão lateral sentido oposto,Plena Noite,Chuva,Dupla,Curva,Sim,Crescente
750326,2026-02-05,quinta-feira,18:20:00,CE,230.0,"38,1",lavras da mangabeira,-6.75676,-38.95404,0.0,1.0,0.0,Com Vítimas Feridas,Sim,Condutor deixou de manter distância do veículo da frente,Colisão traseira,Plena Noite,Céu Claro,Simples,Reta,Sim,Decrescente
750327,2026-02-05,quinta-feira,23:29:00,BA,324.0,517,feira de santana,-12.260667,-38.93229,2.0,0.0,0.0,Com Vítimas Feridas,Sim,Acessar a via sem observar a presença dos outros veículos,Colisão traseira,Plena Noite,Céu Claro,Simples,Reta,Sim,Crescente
750328,2026-02-05,quinta-feira,22:55:00,BA,324.0,564,sao sebastiao do passe,-12.516914,-38.6207,2.0,2.0,0.0,Com Vítimas Feridas,Sim,Condutor Dormindo,Atropelamento de Pedestre,Plena Noite,Céu Claro,Dupla,Reta,Não,Crescente
750329,2026-02-06,sexta-feira,00:05:00,SC,282.0,"556,1",nova itaberaba,-26.933674,-52.813164,0.0,0.0,0.0,Sem Vítimas,Sim,Condutor Dormindo,Capotamento,Plena Noite,Céu Claro,Dupla,Reta,Não,Decrescente
750330,2026-02-06,sexta-feira,01:00:00,PE,101.0,"69,5",recife,-8.063993,-34.944427,2.0,0.0,0.0,Com Vítimas Feridas,Sim,Manobra de mudança de faixa,Colisão lateral mesmo sentido,Plena Noite,Nublado,Dupla,Reta,Sim,Crescente
750331,2026-02-06,sexta-feira,01:25:00,MG,381.0,478,contagem,-19.923,-44.053,0.0,1.0,0.0,Com Vítimas Feridas,Sim,Pedestre andava na pista,Atropelamento de Pedestre,Plena Noite,Céu Claro,Dupla,Reta,Não,Crescente
750332,2026-02-06,sexta-feira,01:10:00,PR,376.0,"133,8",nova esperanca,-23.185572,-52.21203,3.0,0.0,0.0,Com Vítimas Feridas,Sim,Animais na Pista,Atropelamento de Animal,Plena Noite,Céu Claro,Dupla,Declive;Reta,Sim,Decrescente
750334,2026-02-05,quinta-feira,20:00:00,RJ,393.0,105,sapucaia,-21.885572,-42.694366,0.0,0.0,1.0,Com Vítimas Fatais,Sim,Acumulo de água sobre o pavimento,Colisão frontal,Plena Noite,Chuva,Simples,Reta,Sim,Crescente
750335,2026-02-05,quinta-feira,19:30:00,MT,364.0,271,jaciara,-15.968763,-54.959656,0.0,0.0,0.0,Sem Vítimas,Sim,Demais falhas mecânicas ou elétricas,Saída de leito carroçável,Plena Noite,Nublado,Dupla,Reta,Sim,Decrescente
750336,2026-02-05,quinta-feira,19:00:00,MT,364.0,1244,comodoro,-13.740896,-59.702316,18.0,0.0,18.0,Com Vítimas Fatais,Sim,Reação tardia ou ineficiente do condutor,Queda de ocupante de veículo,Plena Noite,Nublado,Simples,Reta,Não,Crescente
750337,2026-02-06,sexta-feira,00:16:00,MA,230.0,"316,2",sao raimundo das mangabeiras,-7.026485,-45.488724,0.0,0.0,2.0,Com Vítimas Fatais,Sim,Reação tardia ou ineficiente do condutor,Queda de ocupante de veículo,Plena Noite,Nublado,Simples,Reta,Sim,Crescente
750338,2026-02-06,sexta-feira,03:20:00,SE,235.0,2,aracaju,-10.9071865,-37.09622,0.0,0.0,0.0,Sem Vítimas,Sim,Condutor Dormindo,Colisão com objeto,Plena Noite,Céu Claro,Dupla,Reta;Aclive,Não,Decrescente
750339,2026-02-06,sexta-feira,02:30:00,MT,364.0,507,rosario oeste,-15.13402,-56.52214,1.0,0.0,0.0,Com Vítimas Feridas,Sim,Ausência de reação do condutor,Saída de leito carroçável,Plena Noite,Chuva,Simples,Reta,Não,Decrescente
750340,2026-02-06,sexta-feira,03:36:00,MS,163.0,"481,6",campo grande,-20.464264,-54.55629,0.0,6.0,0.0,Com Vítimas Feridas,Sim,Ausência de reação do condutor,Queda de ocupante de veículo,Plena Noite,Céu Claro,Simples,Interseção de Vias;Viaduto,Sim,Decrescente
750341,2026-02-06,sexta-feira,04:50:00,ES,101.0,"338,7",guarapari,-20.64379,-40.55576,1.0,0.0,0.0,Com Vítimas Feridas,Sim,Condutor Dormindo,Tombamento,Amanhecer,Céu Claro,Dupla,Reta,Não,Crescente
750342,2026-02-06,sexta-feira,05:45:00,GO,60.0,223,cezarina,-16.984793,-49.751865,1.0,0.0,0.0,Com Vítimas Feridas,Sim,Avarias e/ou desgaste excessivo no pneu,Queda de ocupante de veículo,Amanhecer,Nevoeiro/Neblina,Dupla,Reta,Não,Crescente