id,data_inversa,dia_semana,horario,uf,br,km,municipio,latitude,longitude,feridos_leves,feridos_graves,mortos,classificacao_acidente,causa_principal,causa_acidente,tipo_acidente,fase_dia,condicao_metereologica,tipo_pista,tracado_via,uso_solo,sentido_via
750576,2026-02-06,sexta-feira,23:30:00,MT,364.0,"493,6",jangada,-15.243073,-56.481045,0.0,0.0,6.0,Com Vítimas Fatais,Não,Ausência de reação do condutor,Queda de ocupante de veículo,Plena Noite,Nublado,Simples,Reta,Sim,Decrescente
750577,2026-02-07,sábado,02:30:00,PR,376.0,227,apucarana,-23.581066,-51.555866,2.0,0.0,0.0,Com Vítimas Feridas,Sim,Ingestão de álcool pelo condutor,Saída de leito carroçável,Plena Noite,Céu Claro,Dupla,Reta,Não,Decrescente
750578,2026-02-07,sábado,02:40:00,BA,242.0,825,barreiras,-12.118573,-45.044857,4.0,0.0,0.0,Com Vítimas Feridas,Sim,Velocidade Incompatível,Capotamento,Plena Noite,Céu Claro,Dupla,Curva,Não,Decrescente
750579,2026-02-07,sábado,04:00:00,ES,101.0,"296,9",cariacica,-20.345463,-40.410503,0.0,0.0,0.0,Sem Vítimas,Sim,Velocidade Incompatível,Colisão com objeto,Plena Noite,Céu Claro,Dupla,Curva,Sim,Crescente
750580,2026-02-07,sábado,03:50:00,SC,158.0,"104,6",cunha pora,-26.878483,-53.149265,1.0,0.0,0.0,Com Vítimas Feridas,Sim,Reação tardia ou ineficiente do condutor,Saída de leito carroçável,Plena Noite,Céu Claro,Simples,Reta,Não,Decrescente
750581,2026-02-07,sábado,02:40:00,RS,116.0,"644,5",jaguarao,-32.445766,-53.265312,0.0,0.0,0.0,Sem Vítimas,Sim,Ausência de reação do condutor,Saída de leito carroçável,Plena Noite,Céu Claro,Simples,Reta,Não,Crescente
750582,2026-02-07,sábado,04:11:00,SC,280.0,"25,6",araquari,-26.38732,-48.73116,0.0,0.0,1.0,Com Vítimas Fatais,Sim,Área urbana sem a presença de local apropriado para a travessia de pedestres,Atropelamento de Pedestre,Amanhecer,Céu Claro,Simples,Reta,Sim,Decrescente
750583,2026-02-07,sábado,03:30:00,GO,60.0,64,abadiania,-16.201338,-48.73751,1.0,0.0,0.0,Com Vítimas Feridas,Sim,Ingestão de álcool pelo condutor,Saída de leito carroçável,Plena Noite,Nevoeiro/Neblina,Dupla,Reta,Não,Decrescente
750584,2026-02-07,sábado,03:30:00,PR,376.0,"161,4",maringa,-23.3685,-52.06554,2.0,0.0,0.0,Com Vítimas Feridas,Sim,Velocidade Incompatível,Queda de ocupante de veículo,Plena Noite,Céu Claro,Dupla,Reta,Sim,Decrescente
750585,2026-02-07,sábado,03:00:00,MG,381.0,847,pouso alegre,-22.21549,-45.86957,0.0,0.0,0.0,Sem Vítimas,Sim,Demais falhas mecânicas ou elétricas,Incêndio,Plena Noite,Nublado,Dupla,Reta,Não,Crescente
750586,2026-02-07,sábado,02:45:00,SC,101.0,"271,7",imbituba,-28.12123,-48.69722,2.0,0.0,0.0,Com Vítimas Feridas,Sim,Condutor deixou de manter distância do veículo da frente,Colisão traseira,Plena Noite,Céu Claro,Dupla,Reta,Não,Decrescente
750587,2026-02-07,sábado,02:50:00,PR,277.0,679,medianeira,-25.308973,-54.14274,6.0,0.0,0.0,Com Vítimas Feridas,Sim,Animais na Pista,Queda de ocupante de veículo,Plena Noite,Céu Claro,Dupla,Reta,Não,Crescente
750588,2026-02-07,sábado,05:19:00,ES,101.0,"149,9",linhares,-19.40424,-40.060555,1.0,1.0,0.0,Com Vítimas Feridas,Sim,Velocidade Incompatível,Atropelamento de Pedestre,Amanhecer,Céu Claro,Dupla,Curva,Sim,Crescente
750589,2026-02-07,sábado,06:00:00,RS,392.0,1,capao do leao,-31.761469,-52.403004,0.0,0.0,0.0,Sem Vítimas,Sim,Reação tardia ou ineficiente do condutor,Capotamento,Amanhecer,Nublado,Simples,Curva;Aclive,Não,Crescente
750590,2026-02-07,sábado,04:45:00,MG,116.0,"747,5",leopoldina,-21.442524,-42.537003,2.0,0.0,0.0,Com Vítimas Feridas,Sim,Condutor Dormindo,Colisão com objeto,Amanhecer,Nublado,Simples,Reta,Não,Decrescente
750591,2026-02-07,sábado,05:50:00,AL,423.0,37,inhapi,-9.225067,-37.61147,20.0,0.0,0.0,Com Vítimas Feridas,Não,Velocidade Incompatível,Colisão com objeto,Pleno dia,Céu Claro,Simples,Ponte;Reta,Não,Decrescente
750592,2026-02-07,sábado,03:50:00,SC,101.0,133,camboriu,-26.999617,-48.64633,0.0,0.0,0.0,Sem Vítimas,Sim,Ausência de reação do condutor,Colisão com objeto,Plena Noite,Céu Claro,Simples,Reta,Sim,Decrescente
750593,2026-02-07,sábado,05:30:00,SP,116.0,51,lorena,-22.741377,-45.091537,10.0,0.0,0.0,Com Vítimas Feridas,Sim,Velocidade Incompatível,Capotamento,Amanhecer,Nublado,Dupla,Curva,Não,Decrescente
750595,2026-02-07,sábado,06:30:00,PB,101.0,"90,5",joao pessoa,-7.186492,-34.90251,0.0,4.0,0.0,Com Vítimas Feridas,Não,Pista Escorregadia,Queda de ocupante de veículo,Pleno dia,Nublado,Dupla,Declive;Reta,Sim,Crescente
750596,2026-02-07,sábado,05:15:00,MA,135.0,10,sao luis,-2.6722662,-44.291428,2.0,2.0,0.0,Com Vítimas Feridas,Não,Chuva,Colisão com objeto,Amanhecer,Chuva,Dupla,Reta,Sim,Crescente
750597,2026-02-07,sábado,02:30:00,MA,316.0,401,alto alegre do maranhao,-4.209341,-44.451954,0.0,6.0,0.0,Com Vítimas Feridas,Não,Ingestão de álcool pelo condutor,Queda de ocupante de veículo,Plena Noite,Céu Claro,Simples,Reta,Sim,Crescente
750598,2026-02-06,sexta-feira,23:40:00,RJ,485.0,1,itatiaia,-22.487732,-44.56724,12.0,6.0,0.0,Com Vítimas Feridas,Não,Desrespeitar a preferência no cruzamento,Saída de leito carroçável,Plena Noite,Nublado,Simples,Interseção de Vias,Sim,Crescente
750599,2026-02-07,sábado,05:30:00,RJ,116.0,195,queimados,-22.735819,-43.544697,0.0,1.0,0.0,Com Vítimas Feridas,Sim,Pedestre cruzava a pista fora da faixa,Atropelamento de Pedestre,Amanhecer,Chuva,Dupla,Reta;Em Obras,Sim,Crescente
750600,2026-02-07,sábado,05:30:00,PR,476.0,198,lapa,-25.759968,-49.732864,5.0,0.0,0.0,Com Vítimas Feridas,Não,Velocidade Incompatível,Saída de leito carroçável,Amanhecer,Céu Claro,Simples,Reta,Sim,Decrescente
750601,2026-02-07,sábado,06:05:00,PR,376.0,182,maringa,-23.432281,-51.887245,2.0,0.0,0.0,Com Vítimas Feridas,Sim,Ingestão de álcool pelo condutor,Queda de ocupante de veículo,Amanhecer,Céu Claro,Dupla,Rotatória,Sim,Crescente
750602,2026-02-07,sábado,02:00:00,MS,262.0,"326,6",campo grande,-20.46826,-54.536312,3.0,0.0,0.0,Com Vítimas Feridas,Sim,Ausência de reação do condutor,Queda de ocupante de veículo,Plena Noite,Céu Claro,Dupla,Reta,Sim,Crescente
750603,2026-02-07,sábado,07:15:00,BA,242.0,407,seabra,-12.474103,-41.741264,3.0,3.0,0.0,Com Vítimas Feridas,Sim,Acessar a via sem observar a presença dos outros veículos,Queda de ocupante de veículo,Pleno dia,Céu Claro,Simples,Reta,Não,Crescente
750605,2026-02-07,sábado,07:10:00,PB,230.0,501,cajazeiras,-6.89611,-38.53434,0.0,3.0,0.0,Com Vítimas Feridas,Sim,Animais na Pista,Queda de ocupante de veículo,Pleno dia,Nublado,Simples,Reta;Aclive,Sim,Crescente
750606,2026-02-07,sábado,06:50:00,TO,10.0,458,palmas,-10.27357,-48.30493,0.0,0.0,0.0,Sem Vítimas,Não,Velocidade Incompatível,Colisão traseira,Pleno dia,Céu Claro,Dupla,Curva,Não,Decrescente
750607,2026-02-07,sábado,03:50:00,PE,232.0,278,sertania,-8.361912,-37.270264,0.0,0.0,0.0,Sem Vítimas,Sim,Demais falhas mecânicas ou elétricas,Eventos atípicos,Plena Noite,Nublado,Simples,Curva;Aclive,Sim,Crescente
750608,2026-02-07,sábado,07:00:00,PE,101.0,"125,9",escada,-8.36782,-35.22675,1.0,0.0,0.0,Com Vítimas Feridas,Sim,Reação tardia ou ineficiente do condutor,Colisão traseira,Pleno dia,Nublado,Dupla,Reta,Sim,Decrescente
750609,2026-02-07,sábado,05:00:00,SC,282.0,587,pinhalzinho,-26.82985,-53.04577,0.0,0.0,0.0,Sem Vítimas,Sim,Ingestão de álcool pelo condutor,Colisão com objeto,Plena Noite,Céu Claro,Simples,Reta;Ponte,Não,Decrescente
750610,2026-02-07,sábado,07:20:00,SP,116.0,"1,5",queluz,-22.5177,-44.706573,1.0,0.0,0.0,Com Vítimas Feridas,Sim,Manobra de mudança de faixa,Colisão traseira,Pleno dia,Céu Claro,Dupla,Reta,Não,Crescente
750612,2026-02-07,sábado,07:20:00,PR,373.0,174,ponta grossa,-25.074013,-50.21089,4.0,0.0,0.0,Com Vítimas Feridas,Não,Velocidade Incompatível,Queda de ocupante de veículo,Pleno dia,Céu Claro,Dupla,Reta,Sim,Crescente
750613,2026-02-07,sábado,07:30:00,RN,304.0,24,mossoro,-5.078659,-37.3329,0.0,0.0,0.0,Sem Vítimas,Não,Chuva,Saída de leito carroçável,Pleno dia,Chuva,Simples,Reta,Não,Crescente
750614,2026-02-06,sexta-feira,20:00:00,BA,101.0,467,urucuca,-14.507957,-39.3323,6.0,0.0,0.0,Com Vítimas Feridas,Sim,Reação tardia ou ineficiente do condutor,Saída de leito carroçável,Plena Noite,Céu Claro,Simples,Curva,Não,Crescente
750615,2026-02-07,sábado,06:40:00,RS,285.0,"202,4",lagoa vermelha,-28.215353,-51.554214,0.0,0.0,0.0,Sem Vítimas,Sim,Acostamento em desnível,Tombamento,Pleno dia,Nublado,Dupla,Aclive,Não,Decrescente
750616,2026-02-07,sábado,08:15:00,PB,230.0,"432,9",pombal,-6.747653,-37.97735,0.0,90.0,15.0,Com Vítimas Fatais,Não,Ausência de reação do condutor,Queda de ocupante de veículo,Pleno dia,Nublado,Simples,Declive,Não,Crescente
750617,2026-02-07,sábado,08:30:00,PR,376.0,2,apucarana,-23.565718,-51.43369,1.0,0.0,0.0,Com Vítimas Feridas,Sim,Avarias e/ou desgaste excessivo no pneu,Queda de ocupante de veículo,Pleno dia,Céu Claro,Simples,Curva;Aclive,Não,Crescente
750618,2026-02-06,sexta-feira,23:00:00,BA,407.0,"194,9",ponto novo,-11.088978,-40.07635,0.0,1.0,0.0,Com Vítimas Feridas,Sim,Reação tardia ou ineficiente do condutor,Colisão frontal,Plena Noite,Céu Claro,Simples,Reta,Não,Crescente
750619,2026-02-07,sábado,06:04:00,AC,364.0,137,rio branco,-9.96934,-67.85286,8.0,0.0,0.0,Com Vítimas Feridas,Não,Desrespeitar a preferência no cruzamento,Queda de ocupante de veículo,Pleno dia,Céu Claro,Dupla,Rotatória,Sim,Decrescente
750620,2026-02-07,sábado,08:20:00,PR,163.0,"223,2",cascavel,-24.879175,-53.560352,3.0,0.0,0.0,Com Vítimas Feridas,Sim,Manobra de mudança de faixa,Capotamento,Pleno dia,Céu Claro,Dupla,Reta,Não,Crescente
750621,2026-02-02,segunda-feira,07:00:00,GO,70.0,294,itapirapua,-15.849433,-50.733463,0.0,0.0,0.0,Sem Vítimas,Sim,Animais na Pista,Atropelamento de Animal,Pleno dia,Nublado,Simples,Reta,Não,Decrescente
750622,2026-02-07,sábado,00:01:00,PR,476.0,349,paula freitas,-26.18481,-50.97079,2.0,2.0,0.0,Com Vítimas Feridas,Sim,Estacionar ou parar em local proibido,Capotamento,Plena Noite,Nublado,Simples,Curva;Aclive,Não,Decrescente
750623,2026-02-07,sábado,06:25:00,RJ,101.0,385,itaguai,-22.858932,-43.759365,1.0,0.0,0.0,Com Vítimas Feridas,Sim,Transitar na contramão,Colisão frontal,Pleno dia,Céu Claro,Múltipla,Reta,Sim,Crescente
750624,2026-02-07,sábado,08:55:00,DF,20.0,"1,2",brasilia,-15.684507,-47.847733,8.0,0.0,0.0,Com Vítimas Feridas,Não,Avarias e/ou desgaste excessivo no pneu,Saída de leito carroçável,Pleno dia,Céu Claro,Dupla,Reta,Não,Decrescente
750625,2026-02-07,sábado,07:15:00,PR,373.0,"463,5",chopinzinho,-25.824308,-52.299385,0.0,0.0,0.0,Sem Vítimas,Sim,Demais falhas mecânicas ou elétricas,Incêndio,Pleno dia,Céu Claro,Simples,Reta,Não,Crescente
750626,2026-02-07,sábado,08:30:00,SP,116.0,"195,5",santa isabel,-23.387497,-46.272556,0.0,1.0,0.0,Com Vítimas Feridas,Sim,Ausência de reação do condutor,Atropelamento de Pedestre,Pleno dia,Nublado,Dupla,Reta,Não,Decrescente
750627,2026-01-22,quinta-feira,09:45:00,RJ,101.0,"473,6",angra dos reis,-22.992853,-44.247135,0.0,4.0,0.0,Com Vítimas Feridas,Não,Reação tardia ou ineficiente do condutor,Queda de ocupante de veículo,Pleno dia,Céu Claro,Simples,Declive;Retorno Regulamentado,Sim,Decrescente
750628,2026-02-07,sábado,09:30:00,PR,116.0,"121,9",curitiba,-25.602596,-49.31796,1.0,0.0,0.0,Com Vítimas Feridas,Sim,Condutor deixou de manter distância do veículo da frente,Colisão lateral mesmo sentido,Pleno dia,Céu Claro,Dupla,Reta,Não,Crescente
750629,2026-02-07,sábado,07:17:00,MS,60.0,424,sidrolandia,-20.913427,-54.946907,15.0,0.0,0.0,Com Vítimas Feridas,Não,Conversão proibida,Colisão com objeto,Pleno dia,Céu Claro,Simples,Reta,Sim,Decrescente
750630,2026-02-07,sábado,09:20:00,MG,40.0,"524,7",belo horizonte,-19.881165,-44.00745,0.0,0.0,0.0,Sem Vítimas,Sim,Reação tardia ou ineficiente do condutor,Eventos atípicos,Pleno dia,Céu Claro,Dupla,Reta,Sim,Crescente
750631,2026-02-07,sábado,09:25:00,RS,386.0,"351,7",estrela,-29.490015,-51.95221,0.0,0.0,0.0,Sem Vítimas,Não,Velocidade Incompatível,Colisão com objeto,Pleno dia,Chuva,Dupla,Curva,Não,Decrescente
750632,2026-01-23,sexta-feira,11:00:00,SC,101.0,"24,5",joinville,-26.179607,-48.909374,0.0,0.0,0.0,Sem Vítimas,Sim,Demais falhas mecânicas ou elétricas,Incêndio,Pleno dia,Céu Claro,Dupla,Reta,Sim,Crescente
750633,2026-01-30,sexta-feira,22:15:00,RJ,101.0,459,angra dos reis,-22.989904,-44.241974,2.0,2.0,0.0,Com Vítimas Feridas,Sim,Reação tardia ou ineficiente do condutor,Colisão transversal,Plena Noite,Garoa/Chuvisco,Dupla,Reta,Não,Decrescente
750634,2026-02-07,sábado,10:30:00,RS,116.0,517,pelotas,-31.67512,-52.34048,1.0,0.0,0.0,Com Vítimas Feridas,Sim,Desrespeitar a preferência no cruzamento,Colisão transversal,Pleno dia,Céu Claro,Simples,Rotatória,Não,Crescente
750635,2026-02-07,sábado,09:10:00,SC,116.0,"62,7",papanduva,-26.403929,-50.226273,0.0,0.0,0.0,Sem Vítimas,Sim,Ingestão de álcool pelo condutor,Saída de leito carroçável,Pleno dia,Céu Claro,Simples,Interseção de Vias,Não,Decrescente
750636,2026-02-07,sábado,09:50:00,AL,101.0,242,porto real do colegio,-10.150449,-36.80798,2.0,2.0,2.0,Com Vítimas Fatais,Sim,Acesso irregular,Colisão com objeto,Pleno dia,Sol,Dupla,Curva,Não,Decrescente
750637,2026-02-07,sábado,10:30:00,RS,386.0,"304,7",pouso novo,-29.186684,-52.189262,8.0,0.0,0.0,Com Vítimas Feridas,Não,Afundamento ou ondulação no pavimento,Colisão com objeto,Pleno dia,Garoa/Chuvisco,Simples,Curva;Declive,Não,Crescente
750638,2026-02-07,sábado,08:25:00,RS,285.0,"142,6",muitos capoes,-28.3761,-51.081608,2.0,4.0,0.0,Com Vítimas Feridas,Sim,Reação tardia ou ineficiente do condutor,Capotamento,Pleno dia,Ignorado,Simples,Reta,Não,Crescente
750639,2026-02-07,sábado,09:52:00,SC,280.0,"30,2",araquari,-26.4133,-48.75831,0.0,2.0,0.0,Com Vítimas Feridas,Sim,Trafegar com motocicleta (ou similar) entre as faixas,Colisão frontal,Pleno dia,Céu Claro,Simples,Reta,Sim,Crescente
750640,2026-02-07,sábado,10:10:00,MG,381.0,197,periquito,-19.166061,-42.245174,12.0,4.0,0.0,Com Vítimas Feridas,Sim,Transitar na contramão,Colisão transversal,Pleno dia,Céu Claro,Simples,Reta,Não,Crescente
750641,2026-02-07,sábado,10:00:00,RO,364.0,236,cacoal,-11.445635,-61.439415,6.0,0.0,0.0,Com Vítimas Feridas,Não,Ingestão de álcool pelo condutor,Queda de ocupante de veículo,Pleno dia,Garoa/Chuvisco,Simples,Retorno Regulamentado;Aclive;Interseção de Vias,Sim,Decrescente
750642,2026-02-07,sábado,11:30:00,RS,386.0,432,nova santa rita,-29.840029,-51.293186,4.0,0.0,0.0,Com Vítimas Feridas,Não,Ausência de reação do condutor,Colisão com objeto,Pleno dia,Nublado,Simples,Reta,Não,Decrescente
750643,2026-02-07,sábado,11:00:00,PB,101.0,69,santa rita,-7.0584917,-35.025715,2.0,0.0,0.0,Com Vítimas Feridas,Sim,Problema com o freio,Derramamento de carga,Pleno dia,Nublado,Dupla,Reta,Não,Crescente
750644,2026-02-07,sábado,10:10:00,SC,470.0,"22,2",ilhota,-26.88025,-48.84013,3.0,0.0,0.0,Com Vítimas Feridas,Sim,Desrespeitar a preferência no cruzamento,Queda de ocupante de veículo,Pleno dia,Céu Claro,Dupla,Interseção de Vias,Não,Decrescente
750645,2026-02-07,sábado,11:45:00,PB,230.0,"141,5",campina grande,-7.2571816,-35.815247,4.0,0.0,0.0,Com Vítimas Feridas,Não,Chuva,Capotamento,Pleno dia,Chuva,Dupla,Reta,Não,Decrescente
750646,2026-02-07,sábado,11:50:00,MG,381.0,493,betim,-19.963951,-44.169567,2.0,0.0,0.0,Com Vítimas Feridas,Sim,Velocidade Incompatível,Queda de ocupante de veículo,Pleno dia,Nublado,Dupla,Reta,Sim,Decrescente
750647,2026-02-07,sábado,11:40:00,SC,282.0,1,florianopolis,-27.603441,-48.581947,3.0,0.0,0.0,Com Vítimas Feridas,Não,Reação tardia ou ineficiente do condutor,Colisão traseira,Pleno dia,Céu Claro,Múltipla,Reta,Não,Decrescente
750648,2026-02-07,sábado,09:30:00,BA,101.0,"25,3",esplanada,-11.698476,-37.905014,1.0,0.0,0.0,Com Vítimas Feridas,Sim,Reação tardia ou ineficiente do condutor,Colisão traseira,Pleno dia,Nublado,Dupla,Reta;Aclive,Não,Crescente
750649,2026-02-07,sábado,10:40:00,RJ,101.0,53,campos dos goytacazes,-21.661201,-41.311455,0.0,2.0,0.0,Com Vítimas Feridas,Sim,Acessar a via sem observar a presença dos outros veículos,Queda de ocupante de veículo,Pleno dia,Céu Claro,Simples,Reta;Interseção de Vias,Não,Crescente
750650,2026-02-07,sábado,09:00:00,BA,101.0,263,santo antonio de jesus,-12.978524,-39.28408,6.0,0.0,0.0,Com Vítimas Feridas,Não,Transitar no Acostamento,Tombamento,Pleno dia,Céu Claro,Simples,Interseção de Vias;Rotatória,Sim,Crescente
750651,2026-02-07,sábado,11:00:00,PA,316.0,221,viseu,-1.679789,-46.7194,1.0,0.0,0.0,Com Vítimas Feridas,Sim,Reação tardia ou ineficiente do condutor,Tombamento,Pleno dia,Nublado,Simples,Aclive;Reta,Sim,Crescente
750652,2026-02-07,sábado,11:34:00,PE,232.0,"82,2",gravata,-8.200797,-35.590275,24.0,0.0,0.0,Com Vítimas Feridas,Não,Ausência de reação do condutor,Colisão com objeto,Pleno dia,Céu Claro,Simples,Reta;Declive,Não,Decrescente
750653,2026-02-07,sábado,11:15:00,RS,290.0,"276,6",cachoeira do sul,-30.274387,-52.942944,6.0,2.0,0.0,Com Vítimas Feridas,Não,Chuva,Saída de leito carroçável,Pleno dia,Chuva,Simples,Reta,Não,Decrescente
750654,2026-02-07,sábado,08:52:00,SP,153.0,274,ocaucu,-22.370634,-49.864285,2.0,0.0,0.0,Com Vítimas Feridas,Sim,Condutor Dormindo,Colisão com objeto,Pleno dia,Céu Claro,Simples,Reta;Declive,Não,Decrescente
750655,2026-02-07,sábado,12:29:00,RN,101.0,96,natal,-5.848859,-35.20802,4.0,0.0,0.0,Com Vítimas Feridas,Sim,Condutor deixou de manter distância do veículo da frente,Queda de ocupante de veículo,Pleno dia,Nublado,Dupla,Viaduto,Sim,Decrescente
750656,2026-02-07,sábado,12:50:00,MG,40.0,527,contagem,-19.90856,-44.044792,4.0,0.0,0.0,Com Vítimas Feridas,Sim,Ausência de reação do condutor,Queda de ocupante de veículo,Pleno dia,Céu Claro,Múltipla,Reta;Aclive,Sim,Decrescente
750657,2026-02-07,sábado,13:00:00,MG,381.0,2,betim,-19.978918,-44.160336,6.0,0.0,0.0,Com Vítimas Feridas,Não,Reação tardia ou ineficiente do condutor,Saída de leito carroçável,Pleno dia,Céu Claro,Dupla,Curva,Não,Decrescente
750660,2026-02-07,sábado,12:20:00,SP,116.0,"170,1",jacarei,-23.30764,-46.053833,1.0,0.0,0.0,Com Vítimas Feridas,Sim,Frear bruscamente,Saída de leito carroçável,Pleno dia,Sol,Dupla,Curva;Declive,Não,Crescente
750661,2026-02-07,sábado,13:00:00,SC,280.0,236,canoinhas,-26.204823,-50.43733,2.0,0.0,0.0,Com Vítimas Feridas,Sim,Reação tardia ou ineficiente do condutor,Saída de leito carroçável,Pleno dia,Céu Claro,Simples,Curva,Não,Decrescente
750662,2026-02-07,sábado,12:45:00,PB,230.0,286,santa luzia,-6.894485,-36.884003,0.0,0.0,0.0,Sem Vítimas,Sim,Acessar a via sem observar a presença dos outros veículos,Colisão transversal,Pleno dia,Nublado,Simples,Reta;Declive,Não,Decrescente
750663,2026-02-07,sábado,10:40:00,MG,262.0,"580,3",campos altos,-19.667183,-46.144913,1.0,0.0,0.0,Com Vítimas Feridas,Sim,Chuva,Capotamento,Pleno dia,Garoa/Chuvisco,Simples,Curva,Não,Decrescente
750664,2026-02-07,sábado,12:00:00,SC,101.0,"318,7",pescaria brava,-28.427029,-48.883945,3.0,0.0,0.0,Com Vítimas Feridas,Sim,Acessar a via sem observar a presença dos outros veículos,Queda de ocupante de veículo,Pleno dia,Céu Claro,Dupla,Reta;Aclive;Interseção de Vias,Sim,Crescente
750666,2026-02-07,sábado,11:50:00,RO,364.0,"341,7",ji-parana,-10.883975,-61.93703,15.0,0.0,0.0,Com Vítimas Feridas,Não,Reação tardia ou ineficiente do condutor,Queda de ocupante de veículo,Pleno dia,Nublado,Simples,Reta,Sim,Crescente
750667,2026-02-07,sábado,13:45:00,CE,116.0,"160,2",russas,-4.928691,-37.990013,2.0,0.0,0.0,Com Vítimas Feridas,Sim,Acessar a via sem observar a presença dos outros veículos,Colisão transversal,Pleno dia,Nublado,Simples,Curva;Interseção de Vias,Sim,Decrescente
750668,2026-02-07,sábado,14:00:00,MG,381.0,422,caete,-19.790989,-43.681404,1.0,1.0,0.0,Com Vítimas Feridas,Sim,Reação tardia ou ineficiente do condutor,Capotamento,Pleno dia,Nublado,Simples,Curva,Não,Decrescente
750669,2026-02-07,sábado,11:00:00,MA,222.0,"160,9",presidente vargas,-3.51064,-43.999065,18.0,0.0,0.0,Com Vítimas Feridas,Não,Condutor deixou de manter distância do veículo da frente,Colisão lateral sentido oposto,Pleno dia,Nublado,Simples,Reta,Não,Crescente
750670,2026-02-07,sábado,13:50:00,GO,60.0,97,anapolis,-16.375536,-48.946743,24.0,0.0,0.0,Com Vítimas Feridas,Não,Problema com o freio,Capotamento,Pleno dia,Sol,Dupla,Reta;Retorno Regulamentado,Sim,Crescente
750671,2026-02-07,sábado,12:48:00,AP,210.0,35,macapa,0.323692,-51.085846,4.0,0.0,0.0,Com Vítimas Feridas,Não,Acumulo de água sobre o pavimento,Saída de leito carroçável,Pleno dia,Chuva,Simples,Reta,Não,Crescente
750672,2026-02-07,sábado,13:10:00,MG,262.0,"622,7",ibia,-19.590359,-46.494354,0.0,2.0,0.0,Com Vítimas Feridas,Sim,Acessar a via sem observar a presença dos outros veículos,Queda de ocupante de veículo,Pleno dia,Nublado,Simples,Curva;Rotatória;Declive,Não,Crescente
750673,2026-02-07,sábado,13:35:00,PR,277.0,326,guarapuava,-25.37209,-51.278675,45.0,0.0,0.0,Com Vítimas Feridas,Não,Acumulo de água sobre o pavimento,Colisão com objeto,Pleno dia,Chuva,Simples,Curva,Não,Decrescente
750675,2026-02-07,sábado,13:10:00,SC,101.0,"13,5",garuva,-26.094826,-48.865715,0.0,0.0,0.0,Sem Vítimas,Sim,Desrespeitar a preferência no cruzamento,Colisão com objeto,Pleno dia,Nublado,Dupla,Interseção de Vias;Retorno Regulamentado;Reta;Declive,Não,Crescente
750676,2026-02-07,sábado,14:48:00,PE,101.0,"49,4",abreu e lima,-7.9064956,-34.901897,6.0,0.0,0.0,Com Vítimas Feridas,Não,Ausência de reação do condutor,Queda de ocupante de veículo,Pleno dia,Céu Claro,Múltipla,Reta,Sim,Decrescente
750677,2026-02-07,sábado,13:40:00,PE,104.0,"134,3",quipapa,-8.817325,-36.01293,2.0,0.0,0.0,Com Vítimas Feridas,Não,Reação tardia ou ineficiente do condutor,Capotamento,Pleno dia,Garoa/Chuvisco,Simples,Curva,Não,Crescente
750678,2026-02-07,sábado,08:00:00,SC,280.0,28,araquari,-26.406895,-48.74803,6.0,0.0,0.0,Com Vítimas Feridas,Sim,Acessar a via sem observar a presença dos outros veículos,Queda de ocupante de veículo,Pleno dia,Céu Claro,Simples,Reta,Sim,Decrescente
750679,2026-02-07,sábado,14:30:00,SC,282.0,383,herval doeste,-27.19579,-51.50689,6.0,12.0,0.0,Com Vítimas Feridas,Não,Velocidade Incompatível,Colisão frontal,Pleno dia,Chuva,Múltipla,Curva;Aclive,Não,Decrescente
750680,2026-02-07,sábado,15:00:00,MG,381.0,"687,9",lavras,-21.186342,-45.117683,18.0,0.0,0.0,Com Vítimas Feridas,Não,Ausência de reação do condutor,Capotamento,Pleno dia,Nublado,Dupla,Reta,Não,Decrescente
750681,2026-02-07,sábado,13:00:00,BA,242.0,267,boa vista do tupim,-12.453227,-40.593163,8.0,0.0,0.0,Com Vítimas Feridas,Não,Problema com o freio,Saída de leito carroçável,Pleno dia,Céu Claro,Simples,Reta;Declive,Não,Decrescente
750682,2026-02-07,sábado,14:10:00,BA,101.0,"745,8",itabela,-16.581406,-39.55663,0.0,0.0,0.0,Sem Vítimas,Sim,Acessar a via sem observar a presença dos outros veículos,Colisão transversal,Pleno dia,Sol,Simples,Reta;Interseção de Vias,Sim,Decrescente
750683,2026-02-07,sábado,14:20:00,BA,110.0,385,catu,-12.415508,-38.474236,12.0,0.0,0.0,Com Vítimas Feridas,Não,Ausência de reação do condutor,Saída de leito carroçável,Pleno dia,Céu Claro,Simples,Reta;Ponte,Não,Decrescente
750685,2026-02-07,sábado,14:00:00,SP,116.0,461,pariquera-acu,-24.61812,-47.891117,0.0,2.0,0.0,Com Vítimas Feridas,Sim,Velocidade Incompatível,Queda de ocupante de veículo,Pleno dia,Céu Claro,Dupla,Reta,Não,Crescente
750686,2026-02-07,sábado,13:20:00,SP,116.0,"76,5",roseira,-22.881533,-45.277233,4.0,0.0,0.0,Com Vítimas Feridas,Sim,Frear bruscamente,Colisão com objeto,Pleno dia,Céu Claro,Dupla,Reta,Não,Crescente
750687,2026-01-30,sexta-feira,19:45:00,MT,70.0,514,varzea grande,-15.706041,-56.133633,0.0,1.0,0.0,Com Vítimas Feridas,Sim,Transitar no Acostamento,Colisão lateral mesmo sentido,Plena Noite,Céu Claro,Simples,Reta;Em Obras,Sim,Crescente