id,data_inversa,dia_semana,horario,uf,br,km,municipio,latitude,longitude,feridos_leves,feridos_graves,mortos,classificacao_acidente,causa_principal,causa_acidente,tipo_acidente,fase_dia,condicao_metereologica,tipo_pista,tracado_via,uso_solo,sentido_via
750916,2026-02-08,domingo,10:10:00,SP,116.0,"156,3",sao jose dos campos,-23.25128,-45.93708,0.0,2.0,0.0,Com Vítimas Feridas,Sim,Avarias e/ou desgaste excessivo no pneu,Queda de ocupante de veículo,Pleno dia,Nublado,Múltipla,Reta,Não,Crescente
750917,2026-02-08,domingo,13:15:00,BA,330.0,809,jequie,-13.995411,-39.93174,2.0,0.0,0.0,Com Vítimas Feridas,Sim,Acessar a via sem observar a presença dos outros veículos,Colisão transversal,Pleno dia,Céu Claro,Simples,Reta,Não,Decrescente
750918,2026-02-08,domingo,09:15:00,RJ,101.0,"523,3",angra dos reis,-22.99971,-44.47337,1.0,0.0,0.0,Com Vítimas Feridas,Sim,Chuva,Saída de leito carroçável,Pleno dia,Chuva,Simples,Curva,Não,Crescente
750919,2026-02-08,domingo,12:33:00,MS,163.0,446,campo grande,-20.75874,-54.53123,8.0,0.0,0.0,Com Vítimas Feridas,Não,Ultrapassagem Indevida,Saída de leito carroçável,Pleno dia,Céu Claro,Simples,Reta;Aclive,Não,Decrescente
750920,2026-02-08,domingo,14:00:00,GO,153.0,"490,7",goiania,-16.621132,-49.206226,1.0,0.0,0.0,Com Vítimas Feridas,Sim,Reação tardia ou ineficiente do condutor,Colisão frontal,Pleno dia,Nublado,Dupla,Reta,Sim,Decrescente
750921,2026-02-08,domingo,13:15:00,PI,316.0,"53,2",monsenhor gil,-5.522782,-42.639797,12.0,6.0,0.0,Com Vítimas Feridas,Não,Ingestão de álcool pelo condutor,Queda de ocupante de veículo,Pleno dia,Nublado,Simples,Curva;Aclive,Não,Crescente
750922,2026-02-08,domingo,11:45:00,RS,285.0,208,lagoa vermelha,-28.224041,-51.610493,1.0,1.0,0.0,Com Vítimas Feridas,Sim,Acessar a via sem observar a presença dos outros veículos,Colisão transversal,Pleno dia,Sol,Simples,Interseção de Vias,Não,Decrescente
750923,2026-02-08,domingo,09:00:00,PE,116.0,18,salgueiro,-8.007506,-39.143215,0.0,0.0,0.0,Sem Vítimas,Sim,Condutor Dormindo,Saída de leito carroçável,Pleno dia,Céu Claro,Simples,Reta,Não,Decrescente
750924,2026-02-08,domingo,14:10:00,MG,153.0,"89,9",prata,-19.145226,-48.963623,2.0,0.0,0.0,Com Vítimas Feridas,Sim,Acumulo de água sobre o pavimento,Capotamento,Pleno dia,Chuva,Simples,Reta,Não,Decrescente
750925,2026-02-08,domingo,12:45:00,BA,116.0,"658,6",jequie,-13.736434,-40.099716,2.0,2.0,0.0,Com Vítimas Feridas,Não,Reação tardia ou ineficiente do condutor,Colisão traseira,Pleno dia,Céu Claro,Simples,Curva,Não,Crescente
750926,2026-02-08,domingo,12:40:00,GO,70.0,34,cocalzinho de goias,-15.785429,-48.482094,16.0,8.0,16.0,Com Vítimas Fatais,Não,Velocidade Incompatível,Saída de leito carroçável,Pleno dia,Chuva,Simples,Curva;Aclive,Não,Crescente
750928,2026-02-08,domingo,13:15:00,MT,364.0,253,juscimeira,-16.091427,-54.868286,0.0,1.0,0.0,Com Vítimas Feridas,Sim,Acumulo de água sobre o pavimento,Saída de leito carroçável,Pleno dia,Chuva,Dupla,Reta,Não,Crescente
750929,2026-02-08,domingo,13:00:00,MA,135.0,33,bacabeira,-2.82491,-44.37442,4.0,0.0,0.0,Com Vítimas Feridas,Não,Demais falhas mecânicas ou elétricas,Capotamento,Pleno dia,Céu Claro,Dupla,Reta,Não,Decrescente
750930,2026-02-08,domingo,13:20:00,MT,163.0,746,sorriso,-12.59758,-55.746624,0.0,0.0,0.0,Sem Vítimas,Sim,Reação tardia ou ineficiente do condutor,Saída de leito carroçável,Pleno dia,Nublado,Dupla,Reta,Não,Crescente
750931,2026-02-08,domingo,11:50:00,PR,277.0,398,candoi,-25.447796,-51.907936,0.0,6.0,18.0,Com Vítimas Fatais,Não,Ausência de reação do condutor,Tombamento,Pleno dia,Nublado,Simples,Aclive;Reta,Não,Crescente
750932,2026-02-08,domingo,15:02:00,RN,226.0,"46,3",bom jesus,-5.9775095,-35.575394,2.0,2.0,0.0,Com Vítimas Feridas,Sim,Ausência de reação do condutor,Capotamento,Pleno dia,Nublado,Simples,Curva,Não,Decrescente
750933,2026-02-08,domingo,15:00:00,RS,470.0,221,garibaldi,-29.213303,-51.51795,1.0,0.0,0.0,Com Vítimas Feridas,Sim,Ingestão de álcool pelo condutor,Colisão com objeto,Pleno dia,Céu Claro,Simples,Reta,Não,Decrescente
750934,2026-02-08,domingo,15:12:00,SP,116.0,85,pindamonhangaba,-22.921362,-45.34328,4.0,0.0,0.0,Com Vítimas Feridas,Sim,Demais falhas mecânicas ou elétricas,Queda de ocupante de veículo,Pleno dia,Céu Claro,Dupla,Reta,Não,Crescente
750935,2026-02-08,domingo,15:20:00,MG,40.0,"460,6",caetanopolis,-19.39918,-44.33558,0.0,0.0,0.0,Sem Vítimas,Não,Curva acentuada,Colisão com objeto,Pleno dia,Chuva,Dupla,Declive;Curva,Não,Crescente
750936,2026-02-08,domingo,16:00:00,MG,50.0,"133,8",uberaba,-19.42212,-48.070164,2.0,0.0,0.0,Com Vítimas Feridas,Sim,Acumulo de água sobre o pavimento,Saída de leito carroçável,Pleno dia,Chuva,Dupla,Ponte;Reta,Não,Crescente
750938,2026-02-08,domingo,15:23:00,RN,101.0,84,sao goncalo do amarante,-5.7734895,-35.260033,0.0,0.0,0.0,Sem Vítimas,Sim,Reação tardia ou ineficiente do condutor,Colisão lateral mesmo sentido,Pleno dia,Nublado,Dupla,Reta,Sim,Crescente
750939,2026-02-08,domingo,14:20:00,RO,364.0,715,porto velho,-8.785083,-63.897053,6.0,0.0,0.0,Com Vítimas Feridas,Não,Ausência de reação do condutor,Colisão transversal,Pleno dia,Céu Claro,Dupla,Curva;Rotatória;Viaduto;Interseção de Vias,Sim,Decrescente
750940,2026-02-08,domingo,14:00:00,RO,364.0,"248,9",cacoal,-11.438201,-61.550484,18.0,0.0,0.0,Com Vítimas Feridas,Não,Reação tardia ou ineficiente do condutor,Saída de leito carroçável,Pleno dia,Céu Claro,Simples,Reta;Aclive,Não,Crescente
750941,2026-02-08,domingo,16:15:00,SP,116.0,213,guarulhos,-23.44266,-46.44426,8.0,0.0,0.0,Com Vítimas Feridas,Não,Chuva,Queda de ocupante de veículo,Pleno dia,Chuva,Múltipla,Reta;Aclive,Sim,Crescente
750942,2026-02-08,domingo,14:50:00,ES,262.0,103,venda nova do imigrante,-20.332176,-41.129875,2.0,0.0,0.0,Com Vítimas Feridas,Sim,Carga excessiva e/ou mal acondicionada,Tombamento,Pleno dia,Sol,Simples,Rotatória,Sim,Crescente
750943,2026-02-08,domingo,16:20:00,TO,153.0,120,wanderlandia,-7.045363,-48.10914,0.0,0.0,0.0,Sem Vítimas,Não,Manobra de mudança de faixa,Colisão frontal,Pleno dia,Céu Claro,Simples,Reta,Não,Crescente
750944,2026-02-08,domingo,16:20:00,SC,470.0,123,ibirama,-27.106602,-49.522583,1.0,0.0,0.0,Com Vítimas Feridas,Sim,Demais falhas mecânicas ou elétricas,Saída de leito carroçável,Pleno dia,Céu Claro,Simples,Curva;Declive,Não,Decrescente
750945,2026-02-08,domingo,15:25:00,MA,135.0,47,bacabeira,-2.94177,-44.32943,0.0,0.0,0.0,Sem Vítimas,Sim,Ausência de reação do condutor,Engavetamento,Pleno dia,Nublado,Dupla,Reta,Sim,Crescente
750946,2026-02-08,domingo,16:40:00,BA,324.0,615,salvador,-12.88506,-38.435684,0.0,0.0,0.0,Sem Vítimas,Sim,Reação tardia ou ineficiente do condutor,Colisão lateral mesmo sentido,Pleno dia,Céu Claro,Dupla,Aclive;Reta,Não,Crescente
750947,2026-02-08,domingo,16:00:00,MG,381.0,492,betim,-19.96245,-44.16347,2.0,0.0,0.0,Com Vítimas Feridas,Sim,Pista esburacada,Queda de ocupante de veículo,Pleno dia,Céu Claro,Dupla,Reta,Não,Crescente
750948,2026-02-08,domingo,15:00:00,PR,277.0,4,curitiba,-25.430775,-49.32981,1.0,0.0,0.0,Com Vítimas Feridas,Sim,Entrada inopinada do pedestre,Atropelamento de Pedestre,Pleno dia,Céu Claro,Dupla,Reta,Sim,Crescente
750949,2026-02-08,domingo,16:10:00,PR,376.0,"175,3",maringa,-23.413378,-51.946213,3.0,0.0,0.0,Com Vítimas Feridas,Sim,Manobra de mudança de faixa,Queda de ocupante de veículo,Pleno dia,Céu Claro,Dupla,Reta,Sim,Crescente
750951,2026-02-08,domingo,15:00:00,MG,365.0,370,patos de minas,-18.54,-46.196,0.0,2.0,0.0,Com Vítimas Feridas,Sim,Chuva,Colisão com objeto,Pleno dia,Chuva,Simples,Reta,Não,Crescente
750952,2026-02-08,domingo,16:00:00,MS,376.0,86,deodapolis,-22.300564,-54.10746,10.0,0.0,0.0,Com Vítimas Feridas,Sim,Demais falhas mecânicas ou elétricas,Capotamento,Pleno dia,Céu Claro,Simples,Reta,Não,Decrescente
750953,2026-02-08,domingo,15:45:00,SC,101.0,"357,4",sangao,-28.646788,-49.10275,0.0,0.0,0.0,Sem Vítimas,Sim,Carga excessiva e/ou mal acondicionada,Colisão com objeto,Pleno dia,Nublado,Dupla,Reta,Não,Decrescente
750954,2026-02-08,domingo,16:30:00,RS,285.0,"295,2",passo fundo,-28.231068,-52.394268,0.0,3.0,0.0,Com Vítimas Feridas,Sim,Demais falhas mecânicas ou elétricas,Saída de leito carroçável,Pleno dia,Céu Claro,Simples,Reta,Sim,Crescente
750955,2026-02-08,domingo,17:00:00,MG,40.0,439,paraopeba,-19.24899,-44.42452,18.0,0.0,0.0,Com Vítimas Feridas,Não,Falta de elemento de contenção que evite a saída do leito carroçável,Colisão com objeto,Pleno dia,Nublado,Dupla,Reta;Aclive,Não,Decrescente
750956,2026-02-08,domingo,17:20:00,PA,163.0,"978,1",santarem,-2.6380606,-54.762512,0.0,0.0,0.0,Sem Vítimas,Sim,Manobra de mudança de faixa,Capotamento,Pleno dia,Céu Claro,Simples,Reta,Não,Decrescente
750958,2026-02-08,domingo,17:20:00,MG,354.0,763,itamonte,-22.33761,-44.825966,1.0,1.0,0.0,Com Vítimas Feridas,Sim,Velocidade Incompatível,Colisão frontal,Pleno dia,Garoa/Chuvisco,Simples,Curva;Declive,Não,Decrescente
750959,2026-02-08,domingo,15:30:00,MG,262.0,"464,7",bom despacho,-19.78796,-45.17592,6.0,0.0,0.0,Com Vítimas Feridas,Não,Chuva,Colisão lateral mesmo sentido,Pleno dia,Chuva,Simples,Curva,Não,Crescente
750960,2026-02-08,domingo,16:15:00,MG,262.0,"400,1",para de minas,-19.88828,-44.64201,4.0,0.0,0.0,Com Vítimas Feridas,Não,Pista Escorregadia,Queda de ocupante de veículo,Pleno dia,Chuva,Dupla,Curva,Não,Decrescente
750961,2026-02-08,domingo,16:40:00,GO,153.0,"662,9",goiatuba,-18.071875,-49.269688,10.0,0.0,0.0,Com Vítimas Feridas,Não,Reação tardia ou ineficiente do condutor,Derramamento de carga,Pleno dia,Chuva,Dupla,Reta;Declive,Não,Decrescente
750962,2026-02-08,domingo,15:00:00,BA,324.0,556,amelia rodrigues,-12.48314,-38.66636,16.0,0.0,0.0,Com Vítimas Feridas,Não,Ausência de reação do condutor,Capotamento,Pleno dia,Céu Claro,Dupla,Reta;Declive,Não,Crescente
750963,2026-02-08,domingo,16:40:00,RS,,,osorio,-29.895704,-50.278244,0.0,4.0,0.0,Com Vítimas Feridas,Não,Ingestão de álcool pelo condutor,Tombamento,Pleno dia,Céu Claro,Dupla,Reta,Sim,Não Informado
750964,2026-02-08,domingo,16:00:00,BA,101.0,381,nova ibia,-13.878443,-39.489502,0.0,0.0,2.0,Com Vítimas Fatais,Sim,Velocidade Incompatível,Tombamento,Pleno dia,Céu Claro,Simples,Curva,Não,Crescente
750965,2026-02-08,domingo,15:45:00,BA,110.0,326,alagoinhas,-12.101018,-38.372414,1.0,0.0,0.0,Com Vítimas Feridas,Sim,Manobra de mudança de faixa,Queda de ocupante de veículo,Pleno dia,Céu Claro,Simples,Reta,Não,Crescente
750966,2026-02-08,domingo,15:10:00,MG,381.0,190,periquito,-19.137619,-42.21729,0.0,1.0,0.0,Com Vítimas Feridas,Sim,Condutor deixou de manter distância do veículo da frente,Colisão traseira,Pleno dia,Céu Claro,Simples,Reta,Não,Decrescente
750967,2026-02-08,domingo,17:20:00,MG,40.0,738,santos dumont,-21.364262,-43.577137,1.0,0.0,0.0,Com Vítimas Feridas,Sim,Velocidade Incompatível,Saída de leito carroçável,Pleno dia,Chuva,Simples,Curva,Não,Crescente
750968,2026-02-08,domingo,18:00:00,CE,20.0,"404,4",caucaia,-3.7749784,-38.681774,0.0,0.0,0.0,Sem Vítimas,Sim,Manobra de mudança de faixa,Colisão com objeto,Anoitecer,Nublado,Simples,Reta,Sim,Crescente
750969,2026-02-08,domingo,14:10:00,BA,116.0,615,jaguaquara,-13.483119,-40.04242,36.0,0.0,0.0,Com Vítimas Feridas,Não,Demais falhas mecânicas ou elétricas,Colisão com objeto,Pleno dia,Céu Claro,Simples,Reta;Declive,Não,Crescente
750970,2026-02-08,domingo,17:20:00,GO,153.0,"527,5",hidrolandia,-16.941364,-49.253735,0.0,2.0,0.0,Com Vítimas Feridas,Sim,Acumulo de água sobre o pavimento,Colisão com objeto,Pleno dia,Chuva,Dupla,Curva;Declive,Não,Crescente
750971,2026-02-08,domingo,17:20:00,SC,470.0,"25,9",ilhota,-26.889349,-48.88075,0.0,1.0,0.0,Com Vítimas Feridas,Sim,Ausência de reação do condutor,Colisão traseira,Pleno dia,Sol,Dupla,Reta,Não,Crescente
750972,2026-02-08,domingo,18:35:00,PB,230.0,"23,1",joao pessoa,-7.159333,-34.859077,0.0,0.0,0.0,Sem Vítimas,Sim,Ausência de reação do condutor,Engavetamento,Plena Noite,Nublado,Dupla,Reta,Sim,Decrescente
750973,2026-02-08,domingo,17:10:00,BA,101.0,"884,8",teixeira de freitas,-17.601105,-39.748405,4.0,0.0,0.0,Com Vítimas Feridas,Sim,Curva acentuada,Colisão com objeto,Pleno dia,Céu Claro,Simples,Curva,Não,Decrescente
750974,2026-02-08,domingo,17:05:00,SC,101.0,59,araquari,-26.441795,-48.799297,0.0,3.0,0.0,Com Vítimas Feridas,Sim,Manobra de mudança de faixa,Queda de ocupante de veículo,Pleno dia,Céu Claro,Dupla,Declive,Não,Decrescente
750975,2026-02-08,domingo,17:10:00,PR,277.0,"23,8",morretes,-25.528873,-48.74374,2.0,0.0,0.0,Com Vítimas Feridas,Sim,Condutor deixou de manter distância do veículo da frente,Engavetamento,Pleno dia,Nublado,Dupla,Reta,Não,Crescente
750976,2026-01-27,terça-feira,19:20:00,RJ,101.0,298,itaborai,-22.77277,-42.933517,6.0,0.0,0.0,Com Vítimas Feridas,Sim,Reação tardia ou ineficiente do condutor,Queda de ocupante de veículo,Plena Noite,Céu Claro,Dupla,Reta,Sim,Decrescente
750977,2026-02-08,domingo,10:30:00,PR,376.0,546,balsa nova,-25.444262,-49.743298,0.0,0.0,0.0,Sem Vítimas,Sim,Ingestão de álcool pelo condutor,Saída de leito carroçável,Pleno dia,Nublado,Dupla,Curva,Não,Decrescente
750978,2026-02-08,domingo,18:20:00,GO,40.0,4,valparaiso de goias,-16.09356,-47.98209,3.0,0.0,0.0,Com Vítimas Feridas,Sim,Acessar a via sem observar a presença dos outros veículos,Queda de ocupante de veículo,Anoitecer,Nublado,Dupla,Reta,Sim,Crescente
750980,2026-02-08,domingo,18:00:00,PE,408.0,"82,8",sao lourenco da mata,-7.99155,-35.07299,8.0,8.0,0.0,Com Vítimas Feridas,Não,Transitar na contramão,Queda de ocupante de veículo,Plena Noite,Nublado,Dupla,Reta,Não,Decrescente
750981,2026-02-08,domingo,18:30:00,MG,40.0,634,conselheiro lafaiete,-20.74,-43.8,0.0,2.0,0.0,Com Vítimas Feridas,Sim,Chuva,Tombamento,Plena Noite,Chuva,Simples,Curva,Não,Decrescente
750982,2026-02-08,domingo,18:30:00,RJ,101.0,471,angra dos reis,-22.993801,-44.23112,0.0,0.0,0.0,Sem Vítimas,Sim,Reação tardia ou ineficiente do condutor,Colisão traseira,Plena Noite,Nublado,Simples,Reta,Não,Crescente
750983,2026-02-08,domingo,17:00:00,MG,381.0,"904,5",cambui,-22.656744,-46.089012,2.0,0.0,0.0,Com Vítimas Feridas,Sim,Chuva,Saída de leito carroçável,Pleno dia,Garoa/Chuvisco,Dupla,Reta,Não,Crescente
750984,2026-02-08,domingo,18:15:00,SC,101.0,137,balneario camboriu,-27.010197,-48.61416,1.0,0.0,0.0,Com Vítimas Feridas,Sim,Manobra de mudança de faixa,Colisão lateral mesmo sentido,Pleno dia,Céu Claro,Dupla,Reta,Sim,Decrescente
750985,2026-02-08,domingo,18:20:00,ES,101.0,"213,2",ibiracu,-19.817377,-40.3674,6.0,0.0,0.0,Com Vítimas Feridas,Não,Reação tardia ou ineficiente do condutor,Engavetamento,Plena Noite,Céu Claro,Simples,Reta,Sim,Crescente
750986,2026-02-08,domingo,18:40:00,ES,101.0,262,serra,-20.159866,-40.27573,1.0,0.0,0.0,Com Vítimas Feridas,Sim,Condutor desrespeitou a iluminação vermelha do semáforo,Colisão transversal,Plena Noite,Céu Claro,Dupla,Reta,Sim,Decrescente
750987,2026-02-08,domingo,18:10:00,PA,163.0,655,itaituba,-4.48695,-55.86638,0.0,1.0,0.0,Com Vítimas Feridas,Sim,Reação tardia ou ineficiente do condutor,Tombamento,Anoitecer,Céu Claro,Dupla,Curva,Não,Crescente
750988,2026-02-08,domingo,19:20:00,PB,230.0,"20,2",joao pessoa,-7.13761,-34.853313,3.0,0.0,0.0,Com Vítimas Feridas,Sim,Reação tardia ou ineficiente do condutor,Queda de ocupante de veículo,Plena Noite,Nublado,Dupla,Viaduto,Sim,Decrescente
750989,2026-02-08,domingo,19:25:00,ES,262.0,"19,7",viana,-20.386635,-40.495926,0.0,1.0,0.0,Com Vítimas Feridas,Sim,Acessar a via sem observar a presença dos outros veículos,Colisão transversal,Plena Noite,Céu Claro,Simples,Reta,Sim,Crescente
750990,2026-02-08,domingo,16:00:00,BA,101.0,237,conceicao do almeida,-12.7851,-39.189026,2.0,0.0,0.0,Com Vítimas Feridas,Não,Ausência de reação do condutor,Colisão frontal,Pleno dia,Sol,Simples,Reta;Declive,Não,Decrescente
750991,2026-02-08,domingo,18:00:00,PR,376.0,370,ortigueira,-24.36275,-50.80965,16.0,0.0,0.0,Com Vítimas Feridas,Não,Acumulo de óleo sobre o pavimento,Colisão frontal,Anoitecer,Chuva,Dupla,Reta,Não,Crescente
750992,2026-02-08,domingo,19:15:00,SC,101.0,224,palhoca,-27.72385,-48.64379,2.0,0.0,0.0,Com Vítimas Feridas,Sim,Ausência de reação do condutor,Queda de ocupante de veículo,Plena Noite,Céu Claro,Dupla,Reta,Não,Decrescente
750993,2026-02-08,domingo,15:00:00,MG,116.0,480,dom cavati,-19.397152,-42.114536,1.0,0.0,0.0,Com Vítimas Feridas,Sim,Velocidade Incompatível,Colisão lateral mesmo sentido,Pleno dia,Céu Claro,Simples,Reta,Sim,Decrescente
750994,2026-02-08,domingo,15:30:00,MG,381.0,628,oliveira,-20.819666,-44.800186,2.0,0.0,0.0,Com Vítimas Feridas,Sim,Reação tardia ou ineficiente do condutor,Saída de leito carroçável,Pleno dia,Chuva,Dupla,Curva,Não,Decrescente
750995,2026-02-08,domingo,19:10:00,SP,116.0,"160,1",jacarei,-23.27113,-45.96809,2.0,2.0,0.0,Com Vítimas Feridas,Sim,Reação tardia ou ineficiente do condutor,Queda de ocupante de veículo,Plena Noite,Garoa/Chuvisco,Dupla,Reta,Sim,Crescente
750996,2026-02-08,domingo,19:30:00,SE,101.0,192,cristinapolis,-11.4381,-37.73236,1.0,0.0,0.0,Com Vítimas Feridas,Sim,Acessar a via sem observar a presença dos outros veículos,Colisão transversal,Plena Noite,Nublado,Simples,Reta,Não,Crescente
750997,2026-02-08,domingo,18:36:00,PB,230.0,"36,9",santa rita,-7.129204,-34.953125,0.0,18.0,0.0,Com Vítimas Feridas,Não,Iluminação deficiente,Queda de ocupante de veículo,Plena Noite,Nublado,Dupla,Reta,Sim,Decrescente
750998,2026-02-08,domingo,19:45:00,TO,10.0,"463,3",palmas,-10.2314,-48.31143,0.0,0.0,0.0,Sem Vítimas,Sim,Velocidade Incompatível,Colisão traseira,Plena Noite,Céu Claro,Múltipla,Reta,Sim,Crescente
750999,2026-02-08,domingo,18:40:00,SC,470.0,"53,2",blumenau,-26.868855,-49.104992,0.0,1.0,0.0,Com Vítimas Feridas,Sim,Acessar a via sem observar a presença dos outros veículos,Colisão transversal,Pleno dia,Céu Claro,Simples,Reta,Sim,Crescente
751000,2026-02-08,domingo,18:30:00,MG,381.0,923,camanducaia,-22.774942,-46.186596,0.0,0.0,0.0,Sem Vítimas,Sim,Chuva,Saída de leito carroçável,Plena Noite,Chuva,Dupla,Curva,Não,Decrescente
751001,2026-02-08,domingo,14:30:00,AL,101.0,131,sao miguel dos campos,-9.768343,-36.07532,0.0,1.0,0.0,Com Vítimas Feridas,Sim,Chuva,Queda de ocupante de veículo,Pleno dia,Céu Claro,Simples,Reta,Não,Crescente
751002,2026-02-08,domingo,18:15:00,MT,70.0,287,primavera do leste,-15.575481,-54.349495,2.0,0.0,0.0,Com Vítimas Feridas,Não,Demais falhas mecânicas ou elétricas,Colisão lateral sentido oposto,Plena Noite,Chuva,Simples,Reta,Não,Decrescente
751003,2026-02-08,domingo,16:30:00,SP,116.0,381,miracatu,-24.240679,-47.362766,0.0,0.0,0.0,Sem Vítimas,Sim,Manobra de mudança de faixa,Colisão lateral mesmo sentido,Pleno dia,Céu Claro,Dupla,Curva,Não,Crescente
751004,2026-02-08,domingo,18:10:00,PR,163.0,158,lindoeste,-25.31817,-53.591362,0.0,0.0,0.0,Sem Vítimas,Não,Ingestão de álcool pelo condutor,Capotamento,Pleno dia,Céu Claro,Dupla,Declive,Não,Decrescente
751005,2026-02-08,domingo,19:00:00,RN,101.0,125,sao jose de mipibu,-6.075783,-35.23355,0.0,2.0,0.0,Com Vítimas Feridas,Sim,Transitar na contramão,Atropelamento de Pedestre,Plena Noite,Céu Claro,Dupla,Reta,Sim,Decrescente
751006,2026-02-08,domingo,19:53:00,PE,101.0,"91,4",cabo de santo agostinho,-8.236295,-34.999695,0.0,3.0,3.0,Com Vítimas Fatais,Sim,Transitar na contramão,Colisão traseira,Plena Noite,Céu Claro,Simples,Reta,Sim,Crescente
751007,2026-02-08,domingo,19:30:00,DF,20.0,12,brasilia,-15.638081,-47.748985,2.0,0.0,0.0,Com Vítimas Feridas,Sim,Objeto estático sobre o leito carroçável,Colisão com objeto,Plena Noite,Céu Claro,Dupla,Reta;Declive;Em Obras,Sim,Crescente
751008,2026-02-08,domingo,20:20:00,PE,424.0,"94,8",garanhuns,-8.923234,-36.48963,1.0,0.0,0.0,Com Vítimas Feridas,Sim,Ausência de reação do condutor,Queda de ocupante de veículo,Plena Noite,Nublado,Simples,Reta;Declive,Não,Crescente
751009,2026-02-08,domingo,20:12:00,SC,101.0,"206,8",sao jose,-27.59907,-48.621563,2.0,0.0,0.0,Com Vítimas Feridas,Sim,Reação tardia ou ineficiente do condutor,Colisão traseira,Plena Noite,Nublado,Múltipla,Reta,Sim,Decrescente
751010,2026-02-08,domingo,19:10:00,PR,153.0,"369,5",rio azul,-25.741495,-50.809906,4.0,4.0,0.0,Com Vítimas Feridas,Não,Chuva,Saída de leito carroçável,Anoitecer,Chuva,Simples,Curva,Não,Crescente
751011,2026-02-08,domingo,17:50:00,RJ,493.0,97,seropedica,-22.706715,-43.698215,2.0,0.0,0.0,Com Vítimas Feridas,Sim,Acumulo de água sobre o pavimento,Saída de leito carroçável,Anoitecer,Chuva,Dupla,Reta,Não,Decrescente
751012,2026-02-08,domingo,20:00:00,GO,364.0,113,cachoeira alta,-18.301285,-51.146828,12.0,72.0,0.0,Com Vítimas Feridas,Não,Chuva,Colisão com objeto,Plena Noite,Chuva,Simples,Reta;Ponte;Em Obras,Sim,Crescente
751013,2026-02-08,domingo,20:10:00,ES,101.0,"178,9",aracruz,-19.615622,-40.21471,2.0,0.0,0.0,Com Vítimas Feridas,Sim,Ausência de reação do condutor,Queda de ocupante de veículo,Plena Noite,Céu Claro,Simples,Reta,Não,Crescente
751014,2026-02-08,domingo,20:15:00,SC,101.0,"205,6",sao jose,-27.589457,-48.61711,1.0,0.0,0.0,Com Vítimas Feridas,Sim,Ausência de reação do condutor,Colisão traseira,Plena Noite,Nublado,Múltipla,Reta,Não,Decrescente
751015,2026-02-08,domingo,19:00:00,MG,50.0,"30,5",araguari,-18.6205,-48.11006,1.0,0.0,0.0,Com Vítimas Feridas,Sim,Ingestão de álcool pelo condutor,Saída de leito carroçável,Plena Noite,Céu Claro,Dupla,Curva,Não,Decrescente
751016,2026-02-08,domingo,18:00:00,MG,40.0,4,paracatu,-17.057,-47.131,3.0,0.0,0.0,Com Vítimas Feridas,Não,Pista Escorregadia,Saída de leito carroçável,Plena Noite,Chuva,Simples,Curva,Não,Crescente
751017,2026-02-08,domingo,18:00:00,MT,163.0,686,lucas do rio verde,-13.083593,-55.94077,0.0,0.0,0.0,Sem Vítimas,Sim,Ingestão de álcool pelo condutor,Saída de leito carroçável,Plena Noite,Garoa/Chuvisco,Simples,Curva,Sim,Decrescente
751018,2026-02-08,domingo,18:40:00,MG,251.0,350,padre carvalho,-16.264605,-42.52596,6.0,0.0,0.0,Com Vítimas Feridas,Não,Velocidade Incompatível,Capotamento,Plena Noite,Céu Claro,Simples,Reta,Não,Decrescente
751019,2026-02-08,domingo,20:00:00,SP,116.0,283,embu das artes,-23.671078,-46.856083,4.0,0.0,0.0,Com Vítimas Feridas,Sim,Pista esburacada,Queda de ocupante de veículo,Plena Noite,Céu Claro,Dupla,Reta,Sim,Crescente
751020,2026-02-08,domingo,20:30:00,MG,40.0,"484,9",sete lagoas,-19.58079,-44.2291,0.0,0.0,0.0,Sem Vítimas,Não,Acesso irregular,Colisão com objeto,Plena Noite,Garoa/Chuvisco,Dupla,Retorno Regulamentado,Sim,Crescente
751021,2026-02-08,domingo,20:00:00,PR,277.0,171,palmeira,-25.447058,-49.954723,0.0,0.0,2.0,Com Vítimas Fatais,Não,Reação tardia ou ineficiente do condutor,Atropelamento de Pedestre,Plena Noite,Garoa/Chuvisco,Dupla,Reta,Não,Crescente
751022,2026-02-08,domingo,18:30:00,GO,60.0,"233,4",indiara,-17.07936,-49.829815,0.0,27.0,0.0,Com Vítimas Feridas,Não,Reação tardia ou ineficiente do condutor,Tombamento,Anoitecer,Chuva,Dupla,Reta;Declive,Não,Crescente
751023,2026-02-08,domingo,20:10:00,RJ,101.0,490,angra dos reis,-22.956278,-44.3095,0.0,1.0,3.0,Com Vítimas Fatais,Sim,Chuva,Eventos atípicos,Plena Noite,Chuva,Simples,Reta,Não,Crescente
751024,2026-02-08,domingo,20:40:00,RS,290.0,113,eldorado do sul,-30.044327,-51.34436,1.0,0.0,0.0,Com Vítimas Feridas,Sim,Ingestão de álcool pelo condutor,Colisão transversal,Plena Noite,Céu Claro,Simples,Reta,Não,Crescente
751025,2026-02-08,domingo,20:19:00,BA,324.0,550,amelia rodrigues,-12.445393,-38.716537,0.0,0.0,6.0,Com Vítimas Fatais,Não,Pedestre andava na pista,Atropelamento de Pedestre,Plena Noite,Céu Claro,Dupla,Reta,Não,Decrescente
751026,2026-02-08,domingo,20:20:00,SC,163.0,78,sao miguel do oeste,-26.673824,-53.518173,2.0,0.0,0.0,Com Vítimas Feridas,Sim,Ingestão de álcool pelo condutor,Capotamento,Plena Noite,Céu Claro,Simples,Reta,Não,Decrescente