id,data_inversa,dia_semana,horario,uf,br,km,municipio,latitude,longitude,feridos_leves,feridos_graves,mortos,classificacao_acidente,causa_principal,causa_acidente,tipo_acidente,fase_dia,condicao_metereologica,tipo_pista,tracado_via,uso_solo,sentido_via
751027,2026-02-08,domingo,20:40:00,RS,386.0,"390,8",triunfo,-29.702726,-51.66874,4.0,0.0,0.0,Com Vítimas Feridas,Não,Ingestão de álcool pelo condutor,Saída de leito carroçável,Plena Noite,Céu Claro,Dupla,Reta;Rotatória,Não,Decrescente
751028,2026-02-08,domingo,19:10:00,RJ,393.0,"285,5",volta redonda,-22.505177,-44.07277,2.0,1.0,0.0,Com Vítimas Feridas,Sim,Acessar a via sem observar a presença dos outros veículos,Colisão transversal,Plena Noite,Garoa/Chuvisco,Simples,Rotatória,Sim,Decrescente
751029,2026-02-08,domingo,21:00:00,MG,40.0,481,sete lagoas,-19.55378,-44.243538,12.0,12.0,0.0,Com Vítimas Feridas,Não,Iluminação deficiente,Queda de ocupante de veículo,Plena Noite,Chuva,Simples,Reta,Não,Crescente
751030,2026-02-08,domingo,18:40:00,PI,316.0,"396,2",francisco macedo,-7.322208,-40.795708,0.0,0.0,3.0,Com Vítimas Fatais,Sim,Transitar na contramão,Tombamento,Plena Noite,Chuva,Simples,Reta,Não,Decrescente
751031,2026-02-08,domingo,21:00:00,MG,116.0,"811,7",alem paraiba,-21.845304,-42.671608,0.0,8.0,0.0,Com Vítimas Feridas,Não,Reação tardia ou ineficiente do condutor,Capotamento,Plena Noite,Chuva,Simples,Reta,Não,Decrescente
751032,2026-02-08,domingo,19:15:00,RJ,116.0,254,pirai,-22.581207,-43.977768,3.0,0.0,0.0,Com Vítimas Feridas,Não,Pista Escorregadia,Colisão com objeto,Plena Noite,Garoa/Chuvisco,Múltipla,Reta,Não,Crescente
751033,2026-02-08,domingo,19:15:00,MG,381.0,"646,5",santo antonio do amparo,-20.920158,-44.869034,0.0,0.0,0.0,Sem Vítimas,Sim,Velocidade Incompatível,Colisão com objeto,Plena Noite,Ignorado,Dupla,Curva,Não,Crescente
751035,2026-02-08,domingo,21:30:00,SP,101.0,30,ubatuba,-23.376131,-44.965935,6.0,0.0,0.0,Com Vítimas Feridas,Não,Ingestão de álcool pelo condutor,Queda de ocupante de veículo,Plena Noite,Chuva,Simples,Reta,Não,Crescente
751036,2026-02-08,domingo,17:00:00,MT,174.0,560,comodoro,-13.0372,-59.909424,0.0,2.0,0.0,Com Vítimas Feridas,Sim,Ausência de reação do condutor,Queda de ocupante de veículo,Pleno dia,Céu Claro,Simples,Reta,Não,Decrescente
751037,2026-02-08,domingo,21:30:00,ES,101.0,8,serra,-20.127028,-40.340878,1.0,0.0,0.0,Com Vítimas Feridas,Sim,Afundamento ou ondulação no pavimento,Queda de ocupante de veículo,Plena Noite,Céu Claro,Dupla,Reta,Não,Crescente
751038,2026-02-08,domingo,21:30:00,RJ,393.0,279,barra do pirai,-22.48064,-44.0382,0.0,0.0,0.0,Sem Vítimas,Sim,Ingestão de álcool pelo condutor,Colisão frontal,Plena Noite,Chuva,Simples,Reta,Sim,Decrescente
751040,2026-02-08,domingo,20:30:00,BA,116.0,"458,8",santo estevao,-12.44412,-39.237125,3.0,1.0,0.0,Com Vítimas Feridas,Sim,Condutor Dormindo,Colisão traseira,Plena Noite,Nublado,Dupla,Aclive,Sim,Crescente
751042,2026-02-08,domingo,19:50:00,PI,316.0,11,teresina,-5.190799,-42.761307,0.0,0.0,0.0,Sem Vítimas,Não,Desrespeitar a preferência no cruzamento,Colisão transversal,Pleno dia,Chuva,Múltipla,Rotatória,Sim,Crescente
751043,2026-02-08,domingo,21:04:00,PE,101.0,117,ipojuca,-8.352699,-35.1516,0.0,0.0,0.0,Sem Vítimas,Sim,Ausência de reação do condutor,Capotamento,Plena Noite,Nublado,Dupla,Curva,Não,Crescente
751044,2026-02-08,domingo,22:15:00,PB,230.0,6,cabedelo,-7.024057,-34.837486,3.0,3.0,0.0,Com Vítimas Feridas,Sim,Ingestão de álcool pelo condutor,Queda de ocupante de veículo,Plena Noite,Nublado,Dupla,Reta,Sim,Decrescente
751046,2026-02-08,domingo,06:25:00,MT,70.0,608,rosario oeste,-15.0,-56.0,2.0,0.0,0.0,Com Vítimas Feridas,Não,Ausência de reação do condutor,Colisão lateral mesmo sentido,Pleno dia,Céu Claro,Simples,Reta,Não,Decrescente
751047,2026-02-08,domingo,19:00:00,SC,101.0,294,imbituba,-28.316095,-48.725113,0.0,1.0,0.0,Com Vítimas Feridas,Sim,Ausência de reação do condutor,Queda de ocupante de veículo,Plena Noite,Chuva,Múltipla,Rotatória,Sim,Decrescente
751048,2026-02-08,domingo,22:00:00,BA,116.0,548,milagres,-12.892051,-39.85943,0.0,1.0,0.0,Com Vítimas Feridas,Sim,Pedestre andava na pista,Atropelamento de Pedestre,Plena Noite,Chuva,Simples,Reta;Declive,Não,Decrescente
751049,2026-02-08,domingo,22:40:00,PE,101.0,92,cabo de santo agostinho,-8.22725,-34.9946,0.0,0.0,0.0,Sem Vítimas,Não,Ausência de reação do condutor,Colisão lateral mesmo sentido,Plena Noite,Céu Claro,Dupla,Reta,Não,Decrescente
751051,2026-02-08,domingo,20:15:00,MT,174.0,288,pontes e lacerda,-15.24793,-59.312008,2.0,0.0,0.0,Com Vítimas Feridas,Sim,Acessar a via sem observar a presença dos outros veículos,Queda de ocupante de veículo,Plena Noite,Céu Claro,Simples,Reta,Sim,Decrescente
751052,2026-02-08,domingo,21:30:00,PI,316.0,56,monsenhor gil,-5.561498,-42.612843,2.0,0.0,0.0,Com Vítimas Feridas,Sim,Acessar a via sem observar a presença dos outros veículos,Colisão frontal,Plena Noite,Garoa/Chuvisco,Simples,Reta,Sim,Crescente
751053,2026-02-08,domingo,22:00:00,SC,116.0,"37,5",itaiopolis,-26.342,-50.03,1.0,0.0,0.0,Com Vítimas Feridas,Sim,Ausência de reação do condutor,Saída de leito carroçável,Pleno dia,Céu Claro,Simples,Reta,Não,Crescente
751055,2026-02-08,domingo,21:03:00,MT,163.0,853,sinop,-11.696879,-55.452557,1.0,0.0,0.0,Com Vítimas Feridas,Sim,Ausência de reação do condutor,Queda de ocupante de veículo,Plena Noite,Nublado,Simples,Reta,Sim,Decrescente
751056,2026-02-08,domingo,21:00:00,PB,405.0,"10,8",uirauna,-6.5263553,-38.415543,0.0,6.0,0.0,Com Vítimas Feridas,Não,Ingestão de álcool pelo condutor,Queda de ocupante de veículo,Plena Noite,Céu Claro,Simples,Reta,Sim,Crescente
751057,2026-02-08,domingo,20:45:00,MT,364.0,266,jaciara,-15.994369,-54.921062,3.0,0.0,0.0,Com Vítimas Feridas,Sim,Ingestão de álcool pelo condutor,Queda de ocupante de veículo,Plena Noite,Chuva,Dupla,Ponte;Reta,Não,Crescente
751058,2026-02-08,domingo,22:48:00,GO,153.0,434,anapolis,-16.28612,-48.945232,0.0,0.0,0.0,Sem Vítimas,Sim,Condutor deixou de manter distância do veículo da frente,Colisão traseira,Plena Noite,Céu Claro,Dupla,Reta,Sim,Crescente
751059,2026-02-08,domingo,21:30:00,GO,60.0,"31,1",alexania,-16.090443,-48.497696,12.0,0.0,12.0,Com Vítimas Fatais,Não,Deixar de acionar o farol da motocicleta (ou similar),Tombamento,Plena Noite,Nublado,Dupla,Reta,Sim,Crescente
751060,2026-02-08,domingo,22:50:00,RS,290.0,68,gravatai,-29.94391,-50.940205,0.0,0.0,0.0,Sem Vítimas,Sim,Ausência de reação do condutor,Capotamento,Plena Noite,Céu Claro,Dupla,Reta,Sim,Decrescente
751061,2026-02-08,domingo,22:00:00,PR,277.0,160,palmeira,-25.44579,-49.958157,2.0,2.0,0.0,Com Vítimas Feridas,Sim,Reação tardia ou ineficiente do condutor,Tombamento,Plena Noite,Garoa/Chuvisco,Dupla,Reta,Não,Crescente
751062,2026-02-08,domingo,23:36:00,SC,470.0,"35,3",gaspar,-26.913862,-48.9682,2.0,2.0,0.0,Com Vítimas Feridas,Sim,Ingestão de álcool pelo condutor,Tombamento,Pleno dia,Céu Claro,Dupla,Desvio Temporário,Não,Crescente
751063,2026-02-08,domingo,14:30:00,BA,116.0,644,jaguaquara,-13.610227,-40.090805,0.0,0.0,2.0,Com Vítimas Fatais,Sim,Reação tardia ou ineficiente do condutor,Colisão lateral mesmo sentido,Pleno dia,Céu Claro,Simples,Curva,Não,Crescente
751064,2026-02-09,segunda-feira,00:25:00,PR,116.0,120,curitiba,-25.586212,-49.314217,3.0,0.0,0.0,Com Vítimas Feridas,Sim,Ausência de reação do condutor,Queda de ocupante de veículo,Plena Noite,Nublado,Dupla,Aclive,Sim,Decrescente
751065,2026-02-09,segunda-feira,00:30:00,SC,116.0,"258,6",capao alto,-27.894001,-50.424442,0.0,0.0,0.0,Sem Vítimas,Sim,Reação tardia ou ineficiente do condutor,Colisão com objeto,Plena Noite,Céu Claro,Simples,Curva,Não,Crescente
751066,2026-02-08,domingo,22:20:00,MG,116.0,"549,6",santa barbara do leste,-19.96866,-42.13643,0.0,2.0,0.0,Com Vítimas Feridas,Não,Ingestão de álcool pelo condutor,Colisão transversal,Plena Noite,Nublado,Simples,Reta;Interseção de Vias,Não,Crescente
751067,2026-02-09,segunda-feira,00:20:00,RS,472.0,573,uruguaiana,-29.764858,-57.039856,27.0,0.0,0.0,Com Vítimas Feridas,Não,Transitar na contramão,Colisão com objeto,Plena Noite,Céu Claro,Simples,Curva,Não,Crescente
751068,2026-02-09,segunda-feira,00:30:00,SP,381.0,73,sao paulo,-23.372822,-46.558243,4.0,0.0,0.0,Com Vítimas Feridas,Sim,Ingestão de álcool pelo condutor,Tombamento,Plena Noite,Nublado,Dupla,Curva;Aclive,Não,Decrescente
751069,2026-02-09,segunda-feira,01:25:00,RJ,101.0,389,rio de janeiro,-22.8928,-43.6716,0.0,0.0,0.0,Sem Vítimas,Sim,Condutor deixou de manter distância do veículo da frente,Colisão com objeto,Plena Noite,Garoa/Chuvisco,Dupla,Reta,Sim,Decrescente
751070,2026-02-08,domingo,15:00:00,SE,235.0,"43,9",itabaiana,-10.755432,-37.394497,1.0,0.0,0.0,Com Vítimas Feridas,Sim,Chuva,Queda de ocupante de veículo,Pleno dia,Chuva,Simples,Reta,Não,Decrescente
751071,2026-02-09,segunda-feira,02:20:00,PE,101.0,79,jaboatao dos guararapes,-8.14532,-34.947166,0.0,0.0,0.0,Sem Vítimas,Sim,Demais falhas mecânicas ou elétricas,Incêndio,Plena Noite,Céu Claro,Dupla,Reta,Sim,Crescente
751072,2026-02-08,domingo,20:55:00,SP,116.0,"80,5",roseira,-22.9015,-45.30526,2.0,0.0,0.0,Com Vítimas Feridas,Sim,Chuva,Capotamento,Plena Noite,Chuva,Dupla,Reta,Não,Decrescente
751073,2026-02-08,domingo,17:15:00,SP,381.0,61,mairipora,-23.289028,-46.581276,4.0,0.0,0.0,Com Vítimas Feridas,Não,Velocidade Incompatível,Colisão com objeto,Pleno dia,Chuva,Dupla,Curva,Não,Decrescente
751075,2026-02-09,segunda-feira,01:10:00,BA,101.0,"541,1",sao jose da vitoria,-15.082441,-39.3403,0.0,1.0,1.0,Com Vítimas Fatais,Sim,Velocidade Incompatível,Colisão traseira,Plena Noite,Céu Claro,Simples,Interseção de Vias,Não,Crescente
751076,2026-02-09,segunda-feira,03:40:00,ES,262.0,"18,7",viana,-20.393074,-40.48737,0.0,1.0,0.0,Com Vítimas Feridas,Sim,Suicídio (presumido),Atropelamento de Pedestre,Plena Noite,Céu Claro,Simples,Curva,Sim,Crescente
751077,2026-02-09,segunda-feira,03:30:00,ES,101.0,"330,4",guarapari,-20.5968,-40.5029,0.0,8.0,4.0,Com Vítimas Fatais,Sim,Pedestre andava na pista,Capotamento,Plena Noite,Céu Claro,Dupla,Curva,Não,Crescente
751078,2026-02-09,segunda-feira,03:45:00,PB,230.0,19,joao pessoa,-7.129649,-34.84987,0.0,2.0,0.0,Com Vítimas Feridas,Sim,Ausência de reação do condutor,Queda de ocupante de veículo,Pleno dia,Céu Claro,Dupla,Reta,Sim,Decrescente
751079,2026-02-09,segunda-feira,04:40:00,GO,452.0,184,itumbiara,-18.396585,-49.321552,0.0,9.0,9.0,Com Vítimas Fatais,Não,Neblina,Tombamento,Plena Noite,Garoa/Chuvisco,Simples,Reta,Não,Decrescente
751080,2026-02-08,domingo,21:05:00,RS,386.0,"33,9",frederico westphalen,-27.3594,-53.38877,0.0,0.0,0.0,Sem Vítimas,Sim,Condutor deixou de manter distância do veículo da frente,Colisão traseira,Plena Noite,Céu Claro,Simples,Reta,Sim,Crescente
751081,2026-02-09,segunda-feira,05:30:00,ES,101.0,"155,9",linhares,-19.445309,-40.093903,1.0,0.0,0.0,Com Vítimas Feridas,Sim,Demais falhas mecânicas ou elétricas,Queda de ocupante de veículo,Amanhecer,Céu Claro,Simples,Reta,Não,Crescente
751082,2026-02-09,segunda-feira,05:20:00,RJ,116.0,180,belford roxo,-22.76522,-43.414986,8.0,0.0,0.0,Com Vítimas Feridas,Não,Condutor deixou de manter distância do veículo da frente,Engavetamento,Amanhecer,Nublado,Dupla,Reta,Sim,Decrescente
751083,2026-02-09,segunda-feira,04:50:00,SC,101.0,205,sao jose,-27.584566,-48.615456,0.0,0.0,0.0,Sem Vítimas,Sim,Reação tardia ou ineficiente do condutor,Colisão com objeto,Plena Noite,Nublado,Múltipla,Reta,Sim,Decrescente
751084,2026-02-09,segunda-feira,05:20:00,SE,235.0,8,nossa senhora do socorro,-10.884375,-37.13366,4.0,0.0,0.0,Com Vítimas Feridas,Sim,Ultrapassagem Indevida,Colisão frontal,Pleno dia,Céu Claro,Simples,Declive;Viaduto,Não,Crescente
751085,2026-02-09,segunda-feira,05:00:00,SP,116.0,"343,3",miracatu,-24.02605,-47.17299,1.0,0.0,0.0,Com Vítimas Feridas,Sim,Demais falhas na via,Tombamento,Plena Noite,Nublado,Dupla,Curva,Não,Decrescente
751086,2026-02-08,domingo,21:20:00,SC,282.0,"656,8",sao miguel do oeste,-26.687946,-53.549065,0.0,2.0,0.0,Com Vítimas Feridas,Não,Ingestão de álcool pelo condutor,Colisão com objeto,Plena Noite,Céu Claro,Simples,Curva;Ponte,Não,Decrescente
751087,2026-02-09,segunda-feira,04:15:00,MG,116.0,706,muriae,-21.15067,-42.382713,0.0,0.0,2.0,Com Vítimas Fatais,Sim,Transitar na contramão,Colisão frontal,Plena Noite,Garoa/Chuvisco,Simples,Reta,Não,Crescente
751088,2026-02-09,segunda-feira,06:00:00,BA,101.0,942,mucuri,-18.064262,-39.87819,1.0,0.0,0.0,Com Vítimas Feridas,Sim,Acessar a via sem observar a presença dos outros veículos,Colisão transversal,Amanhecer,Céu Claro,Simples,Reta,Não,Decrescente
751089,2026-02-08,domingo,23:30:00,GO,452.0,79,maurilandia,-18.052732,-50.218945,16.0,0.0,0.0,Com Vítimas Feridas,Não,Ingestão de álcool pelo condutor,Capotamento,Plena Noite,Nublado,Simples,Interseção de Vias,Não,Crescente
751090,2026-02-09,segunda-feira,06:35:00,RS,290.0,61,gravatai,-29.931572,-50.8757,2.0,0.0,0.0,Com Vítimas Feridas,Sim,Demais falhas mecânicas ou elétricas,Tombamento,Amanhecer,Céu Claro,Dupla,Reta,Não,Crescente
751092,2026-02-09,segunda-feira,06:45:00,SC,280.0,50,guaramirim,-26.462633,-48.94835,6.0,0.0,0.0,Com Vítimas Feridas,Sim,Avarias e/ou desgaste excessivo no pneu,Queda de ocupante de veículo,Pleno dia,Céu Claro,Simples,Curva,Não,Decrescente
751093,2026-02-09,segunda-feira,05:30:00,MS,262.0,"527,6",aquidauana,-20.360197,-56.12455,0.0,0.0,2.0,Com Vítimas Fatais,Não,Condutor usando celular,Colisão frontal,Pleno dia,Céu Claro,Simples,Reta,Não,Crescente
751094,2026-02-08,domingo,22:30:00,SP,116.0,282,embu das artes,-23.664337,-46.853836,2.0,0.0,0.0,Com Vítimas Feridas,Sim,Ausência de reação do condutor,Colisão lateral mesmo sentido,Plena Noite,Nublado,Dupla,Reta,Sim,Decrescente
751095,2026-02-09,segunda-feira,06:30:00,MG,381.0,"447,6",belo horizonte,-19.840063,-43.876274,0.0,3.0,0.0,Com Vítimas Feridas,Sim,Acessar a via sem observar a presença dos outros veículos,Queda de ocupante de veículo,Amanhecer,Ignorado,Simples,Reta,Sim,Crescente
751096,2026-02-09,segunda-feira,06:50:00,SC,101.0,221,palhoca,-27.703388,-48.658768,1.0,0.0,0.0,Com Vítimas Feridas,Sim,Velocidade Incompatível,Queda de ocupante de veículo,Pleno dia,Nublado,Dupla,Reta,Não,Decrescente
751097,2026-02-09,segunda-feira,06:00:00,GO,40.0,106,cristalina,-16.827871,-47.54182,0.0,0.0,0.0,Sem Vítimas,Sim,Condutor Dormindo,Saída de leito carroçável,Amanhecer,Nublado,Dupla,Reta,Não,Decrescente
751098,2026-02-08,domingo,23:50:00,RO,435.0,63,vilhena,-13.088383,-60.369766,0.0,3.0,0.0,Com Vítimas Feridas,Sim,Reação tardia ou ineficiente do condutor,Queda de ocupante de veículo,Plena Noite,Nublado,Simples,Curva,Não,Decrescente
751099,2026-02-08,domingo,19:28:00,RJ,40.0,92,petropolis,-22.552671,-43.25129,0.0,2.0,0.0,Com Vítimas Feridas,Sim,Problema com o freio,Colisão com objeto,Plena Noite,Chuva,Dupla,Curva;Declive,Não,Crescente
751100,2026-02-09,segunda-feira,07:20:00,SC,470.0,"58,4",blumenau,-26.884314,-49.148335,1.0,0.0,0.0,Com Vítimas Feridas,Sim,Acesso irregular,Colisão lateral mesmo sentido,Pleno dia,Céu Claro,Simples,Reta,Não,Crescente
751101,2026-02-09,segunda-feira,01:00:00,BA,116.0,615,jaguaquara,-13.485656,-40.044724,0.0,0.0,0.0,Sem Vítimas,Não,Ingestão de álcool pelo condutor,Colisão frontal,Plena Noite,Céu Claro,Simples,Reta,Não,Crescente
751102,2026-02-09,segunda-feira,06:40:00,RN,110.0,"45,1",mossoro,-5.194048,-37.313244,3.0,0.0,0.0,Com Vítimas Feridas,Sim,Ausência de reação do condutor,Queda de ocupante de veículo,Pleno dia,Nublado,Simples,Reta,Sim,Crescente
751103,2026-02-09,segunda-feira,06:30:00,GO,153.0,"593,8",piracanjuba,-17.485346,-49.209965,0.0,2.0,0.0,Com Vítimas Feridas,Sim,Pista esburacada,Queda de ocupante de veículo,Amanhecer,Nublado,Dupla,Reta,Não,Crescente
751104,2026-02-09,segunda-feira,07:04:00,RN,101.0,98,natal,-5.8683825,-35.21786,0.0,6.0,0.0,Com Vítimas Feridas,Não,Ausência de reação do condutor,Queda de ocupante de veículo,Pleno dia,Céu Claro,Dupla,Reta,Sim,Decrescente
751105,2026-02-09,segunda-feira,06:50:00,RJ,101.0,434,mangaratiba,-22.93735,-44.046463,4.0,0.0,0.0,Com Vítimas Feridas,Não,Chuva,Saída de leito carroçável,Pleno dia,Chuva,Simples,Declive,Sim,Crescente
751106,2026-02-09,segunda-feira,07:30:00,RS,386.0,"134,9",sarandi,-27.953066,-52.917183,2.0,0.0,0.0,Com Vítimas Feridas,Sim,Acessar a via sem observar a presença dos outros veículos,Tombamento,Pleno dia,Céu Claro,Simples,Declive;Interseção de Vias,Sim,Decrescente
751107,2026-02-08,domingo,20:55:00,MG,262.0,"552,1",corrego danta,-19.74409,-45.961697,0.0,0.0,0.0,Sem Vítimas,Sim,Acessar a via sem observar a presença dos outros veículos,Colisão transversal,Plena Noite,Chuva,Simples,Curva;Interseção de Vias,Não,Decrescente
751108,2026-02-09,segunda-feira,07:00:00,MG,381.0,494,betim,-19.96573,-44.17728,1.0,0.0,0.0,Com Vítimas Feridas,Sim,Manobra de mudança de faixa,Colisão lateral mesmo sentido,Pleno dia,Chuva,Múltipla,Reta,Não,Crescente
751109,2026-02-09,segunda-feira,06:50:00,SP,153.0,"207,1",guaimbe,-21.88381,-49.908604,6.0,0.0,0.0,Com Vítimas Feridas,Sim,Acessar a via sem observar a presença dos outros veículos,Tombamento,Plena Noite,Céu Claro,Simples,Reta,Não,Crescente
751110,2026-02-09,segunda-feira,05:15:00,PE,232.0,412,serra talhada,-7.987638,-38.32739,0.0,12.0,0.0,Com Vítimas Feridas,Não,Ausência de reação do condutor,Queda de ocupante de veículo,Pleno dia,Céu Claro,Simples,Reta,Não,Decrescente
751111,2026-02-09,segunda-feira,07:47:00,MG,50.0,7,uberlandia,-18.865076,-48.211285,0.0,2.0,0.0,Com Vítimas Feridas,Sim,Reação tardia ou ineficiente do condutor,Capotamento,Amanhecer,Garoa/Chuvisco,Dupla,Reta,Não,Crescente
751112,2026-01-29,quinta-feira,06:10:00,SC,282.0,"38,5",aguas mornas,-27.715435,-48.86849,0.0,0.0,0.0,Sem Vítimas,Não,Transitar na contramão,Colisão transversal,Pleno dia,Céu Claro,Simples,Reta;Declive,Sim,Decrescente
751113,2026-02-09,segunda-feira,07:15:00,PR,153.0,"9,5",jacarezinho,-23.071598,-49.93347,1.0,0.0,0.0,Com Vítimas Feridas,Sim,Acessar a via sem observar a presença dos outros veículos,Colisão transversal,Pleno dia,Céu Claro,Simples,Reta,Não,Decrescente
751114,2026-02-09,segunda-feira,07:15:00,SC,280.0,"55,8",guaramirim,-26.479082,-49.001083,1.0,0.0,0.0,Com Vítimas Feridas,Sim,Pedestre andava na pista,Atropelamento de Pedestre,Pleno dia,Céu Claro,Dupla,Interseção de Vias;Rotatória;Viaduto,Sim,Crescente
751115,2026-02-09,segunda-feira,03:40:00,MT,174.0,"118,1",mirassol doeste,-15.821984,-58.03219,0.0,0.0,0.0,Sem Vítimas,Sim,Animais na Pista,Atropelamento de Animal,Plena Noite,Nublado,Simples,Reta,Não,Decrescente
751116,2026-02-09,segunda-feira,07:10:00,PI,343.0,"4,8",teresina,-5.081907,-42.79407,15.0,0.0,0.0,Com Vítimas Feridas,Não,Velocidade Incompatível,Queda de ocupante de veículo,Pleno dia,Céu Claro,Múltipla,Ponte;Reta,Sim,Crescente
751117,2026-02-09,segunda-feira,07:31:00,MG,381.0,494,betim,-19.974318,-44.18604,4.0,0.0,0.0,Com Vítimas Feridas,Não,Pista Escorregadia,Colisão com objeto,Pleno dia,Chuva,Múltipla,Reta;Interseção de Vias,Sim,Crescente
751118,2026-02-09,segunda-feira,07:30:00,SE,235.0,"2,1",aracaju,-10.907397,-37.093384,0.0,4.0,0.0,Com Vítimas Feridas,Não,Reação tardia ou ineficiente do condutor,Queda de ocupante de veículo,Pleno dia,Céu Claro,Dupla,Reta,Sim,Crescente
751119,2026-01-15,quinta-feira,17:50:00,BA,116.0,418,feira de santana,-12.19864,-38.965458,2.0,0.0,0.0,Com Vítimas Feridas,Sim,Ultrapassagem Indevida,Colisão transversal,Anoitecer,Ignorado,Simples,Reta;Aclive,Sim,Crescente
751120,2026-02-09,segunda-feira,08:20:00,PI,343.0,341,teresina,-5.07851,-42.74955,1.0,0.0,0.0,Com Vítimas Feridas,Sim,Condutor deixou de manter distância do veículo da frente,Colisão traseira,Pleno dia,Sol,Múltipla,Interseção de Vias,Sim,Decrescente
751121,2026-02-09,segunda-feira,06:40:00,MT,364.0,403,cuiaba,-15.645544,-56.00981,3.0,0.0,0.0,Com Vítimas Feridas,Sim,Ausência de reação do condutor,Queda de ocupante de veículo,Pleno dia,Nublado,Dupla,Reta,Não,Crescente
751122,2026-02-09,segunda-feira,07:30:00,RJ,40.0,87,petropolis,-22.560425,-43.22707,2.0,0.0,0.0,Com Vítimas Feridas,Sim,Condutor Dormindo,Colisão com objeto,Pleno dia,Nublado,Dupla,Reta;Aclive,Não,Decrescente
751123,2026-02-09,segunda-feira,08:05:00,SC,153.0,"97,2",concordia,-27.22929,-51.952747,1.0,0.0,0.0,Com Vítimas Feridas,Sim,Acessar a via sem observar a presença dos outros veículos,Colisão transversal,Pleno dia,Céu Claro,Simples,Interseção de Vias;Curva,Não,Decrescente
751125,2026-02-09,segunda-feira,08:00:00,PR,476.0,144,curitiba,-25.547108,-49.319794,2.0,0.0,0.0,Com Vítimas Feridas,Não,Manobra de mudança de faixa,Colisão traseira,Pleno dia,Céu Claro,Dupla,Reta,Sim,Decrescente
751126,2026-02-09,segunda-feira,08:10:00,MG,40.0,469,sete lagoas,-19.450056,-44.31696,2.0,0.0,0.0,Com Vítimas Feridas,Sim,Chuva,Capotamento,Pleno dia,Chuva,Dupla,Reta,Não,Decrescente
751128,2026-01-31,sábado,13:10:00,RJ,40.0,123,duque de caxias,-22.803759,-43.28986,1.0,0.0,0.0,Com Vítimas Feridas,Sim,Reação tardia ou ineficiente do condutor,Queda de ocupante de veículo,Pleno dia,Céu Claro,Múltipla,Reta,Sim,Decrescente
751130,2026-02-09,segunda-feira,08:55:00,SC,101.0,204,florianopolis,-27.56625,-48.572567,1.0,0.0,0.0,Com Vítimas Feridas,Sim,Manobra de mudança de faixa,Colisão transversal,Pleno dia,Céu Claro,Dupla,Reta,Sim,Crescente
751131,2026-02-09,segunda-feira,07:10:00,AC,307.0,186,cruzeiro do sul,-7.659737,-72.647705,2.0,0.0,0.0,Com Vítimas Feridas,Não,Ausência de reação do condutor,Colisão traseira,Pleno dia,Céu Claro,Simples,Curva,Sim,Crescente
751132,2026-02-09,segunda-feira,05:20:00,MG,40.0,300,tres marias,-18.35287,-45.093327,0.0,0.0,0.0,Sem Vítimas,Sim,Redutor de velocidade em desacordo,Colisão com objeto,Amanhecer,Chuva,Simples,Declive,Não,Decrescente
751133,2026-02-09,segunda-feira,08:20:00,PE,424.0,"94,6",garanhuns,-8.88017,-36.493786,4.0,0.0,0.0,Com Vítimas Feridas,Sim,Ausência de reação do condutor,Queda de ocupante de veículo,Pleno dia,Céu Claro,Simples,Reta;Declive,Não,Crescente
751134,2026-02-09,segunda-feira,07:40:00,PR,376.0,"605,1",curitiba,-25.539673,-49.311886,6.0,0.0,0.0,Com Vítimas Feridas,Não,Ausência de reação do condutor,Colisão traseira,Pleno dia,Sol,Dupla,Reta,Não,Decrescente
751135,2026-02-09,segunda-feira,07:50:00,RO,364.0,550,rio crespo,-9.650288,-63.075596,2.0,0.0,0.0,Com Vítimas Feridas,Não,Reação tardia ou ineficiente do condutor,Colisão lateral sentido oposto,Pleno dia,Nublado,Simples,Curva,Não,Crescente
751136,2026-02-09,segunda-feira,07:46:00,MG,116.0,765,leopoldina,-21.542686,-42.65591,2.0,0.0,0.0,Com Vítimas Feridas,Sim,Acessar a via sem observar a presença dos outros veículos,Queda de ocupante de veículo,Pleno dia,Céu Claro,Simples,Reta,Não,Crescente
751137,2026-02-09,segunda-feira,10:00:00,PB,230.0,"20,6",alhandra,-7.3337564,-34.947674,1.0,1.0,0.0,Com Vítimas Feridas,Sim,Acostamento em desnível,Queda de ocupante de veículo,Pleno dia,Céu Claro,Dupla,Reta,Sim,Crescente
751138,2026-01-31,sábado,16:00:00,AP,156.0,598,calcoene,2.4831023,-50.974133,0.0,0.0,0.0,Sem Vítimas,Sim,Ausência de reação do condutor,Saída de leito carroçável,Pleno dia,Chuva,Simples,Reta,Não,Decrescente
751139,2026-02-09,segunda-feira,10:20:00,ES,262.0,"61,9",marechal floriano,-20.423538,-40.798935,4.0,0.0,0.0,Com Vítimas Feridas,Sim,Velocidade Incompatível,Colisão com objeto,Pleno dia,Céu Claro,Simples,Curva,Não,Crescente
751140,2026-02-09,segunda-feira,08:47:00,ES,101.0,"144,1",linhares,-19.352728,-40.0638,2.0,0.0,0.0,Com Vítimas Feridas,Não,Reação tardia ou ineficiente do condutor,Colisão transversal,Pleno dia,Céu Claro,Simples,Reta,Sim,Crescente