id,data_inversa,dia_semana,horario,uf,br,km,municipio,latitude,longitude,feridos_leves,feridos_graves,mortos,classificacao_acidente,causa_principal,causa_acidente,tipo_acidente,fase_dia,condicao_metereologica,tipo_pista,tracado_via,uso_solo,sentido_via
751260,2026-02-09,segunda-feira,19:00:00,SC,101.0,148,itapema,-27.10193,-48.617832,2.0,0.0,0.0,Com Vítimas Feridas,Sim,Manobra de mudança de faixa,Colisão transversal,Plena Noite,Nublado,Múltipla,Reta,Sim,Crescente
751261,2026-02-09,segunda-feira,12:10:00,PR,153.0,"456,8",uniao da vitoria,-26.209242,-51.11699,0.0,0.0,1.0,Com Vítimas Fatais,Sim,Suicídio (presumido),Colisão frontal,Pleno dia,Sol,Simples,Reta,Não,Crescente
751262,2026-02-09,segunda-feira,17:30:00,SC,282.0,"641,6",sao miguel do oeste,-26.772282,-53.46181,1.0,0.0,0.0,Com Vítimas Feridas,Sim,Conversão proibida,Colisão lateral mesmo sentido,Pleno dia,Céu Claro,Simples,Reta,Não,Decrescente
751263,2026-02-09,segunda-feira,19:30:00,PR,153.0,"82,2",conselheiro mairinck,-23.627495,-50.14765,2.0,1.0,0.0,Com Vítimas Feridas,Sim,Desrespeitar a preferência no cruzamento,Colisão transversal,Anoitecer,Céu Claro,Simples,Interseção de Vias,Não,Crescente
751264,2026-02-09,segunda-feira,19:50:00,MG,365.0,455,patrocinio,-18.838804,-46.846115,1.0,1.0,0.0,Com Vítimas Feridas,Sim,Deficiência do Sistema de Iluminação/Sinalização,Colisão frontal,Plena Noite,Chuva,Simples,Reta,Não,Decrescente
751265,2026-02-09,segunda-feira,20:10:00,SC,101.0,132,camboriu,-26.999828,-48.65021,3.0,3.0,0.0,Com Vítimas Feridas,Sim,Ausência de reação do condutor,Queda de ocupante de veículo,Plena Noite,Nublado,Dupla,Reta;Declive,Sim,Decrescente
751266,2026-02-09,segunda-feira,19:13:00,PR,369.0,36,andira,-23.04517,-50.232162,1.0,0.0,0.0,Com Vítimas Feridas,Sim,Reação tardia ou ineficiente do condutor,Colisão traseira,Plena Noite,Céu Claro,Simples,Reta,Sim,Crescente
751267,2026-02-09,segunda-feira,20:00:00,MG,50.0,"189,9",delta,-19.911274,-47.832054,0.0,3.0,0.0,Com Vítimas Feridas,Sim,Acesso irregular,Queda de ocupante de veículo,Plena Noite,Chuva,Dupla,Reta;Declive,Não,Crescente
751268,2026-02-09,segunda-feira,19:00:00,RJ,101.0,477,angra dos reis,-23.004465,-44.259342,1.0,0.0,0.0,Com Vítimas Feridas,Sim,Chuva,Queda de ocupante de veículo,Plena Noite,Chuva,Simples,Curva,Não,Decrescente
751269,2026-02-09,segunda-feira,20:30:00,PR,369.0,193,arapongas,-23.462753,-51.423462,0.0,6.0,6.0,Com Vítimas Fatais,Não,Iluminação deficiente,Queda de ocupante de veículo,Plena Noite,Céu Claro,Dupla,Reta,Não,Decrescente
751270,2026-02-09,segunda-feira,20:30:00,SC,101.0,86,barra velha,-26.636854,-48.69685,2.0,0.0,0.0,Com Vítimas Feridas,Sim,Acessar a via sem observar a presença dos outros veículos,Colisão lateral mesmo sentido,Plena Noite,Céu Claro,Dupla,Rotatória,Sim,Crescente
751271,2026-02-09,segunda-feira,20:50:00,MG,50.0,165,uberaba,-19.703148,-47.98548,0.0,0.0,0.0,Sem Vítimas,Sim,Chuva,Colisão com objeto,Plena Noite,Céu Claro,Dupla,Reta,Não,Decrescente
751272,2026-02-09,segunda-feira,19:20:00,MA,10.0,130,estreito,-6.54993,-47.43419,8.0,0.0,0.0,Com Vítimas Feridas,Não,Transitar na contramão,Tombamento,Plena Noite,Céu Claro,Simples,Interseção de Vias;Reta,Sim,Decrescente
751273,2026-02-09,segunda-feira,16:40:00,MG,381.0,243,santana do paraiso,-19.43138,-42.433754,0.0,4.0,0.0,Com Vítimas Feridas,Sim,Desrespeitar a preferência no cruzamento,Queda de ocupante de veículo,Anoitecer,Nublado,Simples,Reta,Não,Decrescente
751275,2026-02-09,segunda-feira,20:45:00,PR,163.0,199,cascavel,-25.006517,-53.554695,1.0,0.0,0.0,Com Vítimas Feridas,Sim,Ausência de reação do condutor,Colisão com objeto,Plena Noite,Céu Claro,Dupla,Reta,Não,Crescente
751276,2026-02-09,segunda-feira,17:00:00,MG,116.0,431,alpercata,-18.994663,-41.98023,1.0,0.0,0.0,Com Vítimas Feridas,Sim,Reação tardia ou ineficiente do condutor,Capotamento,Pleno dia,Céu Claro,Simples,Reta,Não,Decrescente
751277,2026-02-09,segunda-feira,15:00:00,MT,163.0,"38,8",guaranta do norte,-9.759641,-54.895718,0.0,0.0,0.0,Sem Vítimas,Sim,Mal súbito do condutor,Tombamento,Pleno dia,Ignorado,Simples,Aclive,Não,Crescente
751278,2026-02-09,segunda-feira,21:30:00,RJ,116.0,271,barra mansa,-22.559286,-44.123672,1.0,0.0,0.0,Com Vítimas Feridas,Sim,Acumulo de água sobre o pavimento,Colisão transversal,Plena Noite,Chuva,Múltipla,Curva,Sim,Crescente
751279,2026-02-09,segunda-feira,21:30:00,SC,101.0,117,itajai,-26.890514,-48.720783,1.0,0.0,0.0,Com Vítimas Feridas,Sim,Reação tardia ou ineficiente do condutor,Tombamento,Plena Noite,Chuva,Dupla,Rotatória,Sim,Decrescente
751280,2026-02-09,segunda-feira,19:28:00,MA,135.0,"5,5",sao luis,-2.633227,-44.313187,4.0,0.0,0.0,Com Vítimas Feridas,Não,Iluminação deficiente,Queda de ocupante de veículo,Plena Noite,Céu Claro,Dupla,Reta,Não,Decrescente
751281,2026-02-09,segunda-feira,21:30:00,BA,116.0,"803,5",planalto,-14.680178,-40.520508,1.0,0.0,0.0,Com Vítimas Feridas,Sim,Declive acentuado,Tombamento,Plena Noite,Céu Claro,Simples,Reta,Não,Decrescente
751282,2026-02-09,segunda-feira,21:30:00,SP,116.0,53,lorena,-22.751429,-45.104263,3.0,0.0,0.0,Com Vítimas Feridas,Não,Desrespeitar a preferência no cruzamento,Colisão transversal,Plena Noite,Chuva,Simples,Reta;Aclive;Rotatória;Interseção de Vias;Retorno Regulamentado,Não,Decrescente
751283,2026-02-09,segunda-feira,22:50:00,SP,116.0,154,sao jose dos campos,-23.23701,-45.918346,4.0,0.0,0.0,Com Vítimas Feridas,Sim,Acumulo de água sobre o pavimento,Colisão com objeto,Plena Noite,Chuva,Dupla,Reta,Sim,Decrescente
751286,2026-02-09,segunda-feira,23:30:00,GO,60.0,372,rio verde,-17.728054,-50.86531,0.0,0.0,0.0,Sem Vítimas,Não,Reação tardia ou ineficiente do condutor,Saída de leito carroçável,Plena Noite,Chuva,Dupla,Reta,Não,Decrescente
751287,2026-02-08,domingo,13:00:00,PE,408.0,"65,9",paudalho,-7.89256,-35.17445,0.0,0.0,0.0,Sem Vítimas,Sim,Reação tardia ou ineficiente do condutor,Tombamento,Pleno dia,Ignorado,Dupla,Curva,Não,Decrescente
751288,2026-02-10,terça-feira,00:40:00,ES,101.0,159,linhares,-19.476475,-40.11396,2.0,0.0,0.0,Com Vítimas Feridas,Sim,Reação tardia ou ineficiente do condutor,Colisão traseira,Pleno dia,Céu Claro,Simples,Reta,Não,Crescente
751289,2026-02-10,terça-feira,01:00:00,PE,408.0,"61,5",carpina,-7.82684,-35.24533,0.0,0.0,0.0,Sem Vítimas,Não,Reação tardia ou ineficiente do condutor,Capotamento,Plena Noite,Ignorado,Simples,Reta,Sim,Decrescente
751290,2026-02-10,terça-feira,02:20:00,RJ,116.0,69,teresopolis,-22.320908,-42.9389,0.0,0.0,0.0,Sem Vítimas,Sim,Ingestão de álcool pelo condutor,Saída de leito carroçável,Plena Noite,Chuva,Simples,Curva,Não,Decrescente
751291,2026-02-10,terça-feira,02:30:00,AL,104.0,89,rio largo,-9.488684,-35.81621,2.0,0.0,0.0,Com Vítimas Feridas,Sim,Acessar a via sem observar a presença dos outros veículos,Colisão transversal,Plena Noite,Céu Claro,Dupla,Reta,Sim,Crescente
751292,2026-02-10,terça-feira,03:40:00,RN,304.0,"65,1",mossoro,-5.362712,-37.247803,4.0,0.0,0.0,Com Vítimas Feridas,Sim,Velocidade Incompatível,Saída de leito carroçável,Plena Noite,Nublado,Simples,Reta,Não,Crescente
751293,2026-02-09,segunda-feira,14:15:00,RJ,101.0,322,niteroi,-22.878567,-43.110653,2.0,0.0,0.0,Com Vítimas Feridas,Sim,Reação tardia ou ineficiente do condutor,Queda de ocupante de veículo,Pleno dia,Garoa/Chuvisco,Simples,Curva,Sim,Crescente
751294,2026-02-10,terça-feira,05:00:00,MG,381.0,888,cambui,-22.523634,-46.023933,6.0,0.0,0.0,Com Vítimas Feridas,Sim,Ausência de reação do condutor,Colisão frontal,Amanhecer,Garoa/Chuvisco,Dupla,Reta,Não,Crescente
751295,2026-02-10,terça-feira,05:00:00,BA,116.0,"416,5",feira de santana,-12.176637,-38.965202,3.0,0.0,0.0,Com Vítimas Feridas,Sim,Animais na Pista,Colisão com objeto,Amanhecer,Céu Claro,Múltipla,Reta,Sim,Crescente
751297,2026-02-10,terça-feira,01:57:00,MA,10.0,298,cidelandia,-5.131415,-47.545376,0.0,0.0,0.0,Sem Vítimas,Sim,Animais na Pista,Atropelamento de Animal,Plena Noite,Céu Claro,Simples,Reta,Não,Decrescente
751298,2026-02-10,terça-feira,03:00:00,MG,381.0,767,campanha,-21.747255,-45.3878,3.0,0.0,0.0,Com Vítimas Feridas,Sim,Reação tardia ou ineficiente do condutor,Tombamento,Plena Noite,Chuva,Dupla,Reta,Não,Decrescente
751301,2026-02-10,terça-feira,06:15:00,RJ,493.0,19,mage,-22.66545,-43.029785,6.0,0.0,0.0,Com Vítimas Feridas,Não,Transitar no Acostamento,Queda de ocupante de veículo,Pleno dia,Nublado,Simples,Reta,Sim,Crescente
751302,2026-02-10,terça-feira,06:47:00,TO,153.0,"140,5",araguaina,-7.173016,-48.216442,2.0,0.0,0.0,Com Vítimas Feridas,Sim,Acessar a via sem observar a presença dos outros veículos,Colisão traseira,Amanhecer,Céu Claro,Dupla,Retorno Regulamentado;Curva;Interseção de Vias,Sim,Crescente
751303,2026-02-10,terça-feira,02:00:00,BA,116.0,"416,5",feira de santana,-12.176773,-38.965157,2.0,0.0,0.0,Com Vítimas Feridas,Sim,Animais na Pista,Atropelamento de Animal,Plena Noite,Céu Claro,Múltipla,Reta,Sim,Crescente
751304,2026-02-10,terça-feira,07:10:00,PR,376.0,178,maringa,-23.417725,-51.916527,1.0,0.0,0.0,Com Vítimas Feridas,Sim,Ausência de reação do condutor,Colisão traseira,Pleno dia,Céu Claro,Dupla,Reta,Sim,Crescente
751306,2026-02-10,terça-feira,06:00:00,MA,135.0,"45,6",bacabeira,-2.92679,-44.33769,2.0,0.0,0.0,Com Vítimas Feridas,Não,Acostamento em desnível,Tombamento,Amanhecer,Céu Claro,Dupla,Declive,Não,Crescente
751307,2026-02-10,terça-feira,07:05:00,MA,135.0,15,sao luis,-2.698208,-44.3071,0.0,3.0,0.0,Com Vítimas Feridas,Sim,Reação tardia ou ineficiente do condutor,Queda de ocupante de veículo,Pleno dia,Céu Claro,Dupla,Reta,Sim,Crescente
751308,2026-02-10,terça-feira,07:20:00,MA,135.0,3,sao luis,-2.61137,-44.250423,3.0,3.0,0.0,Com Vítimas Feridas,Sim,Ausência de reação do condutor,Queda de ocupante de veículo,Pleno dia,Céu Claro,Dupla,Reta,Sim,Crescente
751309,2026-02-10,terça-feira,06:00:00,MS,163.0,"254,5",dourados,-22.268454,-54.812683,0.0,4.0,0.0,Com Vítimas Feridas,Sim,Ausência de reação do condutor,Queda de ocupante de veículo,Amanhecer,Céu Claro,Dupla,Reta,Sim,Decrescente
751310,2026-02-10,terça-feira,06:20:00,RO,364.0,"185,3",pimenta bueno,-11.746045,-61.10903,0.0,10.0,10.0,Com Vítimas Fatais,Não,Reação tardia ou ineficiente do condutor,Saída de leito carroçável,Amanhecer,Nublado,Simples,Curva,Não,Decrescente
751311,2026-02-10,terça-feira,06:30:00,CE,222.0,"22,8",caucaia,-3.7629,-38.6593,1.0,0.0,0.0,Com Vítimas Feridas,Sim,Condutor deixou de manter distância do veículo da frente,Colisão traseira,Pleno dia,Céu Claro,Dupla,Reta,Sim,Decrescente
751312,2026-02-10,terça-feira,03:30:00,PE,232.0,172,belo jardim,-8.338759,-36.362415,0.0,2.0,0.0,Com Vítimas Feridas,Sim,Acessar a via sem observar a presença dos outros veículos,Queda de ocupante de veículo,Plena Noite,Céu Claro,Simples,Aclive;Reta,Não,Decrescente
751313,2026-02-10,terça-feira,05:12:00,RJ,40.0,114,duque de caxias,-22.720507,-43.289772,0.0,0.0,0.0,Sem Vítimas,Sim,Demais falhas mecânicas ou elétricas,Incêndio,Amanhecer,Nublado,Múltipla,Reta,Sim,Crescente
751314,2026-02-10,terça-feira,07:00:00,PR,376.0,"184,8",sarandi,-23.446774,-51.86216,0.0,0.0,0.0,Sem Vítimas,Sim,Reação tardia ou ineficiente do condutor,Colisão lateral mesmo sentido,Pleno dia,Sol,Dupla,Reta,Sim,Decrescente
751315,2026-01-31,sábado,15:20:00,BA,101.0,"584,9",camacan,-15.393351,-39.476585,0.0,2.0,0.0,Com Vítimas Feridas,Sim,Ausência de reação do condutor,Queda de ocupante de veículo,Pleno dia,Céu Claro,Simples,Reta,Não,Decrescente
751316,2026-02-10,terça-feira,08:11:00,DF,40.0,"0,7",brasilia,-15.982829,-47.988033,0.0,0.0,0.0,Sem Vítimas,Não,Condutor deixou de manter distância do veículo da frente,Engavetamento,Pleno dia,Céu Claro,Dupla,Reta,Sim,Crescente
751317,2026-02-06,sexta-feira,18:00:00,RS,290.0,94,porto alegre,-29.972002,-51.19518,9.0,0.0,0.0,Com Vítimas Feridas,Sim,Ausência de reação do condutor,Colisão traseira,Pleno dia,Nublado,Dupla,Reta,Não,Decrescente
751318,2026-02-10,terça-feira,06:50:00,RS,116.0,248,sao leopoldo,-29.772701,-51.15439,3.0,0.0,0.0,Com Vítimas Feridas,Sim,Conversão proibida,Queda de ocupante de veículo,Pleno dia,Céu Claro,Dupla,Reta;Interseção de Vias;Viaduto,Sim,Crescente
751319,2026-02-10,terça-feira,07:00:00,SC,101.0,261,paulo lopes,-28.013166,-48.695072,1.0,0.0,0.0,Com Vítimas Feridas,Sim,Ausência de reação do condutor,Saída de leito carroçável,Pleno dia,Céu Claro,Dupla,Reta,Não,Crescente
751320,2026-02-10,terça-feira,05:45:00,RS,386.0,33,frederico westphalen,-27.34995,-53.386353,1.0,1.0,0.0,Com Vítimas Feridas,Sim,Acessar a via sem observar a presença dos outros veículos,Colisão transversal,Amanhecer,Céu Claro,Simples,Interseção de Vias;Reta;Declive,Sim,Crescente
751321,2026-02-10,terça-feira,07:15:00,GO,153.0,"501,1",goiania,-16.713198,-49.233627,0.0,6.0,0.0,Com Vítimas Feridas,Não,Trafegar com motocicleta (ou similar) entre as faixas,Queda de ocupante de veículo,Pleno dia,Nublado,Dupla,Reta,Sim,Decrescente
751322,2026-02-10,terça-feira,07:55:00,PR,277.0,"1,3",paranagua,-25.551287,-48.552273,6.0,0.0,0.0,Com Vítimas Feridas,Não,Ausência de reação do condutor,Queda de ocupante de veículo,Pleno dia,Céu Claro,Dupla,Rotatória,Sim,Decrescente
751323,2026-02-10,terça-feira,08:20:00,SE,101.0,152,estancia,-11.26774,-37.44238,2.0,1.0,0.0,Com Vítimas Feridas,Sim,Entrada inopinada do pedestre,Atropelamento de Pedestre,Pleno dia,Sol,Simples,Reta,Sim,Crescente
751324,2026-02-10,terça-feira,05:30:00,PR,369.0,23,cambara,-23.040285,-50.118343,1.0,2.0,3.0,Com Vítimas Fatais,Sim,Ultrapassagem Indevida,Colisão transversal,Amanhecer,Céu Claro,Simples,Reta;Declive,Não,Crescente
751325,2026-02-10,terça-feira,07:50:00,MG,50.0,72,uberlandia,-18.898357,-48.243153,3.0,0.0,0.0,Com Vítimas Feridas,Sim,Reação tardia ou ineficiente do condutor,Capotamento,Amanhecer,Nublado,Dupla,Reta,Sim,Decrescente
751326,2026-02-10,terça-feira,07:15:00,MG,381.0,2,betim,-19.977518,-44.16016,6.0,0.0,0.0,Com Vítimas Feridas,Não,Velocidade Incompatível,Queda de ocupante de veículo,Pleno dia,Nublado,Múltipla,Curva,Sim,Decrescente
751328,2026-02-10,terça-feira,07:30:00,GO,153.0,503,goiania,-16.722784,-49.239464,0.0,1.0,0.0,Com Vítimas Feridas,Sim,Condutor deixou de manter distância do veículo da frente,Colisão traseira,Pleno dia,Céu Claro,Dupla,Reta,Sim,Decrescente
751329,2026-02-10,terça-feira,07:50:00,PR,476.0,144,curitiba,-25.545656,-49.31677,0.0,0.0,0.0,Sem Vítimas,Sim,Condutor deixou de manter distância do veículo da frente,Saída de leito carroçável,Pleno dia,Nublado,Dupla,Curva;Declive,Não,Decrescente
751330,2026-02-10,terça-feira,07:50:00,PR,277.0,32,morretes,-25.562403,-48.81291,1.0,0.0,0.0,Com Vítimas Feridas,Sim,Manobra de mudança de faixa,Colisão lateral mesmo sentido,Pleno dia,Céu Claro,Dupla,Curva;Declive,Sim,Crescente
751331,2026-02-10,terça-feira,07:30:00,RJ,101.0,429,mangaratiba,-22.936934,-44.01033,4.0,0.0,0.0,Com Vítimas Feridas,Não,Chuva,Tombamento,Pleno dia,Chuva,Simples,Curva,Não,Decrescente
751332,2026-02-10,terça-feira,07:00:00,CE,222.0,225,sobral,-3.7186909,-40.33245,0.0,2.0,2.0,Com Vítimas Fatais,Sim,Acessar a via sem observar a presença dos outros veículos,Queda de ocupante de veículo,Pleno dia,Céu Claro,Simples,Interseção de Vias,Sim,Crescente
751333,2026-02-04,quarta-feira,06:10:00,SE,101.0,"132,8",estancia,-11.123795,-37.37981,0.0,6.0,0.0,Com Vítimas Feridas,Não,Retorno proibido,Queda de ocupante de veículo,Pleno dia,Céu Claro,Dupla,Reta;Declive,Não,Decrescente
751334,2026-02-10,terça-feira,07:40:00,MG,381.0,"913,4",camanducaia,-22.720238,-46.129124,0.0,0.0,0.0,Sem Vítimas,Sim,Velocidade Incompatível,Colisão com objeto,Pleno dia,Chuva,Dupla,Curva,Não,Crescente
751335,2026-02-10,terça-feira,08:34:00,GO,40.0,"60,4",luziania,-16.531498,-47.80305,4.0,0.0,0.0,Com Vítimas Feridas,Sim,Condutor deixou de manter distância do veículo da frente,Queda de ocupante de veículo,Pleno dia,Céu Claro,Simples,Reta,Não,Crescente
751336,2026-02-10,terça-feira,09:10:00,PE,101.0,"78,3",jaboatao dos guararapes,-8.13833,-34.94724,6.0,0.0,0.0,Com Vítimas Feridas,Sim,Carga excessiva e/ou mal acondicionada,Queda de ocupante de veículo,Pleno dia,Céu Claro,Dupla,Curva,Sim,Decrescente
751337,2026-02-10,terça-feira,06:00:00,RJ,40.0,114,duque de caxias,-22.720411,-43.28977,2.0,0.0,0.0,Com Vítimas Feridas,Sim,Reação tardia ou ineficiente do condutor,Tombamento,Pleno dia,Céu Claro,Múltipla,Reta,Não,Crescente
751338,2026-02-10,terça-feira,08:30:00,MG,262.0,441,nova serrana,-19.860575,-45.005753,1.0,0.0,0.0,Com Vítimas Feridas,Sim,Chuva,Queda de ocupante de veículo,Pleno dia,Chuva,Simples,Reta,Sim,Decrescente
751339,2026-02-10,terça-feira,07:10:00,RO,319.0,143,porto velho,-8.75869,-63.88603,0.0,1.0,0.0,Com Vítimas Feridas,Sim,Reação tardia ou ineficiente do condutor,Colisão lateral mesmo sentido,Pleno dia,Garoa/Chuvisco,Dupla,Interseção de Vias,Sim,Crescente
751340,2026-02-10,terça-feira,09:20:00,BA,324.0,623,salvador,-12.939946,-38.471416,4.0,0.0,0.0,Com Vítimas Feridas,Sim,Manobra de mudança de faixa,Tombamento,Pleno dia,Céu Claro,Dupla,Reta,Sim,Crescente
751341,2026-02-10,terça-feira,07:45:00,SP,116.0,205,aruja,-23.415066,-46.367413,16.0,0.0,0.0,Com Vítimas Feridas,Não,Reação tardia ou ineficiente do condutor,Colisão traseira,Pleno dia,Nublado,Múltipla,Reta,Sim,Decrescente
751342,2026-01-25,domingo,17:00:00,MG,381.0,727,carmo da cachoeira,-21.515839,-45.22069,2.0,0.0,0.0,Com Vítimas Feridas,Sim,Ausência de reação do condutor,Colisão com objeto,Pleno dia,Nublado,Dupla,Curva;Aclive,Não,Crescente
751343,2026-02-10,terça-feira,08:30:00,SC,101.0,203,sao jose,-27.561123,-48.61656,0.0,12.0,0.0,Com Vítimas Feridas,Não,Ausência de reação do condutor,Colisão com objeto,Pleno dia,Céu Claro,Múltipla,Curva;Viaduto,Sim,Decrescente
751344,2026-02-10,terça-feira,08:50:00,SC,101.0,"139,7",balneario camboriu,-27.03437,-48.60095,2.0,0.0,0.0,Com Vítimas Feridas,Sim,Reação tardia ou ineficiente do condutor,Queda de ocupante de veículo,Pleno dia,Céu Claro,Dupla,Reta,Não,Crescente
751345,2026-02-10,terça-feira,06:10:00,RJ,40.0,110,duque de caxias,-22.683847,-43.285435,1.0,0.0,0.0,Com Vítimas Feridas,Sim,Reação tardia ou ineficiente do condutor,Queda de ocupante de veículo,Pleno dia,Nublado,Múltipla,Reta,Sim,Crescente
751346,2026-02-10,terça-feira,08:10:00,RS,116.0,266,canoas,-29.932314,-51.17757,3.0,0.0,0.0,Com Vítimas Feridas,Sim,Manobra de mudança de faixa,Queda de ocupante de veículo,Pleno dia,Céu Claro,Múltipla,Reta,Sim,Crescente
751347,2026-02-10,terça-feira,07:00:00,MT,70.0,522,varzea grande,-15.6627,-56.18534,0.0,6.0,0.0,Com Vítimas Feridas,Não,Ausência de reação do condutor,Queda de ocupante de veículo,Pleno dia,Céu Claro,Simples,Reta,Sim,Crescente
751348,2026-02-10,terça-feira,09:50:00,SC,282.0,212,lages,-27.782087,-50.250584,4.0,0.0,0.0,Com Vítimas Feridas,Não,Ausência de reação do condutor,Queda de ocupante de veículo,Pleno dia,Céu Claro,Simples,Reta,Não,Crescente
751349,2026-02-10,terça-feira,08:05:00,MG,251.0,322,salinas,-16.192936,-42.344997,4.0,0.0,4.0,Com Vítimas Fatais,Não,Afundamento ou ondulação no pavimento,Queda de ocupante de veículo,Pleno dia,Céu Claro,Simples,Curva,Não,Crescente
751350,2026-02-10,terça-feira,10:00:00,SP,116.0,284,embu das artes,-23.679333,-46.858543,0.0,1.0,0.0,Com Vítimas Feridas,Sim,Pedestre andava na pista,Atropelamento de Pedestre,Pleno dia,Céu Claro,Dupla,Reta,Não,Crescente
751352,2026-02-10,terça-feira,06:00:00,SC,116.0,133,santa cecilia,-26.913677,-50.44471,1.0,0.0,0.0,Com Vítimas Feridas,Sim,Carga excessiva e/ou mal acondicionada,Tombamento,Amanhecer,Nublado,Simples,Rotatória,Não,Crescente
751353,2026-02-10,terça-feira,10:30:00,SP,116.0,217,guarulhos,-23.456661,-46.478584,1.0,0.0,0.0,Com Vítimas Feridas,Sim,Manobra de mudança de faixa,Colisão traseira,Pleno dia,Nublado,Múltipla,Reta,Sim,Decrescente
751354,2026-02-10,terça-feira,10:15:00,SC,101.0,216,palhoca,-27.6599,-48.6777,6.0,0.0,0.0,Com Vítimas Feridas,Sim,Manobra de mudança de faixa,Queda de ocupante de veículo,Pleno dia,Céu Claro,Múltipla,Reta,Sim,Crescente
751357,2026-02-10,terça-feira,06:59:00,RS,116.0,241,novo hamburgo,-29.715343,-51.147846,2.0,0.0,0.0,Com Vítimas Feridas,Sim,Demais falhas mecânicas ou elétricas,Queda de ocupante de veículo,Pleno dia,Céu Claro,Dupla,Reta,Sim,Decrescente
751358,2026-02-03,terça-feira,07:35:00,RJ,40.0,122,duque de caxias,-22.79243,-43.286964,2.0,0.0,0.0,Com Vítimas Feridas,Sim,Ausência de reação do condutor,Engavetamento,Pleno dia,Céu Claro,Múltipla,Reta,Não,Crescente
751359,2026-02-10,terça-feira,11:45:00,RS,290.0,393,santa margarida do sul,-30.342129,-54.093952,2.0,0.0,0.0,Com Vítimas Feridas,Sim,Acessar a via sem observar a presença dos outros veículos,Colisão transversal,Pleno dia,Céu Claro,Simples,Reta,Não,Crescente
751360,2026-02-10,terça-feira,11:40:00,SC,101.0,210,sao jose,-27.61658,-48.64509,6.0,0.0,0.0,Com Vítimas Feridas,Não,Manobra de mudança de faixa,Queda de ocupante de veículo,Pleno dia,Céu Claro,Dupla,Reta,Sim,Decrescente
751361,2026-02-10,terça-feira,11:30:00,SP,116.0,"440,7",registro,-24.468336,-47.82211,4.0,0.0,0.0,Com Vítimas Feridas,Não,Ausência de reação do condutor,Colisão traseira,Pleno dia,Garoa/Chuvisco,Dupla,Reta,Não,Crescente
751362,2026-02-10,terça-feira,11:10:00,MG,40.0,"512,8",ribeirao das neves,-19.809324,-44.094994,1.0,0.0,0.0,Com Vítimas Feridas,Sim,Ausência de reação do condutor,Colisão traseira,Pleno dia,Nublado,Dupla,Reta;Aclive,Sim,Crescente
751363,2026-02-10,terça-feira,11:20:00,PA,316.0,61,castanhal,-1.297115,-47.945263,0.0,6.0,0.0,Com Vítimas Feridas,Não,Acesso irregular,Queda de ocupante de veículo,Pleno dia,Céu Claro,Dupla,Reta,Sim,Decrescente
751364,2026-02-10,terça-feira,12:00:00,SC,101.0,46,joinville,-26.354588,-48.858635,1.0,0.0,0.0,Com Vítimas Feridas,Sim,Reação tardia ou ineficiente do condutor,Queda de ocupante de veículo,Pleno dia,Céu Claro,Dupla,Reta,Não,Decrescente
751365,2026-02-10,terça-feira,12:00:00,PA,316.0,34,santa izabel do para,-1.2917651,-48.16746,0.0,0.0,12.0,Com Vítimas Fatais,Não,Objeto estático sobre o leito carroçável,Atropelamento de Pedestre,Pleno dia,Sol,Dupla,Reta,Sim,Crescente
751366,2026-02-02,segunda-feira,11:00:00,RJ,493.0,13,guapimirim,-22.678907,-42.96936,1.0,0.0,0.0,Com Vítimas Feridas,Sim,Reação tardia ou ineficiente do condutor,Colisão traseira,Pleno dia,Nublado,Múltipla,Reta,Não,Decrescente
751367,2026-02-10,terça-feira,11:40:00,RN,101.0,"95,5",natal,-5.844387,-35.20911,1.0,0.0,0.0,Com Vítimas Feridas,Sim,Ausência de reação do condutor,Colisão traseira,Pleno dia,Sol,Simples,Declive,Sim,Crescente
751368,2026-02-10,terça-feira,11:00:00,PE,232.0,70,gravata,-8.19476,-35.51739,1.0,0.0,0.0,Com Vítimas Feridas,Sim,Condutor deixou de manter distância do veículo da frente,Colisão traseira,Pleno dia,Nublado,Dupla,Reta,Não,Crescente
751369,2026-02-10,terça-feira,11:03:00,PB,230.0,"216,9",soledade,-7.056418,-36.36767,0.0,0.0,0.0,Sem Vítimas,Sim,Acessar a via sem observar a presença dos outros veículos,Colisão transversal,Pleno dia,Sol,Simples,Reta,Sim,Crescente
751370,2026-02-10,terça-feira,11:29:00,MS,376.0,81,deodapolis,-22.299038,-54.110226,20.0,0.0,0.0,Com Vítimas Feridas,Não,Velocidade Incompatível,Derramamento de carga,Pleno dia,Céu Claro,Simples,Em Obras;Aclive,Não,Decrescente
751371,2026-02-10,terça-feira,12:19:00,PE,423.0,"26,3",sao caitano,-8.385874,-36.175587,1.0,0.0,0.0,Com Vítimas Feridas,Sim,Ausência de reação do condutor,Engavetamento,Pleno dia,Céu Claro,Simples,Reta,Não,Decrescente
751372,2026-02-10,terça-feira,12:00:00,PR,369.0,"187,8",arapongas,-23.417147,-51.426712,1.0,0.0,0.0,Com Vítimas Feridas,Sim,Velocidade Incompatível,Queda de ocupante de veículo,Pleno dia,Céu Claro,Dupla,Rotatória,Sim,Decrescente