id,data_inversa,dia_semana,horario,uf,br,km,municipio,latitude,longitude,feridos_leves,feridos_graves,mortos,classificacao_acidente,causa_principal,causa_acidente,tipo_acidente,fase_dia,condicao_metereologica,tipo_pista,tracado_via,uso_solo,sentido_via
751480,2026-02-11,quarta-feira,00:04:00,PE,408.0,82,sao lourenco da mata,-7.99094,-35.0739,2.0,0.0,2.0,Com Vítimas Fatais,Sim,Ausência de reação do condutor,Queda de ocupante de veículo,Plena Noite,Céu Claro,Dupla,Reta,Não,Decrescente
751481,2026-02-11,quarta-feira,00:50:00,MG,40.0,557,nova lima,-20.107738,-43.974686,0.0,8.0,0.0,Com Vítimas Feridas,Não,Reação tardia ou ineficiente do condutor,Colisão com objeto,Plena Noite,Céu Claro,Dupla,Curva,Sim,Crescente
751482,2026-02-10,terça-feira,22:25:00,RJ,101.0,327,niteroi,-22.870438,-43.163498,0.0,0.0,6.0,Com Vítimas Fatais,Não,Trafegar com motocicleta (ou similar) entre as faixas,Queda de ocupante de veículo,Plena Noite,Céu Claro,Dupla,Ponte;Reta,Não,Decrescente
751484,2026-02-11,quarta-feira,02:40:00,SC,101.0,174,governador celso ramos,-27.336,-48.627,1.0,0.0,0.0,Com Vítimas Feridas,Sim,Pedestre andava na pista,Atropelamento de Pedestre,Plena Noite,Nublado,Dupla,Reta,Não,Decrescente
751485,2026-02-11,quarta-feira,01:20:00,RJ,101.0,386,rio de janeiro,-22.88583,-43.65085,0.0,2.0,0.0,Com Vítimas Feridas,Sim,Retorno proibido,Tombamento,Plena Noite,Céu Claro,Simples,Reta,Não,Crescente
751486,2026-02-11,quarta-feira,03:20:00,SE,101.0,115,itaporanga dajuda,-11.00933,-37.30964,0.0,0.0,0.0,Sem Vítimas,Sim,Condutor Dormindo,Tombamento,Plena Noite,Garoa/Chuvisco,Dupla,Curva;Declive,Não,Decrescente
751487,2026-02-11,quarta-feira,01:41:00,BA,20.0,139,sao desiderio,-12.72465,-45.937775,88.0,88.0,0.0,Com Vítimas Feridas,Não,Chuva,Tombamento,Plena Noite,Chuva,Simples,Reta,Não,Crescente
751488,2026-02-11,quarta-feira,04:00:00,BA,235.0,"13,2",pedro alexandre,-10.235873,-37.81618,0.0,0.0,3.0,Com Vítimas Fatais,Sim,Ingestão de álcool pelo condutor,Eventos atípicos,Plena Noite,Céu Claro,Simples,Reta,Não,Decrescente
751489,2026-02-10,terça-feira,21:45:00,CE,222.0,309,tiangua,-3.716,-40.99,1.0,0.0,0.0,Com Vítimas Feridas,Sim,Acessar a via sem observar a presença dos outros veículos,Colisão transversal,Pleno dia,Céu Claro,Simples,Reta,Sim,Crescente
751490,2026-02-11,quarta-feira,05:25:00,SP,153.0,"174,1",lins,-21.633654,-49.787895,1.0,0.0,0.0,Com Vítimas Feridas,Sim,Desrespeitar a preferência no cruzamento,Colisão transversal,Amanhecer,Garoa/Chuvisco,Simples,Interseção de Vias,Não,Crescente
751491,2026-02-11,quarta-feira,05:15:00,AL,316.0,193,maribondo,-9.567817,-36.354633,0.0,0.0,2.0,Com Vítimas Fatais,Não,Chuva,Colisão traseira,Amanhecer,Chuva,Simples,Aclive;Reta,Não,Crescente
751492,2026-02-11,quarta-feira,05:35:00,PE,232.0,"4,9",recife,-8.06612,-34.94088,1.0,0.0,0.0,Com Vítimas Feridas,Sim,Ausência de reação do condutor,Colisão com objeto,Pleno dia,Céu Claro,Dupla,Aclive;Curva;Viaduto,Sim,Crescente
751495,2026-02-11,quarta-feira,06:58:00,SC,280.0,119,sao bento do sul,-26.26417,-49.4369,2.0,0.0,0.0,Com Vítimas Feridas,Sim,Ausência de reação do condutor,Queda de ocupante de veículo,Pleno dia,Céu Claro,Simples,Reta,Sim,Decrescente
751496,2026-02-11,quarta-feira,02:30:00,RJ,493.0,104,seropedica,-22.783463,-43.75923,2.0,0.0,0.0,Com Vítimas Feridas,Sim,Ausência de reação do condutor,Saída de leito carroçável,Plena Noite,Nublado,Dupla,Reta,Não,Decrescente
751497,2026-02-11,quarta-feira,06:13:00,PR,116.0,"79,4",piraquara,-25.412867,-49.065613,18.0,9.0,0.0,Com Vítimas Feridas,Não,Avarias e/ou desgaste excessivo no pneu,Colisão com objeto,Amanhecer,Garoa/Chuvisco,Dupla,Reta,Não,Decrescente
751498,2026-02-11,quarta-feira,05:45:00,AL,104.0,63,murici,-9.331545,-35.914944,0.0,0.0,0.0,Sem Vítimas,Sim,Ultrapassagem Indevida,Saída de leito carroçável,Pleno dia,Chuva,Simples,Curva,Não,Crescente
751499,2026-02-11,quarta-feira,06:47:00,PE,101.0,"36,3",itapissuma,-7.79516,-34.92753,0.0,3.0,0.0,Com Vítimas Feridas,Não,Condutor deixou de manter distância do veículo da frente,Colisão traseira,Amanhecer,Nublado,Dupla,Reta,Não,Decrescente
751500,2026-02-11,quarta-feira,01:45:00,RJ,101.0,161,macae,-22.295439,-41.880203,1.0,0.0,0.0,Com Vítimas Feridas,Sim,Condutor Dormindo,Colisão com objeto,Plena Noite,Nublado,Simples,Reta,Não,Crescente
751501,2026-02-09,segunda-feira,03:35:00,ES,262.0,"19,1",viana,-20.39287,-40.484135,1.0,0.0,0.0,Com Vítimas Feridas,Sim,Velocidade Incompatível,Colisão com objeto,Plena Noite,Céu Claro,Simples,Reta,Não,Decrescente
751502,2026-02-11,quarta-feira,07:15:00,SE,235.0,2,aracaju,-10.907334,-37.0954,1.0,1.0,0.0,Com Vítimas Feridas,Sim,Condutor deixou de manter distância do veículo da frente,Queda de ocupante de veículo,Pleno dia,Chuva,Dupla,Aclive;Reta,Não,Decrescente
751503,2026-02-11,quarta-feira,07:20:00,SC,282.0,"1,8",florianopolis,-27.602034,-48.57893,16.0,0.0,0.0,Com Vítimas Feridas,Não,Reação tardia ou ineficiente do condutor,Queda de ocupante de veículo,Pleno dia,Sol,Múltipla,Reta,Sim,Decrescente
751505,2026-02-11,quarta-feira,07:00:00,MG,50.0,174,uberaba,-19.76876,-47.97278,6.0,0.0,0.0,Com Vítimas Feridas,Não,Condutor deixou de manter distância do veículo da frente,Queda de ocupante de veículo,Amanhecer,Céu Claro,Dupla,Reta,Sim,Decrescente
751506,2026-02-10,terça-feira,21:52:00,RJ,465.0,21,nova iguacu,-22.853935,-43.602005,1.0,0.0,0.0,Com Vítimas Feridas,Sim,Transitar na contramão,Colisão lateral sentido oposto,Plena Noite,Nublado,Simples,Reta,Sim,Crescente
751507,2026-02-10,terça-feira,21:50:00,MT,364.0,"276,5",jaciara,-15.951055,-54.998245,1.0,0.0,0.0,Com Vítimas Feridas,Sim,Reação tardia ou ineficiente do condutor,Tombamento,Plena Noite,Chuva,Simples,Aclive,Não,Crescente
751508,2026-02-11,quarta-feira,05:30:00,PR,376.0,"502,8",ponta grossa,-25.203852,-50.068874,2.0,0.0,0.0,Com Vítimas Feridas,Sim,Ausência de reação do condutor,Tombamento,Amanhecer,Nublado,Dupla,Reta;Declive,Não,Decrescente
751509,2026-02-11,quarta-feira,07:30:00,SC,282.0,"16,2",palhoca,-27.6606,-48.68384,1.0,0.0,0.0,Com Vítimas Feridas,Sim,Acesso irregular,Colisão transversal,Pleno dia,Céu Claro,Dupla,Reta,Sim,Crescente
751510,2026-02-11,quarta-feira,06:10:00,RN,304.0,"113,8",acu,-5.60903,-36.90659,2.0,0.0,0.0,Com Vítimas Feridas,Não,Ausência de reação do condutor,Engavetamento,Pleno dia,Céu Claro,Simples,Interseção de Vias;Reta,Sim,Crescente
751511,2026-02-11,quarta-feira,08:00:00,SC,282.0,"1,7",florianopolis,-27.603092,-48.58769,1.0,0.0,0.0,Com Vítimas Feridas,Sim,Manobra de mudança de faixa,Colisão lateral mesmo sentido,Pleno dia,Sol,Múltipla,Reta,Sim,Crescente
751512,2026-02-11,quarta-feira,07:40:00,ES,101.0,287,cariacica,-20.267788,-40.388443,2.0,0.0,0.0,Com Vítimas Feridas,Sim,Acessar a via sem observar a presença dos outros veículos,Colisão lateral mesmo sentido,Pleno dia,Céu Claro,Múltipla,Reta,Sim,Crescente
751513,2026-02-09,segunda-feira,08:05:00,BA,324.0,624,salvador,-12.942717,-38.470665,12.0,0.0,0.0,Com Vítimas Feridas,Não,Reação tardia ou ineficiente do condutor,Colisão traseira,Pleno dia,Sol,Múltipla,Reta,Sim,Crescente
751514,2026-02-11,quarta-feira,07:25:00,PI,343.0,594,floriano,-6.787748,-43.04412,9.0,0.0,0.0,Com Vítimas Feridas,Não,Reação tardia ou ineficiente do condutor,Queda de ocupante de veículo,Pleno dia,Garoa/Chuvisco,Simples,Interseção de Vias;Reta,Sim,Decrescente
751515,2026-02-11,quarta-feira,06:30:00,PE,232.0,"21,2",moreno,-8.09671,-35.082134,0.0,0.0,0.0,Sem Vítimas,Sim,Demais falhas mecânicas ou elétricas,Incêndio,Pleno dia,Sol,Dupla,Curva;Declive,Sim,Crescente
751516,2026-02-11,quarta-feira,07:50:00,PE,428.0,185,petrolina,-9.356632,-40.478695,3.0,0.0,0.0,Com Vítimas Feridas,Sim,Manobra de mudança de faixa,Queda de ocupante de veículo,Pleno dia,Céu Claro,Dupla,Reta,Sim,Decrescente
751517,2026-01-04,domingo,00:30:00,SC,101.0,"149,2",itapema,-27.098866,-48.622055,1.0,0.0,0.0,Com Vítimas Feridas,Sim,Acessar a via sem observar a presença dos outros veículos,Colisão transversal,Plena Noite,Céu Claro,Simples,Reta,Não,Decrescente
751518,2026-02-11,quarta-feira,07:20:00,RJ,,,rio de janeiro,-22.844618,-43.37618,0.0,0.0,0.0,Sem Vítimas,Sim,Ausência de reação do condutor,Colisão traseira,Pleno dia,Nublado,Dupla,Reta,Sim,Não Informado
751520,2026-02-11,quarta-feira,08:05:00,PR,277.0,583,cascavel,-24.98088,-53.37883,18.0,0.0,0.0,Com Vítimas Feridas,Não,Condutor deixou de manter distância do veículo da frente,Queda de ocupante de veículo,Pleno dia,Céu Claro,Dupla,Reta,Sim,Decrescente
751521,2026-02-11,quarta-feira,07:50:00,PR,116.0,209,rio negro,-26.090832,-49.779922,3.0,0.0,0.0,Com Vítimas Feridas,Sim,Ultrapassagem Indevida,Queda de ocupante de veículo,Pleno dia,Céu Claro,Simples,Reta,Sim,Decrescente
751522,2026-02-11,quarta-feira,06:26:00,AC,364.0,136,rio branco,-9.977191,-67.84931,6.0,0.0,0.0,Com Vítimas Feridas,Não,Reação tardia ou ineficiente do condutor,Queda de ocupante de veículo,Pleno dia,Céu Claro,Dupla,Rotatória,Sim,Decrescente
751523,2026-02-06,sexta-feira,07:30:00,PB,101.0,"82,5",bayeux,-7.131633,-34.93226,3.0,0.0,0.0,Com Vítimas Feridas,Sim,Reação tardia ou ineficiente do condutor,Queda de ocupante de veículo,Pleno dia,Céu Claro,Dupla,Viaduto,Sim,Crescente
751525,2026-02-11,quarta-feira,06:00:00,RJ,40.0,123,duque de caxias,-22.802246,-43.29015,2.0,0.0,0.0,Com Vítimas Feridas,Sim,Velocidade Incompatível,Colisão com objeto,Pleno dia,Céu Claro,Dupla,Curva,Não,Decrescente
751526,2026-02-11,quarta-feira,08:50:00,ES,101.0,287,cariacica,-20.26386,-40.38302,1.0,0.0,0.0,Com Vítimas Feridas,Sim,Manobra de mudança de faixa,Colisão lateral mesmo sentido,Pleno dia,Céu Claro,Dupla,Curva,Sim,Decrescente
751527,2026-02-10,terça-feira,22:00:00,BA,101.0,770,itabela,-16.748514,-39.45094,6.0,0.0,0.0,Com Vítimas Feridas,Não,Curva acentuada,Capotamento,Plena Noite,Nublado,Simples,Declive;Curva,Não,Crescente
751528,2026-02-11,quarta-feira,08:30:00,PR,373.0,387,candoi,-25.50298,-51.960392,0.0,0.0,0.0,Sem Vítimas,Não,Reação tardia ou ineficiente do condutor,Saída de leito carroçável,Pleno dia,Céu Claro,Simples,Reta,Não,Crescente
751529,2026-02-11,quarta-feira,08:42:00,PE,101.0,49,abreu e lima,-7.906683,-34.90212,0.0,3.0,0.0,Com Vítimas Feridas,Não,Pedestre andava na pista,Atropelamento de Pedestre,Pleno dia,Céu Claro,Simples,Reta,Sim,Decrescente
751530,2026-02-11,quarta-feira,09:40:00,SC,101.0,208,sao jose,-27.6019,-48.628197,2.0,0.0,0.0,Com Vítimas Feridas,Sim,Trafegar com motocicleta (ou similar) entre as faixas,Tombamento,Pleno dia,Céu Claro,Múltipla,Aclive,Sim,Crescente
751531,2026-02-11,quarta-feira,05:00:00,RJ,465.0,18,nova iguacu,-22.839794,-43.610313,0.0,0.0,0.0,Sem Vítimas,Sim,Reação tardia ou ineficiente do condutor,Colisão com objeto,Amanhecer,Céu Claro,Simples,Reta,Sim,Crescente
751532,2026-02-11,quarta-feira,09:25:00,MG,40.0,"482,8",sete lagoas,-19.53307,-44.25812,2.0,0.0,0.0,Com Vítimas Feridas,Não,Mal súbito do condutor,Colisão traseira,Pleno dia,Nublado,Dupla,Reta;Aclive,Não,Decrescente
751533,2026-02-11,quarta-feira,07:31:00,AC,364.0,123,rio branco,-10.011657,-67.785126,2.0,0.0,0.0,Com Vítimas Feridas,Sim,Reação tardia ou ineficiente do condutor,Queda de ocupante de veículo,Pleno dia,Céu Claro,Dupla,Reta,Sim,Crescente
751534,2026-02-11,quarta-feira,08:40:00,SP,381.0,81,sao paulo,-23.435404,-46.56848,3.0,0.0,0.0,Com Vítimas Feridas,Sim,Objeto estático sobre o leito carroçável,Queda de ocupante de veículo,Pleno dia,Céu Claro,Múltipla,Reta,Não,Crescente
751537,2026-01-26,segunda-feira,13:00:00,PR,277.0,64,sao jose dos pinhais,-25.52639,-49.09969,2.0,0.0,0.0,Com Vítimas Feridas,Sim,Reação tardia ou ineficiente do condutor,Colisão lateral mesmo sentido,Pleno dia,Céu Claro,Dupla,Reta,Não,Decrescente
751538,2026-02-11,quarta-feira,08:00:00,MA,10.0,321,acailandia,-4.9445453,-47.5033,0.0,9.0,0.0,Com Vítimas Feridas,Não,Deficiência do Sistema de Iluminação/Sinalização,Queda de ocupante de veículo,Pleno dia,Chuva,Simples,Reta,Sim,Decrescente
751541,2026-02-11,quarta-feira,10:30:00,ES,101.0,144,linhares,-19.375488,-40.066013,4.0,0.0,0.0,Com Vítimas Feridas,Não,Condutor deixou de manter distância do veículo da frente,Colisão traseira,Pleno dia,Céu Claro,Simples,Curva,Sim,Decrescente
751543,2026-02-11,quarta-feira,10:15:00,SC,101.0,"208,8",sao jose,-27.60902,-48.63795,4.0,0.0,0.0,Com Vítimas Feridas,Sim,Demais falhas mecânicas ou elétricas,Queda de ocupante de veículo,Pleno dia,Céu Claro,Múltipla,Reta,Sim,Crescente
751544,2026-02-11,quarta-feira,10:22:00,PE,101.0,"50,2",abreu e lima,-7.910088,-34.901943,0.0,2.0,0.0,Com Vítimas Feridas,Não,Ausência de reação do condutor,Atropelamento de Pedestre,Pleno dia,Céu Claro,Múltipla,Curva;Aclive,Sim,Crescente
751545,2026-01-14,quarta-feira,10:20:00,MG,381.0,"945,6",extrema,-22.85941,-46.340633,4.0,0.0,0.0,Com Vítimas Feridas,Sim,Velocidade Incompatível,Colisão com objeto,Pleno dia,Sol,Dupla,Reta;Declive,Não,Crescente
751546,2026-02-11,quarta-feira,10:41:00,PB,101.0,"87,8",joao pessoa,-7.163677,-34.90106,0.0,0.0,0.0,Sem Vítimas,Sim,Condutor deixou de manter distância do veículo da frente,Colisão traseira,Pleno dia,Céu Claro,Dupla,Reta,Não,Decrescente
751548,2026-02-11,quarta-feira,10:45:00,PE,101.0,77,recife,-8.13235,-34.9443,1.0,0.0,0.0,Com Vítimas Feridas,Sim,Demais falhas mecânicas ou elétricas,Queda de ocupante de veículo,Pleno dia,Nublado,Dupla,Reta,Sim,Crescente
751549,2026-02-10,terça-feira,20:00:00,BA,242.0,247,itaberaba,-12.51057,-40.44094,0.0,0.0,8.0,Com Vítimas Fatais,Não,Curva acentuada,Queda de ocupante de veículo,Plena Noite,Céu Claro,Simples,Curva,Não,Decrescente
751550,2026-02-11,quarta-feira,10:55:00,PE,101.0,60,recife,-7.982194,-34.931854,0.0,18.0,0.0,Com Vítimas Feridas,Não,Manobra de mudança de faixa,Queda de ocupante de veículo,Pleno dia,Céu Claro,Dupla,Curva,Sim,Decrescente
751551,2026-02-11,quarta-feira,09:00:00,RJ,101.0,309,sao goncalo,-22.796043,-43.0408,2.0,0.0,0.0,Com Vítimas Feridas,Não,Acessar a via sem observar a presença dos outros veículos,Atropelamento de Pedestre,Pleno dia,Céu Claro,Dupla,Reta,Não,Crescente
751552,2026-02-11,quarta-feira,09:44:00,AC,364.0,126,rio branco,-10.025392,-67.83586,1.0,0.0,0.0,Com Vítimas Feridas,Sim,Ausência de reação do condutor,Queda de ocupante de veículo,Pleno dia,Céu Claro,Simples,Reta,Sim,Decrescente
751554,2026-02-11,quarta-feira,11:30:00,GO,70.0,318,jussara,-15.8738785,-50.858353,4.0,0.0,0.0,Com Vítimas Feridas,Não,Ausência de reação do condutor,Queda de ocupante de veículo,Pleno dia,Céu Claro,Dupla,Retorno Regulamentado,Sim,Crescente
751555,2026-02-11,quarta-feira,10:50:00,SP,116.0,"64,8",guaratingueta,-22.823109,-45.191605,0.0,3.0,0.0,Com Vítimas Feridas,Sim,Estacionar ou parar em local proibido,Colisão lateral mesmo sentido,Pleno dia,Céu Claro,Dupla,Curva,Sim,Decrescente
751556,2026-02-11,quarta-feira,11:30:00,PR,163.0,168,lindoeste,-25.254768,-53.577103,2.0,0.0,0.0,Com Vítimas Feridas,Sim,Ausência de reação do condutor,Tombamento,Pleno dia,Céu Claro,Simples,Reta,Sim,Decrescente
751557,2026-02-11,quarta-feira,11:30:00,PE,101.0,79,recife,-8.13473,-34.94745,1.0,0.0,0.0,Com Vítimas Feridas,Sim,Trafegar com motocicleta (ou similar) entre as faixas,Colisão lateral mesmo sentido,Pleno dia,Sol,Dupla,Declive,Sim,Crescente
751558,2026-02-07,sábado,19:00:00,RR,174.0,"436,1",mucajai,2.330872,-60.908436,0.0,1.0,0.0,Com Vítimas Feridas,Sim,Pedestre andava na pista,Atropelamento de Pedestre,Plena Noite,Ignorado,Simples,Reta,Não,Decrescente
751560,2026-02-11,quarta-feira,09:50:00,PR,376.0,"675,8",guaratuba,-25.930983,-48.912224,0.0,0.0,0.0,Sem Vítimas,Não,Frear bruscamente,Incêndio,Pleno dia,Céu Claro,Simples,Reta,Não,Crescente
751561,2026-02-11,quarta-feira,11:40:00,SP,153.0,"228,7",marilia,-22.07248,-49.90146,6.0,0.0,0.0,Com Vítimas Feridas,Sim,Transitar no Acostamento,Tombamento,Pleno dia,Nublado,Simples,Reta;Declive,Não,Decrescente
751562,2026-02-11,quarta-feira,11:30:00,GO,60.0,5,santo antonio do descoberto,-16.08193,-48.27108,2.0,0.0,0.0,Com Vítimas Feridas,Sim,Ausência de reação do condutor,Queda de ocupante de veículo,Pleno dia,Céu Claro,Dupla,Reta,Não,Decrescente
751563,2026-02-11,quarta-feira,11:12:00,GO,364.0,198,jatai,-17.921404,-51.74431,8.0,0.0,0.0,Com Vítimas Feridas,Não,Ingestão de álcool pelo condutor,Queda de ocupante de veículo,Pleno dia,Chuva,Simples,Em Obras;Curva,Não,Crescente
751564,2026-02-11,quarta-feira,10:35:00,MS,60.0,426,sidrolandia,-20.94399,-54.966614,12.0,6.0,0.0,Com Vítimas Feridas,Não,Ausência de reação do condutor,Queda de ocupante de veículo,Pleno dia,Céu Claro,Dupla,Reta;Interseção de Vias,Sim,Decrescente
751565,2026-02-08,domingo,07:30:00,RO,364.0,316,presidente medici,-11.101997,-61.906193,0.0,0.0,0.0,Sem Vítimas,Sim,Manobra de mudança de faixa,Saída de leito carroçável,Pleno dia,Céu Claro,Simples,Reta,Não,Decrescente
751566,2026-02-11,quarta-feira,06:30:00,MG,116.0,"634,9",divino,-20.626,-42.222,1.0,0.0,0.0,Com Vítimas Feridas,Sim,Conversão proibida,Colisão transversal,Pleno dia,Nublado,Simples,Curva,Não,Crescente
751567,2026-02-11,quarta-feira,12:30:00,MG,50.0,73,uberlandia,-18.90753,-48.22679,0.0,4.0,0.0,Com Vítimas Feridas,Sim,Reação tardia ou ineficiente do condutor,Queda de ocupante de veículo,Pleno dia,Nublado,Dupla,Reta,Sim,Decrescente
751569,2026-02-11,quarta-feira,12:50:00,SC,280.0,"52,7",guaramirim,-26.471466,-48.971233,1.0,0.0,0.0,Com Vítimas Feridas,Sim,Acessar a via sem observar a presença dos outros veículos,Colisão transversal,Pleno dia,Céu Claro,Dupla,Rotatória,Não,Decrescente
751570,2026-02-11,quarta-feira,12:40:00,PR,116.0,102,sao jose dos pinhais,-25.545046,-49.150715,0.0,1.0,0.0,Com Vítimas Feridas,Sim,Ausência de reação do condutor,Colisão traseira,Pleno dia,Céu Claro,Dupla,Reta,Sim,Decrescente
751571,2026-02-11,quarta-feira,11:19:00,SC,101.0,"315,8",pescaria brava,-28.426039,-48.853237,3.0,0.0,0.0,Com Vítimas Feridas,Sim,Reação tardia ou ineficiente do condutor,Colisão lateral mesmo sentido,Pleno dia,Céu Claro,Múltipla,Curva;Aclive,Sim,Decrescente
751572,2026-02-11,quarta-feira,11:45:00,ES,101.0,"147,9",linhares,-19.388496,-40.06777,1.0,0.0,0.0,Com Vítimas Feridas,Sim,Frear bruscamente,Queda de ocupante de veículo,Pleno dia,Céu Claro,Dupla,Reta,Sim,Crescente
751573,2026-02-11,quarta-feira,12:50:00,GO,153.0,495,goiania,-16.662777,-49.2225,2.0,2.0,0.0,Com Vítimas Feridas,Sim,Demais falhas mecânicas ou elétricas,Colisão traseira,Pleno dia,Céu Claro,Dupla,Reta,Sim,Crescente
751574,2026-02-11,quarta-feira,12:05:00,SC,101.0,"76,8",araquari,-26.568764,-48.720295,0.0,1.0,0.0,Com Vítimas Feridas,Sim,Reação tardia ou ineficiente do condutor,Atropelamento de Pedestre,Pleno dia,Céu Claro,Dupla,Curva,Não,Decrescente
751575,2026-01-10,sábado,21:50:00,AL,423.0,"77,1",agua branca,-9.320112,-37.95973,3.0,3.0,0.0,Com Vítimas Feridas,Sim,Animais na Pista,Queda de ocupante de veículo,Plena Noite,Céu Claro,Simples,Ponte;Reta,Não,Decrescente
751576,2026-02-11,quarta-feira,09:30:00,PR,476.0,242,lapa,-25.860151,-50.08976,0.0,0.0,0.0,Sem Vítimas,Sim,Ausência de reação do condutor,Tombamento,Pleno dia,Céu Claro,Simples,Curva,Não,Decrescente
751577,2026-02-11,quarta-feira,13:30:00,MG,381.0,355,joao monlevade,-19.851215,-43.215477,1.0,0.0,0.0,Com Vítimas Feridas,Sim,Reação tardia ou ineficiente do condutor,Colisão traseira,Pleno dia,Céu Claro,Simples,Curva;Aclive,Não,Decrescente
751578,2026-01-30,sexta-feira,18:40:00,RJ,101.0,466,angra dos reis,-23.011248,-44.231277,0.0,12.0,0.0,Com Vítimas Feridas,Não,Reação tardia ou ineficiente do condutor,Colisão frontal,Anoitecer,Nublado,Simples,Declive,Não,Crescente
751579,2026-02-11,quarta-feira,11:30:00,GO,40.0,51,luziania,-16.449299,-47.808376,0.0,0.0,2.0,Com Vítimas Fatais,Sim,Acumulo de água sobre o pavimento,Colisão com objeto,Pleno dia,Chuva,Simples,Curva,Não,Crescente
751580,2026-02-11,quarta-feira,13:35:00,SC,101.0,"113,2",palhoca,-27.638882,-48.66634,1.0,0.0,0.0,Com Vítimas Feridas,Sim,Manobra de mudança de faixa,Colisão lateral mesmo sentido,Pleno dia,Céu Claro,Múltipla,Declive;Reta;Viaduto,Sim,Decrescente
751581,2026-01-23,sexta-feira,05:40:00,ES,101.0,"388,5",rio novo do sul,-20.86076,-40.87616,4.0,0.0,0.0,Com Vítimas Feridas,Sim,Reação tardia ou ineficiente do condutor,Colisão traseira,Pleno dia,Chuva,Simples,Curva,Não,Crescente
751582,2026-01-10,sábado,16:40:00,CE,20.0,"279,2",caninde,-4.587122,-39.362164,9.0,3.0,9.0,Com Vítimas Fatais,Sim,Manobra de mudança de faixa,Saída de leito carroçável,Pleno dia,Céu Claro,Simples,Aclive;Reta,Não,Crescente
751583,2026-02-11,quarta-feira,11:00:00,SC,101.0,"3,8",florianopolis,-27.593245,-48.602604,0.0,0.0,0.0,Sem Vítimas,Sim,Reação tardia ou ineficiente do condutor,Saída de leito carroçável,Pleno dia,Sol,Múltipla,Reta,Sim,Crescente
751584,2026-02-11,quarta-feira,07:00:00,MG,356.0,"266,3",muriae,-21.128424,-42.363937,1.0,0.0,0.0,Com Vítimas Feridas,Sim,Acessar a via sem observar a presença dos outros veículos,Colisão transversal,Pleno dia,Céu Claro,Simples,Interseção de Vias,Não,Crescente
751585,2026-02-11,quarta-feira,11:15:00,RJ,393.0,281,volta redonda,-22.47378,-44.06088,0.0,0.0,0.0,Sem Vítimas,Sim,Condutor deixou de manter distância do veículo da frente,Colisão traseira,Pleno dia,Nublado,Simples,Reta;Interseção de Vias,Sim,Decrescente
751586,2026-02-11,quarta-feira,12:15:00,RS,285.0,643,santo antonio das missoes,-28.59152,-55.640743,0.0,0.0,0.0,Sem Vítimas,Sim,Ausência de reação do condutor,Colisão traseira,Pleno dia,Céu Claro,Simples,Reta,Não,Crescente
751587,2026-02-11,quarta-feira,14:05:00,SP,116.0,227,guarulhos,-23.499113,-46.561478,2.0,0.0,0.0,Com Vítimas Feridas,Sim,Reação tardia ou ineficiente do condutor,Queda de ocupante de veículo,Pleno dia,Céu Claro,Múltipla,Reta,Sim,Crescente
751588,2026-02-11,quarta-feira,07:00:00,MG,262.0,437,nova serrana,-19.871887,-44.96969,0.0,0.0,0.0,Sem Vítimas,Sim,Reação tardia ou ineficiente do condutor,Colisão com objeto,Pleno dia,Nublado,Dupla,Viaduto,Não,Crescente
751589,2026-02-11,quarta-feira,10:30:00,MS,60.0,516,nioaque,-21.17574,-55.635643,12.0,0.0,0.0,Com Vítimas Feridas,Sim,Ausência de reação do condutor,Derramamento de carga,Pleno dia,Céu Claro,Dupla,Curva;Declive,Não,Crescente
751590,2026-02-04,quarta-feira,23:45:00,PE,232.0,"274,9",sertania,-8.377732,-37.25559,0.0,0.0,0.0,Sem Vítimas,Não,Reação tardia ou ineficiente do condutor,Colisão traseira,Plena Noite,Céu Claro,Simples,Reta;Em Obras,Não,Decrescente
751591,2026-02-11,quarta-feira,13:45:00,PR,376.0,178,maringa,-23.41542,-51.92421,1.0,0.0,0.0,Com Vítimas Feridas,Sim,Manobra de mudança de faixa,Colisão lateral mesmo sentido,Pleno dia,Céu Claro,Múltipla,Reta,Sim,Crescente
751592,2026-02-11,quarta-feira,11:00:00,MT,364.0,1155,campos de julio,-13.552038,-59.036335,0.0,0.0,9.0,Com Vítimas Fatais,Não,Pista esburacada,Tombamento,Pleno dia,Chuva,Simples,Curva,Não,Crescente
751593,2026-02-11,quarta-feira,15:00:00,PR,163.0,"223,6",cascavel,-24.84183,-53.62022,2.0,0.0,0.0,Com Vítimas Feridas,Não,Avarias e/ou desgaste excessivo no pneu,Saída de leito carroçável,Pleno dia,Céu Claro,Dupla,Curva,Não,Decrescente
751594,2026-02-11,quarta-feira,15:00:00,RJ,40.0,120,duque de caxias,-22.777336,-43.28823,1.0,0.0,0.0,Com Vítimas Feridas,Sim,Manobra de mudança de faixa,Colisão lateral mesmo sentido,Pleno dia,Sol,Dupla,Reta,Sim,Decrescente
751595,2026-02-11,quarta-feira,14:20:00,BA,101.0,701,eunapolis,-16.255135,-39.59728,3.0,0.0,0.0,Com Vítimas Feridas,Sim,Curva acentuada,Tombamento,Pleno dia,Sol,Simples,Curva,Não,Crescente
751596,2026-02-11,quarta-feira,14:10:00,MG,381.0,"483,1",betim,-19.957977,-44.079777,2.0,0.0,0.0,Com Vítimas Feridas,Sim,Ausência de reação do condutor,Colisão traseira,Pleno dia,Chuva,Dupla,Curva,Sim,Decrescente