id,data_inversa,dia_semana,horario,uf,br,km,municipio,latitude,longitude,feridos_leves,feridos_graves,mortos,classificacao_acidente,causa_principal,causa_acidente,tipo_acidente,fase_dia,condicao_metereologica,tipo_pista,tracado_via,uso_solo,sentido_via
751597,2026-02-11,quarta-feira,12:10:00,BA,415.0,52,itabuna,-14.843261,-39.33468,0.0,2.0,0.0,Com Vítimas Feridas,Sim,Ausência de reação do condutor,Colisão lateral mesmo sentido,Pleno dia,Sol,Simples,Reta,Sim,Crescente
751598,2026-02-11,quarta-feira,15:25:00,SC,158.0,"104,3",cunha pora,-26.81081,-53.175823,2.0,0.0,0.0,Com Vítimas Feridas,Sim,Acessar a via sem observar a presença dos outros veículos,Colisão lateral mesmo sentido,Pleno dia,Sol,Simples,Interseção de Vias,Não,Crescente
751599,2026-02-11,quarta-feira,15:50:00,SC,101.0,205,sao jose,-27.583488,-48.61509,0.0,0.0,0.0,Sem Vítimas,Sim,Manobra de mudança de faixa,Colisão lateral mesmo sentido,Pleno dia,Céu Claro,Dupla,Reta,Sim,Decrescente
751600,2026-02-11,quarta-feira,14:40:00,RS,285.0,"209,2",lagoa vermelha,-28.225529,-51.61833,1.0,0.0,0.0,Com Vítimas Feridas,Sim,Ausência de reação do condutor,Colisão traseira,Pleno dia,Céu Claro,Simples,Curva;Aclive,Não,Decrescente
751601,2026-02-11,quarta-feira,10:10:00,SC,282.0,"202,6",lages,-27.771858,-50.191254,0.0,0.0,0.0,Sem Vítimas,Sim,Reação tardia ou ineficiente do condutor,Colisão lateral mesmo sentido,Pleno dia,Céu Claro,Simples,Reta,Não,Decrescente
751602,2026-02-11,quarta-feira,15:40:00,RS,470.0,222,garibaldi,-29.227303,-51.51619,3.0,0.0,0.0,Com Vítimas Feridas,Sim,Desrespeitar a preferência no cruzamento,Queda de ocupante de veículo,Pleno dia,Céu Claro,Simples,Declive;Reta,Não,Decrescente
751603,2026-02-11,quarta-feira,16:12:00,PE,104.0,"84,7",agrestina,-8.43933,-35.95489,0.0,6.0,0.0,Com Vítimas Feridas,Não,Transitar na contramão,Saída de leito carroçável,Pleno dia,Sol,Simples,Reta;Declive,Sim,Crescente
751604,2026-02-11,quarta-feira,15:25:00,RJ,40.0,117,duque de caxias,-22.738844,-43.288338,1.0,0.0,0.0,Com Vítimas Feridas,Sim,Manobra de mudança de faixa,Colisão frontal,Pleno dia,Céu Claro,Dupla,Reta,Sim,Decrescente
751605,2026-01-02,sexta-feira,14:13:00,BA,324.0,513,feira de santana,-12.230641,-38.960953,0.0,1.0,0.0,Com Vítimas Feridas,Sim,Pedestre cruzava a pista fora da faixa,Atropelamento de Pedestre,Pleno dia,Ignorado,Simples,Reta,Sim,Crescente
751606,2026-02-11,quarta-feira,15:30:00,MG,262.0,"426,8",nova serrana,-19.893568,-44.87701,1.0,0.0,0.0,Com Vítimas Feridas,Sim,Ausência de reação do condutor,Saída de leito carroçável,Pleno dia,Chuva,Dupla,Curva,Não,Decrescente
751607,2026-02-11,quarta-feira,15:30:00,MG,365.0,635,uberlandia,-18.893948,-48.411743,1.0,0.0,0.0,Com Vítimas Feridas,Sim,Reação tardia ou ineficiente do condutor,Saída de leito carroçável,Pleno dia,Nublado,Dupla,Reta,Não,Decrescente
751608,2026-02-11,quarta-feira,14:50:00,PI,316.0,151,elesbao veloso,-6.126817,-42.156986,4.0,8.0,0.0,Com Vítimas Feridas,Não,Acumulo de óleo sobre o pavimento,Colisão frontal,Pleno dia,Chuva,Simples,Curva;Aclive,Não,Crescente
751609,2026-02-11,quarta-feira,16:30:00,SC,101.0,147,itapema,-27.087276,-48.6103,2.0,0.0,0.0,Com Vítimas Feridas,Sim,Condutor deixou de manter distância do veículo da frente,Engavetamento,Pleno dia,Céu Claro,Múltipla,Reta;Viaduto,Sim,Decrescente
751611,2026-02-11,quarta-feira,16:39:00,RS,116.0,"266,5",canoas,-29.933105,-51.17731,9.0,0.0,0.0,Com Vítimas Feridas,Não,Reação tardia ou ineficiente do condutor,Colisão traseira,Pleno dia,Céu Claro,Múltipla,Reta,Sim,Decrescente
751612,2026-02-11,quarta-feira,16:30:00,AP,156.0,"779,1",oiapoque,3.68135,-51.772354,6.0,0.0,0.0,Com Vítimas Feridas,Não,Condutor Dormindo,Capotamento,Anoitecer,Chuva,Simples,Reta;Declive,Não,Crescente
751613,2026-02-11,quarta-feira,17:15:00,RS,392.0,"13,6",rio grande,-32.114265,-52.118275,1.0,0.0,0.0,Com Vítimas Feridas,Sim,Manobra de mudança de faixa,Colisão lateral mesmo sentido,Pleno dia,Céu Claro,Dupla,Reta,Não,Crescente
751614,2026-02-11,quarta-feira,17:00:00,SC,101.0,"215,3",palhoca,-27.65364,-48.67702,16.0,8.0,0.0,Com Vítimas Feridas,Não,Carga excessiva e/ou mal acondicionada,Colisão com objeto,Pleno dia,Céu Claro,Dupla,Reta,Sim,Decrescente
751615,2026-02-11,quarta-feira,17:10:00,PR,369.0,"166,5",cambe,-23.295368,-51.308994,1.0,0.0,0.0,Com Vítimas Feridas,Sim,Velocidade Incompatível,Colisão traseira,Pleno dia,Nublado,Dupla,Reta,Sim,Decrescente
751616,2026-02-11,quarta-feira,12:45:00,RO,364.0,342,ji-parana,-10.880452,-61.942913,0.0,0.0,0.0,Sem Vítimas,Sim,Frear bruscamente,Queda de ocupante de veículo,Pleno dia,Céu Claro,Simples,Interseção de Vias,Sim,Decrescente
751617,2026-02-11,quarta-feira,17:35:00,ES,101.0,394,rio novo do sul,-20.865362,-40.927795,0.0,1.0,0.0,Com Vítimas Feridas,Sim,Acostamento em desnível,Tombamento,Anoitecer,Céu Claro,Simples,Curva;Aclive,Não,Crescente
751618,2026-02-11,quarta-feira,17:45:00,PR,376.0,181,maringa,-23.430712,-51.889606,0.0,0.0,0.0,Sem Vítimas,Sim,Reação tardia ou ineficiente do condutor,Colisão traseira,Pleno dia,Sol,Dupla,Reta,Sim,Decrescente
751619,2026-02-11,quarta-feira,17:19:00,SP,116.0,276,embu das artes,-23.701643,-46.826477,6.0,0.0,0.0,Com Vítimas Feridas,Não,Manobra de mudança de faixa,Tombamento,Pleno dia,Nublado,Dupla,Reta,Sim,Decrescente
751620,2026-02-11,quarta-feira,14:00:00,RJ,116.0,148,duque de caxias,-22.671917,-43.280468,1.0,0.0,0.0,Com Vítimas Feridas,Sim,Ausência de reação do condutor,Colisão com objeto,Pleno dia,Nublado,Dupla,Reta,Sim,Decrescente
751621,2026-02-11,quarta-feira,17:50:00,PR,277.0,"551,9",catanduvas,-25.09562,-53.12722,0.0,0.0,0.0,Sem Vítimas,Não,Condutor deixou de manter distância do veículo da frente,Colisão traseira,Anoitecer,Céu Claro,Simples,Reta;Interseção de Vias,Não,Crescente
751622,2026-02-11,quarta-feira,17:40:00,PE,101.0,79,jaboatao dos guararapes,-8.14875,-34.94306,3.0,0.0,0.0,Com Vítimas Feridas,Sim,Ausência de reação do condutor,Queda de ocupante de veículo,Anoitecer,Nublado,Dupla,Reta,Sim,Decrescente
751623,2026-02-11,quarta-feira,18:05:00,RS,116.0,238,novo hamburgo,-29.691877,-51.143436,2.0,0.0,0.0,Com Vítimas Feridas,Não,Condutor deixou de manter distância do veículo da frente,Tombamento,Pleno dia,Céu Claro,Dupla,Desvio Temporário,Sim,Crescente
751624,2026-02-11,quarta-feira,16:10:00,PR,376.0,408,tibagi,-24.638954,-50.63242,0.0,0.0,0.0,Sem Vítimas,Sim,Demais falhas mecânicas ou elétricas,Incêndio,Pleno dia,Céu Claro,Dupla,Declive;Reta,Não,Crescente
751625,2026-02-11,quarta-feira,15:00:00,MG,262.0,552,corrego danta,-19.744116,-45.961624,1.0,0.0,0.0,Com Vítimas Feridas,Sim,Condutor Dormindo,Tombamento,Pleno dia,Garoa/Chuvisco,Simples,Curva,Não,Decrescente
751626,2026-02-11,quarta-feira,17:18:00,MT,364.0,203,rondonopolis,-16.337814,-54.7465,0.0,1.0,0.0,Com Vítimas Feridas,Sim,Ausência de reação do condutor,Colisão traseira,Pleno dia,Céu Claro,Dupla,Retorno Regulamentado,Sim,Crescente
751627,2026-02-11,quarta-feira,17:00:00,GO,60.0,"202,2",guapo,-16.898708,-49.637077,3.0,0.0,0.0,Com Vítimas Feridas,Sim,Chuva,Colisão com objeto,Pleno dia,Chuva,Dupla,Curva,Não,Decrescente
751628,2026-02-11,quarta-feira,18:30:00,RJ,116.0,176,sao joao de meriti,-22.785341,-43.38012,1.0,0.0,0.0,Com Vítimas Feridas,Sim,Manobra de mudança de faixa,Colisão lateral mesmo sentido,Anoitecer,Céu Claro,Dupla,Reta,Não,Decrescente
751629,2026-02-11,quarta-feira,16:15:00,RS,287.0,445,unistalda,-29.036928,-55.25076,8.0,0.0,0.0,Com Vítimas Feridas,Não,Manobra de mudança de faixa,Colisão com objeto,Pleno dia,Sol,Simples,Reta,Sim,Crescente
751630,2026-02-11,quarta-feira,16:30:00,MT,70.0,"57,7",barra do garcas,-15.71815,-52.66088,0.0,36.0,18.0,Com Vítimas Fatais,Não,Pista Escorregadia,Capotamento,Pleno dia,Chuva,Simples,Curva;Declive,Não,Decrescente
751631,2026-02-11,quarta-feira,17:20:00,PR,277.0,686,sao miguel do iguacu,-25.33564,-54.204567,2.0,0.0,0.0,Com Vítimas Feridas,Sim,Ausência de reação do condutor,Queda de ocupante de veículo,Pleno dia,Céu Claro,Dupla,Curva;Aclive,Não,Decrescente
751632,2026-02-11,quarta-feira,15:45:00,MA,316.0,"160,2",araguana,-2.946785,-45.666588,1.0,0.0,0.0,Com Vítimas Feridas,Sim,Acessar a via sem observar a presença dos outros veículos,Colisão transversal,Pleno dia,Céu Claro,Simples,Reta,Sim,Decrescente
751633,2026-02-11,quarta-feira,18:35:00,GO,40.0,"5,7",valparaiso de goias,-16.092001,-47.983047,6.0,0.0,0.0,Com Vítimas Feridas,Não,Condutor deixou de manter distância do veículo da frente,Queda de ocupante de veículo,Amanhecer,Nublado,Dupla,Declive;Reta,Não,Crescente
751634,2026-02-11,quarta-feira,17:40:00,SP,116.0,"100,5",pindamonhangaba,-22.98807,-45.47599,1.0,0.0,0.0,Com Vítimas Feridas,Sim,Reação tardia ou ineficiente do condutor,Colisão traseira,Anoitecer,Nublado,Dupla,Reta,Não,Crescente
751636,2026-02-10,terça-feira,20:00:00,MT,174.0,343,conquista doeste,-14.814817,-59.322544,2.0,0.0,0.0,Com Vítimas Feridas,Sim,Animais na Pista,Saída de leito carroçável,Plena Noite,Céu Claro,Simples,Reta,Não,Decrescente
751637,2026-02-11,quarta-feira,14:40:00,GO,153.0,508,aparecida de goiania,-16.77509,-49.237038,0.0,2.0,0.0,Com Vítimas Feridas,Sim,Reação tardia ou ineficiente do condutor,Tombamento,Pleno dia,Nublado,Dupla,Reta;Aclive,Não,Decrescente
751638,2026-02-11,quarta-feira,15:58:00,MG,116.0,"435,8",engenheiro caldas,-19.044506,-41.992977,1.0,0.0,0.0,Com Vítimas Feridas,Sim,Conversão proibida,Colisão transversal,Pleno dia,Nublado,Simples,Reta,Não,Decrescente
751639,2026-02-11,quarta-feira,17:35:00,RJ,101.0,462,angra dos reis,-23.019709,-44.215508,1.0,0.0,0.0,Com Vítimas Feridas,Sim,Ausência de reação do condutor,Saída de leito carroçável,Pleno dia,Céu Claro,Simples,Declive;Curva,Não,Decrescente
751640,2026-02-11,quarta-feira,13:00:00,ES,262.0,32,domingos martins,-20.379734,-40.57887,1.0,0.0,0.0,Com Vítimas Feridas,Sim,Acumulo de óleo sobre o pavimento,Queda de ocupante de veículo,Pleno dia,Sol,Simples,Curva,Não,Crescente
751641,2026-02-11,quarta-feira,18:00:00,RO,364.0,"383,9",ouro preto do oeste,-10.715842,-62.250134,6.0,0.0,0.0,Com Vítimas Feridas,Não,Reação tardia ou ineficiente do condutor,Queda de ocupante de veículo,Pleno dia,Nublado,Simples,Reta,Sim,Crescente
751642,2026-02-11,quarta-feira,15:00:00,RJ,116.0,18,sapucaia,-21.984695,-42.75555,0.0,1.0,0.0,Com Vítimas Feridas,Sim,Reação tardia ou ineficiente do condutor,Colisão lateral sentido oposto,Pleno dia,Céu Claro,Simples,Reta,Não,Decrescente
751643,2026-02-11,quarta-feira,19:30:00,MG,116.0,536,santa rita de minas,-19.866777,-42.134937,0.0,1.0,0.0,Com Vítimas Feridas,Sim,Suicídio (presumido),Atropelamento de Pedestre,Plena Noite,Céu Claro,Simples,Reta,Sim,Decrescente
751644,2026-02-11,quarta-feira,17:30:00,BA,116.0,9,vitoria da conquista,-14.851015,-40.883003,2.0,0.0,0.0,Com Vítimas Feridas,Sim,Ausência de reação do condutor,Colisão transversal,Anoitecer,Céu Claro,Simples,Reta,Não,Decrescente
751645,2026-01-25,domingo,12:25:00,PR,277.0,"504,5",guaraniacu,-25.143702,-52.702026,6.0,0.0,0.0,Com Vítimas Feridas,Sim,Ausência de reação do condutor,Colisão com objeto,Pleno dia,Sol,Simples,Curva,Não,Crescente
751646,2026-02-11,quarta-feira,19:30:00,GO,20.0,182,simolandia,-14.46427,-46.480408,0.0,1.0,0.0,Com Vítimas Feridas,Sim,Pedestre cruzava a pista fora da faixa,Atropelamento de Pedestre,Plena Noite,Nublado,Dupla,Reta,Sim,Crescente
751647,2026-02-11,quarta-feira,19:10:00,MG,116.0,"671,9",muriae,-21.121845,-42.379837,3.0,0.0,0.0,Com Vítimas Feridas,Sim,Condutor deixou de manter distância do veículo da frente,Queda de ocupante de veículo,Plena Noite,Nublado,Simples,Reta;Interseção de Vias,Sim,Crescente
751648,2026-02-11,quarta-feira,19:20:00,CE,222.0,"76,4",sao luis do curu,-3.671219,-39.23297,0.0,0.0,3.0,Com Vítimas Fatais,Não,Pedestre cruzava a pista fora da faixa,Atropelamento de Pedestre,Plena Noite,Nublado,Simples,Reta,Sim,Decrescente
751649,2026-02-11,quarta-feira,19:15:00,PI,316.0,5,teresina,-5.142817,-42.77969,0.0,1.0,0.0,Com Vítimas Feridas,Sim,Pedestre cruzava a pista fora da faixa,Atropelamento de Pedestre,Plena Noite,Céu Claro,Múltipla,Reta,Sim,Decrescente
751650,2026-02-11,quarta-feira,19:45:00,SP,116.0,227,guarulhos,-23.499435,-46.56051,3.0,0.0,0.0,Com Vítimas Feridas,Sim,Ausência de reação do condutor,Queda de ocupante de veículo,Plena Noite,Céu Claro,Múltipla,Reta,Não,Decrescente
751651,2026-02-11,quarta-feira,13:55:00,PI,343.0,8,parnaiba,-2.899935,-41.72778,0.0,0.0,0.0,Sem Vítimas,Sim,Ausência de reação do condutor,Colisão traseira,Pleno dia,Céu Claro,Simples,Reta,Sim,Crescente
751652,2026-02-11,quarta-feira,19:45:00,PR,277.0,318,guarapuava,-25.336966,-51.215893,12.0,0.0,0.0,Com Vítimas Feridas,Não,Manobra de mudança de faixa,Queda de ocupante de veículo,Plena Noite,Céu Claro,Simples,Reta;Declive,Não,Crescente
751653,2026-02-11,quarta-feira,19:00:00,MT,163.0,1049,matupa,-10.091208,-54.917645,0.0,0.0,0.0,Sem Vítimas,Sim,Reação tardia ou ineficiente do condutor,Saída de leito carroçável,Plena Noite,Nublado,Simples,Reta,Não,Crescente
751654,2026-02-11,quarta-feira,20:35:00,RS,116.0,238,novo hamburgo,-29.69267,-51.143707,3.0,0.0,0.0,Com Vítimas Feridas,Não,Velocidade Incompatível,Colisão traseira,Plena Noite,Céu Claro,Múltipla,Reta,Sim,Crescente
751655,2026-02-11,quarta-feira,18:25:00,AP,210.0,"104,9",porto grande,0.700717,-51.402885,1.0,0.0,0.0,Com Vítimas Feridas,Sim,Ultrapassagem Indevida,Colisão lateral mesmo sentido,Anoitecer,Céu Claro,Simples,Reta,Sim,Crescente
751656,2026-02-11,quarta-feira,19:45:00,TO,153.0,"352,5",fortaleza do tabocao,-8.997983,-48.500816,2.0,0.0,0.0,Com Vítimas Feridas,Sim,Manobra de mudança de faixa,Colisão frontal,Pleno dia,Nublado,Simples,Reta;Declive,Não,Decrescente
751657,2026-01-22,quinta-feira,21:15:00,MG,50.0,72,uberlandia,-18.903069,-48.235687,3.0,0.0,0.0,Com Vítimas Feridas,Sim,Desrespeitar a preferência no cruzamento,Queda de ocupante de veículo,Plena Noite,Chuva,Dupla,Interseção de Vias,Não,Crescente
751658,2026-02-11,quarta-feira,20:00:00,PR,277.0,655,matelandia,-25.21526,-53.95148,0.0,2.0,0.0,Com Vítimas Feridas,Não,Pedestre andava na pista,Atropelamento de Pedestre,Plena Noite,Céu Claro,Simples,Declive;Reta,Não,Decrescente
751659,2026-02-11,quarta-feira,18:45:00,ES,101.0,"392,3",rio novo do sul,-20.865633,-40.914383,1.0,0.0,0.0,Com Vítimas Feridas,Sim,Ausência de reação do condutor,Queda de ocupante de veículo,Plena Noite,Céu Claro,Simples,Reta,Não,Crescente
751660,2026-02-11,quarta-feira,21:00:00,SP,381.0,88,guarulhos,-23.484295,-46.559483,0.0,0.0,0.0,Sem Vítimas,Sim,Ausência de reação do condutor,Capotamento,Plena Noite,Nublado,Múltipla,Reta,Sim,Decrescente
751661,2026-02-11,quarta-feira,21:00:00,ES,101.0,"297,5",viana,-20.350895,-40.413044,3.0,0.0,0.0,Com Vítimas Feridas,Sim,Manobra de mudança de faixa,Queda de ocupante de veículo,Plena Noite,Céu Claro,Dupla,Reta,Sim,Decrescente
751662,2026-02-11,quarta-feira,13:35:00,SC,282.0,"503,4",xanxere,-26.882923,-52.403248,2.0,0.0,0.0,Com Vítimas Feridas,Sim,Ausência de reação do condutor,Capotamento,Pleno dia,Céu Claro,Dupla,Reta;Aclive,Sim,Decrescente
751663,2026-02-11,quarta-feira,20:00:00,CE,116.0,"307,6",jaguaribe,-5.903738,-38.62353,0.0,1.0,0.0,Com Vítimas Feridas,Sim,Ausência de reação do condutor,Colisão lateral mesmo sentido,Plena Noite,Céu Claro,Simples,Reta,Sim,Crescente
751664,2026-02-11,quarta-feira,15:20:00,PI,230.0,197,oeiras,-7.010175,-42.128685,12.0,0.0,0.0,Com Vítimas Feridas,Não,Ingestão de álcool pelo condutor,Colisão lateral mesmo sentido,Pleno dia,Céu Claro,Dupla,Reta,Sim,Crescente
751665,2026-02-11,quarta-feira,20:40:00,SP,116.0,370,miracatu,-24.264235,-47.384506,1.0,1.0,0.0,Com Vítimas Feridas,Sim,Manobra de mudança de faixa,Colisão lateral mesmo sentido,Plena Noite,Céu Claro,Dupla,Reta,Sim,Decrescente
751666,2026-02-11,quarta-feira,21:20:00,MG,40.0,"629,3",conselheiro lafaiete,-20.655977,-43.804688,0.0,1.0,0.0,Com Vítimas Feridas,Sim,Transitar na contramão,Colisão frontal,Plena Noite,Céu Claro,Simples,Reta;Aclive,Não,Crescente
751667,2026-02-11,quarta-feira,21:30:00,GO,60.0,"94,9",anapolis,-16.36499,-48.935238,2.0,0.0,0.0,Com Vítimas Feridas,Sim,Demais falhas mecânicas ou elétricas,Tombamento,Plena Noite,Nublado,Dupla,Reta,Não,Decrescente
751669,2026-02-11,quarta-feira,09:30:00,RJ,101.0,309,sao goncalo,-22.794897,-43.03568,2.0,0.0,0.0,Com Vítimas Feridas,Não,Problema com o freio,Engavetamento,Pleno dia,Céu Claro,Dupla,Reta,Sim,Crescente
751670,2026-02-11,quarta-feira,22:10:00,ES,101.0,262,serra,-20.15973,-40.27607,2.0,0.0,0.0,Com Vítimas Feridas,Sim,Acessar a via sem observar a presença dos outros veículos,Colisão transversal,Plena Noite,Céu Claro,Dupla,Retorno Regulamentado;Reta,Não,Crescente
751671,2026-02-11,quarta-feira,19:50:00,PE,101.0,180,palmares,-8.638505,-35.560925,0.0,0.0,0.0,Sem Vítimas,Sim,Ausência de reação do condutor,Saída de leito carroçável,Plena Noite,Céu Claro,Dupla,Reta,Não,Crescente
751672,2026-02-11,quarta-feira,22:20:00,PE,101.0,75,recife,-8.110291,-34.946636,3.0,0.0,0.0,Com Vítimas Feridas,Sim,Ausência de reação do condutor,Tombamento,Plena Noite,Céu Claro,Múltipla,Reta,Sim,Crescente
751673,2026-02-11,quarta-feira,19:30:00,MT,70.0,399,campo verde,-15.658695,-55.231632,0.0,0.0,0.0,Sem Vítimas,Sim,Ingestão de álcool pelo condutor,Tombamento,Plena Noite,Nublado,Simples,Reta,Não,Crescente
751674,2026-02-11,quarta-feira,21:35:00,PI,316.0,302,picos,-7.056128,-41.526886,9.0,0.0,0.0,Com Vítimas Feridas,Não,Iluminação deficiente,Colisão transversal,Plena Noite,Céu Claro,Simples,Reta,Não,Crescente
751675,2026-02-11,quarta-feira,19:30:00,MT,70.0,377,campo verde,-15.515691,-55.11948,2.0,0.0,0.0,Com Vítimas Feridas,Sim,Reação tardia ou ineficiente do condutor,Colisão transversal,Plena Noite,Céu Claro,Simples,Reta,Não,Decrescente
751676,2026-02-11,quarta-feira,21:40:00,MG,40.0,"518,1",ribeirao das neves,-19.831995,-44.081154,0.0,0.0,0.0,Sem Vítimas,Não,Chuva,Saída de leito carroçável,Plena Noite,Chuva,Dupla,Retorno Regulamentado,Sim,Crescente
751677,2026-02-11,quarta-feira,14:10:00,MG,381.0,525,brumadinho,-20.1511,-44.326267,0.0,0.0,0.0,Sem Vítimas,Sim,Chuva,Capotamento,Pleno dia,Chuva,Dupla,Curva;Declive,Não,Crescente
751678,2026-02-11,quarta-feira,20:45:00,MG,381.0,930,itapeva,-22.782244,-46.240303,0.0,0.0,0.0,Sem Vítimas,Sim,Problema com o freio,Incêndio,Plena Noite,Céu Claro,Dupla,Reta,Sim,Decrescente
751679,2026-02-11,quarta-feira,13:10:00,MG,381.0,948,extrema,-22.86436,-46.34641,4.0,0.0,0.0,Com Vítimas Feridas,Não,Ausência de reação do condutor,Colisão transversal,Pleno dia,Chuva,Dupla,Reta;Retorno Regulamentado,Não,Crescente
751680,2026-02-11,quarta-feira,23:00:00,MG,50.0,174,uberaba,-19.778725,-47.977962,0.0,3.0,0.0,Com Vítimas Feridas,Sim,Ausência de reação do condutor,Tombamento,Plena Noite,Nublado,Dupla,Viaduto,Sim,Crescente
751681,2026-02-11,quarta-feira,11:30:00,PA,230.0,"731,5",medicilandia,-3.426408,-52.8062,9.0,9.0,0.0,Com Vítimas Feridas,Não,Reação tardia ou ineficiente do condutor,Queda de ocupante de veículo,Pleno dia,Sol,Simples,Reta,Sim,Decrescente
751682,2026-02-11,quarta-feira,22:00:00,BA,110.0,326,alagoinhas,-12.069241,-38.35058,1.0,0.0,0.0,Com Vítimas Feridas,Sim,Deficiência do Sistema de Iluminação/Sinalização,Colisão traseira,Plena Noite,Céu Claro,Simples,Reta,Não,Crescente
751683,2026-02-11,quarta-feira,11:30:00,RJ,465.0,8,seropedica,-22.773623,-43.667038,1.0,0.0,0.0,Com Vítimas Feridas,Sim,Ausência de reação do condutor,Queda de ocupante de veículo,Pleno dia,Céu Claro,Simples,Reta,Não,Crescente
751684,2026-02-11,quarta-feira,23:30:00,MG,381.0,503,betim,-20.02636,-44.23195,1.0,0.0,0.0,Com Vítimas Feridas,Sim,Reação tardia ou ineficiente do condutor,Colisão com objeto,Plena Noite,Chuva,Dupla,Curva;Declive,Sim,Decrescente
751686,2026-02-11,quarta-feira,23:00:00,GO,153.0,564,professor jamil,-17.211353,-49.22209,0.0,0.0,0.0,Sem Vítimas,Sim,Reação tardia ou ineficiente do condutor,Tombamento,Plena Noite,Nublado,Dupla,Reta;Declive,Não,Decrescente
751687,2026-02-11,quarta-feira,21:30:00,RS,468.0,"0,5",palmeira das missoes,-27.880491,-53.30626,0.0,0.0,6.0,Com Vítimas Fatais,Não,Ausência de reação do condutor,Colisão lateral sentido oposto,Plena Noite,Céu Claro,Simples,Reta;Aclive,Não,Crescente
751688,2026-02-12,quinta-feira,00:50:00,ES,101.0,"139,7",linhares,-19.299622,-40.07807,4.0,0.0,0.0,Com Vítimas Feridas,Não,Velocidade Incompatível,Colisão lateral mesmo sentido,Plena Noite,Céu Claro,Simples,Reta,Não,Decrescente
751689,2026-02-12,quinta-feira,01:26:00,SP,116.0,351,miracatu,-24.0563,-47.21968,0.0,0.0,0.0,Sem Vítimas,Sim,Demais falhas mecânicas ou elétricas,Incêndio,Plena Noite,Nevoeiro/Neblina,Dupla,Reta;Aclive,Não,Decrescente
751690,2026-02-12,quinta-feira,00:45:00,RJ,40.0,105,duque de caxias,-22.638807,-43.28348,2.0,0.0,0.0,Com Vítimas Feridas,Não,Velocidade Incompatível,Colisão transversal,Plena Noite,Céu Claro,Simples,Reta;Interseção de Vias,Sim,Decrescente
751691,2026-02-12,quinta-feira,01:36:00,PE,101.0,65,recife,-8.03369,-34.94182,0.0,2.0,0.0,Com Vítimas Feridas,Não,Ausência de reação do condutor,Colisão traseira,Plena Noite,Chuva,Dupla,Reta,Sim,Decrescente
751692,2026-02-12,quinta-feira,01:55:00,MG,381.0,"552,5",itaguara,-20.35533,-44.453938,1.0,0.0,0.0,Com Vítimas Feridas,Sim,Condutor Dormindo,Colisão traseira,Plena Noite,Céu Claro,Dupla,Reta,Não,Decrescente
751693,2026-02-12,quinta-feira,01:30:00,PB,230.0,"142,5",campina grande,-7.2558813,-35.821392,2.0,0.0,0.0,Com Vítimas Feridas,Sim,Condutor Dormindo,Tombamento,Plena Noite,Céu Claro,Dupla,Reta;Aclive,Não,Crescente
751694,2026-02-12,quinta-feira,02:00:00,SP,116.0,154,sao jose dos campos,-23.238588,-45.919983,1.0,0.0,0.0,Com Vítimas Feridas,Sim,Reação tardia ou ineficiente do condutor,Colisão com objeto,Plena Noite,Céu Claro,Múltipla,Reta,Sim,Decrescente
751695,2026-02-12,quinta-feira,03:09:00,SP,116.0,283,embu das artes,-23.67204,-46.857033,2.0,0.0,0.0,Com Vítimas Feridas,Sim,Reação tardia ou ineficiente do condutor,Colisão lateral mesmo sentido,Plena Noite,Céu Claro,Dupla,Reta,Sim,Crescente
751696,2026-02-12,quinta-feira,03:40:00,MG,381.0,"364,2",sao goncalo do rio abaixo,-19.852238,-43.271374,0.0,2.0,0.0,Com Vítimas Feridas,Sim,Condutor Dormindo,Tombamento,Plena Noite,Nublado,Simples,Curva,Não,Decrescente
751697,2026-02-12,quinta-feira,02:30:00,RS,392.0,68,pelotas,-31.746286,-52.40422,0.0,0.0,0.0,Sem Vítimas,Sim,Velocidade Incompatível,Colisão com objeto,Plena Noite,Céu Claro,Simples,Curva,Não,Crescente
751698,2026-02-12,quinta-feira,03:00:00,RS,287.0,355,jaguari,-29.481365,-54.689217,0.0,2.0,0.0,Com Vítimas Feridas,Sim,Curva acentuada,Tombamento,Plena Noite,Céu Claro,Simples,Declive;Curva;Em Obras;Interseção de Vias,Não,Decrescente
751699,2026-01-10,sábado,10:00:00,RS,386.0,"245,3",soledade,-28.804659,-52.50663,0.0,1.0,0.0,Com Vítimas Feridas,Sim,Acessar a via sem observar a presença dos outros veículos,Colisão transversal,Pleno dia,Céu Claro,Simples,Em Obras;Reta;Interseção de Vias,Sim,Crescente
751700,2026-02-12,quinta-feira,03:55:00,PB,230.0,"491,4",cajazeiras,-6.884447,-38.468407,0.0,6.0,0.0,Com Vítimas Feridas,Não,Chuva,Queda de ocupante de veículo,Plena Noite,Chuva,Simples,Reta;Aclive,Não,Crescente
751701,2026-02-11,quarta-feira,23:00:00,BA,116.0,"862,5",vitoria da conquista,-15.158704,-41.056213,1.0,0.0,0.0,Com Vítimas Feridas,Sim,Ingestão de álcool pelo condutor,Saída de leito carroçável,Plena Noite,Céu Claro,Simples,Reta,Não,Crescente
751702,2026-02-12,quinta-feira,04:20:00,RS,116.0,503,pelotas,-31.576721,-52.26788,1.0,0.0,0.0,Com Vítimas Feridas,Sim,Condutor Dormindo,Tombamento,Plena Noite,Nublado,Dupla,Reta,Não,Crescente