id,data_inversa,dia_semana,horario,uf,br,km,municipio,latitude,longitude,feridos_leves,feridos_graves,mortos,classificacao_acidente,causa_principal,causa_acidente,tipo_acidente,fase_dia,condicao_metereologica,tipo_pista,tracado_via,uso_solo,sentido_via
752041,2026-02-13,sexta-feira,15:30:00,MG,381.0,6,betim,-19.988514,-44.196625,1.0,0.0,0.0,Com Vítimas Feridas,Sim,Trafegar com motocicleta (ou similar) entre as faixas,Colisão lateral mesmo sentido,Pleno dia,Céu Claro,Dupla,Curva,Não,Crescente
752042,2026-02-13,sexta-feira,15:30:00,SC,282.0,"530,7",cordilheira alta,-26.989098,-52.610504,0.0,0.0,0.0,Sem Vítimas,Não,Chuva,Colisão com objeto,Pleno dia,Chuva,Simples,Reta,Não,Decrescente
752043,2026-02-13,sexta-feira,14:10:00,SC,101.0,74,araquari,-26.551044,-48.715134,1.0,0.0,0.0,Com Vítimas Feridas,Sim,Ausência de reação do condutor,Colisão transversal,Pleno dia,Nublado,Múltipla,Reta,Não,Crescente
752044,2026-02-13,sexta-feira,15:30:00,PR,116.0,188,campo do tenente,-25.972994,-49.66078,4.0,0.0,0.0,Com Vítimas Feridas,Não,Reação tardia ou ineficiente do condutor,Colisão com objeto,Pleno dia,Céu Claro,Simples,Interseção de Vias;Reta,Sim,Decrescente
752045,2026-02-13,sexta-feira,15:40:00,SC,101.0,197,biguacu,-27.518625,-48.638535,1.0,0.0,0.0,Com Vítimas Feridas,Sim,Chuva,Colisão com objeto,Pleno dia,Chuva,Dupla,Curva;Aclive,Sim,Decrescente
752046,2026-02-13,sexta-feira,15:55:00,SP,153.0,"61,3",sao jose do rio preto,-20.80665,-49.35616,1.0,0.0,0.0,Com Vítimas Feridas,Sim,Condutor deixou de manter distância do veículo da frente,Colisão traseira,Pleno dia,Sol,Dupla,Declive,Sim,Crescente
752047,2026-02-13,sexta-feira,14:30:00,SC,101.0,"428,5",sombrio,-29.0495,-49.619446,0.0,3.0,0.0,Com Vítimas Feridas,Sim,Ultrapassagem Indevida,Queda de ocupante de veículo,Pleno dia,Nublado,Múltipla,Curva;Aclive,Sim,Decrescente
752048,2026-02-13,sexta-feira,16:00:00,PR,369.0,150,londrina,-23.293041,-51.164013,0.0,1.0,0.0,Com Vítimas Feridas,Sim,Manobra de mudança de faixa,Colisão traseira,Pleno dia,Garoa/Chuvisco,Dupla,Reta,Sim,Decrescente
752049,2026-02-13,sexta-feira,14:45:00,SC,101.0,"443,4",santa rosa do sul,-29.13545,-49.70878,1.0,0.0,0.0,Com Vítimas Feridas,Sim,Acessar a via sem observar a presença dos outros veículos,Colisão lateral mesmo sentido,Pleno dia,Nublado,Múltipla,Interseção de Vias,Sim,Crescente
752050,2026-02-13,sexta-feira,15:30:00,SP,381.0,81,sao paulo,-23.433214,-46.56876,0.0,0.0,0.0,Sem Vítimas,Sim,Ausência de reação do condutor,Colisão traseira,Pleno dia,Céu Claro,Dupla,Reta,Sim,Decrescente
752051,2026-02-13,sexta-feira,16:20:00,PB,101.0,"90,9",joao pessoa,-7.1877723,-34.90212,2.0,0.0,0.0,Com Vítimas Feridas,Não,Ausência de reação do condutor,Engavetamento,Pleno dia,Céu Claro,Dupla,Reta;Declive,Não,Decrescente
752052,2026-02-13,sexta-feira,11:25:00,RO,364.0,11,vilhena,-12.748631,-60.108356,2.0,0.0,0.0,Com Vítimas Feridas,Sim,Transitar na calçada,Colisão transversal,Pleno dia,Céu Claro,Simples,Reta,Sim,Decrescente
752053,2026-02-12,quinta-feira,17:05:00,SC,,,sao jose,-27.532343,-48.63265,0.0,0.0,0.0,Sem Vítimas,Sim,Reação tardia ou ineficiente do condutor,Colisão lateral sentido oposto,Pleno dia,Céu Claro,Simples,Reta,Sim,Não Informado
752054,2026-02-13,sexta-feira,13:10:00,MT,70.0,70,general carneiro,-15.707099,-52.763412,0.0,0.0,0.0,Sem Vítimas,Sim,Ausência de reação do condutor,Tombamento,Pleno dia,Céu Claro,Simples,Reta,Sim,Crescente
752055,2026-02-13,sexta-feira,15:40:00,BA,324.0,621,salvador,-12.921771,-38.467373,4.0,0.0,0.0,Com Vítimas Feridas,Sim,Demais falhas mecânicas ou elétricas,Tombamento,Pleno dia,Nublado,Dupla,Curva,Não,Decrescente
752056,2026-02-13,sexta-feira,16:40:00,SP,116.0,225,guarulhos,-23.487629,-46.5434,2.0,0.0,0.0,Com Vítimas Feridas,Sim,Condutor deixou de manter distância do veículo da frente,Tombamento,Pleno dia,Nublado,Múltipla,Reta,Sim,Decrescente
752057,2026-02-13,sexta-feira,16:30:00,SC,101.0,134,balneario camboriu,-27.00213,-48.638012,3.0,0.0,0.0,Com Vítimas Feridas,Sim,Desrespeitar a preferência no cruzamento,Queda de ocupante de veículo,Pleno dia,Céu Claro,Dupla,Reta;Interseção de Vias,Sim,Crescente
752058,2026-02-13,sexta-feira,10:00:00,PE,116.0,58,cabrobo,-8.347753,-39.14,0.0,0.0,2.0,Com Vítimas Fatais,Não,Velocidade Incompatível,Atropelamento de Pedestre,Pleno dia,Céu Claro,Simples,Reta,Não,Decrescente
752059,2026-02-13,sexta-feira,16:00:00,MG,381.0,485,betim,-19.95805,-44.09212,6.0,0.0,0.0,Com Vítimas Feridas,Não,Condutor deixou de manter distância do veículo da frente,Queda de ocupante de veículo,Pleno dia,Céu Claro,Múltipla,Reta,Sim,Crescente
752060,2026-02-13,sexta-feira,16:00:00,PI,316.0,"39,5",lagoa do piaui,-5.40782,-42.647903,0.0,0.0,0.0,Sem Vítimas,Sim,Acessar a via sem observar a presença dos outros veículos,Colisão transversal,Pleno dia,Chuva,Simples,Interseção de Vias,Sim,Decrescente
752061,2026-02-13,sexta-feira,16:10:00,MG,381.0,484,betim,-19.959322,-44.089397,1.0,0.0,0.0,Com Vítimas Feridas,Sim,Trafegar com motocicleta (ou similar) entre as faixas,Colisão lateral mesmo sentido,Pleno dia,Céu Claro,Dupla,Curva,Sim,Crescente
752062,2026-02-13,sexta-feira,16:15:00,CE,304.0,"49,6",aracati,-4.5743055,-37.764355,0.0,0.0,0.0,Sem Vítimas,Sim,Animais na Pista,Colisão traseira,Pleno dia,Céu Claro,Simples,Reta,Sim,Crescente
752063,2026-02-13,sexta-feira,16:06:00,MS,163.0,"184,1",juti,-22.815216,-54.70995,12.0,0.0,0.0,Com Vítimas Feridas,Não,Reação tardia ou ineficiente do condutor,Colisão com objeto,Pleno dia,Chuva,Simples,Reta,Não,Crescente
752065,2026-02-13,sexta-feira,17:00:00,DF,70.0,"14,8",brasilia,-15.79906,-48.18278,3.0,0.0,0.0,Com Vítimas Feridas,Sim,Acessar a via sem observar a presença dos outros veículos,Colisão transversal,Pleno dia,Nublado,Dupla,Reta,Sim,Crescente
752066,2026-02-13,sexta-feira,16:10:00,MG,50.0,"177,5",uberaba,-19.779446,-47.944935,1.0,0.0,0.0,Com Vítimas Feridas,Sim,Condutor deixou de manter distância do veículo da frente,Engavetamento,Pleno dia,Sol,Dupla,Reta,Sim,Decrescente
752067,2026-02-13,sexta-feira,16:15:00,PR,476.0,159,araucaria,-25.613895,-49.424675,6.0,0.0,0.0,Com Vítimas Feridas,Não,Demais falhas na via,Queda de ocupante de veículo,Pleno dia,Chuva,Simples,Reta,Sim,Crescente
752068,2026-02-13,sexta-feira,17:15:00,MG,381.0,"491,8",betim,-19.9606,-44.1574,3.0,0.0,0.0,Com Vítimas Feridas,Sim,Pista esburacada,Queda de ocupante de veículo,Pleno dia,Céu Claro,Múltipla,Reta,Sim,Crescente
752069,2026-02-13,sexta-feira,17:00:00,ES,262.0,"195,5",iuna,-20.28278,-41.77402,3.0,1.0,0.0,Com Vítimas Feridas,Sim,Reação tardia ou ineficiente do condutor,Colisão lateral mesmo sentido,Pleno dia,Sol,Simples,Reta,Não,Crescente
752070,2026-02-13,sexta-feira,15:10:00,SC,282.0,3,florianopolis,-27.596674,-48.600967,1.0,0.0,0.0,Com Vítimas Feridas,Sim,Condutor deixou de manter distância do veículo da frente,Colisão traseira,Pleno dia,Chuva,Dupla,Reta,Sim,Crescente
752071,2026-02-13,sexta-feira,12:11:00,MT,70.0,671,pocone,-15.942712,-57.079605,0.0,1.0,0.0,Com Vítimas Feridas,Sim,Chuva,Saída de leito carroçável,Pleno dia,Chuva,Simples,Aclive,Não,Crescente
752072,2026-02-13,sexta-feira,17:00:00,PR,153.0,"42,5",santo antonio da platina,-23.301342,-50.070217,2.0,0.0,0.0,Com Vítimas Feridas,Sim,Desrespeitar a preferência no cruzamento,Queda de ocupante de veículo,Pleno dia,Nublado,Simples,Reta;Interseção de Vias,Sim,Decrescente
752074,2026-02-13,sexta-feira,16:30:00,MT,163.0,834,sinop,-11.866232,-55.496853,1.0,0.0,0.0,Com Vítimas Feridas,Sim,Conversão proibida,Colisão lateral mesmo sentido,Pleno dia,Céu Claro,Dupla,Rotatória;Retorno Regulamentado,Sim,Decrescente
752075,2026-02-13,sexta-feira,15:15:00,PE,101.0,"178,5",joaquim nabuco,-8.61938,-35.54781,1.0,0.0,0.0,Com Vítimas Feridas,Sim,Manobra de mudança de faixa,Colisão transversal,Pleno dia,Nublado,Dupla,Reta,Não,Decrescente
752076,2026-02-13,sexta-feira,17:00:00,MG,267.0,"13,2",alem paraiba,-21.717848,-42.73023,1.0,0.0,0.0,Com Vítimas Feridas,Sim,Acessar a via sem observar a presença dos outros veículos,Colisão transversal,Pleno dia,Céu Claro,Simples,Curva,Não,Crescente
752077,2026-02-13,sexta-feira,14:30:00,SC,282.0,72,rancho queimado,-27.683401,-49.10549,1.0,1.0,0.0,Com Vítimas Feridas,Sim,Ausência de reação do condutor,Colisão lateral mesmo sentido,Pleno dia,Chuva,Simples,Curva,Não,Decrescente
752078,2026-02-13,sexta-feira,17:30:00,SP,381.0,30,atibaia,-23.050655,-46.56605,4.0,0.0,0.0,Com Vítimas Feridas,Sim,Manobra de mudança de faixa,Queda de ocupante de veículo,Pleno dia,Sol,Dupla,Reta,Sim,Decrescente
752079,2026-02-13,sexta-feira,15:00:00,RJ,465.0,12,seropedica,-22.794268,-43.648853,2.0,0.0,0.0,Com Vítimas Feridas,Sim,Acessar a via sem observar a presença dos outros veículos,Queda de ocupante de veículo,Pleno dia,Céu Claro,Simples,Reta,Sim,Crescente
752080,2026-02-13,sexta-feira,16:05:00,PI,343.0,"2,7",teresina,-5.080613,-42.77476,0.0,0.0,0.0,Sem Vítimas,Não,Condutor deixou de manter distância do veículo da frente,Colisão traseira,Pleno dia,Chuva,Dupla,Rotatória,Sim,Crescente
752081,2026-02-13,sexta-feira,16:20:00,MG,50.0,133,uberaba,-19.415443,-48.071396,4.0,0.0,0.0,Com Vítimas Feridas,Sim,Afundamento ou ondulação no pavimento,Queda de ocupante de veículo,Pleno dia,Céu Claro,Dupla,Reta,Não,Decrescente
752082,2026-02-13,sexta-feira,14:00:00,RO,364.0,13,vilhena,-12.740599,-60.131935,1.0,0.0,0.0,Com Vítimas Feridas,Sim,Acessar a via sem observar a presença dos outros veículos,Colisão transversal,Pleno dia,Céu Claro,Simples,Reta,Sim,Crescente
752083,2026-02-13,sexta-feira,15:00:00,BA,116.0,"15,5",vitoria da conquista,-14.899299,-40.85536,3.0,0.0,0.0,Com Vítimas Feridas,Sim,Acessar a via sem observar a presença dos outros veículos,Queda de ocupante de veículo,Pleno dia,Nublado,Simples,Retorno Regulamentado,Sim,Decrescente
752084,2026-02-13,sexta-feira,17:30:00,SP,381.0,65,mairipora,-23.317049,-46.58224,0.0,0.0,0.0,Sem Vítimas,Sim,Demais falhas mecânicas ou elétricas,Incêndio,Pleno dia,Céu Claro,Simples,Reta,Sim,Decrescente
752085,2026-02-13,sexta-feira,16:30:00,MT,364.0,"272,1",jaciara,-15.964185,-54.963326,0.0,0.0,3.0,Com Vítimas Fatais,Sim,Ultrapassagem Indevida,Atropelamento de Pedestre,Pleno dia,Céu Claro,Dupla,Reta,Sim,Decrescente
752086,2026-02-13,sexta-feira,17:45:00,PR,116.0,117,curitiba,-25.561111,-49.308033,1.0,0.0,0.0,Com Vítimas Feridas,Sim,Ausência de reação do condutor,Queda de ocupante de veículo,Pleno dia,Chuva,Múltipla,Curva,Sim,Decrescente
752088,2026-02-13,sexta-feira,17:30:00,MG,381.0,482,betim,-19.958921,-44.07145,1.0,0.0,0.0,Com Vítimas Feridas,Sim,Ausência de reação do condutor,Colisão traseira,Pleno dia,Céu Claro,Dupla,Reta,Sim,Crescente
752089,2026-02-13,sexta-feira,15:00:00,PE,101.0,"177,4",joaquim nabuco,-8.620043,-35.548355,1.0,0.0,0.0,Com Vítimas Feridas,Sim,Chuva,Saída de leito carroçável,Pleno dia,Chuva,Dupla,Curva,Não,Crescente
752090,2026-02-13,sexta-feira,16:50:00,PR,277.0,"627,8",ceu azul,-25.107548,-53.759697,0.0,0.0,0.0,Sem Vítimas,Não,Ausência de reação do condutor,Colisão traseira,Pleno dia,Chuva,Simples,Declive;Reta,Não,Decrescente
752091,2026-02-13,sexta-feira,17:30:00,RS,386.0,444,canoas,-29.889137,-51.213467,0.0,0.0,0.0,Sem Vítimas,Sim,Problema na suspensão,Colisão com objeto,Pleno dia,Céu Claro,Dupla,Reta,Não,Decrescente
752092,2026-02-13,sexta-feira,17:45:00,SC,470.0,"168,8",pouso redondo,-27.265228,-49.8836,4.0,2.0,0.0,Com Vítimas Feridas,Sim,Transitar na contramão,Saída de leito carroçável,Pleno dia,Chuva,Simples,Aclive,Não,Crescente
752093,2026-02-13,sexta-feira,18:00:00,RJ,116.0,178,mesquita,-22.768766,-43.40984,1.0,0.0,0.0,Com Vítimas Feridas,Sim,Acessar a via sem observar a presença dos outros veículos,Colisão traseira,Pleno dia,Céu Claro,Dupla,Reta,Não,Crescente
752094,2026-02-13,sexta-feira,17:30:00,RJ,116.0,271,barra mansa,-22.557901,-44.126152,0.0,0.0,0.0,Sem Vítimas,Sim,Reação tardia ou ineficiente do condutor,Engavetamento,Anoitecer,Céu Claro,Dupla,Reta,Sim,Crescente
752095,2026-02-13,sexta-feira,17:00:00,MG,116.0,"522,8",caratinga,-19.75281,-42.13291,1.0,0.0,0.0,Com Vítimas Feridas,Sim,Acessar a via sem observar a presença dos outros veículos,Colisão transversal,Pleno dia,Sol,Simples,Interseção de Vias,Sim,Decrescente
752096,2026-02-13,sexta-feira,18:00:00,RJ,101.0,70,campos dos goytacazes,-21.83602,-41.42166,0.0,0.0,0.0,Sem Vítimas,Sim,Retorno proibido,Colisão transversal,Pleno dia,Céu Claro,Simples,Reta,Não,Crescente
752097,2026-02-13,sexta-feira,18:30:00,SC,101.0,135,balneario camboriu,-27.000187,-48.64364,2.0,0.0,0.0,Com Vítimas Feridas,Sim,Acessar a via sem observar a presença dos outros veículos,Colisão transversal,Anoitecer,Chuva,Múltipla,Interseção de Vias,Sim,Crescente
752098,2026-02-13,sexta-feira,17:30:00,RJ,116.0,179,mesquita,-22.76937,-43.409447,0.0,0.0,0.0,Sem Vítimas,Não,Ausência de reação do condutor,Colisão frontal,Pleno dia,Céu Claro,Múltipla,Reta,Sim,Decrescente
752099,2026-02-13,sexta-feira,15:30:00,SC,116.0,234,correia pinto,-27.704086,-50.335407,9.0,0.0,0.0,Com Vítimas Feridas,Não,Estacionar ou parar em local proibido,Saída de leito carroçável,Pleno dia,Nublado,Múltipla,Reta,Não,Crescente
752100,2026-02-13,sexta-feira,18:30:00,SC,101.0,186,biguacu,-27.439888,-48.62686,0.0,2.0,0.0,Com Vítimas Feridas,Sim,Manobra de mudança de faixa,Colisão com objeto,Anoitecer,Chuva,Dupla,Curva,Não,Crescente
752101,2026-02-13,sexta-feira,18:00:00,PR,369.0,201,apucarana,-23.535534,-51.456257,0.0,0.0,0.0,Sem Vítimas,Sim,Chuva,Engavetamento,Anoitecer,Chuva,Simples,Reta,Sim,Decrescente
752102,2026-02-13,sexta-feira,17:25:00,MG,116.0,276,teofilo otoni,-17.852743,-41.514168,0.0,45.0,0.0,Com Vítimas Feridas,Não,Acessar a via sem observar a presença dos outros veículos,Queda de ocupante de veículo,Pleno dia,Céu Claro,Simples,Reta,Sim,Decrescente
752103,2026-02-13,sexta-feira,18:30:00,SC,101.0,"201,7",sao jose,-27.556648,-48.619213,0.0,1.0,0.0,Com Vítimas Feridas,Sim,Manobra de mudança de faixa,Queda de ocupante de veículo,Plena Noite,Garoa/Chuvisco,Múltipla,Reta,Sim,Decrescente
752104,2026-02-13,sexta-feira,16:15:00,PB,230.0,99,gurinhem,-7.1919484,-35.477337,0.0,0.0,0.0,Sem Vítimas,Sim,Reação tardia ou ineficiente do condutor,Saída de leito carroçável,Pleno dia,Chuva,Dupla,Curva,Não,Crescente
752105,2026-02-13,sexta-feira,17:30:00,PR,277.0,"584,4",cascavel,-24.979464,-53.380917,9.0,0.0,0.0,Com Vítimas Feridas,Não,Chuva,Tombamento,Pleno dia,Chuva,Dupla,Reta;Aclive,Sim,Crescente
752106,2026-02-09,segunda-feira,08:00:00,MG,381.0,481,contagem,-19.958181,-44.05971,1.0,0.0,0.0,Com Vítimas Feridas,Sim,Ausência de reação do condutor,Colisão traseira,Pleno dia,Céu Claro,Simples,Reta,Sim,Crescente
752107,2026-02-13,sexta-feira,15:00:00,RS,386.0,"123,9",sarandi,-27.889801,-52.986847,12.0,0.0,0.0,Com Vítimas Feridas,Não,Velocidade Incompatível,Colisão com objeto,Pleno dia,Céu Claro,Simples,Reta,Não,Crescente
752108,2026-02-13,sexta-feira,18:20:00,SC,282.0,"225,3",lages,-27.795742,-50.384907,2.0,2.0,0.0,Com Vítimas Feridas,Não,Ultrapassagem Indevida,Colisão frontal,Anoitecer,Chuva,Simples,Curva,Não,Crescente
752109,2026-02-13,sexta-feira,18:50:00,DF,20.0,"4,1",brasilia,-15.674224,-47.82314,2.0,0.0,0.0,Com Vítimas Feridas,Não,Manobra de mudança de faixa,Colisão lateral mesmo sentido,Anoitecer,Céu Claro,Dupla,Reta;Declive,Sim,Crescente
752110,2026-02-13,sexta-feira,18:15:00,PR,277.0,"591,9",cascavel,-24.980003,-53.45273,1.0,0.0,0.0,Com Vítimas Feridas,Sim,Condutor deixou de manter distância do veículo da frente,Colisão traseira,Anoitecer,Chuva,Simples,Reta;Aclive,Sim,Decrescente
752111,2026-02-13,sexta-feira,18:25:00,SP,116.0,334,juquitiba,-23.966991,-47.131355,0.0,2.0,0.0,Com Vítimas Feridas,Sim,Ausência de reação do condutor,Tombamento,Plena Noite,Nublado,Dupla,Curva,Não,Crescente
752112,2026-02-13,sexta-feira,17:45:00,MT,364.0,349,santo antonio do leverger,-15.79294,-55.58115,24.0,24.0,0.0,Com Vítimas Feridas,Não,Problema com o freio,Derramamento de carga,Anoitecer,Céu Claro,Dupla,Curva;Declive,Não,Crescente
752113,2026-02-13,sexta-feira,15:00:00,SC,282.0,591,saudades,-26.82636,-53.10065,0.0,0.0,0.0,Sem Vítimas,Sim,Chuva,Saída de leito carroçável,Pleno dia,Chuva,Simples,Curva,Não,Crescente
752116,2026-02-12,quinta-feira,09:20:00,RJ,116.0,186,nova iguacu,-22.739283,-43.468952,1.0,0.0,0.0,Com Vítimas Feridas,Sim,Trafegar com motocicleta (ou similar) entre as faixas,Colisão traseira,Pleno dia,Céu Claro,Dupla,Reta,Sim,Decrescente
752117,2026-02-13,sexta-feira,18:40:00,SP,116.0,"70,5",aparecida,-22.853598,-45.22897,0.0,4.0,0.0,Com Vítimas Feridas,Não,Afundamento ou ondulação no pavimento,Queda de ocupante de veículo,Plena Noite,Céu Claro,Dupla,Curva,Não,Crescente
752118,2026-02-13,sexta-feira,19:40:00,SC,280.0,28,araquari,-26.40711,-48.74852,1.0,0.0,0.0,Com Vítimas Feridas,Sim,Condutor deixou de manter distância do veículo da frente,Tombamento,Plena Noite,Chuva,Simples,Reta,Sim,Crescente
752119,2026-02-13,sexta-feira,19:20:00,PR,116.0,62,quatro barras,-25.30636,-48.99594,1.0,0.0,0.0,Com Vítimas Feridas,Sim,Acessar a via sem observar a presença dos outros veículos,Colisão transversal,Plena Noite,Chuva,Dupla,Reta,Não,Decrescente
752120,2026-02-13,sexta-feira,17:45:00,GO,60.0,"366,5",rio verde,-17.677362,-50.829193,0.0,6.0,0.0,Com Vítimas Feridas,Não,Falta de elemento de contenção que evite a saída do leito carroçável,Capotamento,Pleno dia,Céu Claro,Dupla,Reta,Não,Decrescente
752121,2026-02-13,sexta-feira,19:40:00,GO,251.0,27,cristalina,-16.102783,-47.49883,9.0,0.0,0.0,Com Vítimas Feridas,Não,Iluminação deficiente,Queda de ocupante de veículo,Plena Noite,Céu Claro,Simples,Reta,Sim,Crescente
752122,2026-02-13,sexta-feira,19:00:00,BA,116.0,"356,7",serrinha,-11.650469,-38.99206,0.0,2.0,0.0,Com Vítimas Feridas,Sim,Acessar a via sem observar a presença dos outros veículos,Tombamento,Plena Noite,Céu Claro,Simples,Reta;Interseção de Vias,Sim,Crescente
752123,2026-02-13,sexta-feira,17:30:00,RJ,116.0,135,mage,-22.65279,-43.160263,1.0,0.0,0.0,Com Vítimas Feridas,Sim,Ingestão de álcool pelo condutor,Colisão traseira,Pleno dia,Sol,Dupla,Reta,Não,Crescente
752124,2026-02-13,sexta-feira,17:45:00,RS,285.0,"174,9",muitos capoes,-28.312342,-51.360806,6.0,0.0,0.0,Com Vítimas Feridas,Não,Deficiência do Sistema de Iluminação/Sinalização,Saída de leito carroçável,Pleno dia,Nublado,Simples,Curva;Declive,Não,Decrescente
752126,2026-02-13,sexta-feira,16:35:00,MG,381.0,"231,5",santana do paraiso,-19.370628,-42.456215,4.0,0.0,0.0,Com Vítimas Feridas,Sim,Ausência de reação do condutor,Tombamento,Pleno dia,Céu Claro,Simples,Reta,Não,Decrescente
752127,2026-02-13,sexta-feira,15:30:00,BA,110.0,117,antas,-10.408,-38.358,1.0,0.0,0.0,Com Vítimas Feridas,Sim,Ultrapassagem Indevida,Colisão frontal,Pleno dia,Chuva,Simples,Declive,Não,Crescente
752129,2026-02-13,sexta-feira,20:00:00,ES,101.0,288,cariacica,-20.272259,-40.39134,2.0,0.0,0.0,Com Vítimas Feridas,Sim,Manobra de mudança de faixa,Colisão lateral mesmo sentido,Plena Noite,Céu Claro,Dupla,Reta,Sim,Crescente
752130,2026-02-13,sexta-feira,19:30:00,PR,476.0,223,lapa,-25.82249,-49.917747,0.0,1.0,0.0,Com Vítimas Feridas,Sim,Transitar na contramão,Colisão lateral sentido oposto,Plena Noite,Chuva,Simples,Reta,Não,Crescente
752131,2026-02-13,sexta-feira,19:40:00,GO,70.0,10,aguas lindas de goias,-15.73928,-48.302483,0.0,2.0,0.0,Com Vítimas Feridas,Sim,Ausência de reação do condutor,Queda de ocupante de veículo,Plena Noite,Nublado,Dupla,Reta;Aclive,Sim,Decrescente
752132,2026-02-13,sexta-feira,18:30:00,MG,381.0,810,careacu,-21.994122,-45.67359,0.0,0.0,0.0,Sem Vítimas,Sim,Demais falhas mecânicas ou elétricas,Incêndio,Anoitecer,Céu Claro,Dupla,Curva;Aclive,Não,Crescente
752133,2026-02-13,sexta-feira,20:48:00,RS,116.0,"250,6",sapucaia do sul,-29.795506,-51.164654,2.0,0.0,0.0,Com Vítimas Feridas,Sim,Avarias e/ou desgaste excessivo no pneu,Tombamento,Plena Noite,Céu Claro,Múltipla,Reta,Não,Decrescente
752134,2026-02-13,sexta-feira,13:00:00,BA,415.0,"56,6",itabuna,-14.849539,-39.36663,2.0,0.0,0.0,Com Vítimas Feridas,Sim,Reação tardia ou ineficiente do condutor,Saída de leito carroçável,Pleno dia,Céu Claro,Simples,Curva,Não,Decrescente
752135,2026-02-13,sexta-feira,20:30:00,GO,40.0,97,cristalina,-16.76476,-47.59567,0.0,12.0,12.0,Com Vítimas Fatais,Não,Iluminação deficiente,Colisão frontal,Plena Noite,Céu Claro,Múltipla,Reta;Declive,Sim,Crescente
752136,2026-02-13,sexta-feira,18:52:00,PR,277.0,334,guarapuava,-25.365908,-51.343758,1.0,0.0,0.0,Com Vítimas Feridas,Sim,Acessar a via sem observar a presença dos outros veículos,Colisão transversal,Anoitecer,Chuva,Simples,Reta,Não,Decrescente
752137,2026-02-13,sexta-feira,19:30:00,PR,376.0,232,apucarana,-23.56796,-51.51526,3.0,0.0,0.0,Com Vítimas Feridas,Sim,Reação tardia ou ineficiente do condutor,Queda de ocupante de veículo,Anoitecer,Chuva,Dupla,Reta;Aclive,Não,Decrescente
752138,2026-02-13,sexta-feira,19:35:00,SP,153.0,154,promissao,-21.456083,-49.783333,0.0,0.0,0.0,Sem Vítimas,Sim,Animais na Pista,Atropelamento de Animal,Plena Noite,Céu Claro,Simples,Reta,Não,Decrescente
752139,2026-02-13,sexta-feira,14:00:00,AP,156.0,73,laranjal do jari,-0.7049794,-52.377846,0.0,1.0,0.0,Com Vítimas Feridas,Sim,Velocidade Incompatível,Colisão frontal,Pleno dia,Chuva,Simples,Curva;Aclive,Não,Decrescente
752140,2026-02-13,sexta-feira,20:30:00,MG,40.0,532,belo horizonte,-19.92484,-44.013096,8.0,0.0,0.0,Com Vítimas Feridas,Não,Reação tardia ou ineficiente do condutor,Colisão com objeto,Plena Noite,Céu Claro,Dupla,Reta;Declive,Sim,Decrescente
752141,2026-02-13,sexta-feira,18:10:00,MA,10.0,255,imperatriz,-5.502165,-47.47188,20.0,20.0,0.0,Com Vítimas Feridas,Sim,Reação tardia ou ineficiente do condutor,Queda de ocupante de veículo,Plena Noite,Nublado,Simples,Reta,Não,Decrescente
752142,2026-02-13,sexta-feira,20:05:00,MG,381.0,"862,8",pouso alegre,-22.337425,-45.92381,0.0,4.0,0.0,Com Vítimas Feridas,Sim,Reação tardia ou ineficiente do condutor,Saída de leito carroçável,Plena Noite,Céu Claro,Dupla,Reta;Declive,Não,Decrescente
752143,2026-02-13,sexta-feira,20:30:00,SC,101.0,"217,2",palhoca,-27.669765,-48.673313,1.0,0.0,0.0,Com Vítimas Feridas,Sim,Acessar a via sem observar a presença dos outros veículos,Colisão transversal,Plena Noite,Chuva,Dupla,Interseção de Vias;Reta,Sim,Crescente
752145,2026-02-13,sexta-feira,20:45:00,RS,472.0,"443,9",itaqui,-28.972555,-56.14855,4.0,0.0,0.0,Com Vítimas Feridas,Sim,Animais na Pista,Tombamento,Plena Noite,Céu Claro,Simples,Reta,Não,Decrescente
752146,2026-02-13,sexta-feira,21:00:00,MG,381.0,502,betim,-19.958464,-44.07078,0.0,0.0,0.0,Sem Vítimas,Sim,Reação tardia ou ineficiente do condutor,Colisão lateral mesmo sentido,Plena Noite,Céu Claro,Dupla,Reta,Sim,Decrescente
752147,2026-02-13,sexta-feira,19:30:00,SC,282.0,"591,1",saudades,-26.825964,-53.091125,0.0,1.0,0.0,Com Vítimas Feridas,Sim,Ausência de reação do condutor,Colisão com objeto,Plena Noite,Chuva,Simples,Interseção de Vias,Não,Decrescente
752148,2026-02-13,sexta-feira,20:10:00,GO,60.0,342,santo antonio da barra,-17.564127,-50.64517,0.0,4.0,0.0,Com Vítimas Feridas,Não,Ausência de reação do condutor,Colisão lateral mesmo sentido,Plena Noite,Céu Claro,Dupla,Reta,Não,Crescente
752149,2026-02-13,sexta-feira,21:11:00,PB,230.0,"24,7",joao pessoa,-7.170712,-34.867424,0.0,0.0,8.0,Com Vítimas Fatais,Não,Pedestre andava na pista,Atropelamento de Pedestre,Plena Noite,Céu Claro,Dupla,Reta,Sim,Crescente
752150,2026-02-13,sexta-feira,16:00:00,SC,101.0,"34,8",joinville,-26.274647,-48.89379,0.0,0.0,0.0,Sem Vítimas,Não,Condutor deixou de manter distância do veículo da frente,Colisão traseira,Pleno dia,Nublado,Dupla,Aclive;Reta,Não,Crescente