id,data_inversa,dia_semana,horario,uf,br,km,municipio,latitude,longitude,feridos_leves,feridos_graves,mortos,classificacao_acidente,causa_principal,causa_acidente,tipo_acidente,fase_dia,condicao_metereologica,tipo_pista,tracado_via,uso_solo,sentido_via
752151,2026-02-13,sexta-feira,19:57:00,PI,316.0,50,lagoa do piaui,-5.497964,-42.64013,4.0,0.0,0.0,Com Vítimas Feridas,Não,Iluminação deficiente,Tombamento,Plena Noite,Céu Claro,Simples,Reta,Não,Decrescente
752152,2026-02-13,sexta-feira,19:45:00,PR,116.0,"198,7",rio negro,-26.047068,-49.706097,8.0,0.0,0.0,Com Vítimas Feridas,Não,Chuva,Colisão traseira,Plena Noite,Chuva,Simples,Reta,Não,Decrescente
752153,2026-02-13,sexta-feira,21:30:00,ES,101.0,127,sooretama,-19.203302,-40.095436,2.0,0.0,0.0,Com Vítimas Feridas,Sim,Acessar a via sem observar a presença dos outros veículos,Queda de ocupante de veículo,Plena Noite,Céu Claro,Simples,Reta,Sim,Crescente
752154,2026-02-13,sexta-feira,21:10:00,ES,101.0,267,serra,-20.196568,-40.26866,2.0,0.0,0.0,Com Vítimas Feridas,Sim,Manobra de mudança de faixa,Capotamento,Plena Noite,Céu Claro,Dupla,Reta,Sim,Crescente
752155,2026-02-13,sexta-feira,21:50:00,TO,153.0,499,paraiso do tocantins,-10.195134,-48.877552,2.0,0.0,0.0,Com Vítimas Feridas,Sim,Animais na Pista,Queda de ocupante de veículo,Plena Noite,Céu Claro,Simples,Reta,Sim,Crescente
752156,2026-02-13,sexta-feira,22:20:00,SC,101.0,131,camboriu,-26.99397,-48.659985,1.0,0.0,0.0,Com Vítimas Feridas,Sim,Carga excessiva e/ou mal acondicionada,Colisão com objeto,Plena Noite,Céu Claro,Dupla,Reta,Sim,Crescente
752157,2026-02-13,sexta-feira,21:30:00,RJ,465.0,19,nova iguacu,-22.840569,-43.609585,1.0,0.0,0.0,Com Vítimas Feridas,Sim,Reação tardia ou ineficiente do condutor,Colisão lateral sentido oposto,Plena Noite,Céu Claro,Simples,Reta,Sim,Crescente
752158,2026-02-13,sexta-feira,21:45:00,RS,392.0,"348,1",santa maria,-29.749819,-53.79081,0.0,4.0,4.0,Com Vítimas Fatais,Sim,Ausência de reação do condutor,Colisão com objeto,Plena Noite,Nublado,Simples,Ponte;Reta,Não,Crescente
752160,2026-02-13,sexta-feira,19:43:00,SC,282.0,"105,5",alfredo wagner,-27.694494,-49.3477,0.0,0.0,2.0,Com Vítimas Fatais,Não,Ausência de reação do condutor,Colisão frontal,Plena Noite,Chuva,Simples,Curva;Declive,Não,Crescente
752161,2026-02-13,sexta-feira,21:00:00,PE,232.0,211,pesqueira,-8.372494,-36.71206,0.0,0.0,2.0,Com Vítimas Fatais,Não,Ingestão de álcool pelo condutor,Colisão frontal,Plena Noite,Céu Claro,Simples,Reta,Sim,Decrescente
752162,2026-02-13,sexta-feira,21:30:00,PR,376.0,"430,5",tibagi,-24.78609,-50.50804,3.0,0.0,0.0,Com Vítimas Feridas,Sim,Velocidade Incompatível,Capotamento,Plena Noite,Chuva,Dupla,Curva,Não,Decrescente
752163,2026-02-13,sexta-feira,22:20:00,SP,116.0,207,guarulhos,-23.420094,-46.386337,0.0,0.0,0.0,Sem Vítimas,Não,Condutor deixou de manter distância do veículo da frente,Colisão traseira,Plena Noite,Céu Claro,Múltipla,Reta,Sim,Decrescente
752164,2026-02-13,sexta-feira,22:00:00,DF,20.0,"4,2",brasilia,-15.674617,-47.821922,0.0,0.0,0.0,Sem Vítimas,Sim,Demais falhas mecânicas ou elétricas,Incêndio,Plena Noite,Céu Claro,Dupla,Reta,Sim,Crescente
752165,2026-02-13,sexta-feira,21:20:00,RJ,101.0,269,rio bonito,-22.716694,-42.68252,3.0,0.0,0.0,Com Vítimas Feridas,Sim,Reação tardia ou ineficiente do condutor,Capotamento,Plena Noite,Céu Claro,Dupla,Reta,Sim,Decrescente
752166,2026-02-13,sexta-feira,19:00:00,PB,230.0,"258,3",assuncao,-7.015201,-36.67601,0.0,6.0,0.0,Com Vítimas Feridas,Não,Ausência de reação do condutor,Queda de ocupante de veículo,Plena Noite,Chuva,Simples,Reta,Não,Crescente
752167,2026-02-13,sexta-feira,17:40:00,SP,153.0,261,marilia,-22.288176,-49.915867,8.0,0.0,0.0,Com Vítimas Feridas,Não,Velocidade Incompatível,Queda de ocupante de veículo,Pleno dia,Nublado,Simples,Reta,Não,Crescente
752168,2026-02-13,sexta-feira,14:30:00,SC,282.0,30,aguas mornas,-27.703516,-48.825634,2.0,0.0,0.0,Com Vítimas Feridas,Sim,Transitar na contramão,Colisão frontal,Pleno dia,Garoa/Chuvisco,Simples,Declive,Não,Crescente
752169,2026-02-13,sexta-feira,17:00:00,PR,163.0,265,toledo,-24.62206,-53.914886,0.0,0.0,0.0,Sem Vítimas,Não,Reação tardia ou ineficiente do condutor,Colisão com objeto,Pleno dia,Chuva,Dupla,Declive;Reta,Não,Crescente
752170,2026-02-13,sexta-feira,21:40:00,MG,262.0,"396,8",para de minas,-19.88257,-44.61329,0.0,3.0,0.0,Com Vítimas Feridas,Sim,Ausência de reação do condutor,Queda de ocupante de veículo,Plena Noite,Céu Claro,Dupla,Reta,Sim,Decrescente
752171,2026-02-13,sexta-feira,22:40:00,PR,369.0,"144,6",londrina,-23.2935,-51.107765,0.0,12.0,0.0,Com Vítimas Feridas,Não,Velocidade Incompatível,Tombamento,Plena Noite,Nublado,Dupla,Reta,Sim,Decrescente
752172,2026-02-13,sexta-feira,22:50:00,SP,116.0,418,juquia,-24.350458,-47.65457,0.0,0.0,6.0,Com Vítimas Fatais,Sim,Pedestre andava na pista,Saída de leito carroçável,Plena Noite,Céu Claro,Dupla,Reta,Não,Crescente
752173,2026-02-13,sexta-feira,15:00:00,RJ,465.0,20,nova iguacu,-22.848124,-43.60453,1.0,0.0,0.0,Com Vítimas Feridas,Sim,Ausência de reação do condutor,Queda de ocupante de veículo,Pleno dia,Céu Claro,Simples,Reta,Sim,Decrescente
752174,2026-02-13,sexta-feira,11:30:00,PA,163.0,104,altamira,-8.727536,-54.97266,1.0,0.0,0.0,Com Vítimas Feridas,Sim,Ausência de reação do condutor,Tombamento,Pleno dia,Chuva,Simples,Curva;Declive,Não,Crescente
752175,2026-02-13,sexta-feira,22:30:00,RS,386.0,"181,1",carazinho,-28.308725,-52.738075,1.0,0.0,0.0,Com Vítimas Feridas,Sim,Ingestão de álcool pelo condutor,Saída de leito carroçável,Plena Noite,Nublado,Simples,Reta,Não,Crescente
752176,2026-02-13,sexta-feira,22:30:00,MG,381.0,341,joao monlevade,-19.850163,-43.150867,1.0,0.0,0.0,Com Vítimas Feridas,Sim,Condutor Dormindo,Saída de leito carroçável,Plena Noite,Céu Claro,Simples,Curva,Não,Crescente
752177,2026-02-13,sexta-feira,19:45:00,RS,158.0,"112,6",palmeira das missoes,-28.001947,-53.3389,0.0,4.0,4.0,Com Vítimas Fatais,Sim,Ultrapassagem Indevida,Queda de ocupante de veículo,Plena Noite,Céu Claro,Simples,Curva,Não,Decrescente
752178,2026-02-13,sexta-feira,18:30:00,PR,376.0,"369,8",ortigueira,-24.362825,-50.810043,8.0,0.0,0.0,Com Vítimas Feridas,Não,Reação tardia ou ineficiente do condutor,Colisão com objeto,Anoitecer,Garoa/Chuvisco,Simples,Curva,Não,Crescente
752179,2026-02-13,sexta-feira,22:30:00,BA,418.0,113,nova vicosa,-17.892967,-40.052246,0.0,1.0,0.0,Com Vítimas Feridas,Sim,Acessar a via sem observar a presença dos outros veículos,Colisão transversal,Plena Noite,Céu Claro,Simples,Reta,Não,Decrescente
752180,2026-02-13,sexta-feira,16:10:00,RJ,465.0,"2,6",seropedica,-22.729324,-43.71666,1.0,0.0,0.0,Com Vítimas Feridas,Sim,Acesso irregular,Tombamento,Pleno dia,Céu Claro,Simples,Curva,Não,Crescente
752181,2026-02-13,sexta-feira,20:15:00,PB,230.0,464,sousa,-6.780931,-38.25327,0.0,4.0,0.0,Com Vítimas Feridas,Sim,Acessar a via sem observar a presença dos outros veículos,Saída de leito carroçável,Plena Noite,Nublado,Simples,Reta,Sim,Crescente
752182,2026-02-13,sexta-feira,23:55:00,TO,10.0,461,palmas,-10.304903,-48.297195,2.0,0.0,0.0,Com Vítimas Feridas,Sim,Ausência de reação do condutor,Queda de ocupante de veículo,Plena Noite,Céu Claro,Múltipla,Reta,Sim,Crescente
752183,2026-02-13,sexta-feira,23:30:00,SP,381.0,73,sao paulo,-23.36885,-46.55415,2.0,0.0,0.0,Com Vítimas Feridas,Sim,Reação tardia ou ineficiente do condutor,Queda de ocupante de veículo,Plena Noite,Céu Claro,Dupla,Reta;Aclive,Não,Decrescente
752184,2026-02-13,sexta-feira,23:30:00,SC,101.0,186,biguacu,-27.434208,-48.625584,0.0,0.0,0.0,Sem Vítimas,Sim,Ingestão de álcool pelo condutor,Colisão com objeto,Plena Noite,Garoa/Chuvisco,Dupla,Curva,Não,Crescente
752185,2026-02-13,sexta-feira,23:30:00,PR,163.0,"283,6",marechal candido rondon,-24.544552,-54.04492,0.0,0.0,0.0,Sem Vítimas,Sim,Ausência de reação do condutor,Colisão com objeto,Plena Noite,Céu Claro,Dupla,Reta;Aclive,Não,Decrescente
752186,2026-02-13,sexta-feira,21:00:00,PR,376.0,"416,5",tibagi,-24.693832,-50.58161,24.0,0.0,0.0,Com Vítimas Feridas,Não,Reação tardia ou ineficiente do condutor,Capotamento,Plena Noite,Chuva,Dupla,Curva,Não,Crescente
752187,2026-02-13,sexta-feira,21:47:00,RJ,465.0,"0,8",seropedica,-22.717451,-43.72799,2.0,2.0,0.0,Com Vítimas Feridas,Sim,Acesso irregular,Queda de ocupante de veículo,Plena Noite,Nublado,Múltipla,Reta;Interseção de Vias,Sim,Decrescente
752188,2026-02-13,sexta-feira,23:50:00,BA,324.0,516,feira de santana,-12.255465,-38.932358,1.0,0.0,0.0,Com Vítimas Feridas,Sim,Conversão proibida,Colisão transversal,Plena Noite,Céu Claro,Simples,Reta,Sim,Decrescente
752189,2026-02-13,sexta-feira,23:55:00,RS,285.0,"523,9",vitoria das missoes,-28.402193,-54.51466,2.0,0.0,0.0,Com Vítimas Feridas,Não,Transitar na contramão,Colisão lateral sentido oposto,Plena Noite,Céu Claro,Simples,Reta;Declive,Não,Crescente
752190,2026-02-13,sexta-feira,19:40:00,MT,70.0,100,general carneiro,-15.571789,-53.005573,1.0,0.0,0.0,Com Vítimas Feridas,Sim,Iluminação deficiente,Colisão lateral mesmo sentido,Plena Noite,Nublado,Simples,Reta,Não,Decrescente
752191,2026-02-13,sexta-feira,23:50:00,MG,40.0,628,conselheiro lafaiete,-20.650316,-43.809357,1.0,0.0,0.0,Com Vítimas Feridas,Sim,Velocidade Incompatível,Colisão traseira,Plena Noite,Céu Claro,Dupla,Reta,Sim,Crescente
752192,2026-02-13,sexta-feira,23:00:00,SC,282.0,"21,7",palhoca,-27.687225,-48.71368,0.0,0.0,0.0,Sem Vítimas,Sim,Reação tardia ou ineficiente do condutor,Saída de leito carroçável,Plena Noite,Chuva,Simples,Reta,Não,Crescente
752193,2026-02-13,sexta-feira,22:40:00,PR,277.0,44,campina grande do sul,-25.193296,-48.888493,0.0,0.0,0.0,Sem Vítimas,Não,Acumulo de água sobre o pavimento,Saída de leito carroçável,Plena Noite,Chuva,Dupla,Reta,Não,Crescente
752194,2026-02-14,sábado,01:00:00,PR,376.0,453,tibagi,-24.942644,-50.40212,2.0,0.0,0.0,Com Vítimas Feridas,Sim,Avarias e/ou desgaste excessivo no pneu,Saída de leito carroçável,Plena Noite,Ignorado,Dupla,Curva,Não,Crescente
752195,2026-02-14,sábado,01:00:00,SC,101.0,"35,7",joinville,-26.272083,-48.894737,1.0,0.0,0.0,Com Vítimas Feridas,Sim,Objeto estático sobre o leito carroçável,Colisão com objeto,Plena Noite,Chuva,Dupla,Reta,Não,Crescente
752196,2026-01-10,sábado,15:50:00,SC,282.0,44,aguas mornas,-27.721617,-48.908062,3.0,0.0,0.0,Com Vítimas Feridas,Sim,Reação tardia ou ineficiente do condutor,Colisão transversal,Pleno dia,Nublado,Simples,Curva,Não,Crescente
752197,2026-02-14,sábado,00:00:00,PE,232.0,57,pombos,-8.14168,-35.38296,3.0,0.0,0.0,Com Vítimas Feridas,Sim,Acessar a via sem observar a presença dos outros veículos,Tombamento,Plena Noite,Garoa/Chuvisco,Dupla,Retorno Regulamentado,Não,Crescente
752198,2026-02-13,sexta-feira,23:30:00,SP,116.0,"70,4",aparecida,-22.84679,-45.22719,0.0,4.0,0.0,Com Vítimas Feridas,Sim,Pista esburacada,Queda de ocupante de veículo,Plena Noite,Céu Claro,Dupla,Curva,Não,Crescente
752199,2026-02-13,sexta-feira,22:15:00,SC,470.0,"269,9",brunopolis,-27.31901,-50.77366,0.0,0.0,1.0,Com Vítimas Fatais,Sim,Transitar na contramão,Colisão lateral sentido oposto,Plena Noite,Chuva,Simples,Curva;Aclive,Não,Crescente
752200,2026-02-13,sexta-feira,23:30:00,MT,364.0,311,campo verde,-15.81087,-55.26647,2.0,0.0,0.0,Com Vítimas Feridas,Sim,Reação tardia ou ineficiente do condutor,Saída de leito carroçável,Plena Noite,Nevoeiro/Neblina,Simples,Reta,Não,Crescente
752201,2026-02-13,sexta-feira,23:30:00,SP,116.0,323,juquitiba,-23.93802,-47.038303,3.0,0.0,0.0,Com Vítimas Feridas,Não,Condutor deixou de manter distância do veículo da frente,Colisão traseira,Plena Noite,Céu Claro,Dupla,Reta,Não,Crescente
752202,2026-02-13,sexta-feira,04:40:00,BA,324.0,621,salvador,-12.940249,-38.47116,2.0,0.0,0.0,Com Vítimas Feridas,Não,Chuva,Atropelamento de Pedestre,Pleno dia,Chuva,Dupla,Reta,Sim,Decrescente
752203,2026-02-13,sexta-feira,21:35:00,MA,135.0,"7,6",sao luis,-2.64071,-44.27143,0.0,3.0,0.0,Com Vítimas Feridas,Sim,Acessar a via sem observar a presença dos outros veículos,Queda de ocupante de veículo,Plena Noite,Céu Claro,Dupla,Aclive;Reta;Interseção de Vias,Sim,Decrescente
752204,2026-02-14,sábado,02:15:00,RS,392.0,"68,3",pelotas,-31.745514,-52.403687,0.0,0.0,0.0,Sem Vítimas,Sim,Ausência de reação do condutor,Colisão com objeto,Plena Noite,Céu Claro,Simples,Curva,Sim,Crescente
752205,2026-02-14,sábado,01:35:00,RS,290.0,12,santo antonio da patrulha,-29.88294,-50.39011,2.0,0.0,0.0,Com Vítimas Feridas,Sim,Reação tardia ou ineficiente do condutor,Capotamento,Plena Noite,Nublado,Múltipla,Reta,Não,Decrescente
752206,2026-01-20,terça-feira,22:00:00,BA,110.0,341,alagoinhas,-12.164728,-38.41277,1.0,0.0,0.0,Com Vítimas Feridas,Sim,Acessar a via sem observar a presença dos outros veículos,Colisão transversal,Plena Noite,Céu Claro,Simples,Reta,Não,Decrescente
752207,2026-02-14,sábado,00:40:00,PE,407.0,"119,4",petrolina,-9.338001,-40.55971,0.0,0.0,4.0,Com Vítimas Fatais,Não,Ausência de reação do condutor,Queda de ocupante de veículo,Plena Noite,Céu Claro,Simples,Reta,Não,Crescente
752208,2026-02-14,sábado,01:30:00,MG,50.0,155,uberaba,-19.703138,-47.985485,0.0,0.0,0.0,Sem Vítimas,Sim,Condutor Dormindo,Tombamento,Plena Noite,Céu Claro,Dupla,Reta,Não,Decrescente
752209,2026-02-14,sábado,01:20:00,SE,101.0,1,propria,-10.219726,-36.82763,1.0,0.0,0.0,Com Vítimas Feridas,Sim,Condutor Dormindo,Saída de leito carroçável,Plena Noite,Céu Claro,Dupla,Reta,Sim,Crescente
752210,2026-02-14,sábado,01:45:00,GO,50.0,260,catalao,-18.066881,-47.864,1.0,0.0,0.0,Com Vítimas Feridas,Sim,Ausência de reação do condutor,Colisão traseira,Plena Noite,Céu Claro,Dupla,Reta,Não,Crescente
752211,2026-02-14,sábado,03:00:00,PR,376.0,"665,4",guaratuba,-25.861826,-48.945633,0.0,0.0,0.0,Sem Vítimas,Sim,Reação tardia ou ineficiente do condutor,Colisão com objeto,Plena Noite,Garoa/Chuvisco,Simples,Curva;Declive,Não,Crescente
752212,2026-02-14,sábado,03:40:00,RS,290.0,"1,4",osorio,-29.897718,-50.295403,2.0,0.0,0.0,Com Vítimas Feridas,Sim,Reação tardia ou ineficiente do condutor,Tombamento,Plena Noite,Nublado,Dupla,Reta,Não,Decrescente
752213,2026-02-14,sábado,01:15:00,RJ,101.0,299,itaborai,-22.774992,-42.94093,6.0,0.0,0.0,Com Vítimas Feridas,Não,Ausência de reação do condutor,Saída de leito carroçável,Plena Noite,Céu Claro,Dupla,Reta,Sim,Decrescente
752214,2026-02-14,sábado,03:20:00,MG,40.0,449,caetanopolis,-19.303333,-44.37611,2.0,0.0,0.0,Com Vítimas Feridas,Sim,Animais na Pista,Atropelamento de Animal,Plena Noite,Céu Claro,Dupla,Reta;Aclive;Viaduto,Sim,Decrescente
752215,2026-02-14,sábado,02:45:00,PR,373.0,249,guamiranga,-25.189796,-50.847176,0.0,9.0,0.0,Com Vítimas Feridas,Não,Ausência de reação do condutor,Saída de leito carroçável,Plena Noite,Garoa/Chuvisco,Simples,Reta,Não,Crescente
752216,2026-02-14,sábado,03:33:00,GO,60.0,218,varjao,-16.972336,-49.735855,0.0,2.0,0.0,Com Vítimas Feridas,Sim,Ausência de reação do condutor,Colisão traseira,Plena Noite,Céu Claro,Dupla,Aclive;Reta,Não,Decrescente
752217,2026-02-14,sábado,03:45:00,ES,101.0,270,serra,-20.209757,-40.269386,1.0,0.0,0.0,Com Vítimas Feridas,Sim,Ausência de reação do condutor,Queda de ocupante de veículo,Plena Noite,Céu Claro,Múltipla,Reta,Sim,Crescente
752218,2026-02-14,sábado,02:40:00,RO,319.0,134,porto velho,-8.743643,-63.94884,2.0,0.0,0.0,Com Vítimas Feridas,Sim,Ausência de reação do condutor,Tombamento,Plena Noite,Nublado,Simples,Curva,Não,Crescente
752219,2026-02-14,sábado,02:20:00,CE,20.0,"88,5",taua,-5.9700975,-40.250793,0.0,1.0,0.0,Com Vítimas Feridas,Sim,Ausência de reação do condutor,Colisão com objeto,Plena Noite,Céu Claro,Simples,Ponte,Não,Crescente
752220,2026-02-14,sábado,04:00:00,SP,116.0,"107,6",taubate,-23.017866,-45.529793,4.0,0.0,0.0,Com Vítimas Feridas,Não,Acessar a via sem observar a presença dos outros veículos,Colisão traseira,Amanhecer,Céu Claro,Dupla,Reta,Não,Decrescente
752221,2026-02-14,sábado,04:54:00,SP,116.0,179,guararema,-23.333178,-46.1385,0.0,1.0,0.0,Com Vítimas Feridas,Sim,Acessar a via sem observar a presença dos outros veículos,Colisão traseira,Amanhecer,Céu Claro,Dupla,Reta,Sim,Decrescente
752222,2026-02-14,sábado,02:24:00,PR,277.0,"200,9",palmeira,-25.463612,-50.22682,0.0,4.0,0.0,Com Vítimas Feridas,Não,Ingestão de álcool pelo condutor,Saída de leito carroçável,Plena Noite,Céu Claro,Simples,Reta,Não,Crescente
752223,2026-02-14,sábado,04:50:00,ES,101.0,269,serra,-20.204142,-40.269535,1.0,0.0,0.0,Com Vítimas Feridas,Sim,Velocidade Incompatível,Colisão com objeto,Plena Noite,Céu Claro,Múltipla,Reta,Sim,Crescente
752224,2026-02-14,sábado,04:50:00,MG,381.0,"332,2",bela vista de minas,-19.81027,-43.06303,0.0,0.0,1.0,Com Vítimas Fatais,Sim,Ingestão de álcool pelo condutor,Colisão frontal,Plena Noite,Céu Claro,Simples,Reta,Não,Crescente
752225,2026-02-14,sábado,05:10:00,RS,290.0,149,arroio dos ratos,-30.105959,-51.707478,0.0,0.0,0.0,Sem Vítimas,Não,Ingestão de álcool pelo condutor,Saída de leito carroçável,Pleno dia,Céu Claro,Simples,Reta,Não,Decrescente
752227,2026-02-14,sábado,04:55:00,PB,230.0,"229,3",soledade,-7.035238,-36.476997,6.0,0.0,30.0,Com Vítimas Fatais,Não,Condutor Dormindo,Queda de ocupante de veículo,Plena Noite,Céu Claro,Simples,Reta,Não,Crescente
752228,2026-02-13,sexta-feira,19:30:00,BA,242.0,774,barreiras,-12.15848,-44.64602,0.0,2.0,0.0,Com Vítimas Feridas,Sim,Ultrapassagem Indevida,Queda de ocupante de veículo,Plena Noite,Céu Claro,Simples,Reta,Não,Crescente
752229,2026-02-14,sábado,05:09:00,PB,101.0,"41,8",mamanguape,-6.8571815,-35.134354,0.0,2.0,0.0,Com Vítimas Feridas,Sim,Velocidade Incompatível,Capotamento,Amanhecer,Céu Claro,Dupla,Reta,Não,Decrescente
752230,2026-02-14,sábado,05:00:00,ES,101.0,"294,8",cariacica,-20.330006,-40.399014,0.0,1.0,0.0,Com Vítimas Feridas,Sim,Acessar a via sem observar a presença dos outros veículos,Atropelamento de Pedestre,Amanhecer,Céu Claro,Dupla,Reta,Sim,Crescente
752231,2026-02-14,sábado,06:20:00,RN,101.0,"83,4",sao goncalo do amarante,-5.772392,-35.262737,1.0,0.0,0.0,Com Vítimas Feridas,Sim,Avarias e/ou desgaste excessivo no pneu,Colisão lateral mesmo sentido,Amanhecer,Céu Claro,Múltipla,Reta,Sim,Crescente
752232,2026-02-14,sábado,03:20:00,MG,116.0,277,teofilo otoni,-17.872036,-41.519814,2.0,0.0,0.0,Com Vítimas Feridas,Sim,Ausência de reação do condutor,Queda de ocupante de veículo,Plena Noite,Céu Claro,Dupla,Reta,Sim,Crescente
752233,2026-02-14,sábado,05:00:00,SC,280.0,"58,6",guaramirim,-26.474669,-49.027744,1.0,0.0,0.0,Com Vítimas Feridas,Sim,Ausência de reação do condutor,Colisão com objeto,Amanhecer,Nublado,Dupla,Reta,Sim,Decrescente
752234,2026-02-14,sábado,03:30:00,SC,282.0,"396,8",joacaba,-27.156317,-51.600674,1.0,0.0,0.0,Com Vítimas Feridas,Sim,Transitar na contramão,Colisão frontal,Plena Noite,Céu Claro,Simples,Curva,Não,Crescente
752235,2026-02-14,sábado,06:00:00,PR,277.0,662,matelandia,-25.25165,-53.989517,0.0,6.0,0.0,Com Vítimas Feridas,Não,Reação tardia ou ineficiente do condutor,Queda de ocupante de veículo,Amanhecer,Garoa/Chuvisco,Dupla,Curva;Aclive,Sim,Decrescente
752236,2026-02-13,sexta-feira,21:30:00,BA,101.0,305,valenca,-13.302783,-39.345814,0.0,1.0,0.0,Com Vítimas Feridas,Sim,Entrada inopinada do pedestre,Atropelamento de Pedestre,Plena Noite,Nublado,Simples,Reta,Não,Crescente
752238,2026-02-14,sábado,06:30:00,TO,153.0,631,alianca do tocantins,-11.36952,-48.96422,34.0,2.0,0.0,Com Vítimas Feridas,Sim,Reação tardia ou ineficiente do condutor,Tombamento,Amanhecer,Garoa/Chuvisco,Simples,Reta,Não,Crescente
752239,2026-02-14,sábado,07:50:00,CE,116.0,19,eusebio,-3.918182,-38.506844,1.0,0.0,0.0,Com Vítimas Feridas,Sim,Acumulo de óleo sobre o pavimento,Queda de ocupante de veículo,Pleno dia,Garoa/Chuvisco,Dupla,Retorno Regulamentado,Não,Decrescente
752240,2026-02-13,sexta-feira,21:30:00,RO,364.0,"345,3",ji-parana,-10.86785,-61.96483,0.0,0.0,0.0,Sem Vítimas,Sim,Ingestão de álcool pelo condutor,Atropelamento de Pedestre,Plena Noite,Céu Claro,Dupla,Reta,Sim,Crescente
752241,2026-02-14,sábado,06:40:00,SC,,,florianopolis,-27.566145,-48.505203,1.0,0.0,0.0,Com Vítimas Feridas,Sim,Acumulo de óleo sobre o pavimento,Colisão com objeto,Pleno dia,Garoa/Chuvisco,Múltipla,Curva;Aclive,Sim,Não Informado
752242,2026-02-14,sábado,07:17:00,RN,304.0,"38,4",mossoro,-5.186334,-37.372448,1.0,0.0,0.0,Com Vítimas Feridas,Sim,Manobra de mudança de faixa,Colisão traseira,Pleno dia,Céu Claro,Dupla,Retorno Regulamentado,Sim,Crescente
752243,2026-02-14,sábado,06:00:00,GO,60.0,"388,3",rio verde,-17.824133,-50.95531,6.0,0.0,0.0,Com Vítimas Feridas,Não,Condutor deixou de manter distância do veículo da frente,Queda de ocupante de veículo,Amanhecer,Céu Claro,Dupla,Reta,Sim,Crescente
752244,2026-02-14,sábado,07:30:00,SE,101.0,"94,8",nossa senhora do socorro,-10.915477,-37.16432,0.0,0.0,0.0,Sem Vítimas,Não,Pista esburacada,Colisão com objeto,Pleno dia,Céu Claro,Dupla,Declive,Não,Crescente
752246,2026-01-21,quarta-feira,13:25:00,RS,158.0,566,santana do livramento,-30.892546,-55.507595,0.0,1.0,0.0,Com Vítimas Feridas,Sim,Condutor deixou de manter distância do veículo da frente,Saída de leito carroçável,Pleno dia,Céu Claro,Simples,Curva,Não,Crescente
752247,2026-02-14,sábado,07:50:00,PE,232.0,10,jaboatao dos guararapes,-8.07917,-34.98641,4.0,0.0,0.0,Com Vítimas Feridas,Sim,Acumulo de água sobre o pavimento,Queda de ocupante de veículo,Pleno dia,Chuva,Dupla,Reta;Declive,Sim,Decrescente
752248,2026-02-14,sábado,06:30:00,SP,153.0,"128,1",ubarana,-21.23436,-49.747166,6.0,0.0,0.0,Com Vítimas Feridas,Sim,Condutor Dormindo,Capotamento,Amanhecer,Céu Claro,Simples,Reta,Não,Decrescente
752249,2026-02-13,sexta-feira,17:15:00,RJ,116.0,310,resende,-22.45927,-44.439014,1.0,0.0,0.0,Com Vítimas Feridas,Sim,Ausência de reação do condutor,Colisão lateral mesmo sentido,Pleno dia,Céu Claro,Simples,Interseção de Vias,Sim,Crescente
752250,2026-02-14,sábado,08:21:00,RS,116.0,240,novo hamburgo,-29.710176,-51.147064,0.0,0.0,0.0,Sem Vítimas,Não,Velocidade Incompatível,Colisão com objeto,Pleno dia,Nublado,Múltipla,Reta,Sim,Decrescente
752251,2026-02-14,sábado,07:00:00,SC,101.0,448,santa rosa do sul,-29.162989,-49.74104,4.0,0.0,0.0,Com Vítimas Feridas,Sim,Avarias e/ou desgaste excessivo no pneu,Queda de ocupante de veículo,Pleno dia,Chuva,Dupla,Reta,Não,Crescente
752252,2026-02-14,sábado,08:00:00,MG,40.0,287,tres marias,-18.266642,-45.15281,2.0,0.0,0.0,Com Vítimas Feridas,Sim,Transitar na contramão,Colisão com objeto,Pleno dia,Céu Claro,Simples,Reta;Aclive,Não,Crescente
752253,2026-02-06,sexta-feira,22:20:00,PR,373.0,"225,8",imbituva,-25.1727,-50.630585,0.0,6.0,0.0,Com Vítimas Feridas,Sim,Manobra de mudança de faixa,Queda de ocupante de veículo,Plena Noite,Nublado,Simples,Reta;Aclive,Não,Crescente
752254,2026-02-14,sábado,08:00:00,PR,369.0,353,campo mourao,-24.14222,-52.45501,4.0,0.0,2.0,Com Vítimas Fatais,Não,Ausência de reação do condutor,Colisão frontal,Pleno dia,Céu Claro,Simples,Curva,Não,Crescente
752255,2026-02-14,sábado,09:00:00,MG,381.0,486,betim,-19.996374,-44.208817,6.0,0.0,0.0,Com Vítimas Feridas,Não,Condutor deixou de manter distância do veículo da frente,Queda de ocupante de veículo,Pleno dia,Céu Claro,Dupla,Aclive;Reta,Sim,Crescente
752257,2026-02-14,sábado,05:12:00,MT,163.0,1068,guaranta do norte,-9.927478,-54.90489,0.0,0.0,0.0,Sem Vítimas,Não,Animais na Pista,Colisão lateral sentido oposto,Amanhecer,Nublado,Simples,Reta,Não,Crescente
752258,2026-02-14,sábado,08:40:00,SC,101.0,"35,6",palhoca,-27.634861,-48.716377,1.0,0.0,0.0,Com Vítimas Feridas,Sim,Condutor Dormindo,Colisão traseira,Pleno dia,Céu Claro,Dupla,Reta,Não,Crescente
752259,2026-02-14,sábado,06:45:00,MT,364.0,360,santo antonio do leverger,-15.755733,-55.658478,0.0,4.0,0.0,Com Vítimas Feridas,Não,Pista esburacada,Queda de ocupante de veículo,Pleno dia,Céu Claro,Dupla,Reta,Não,Decrescente