id,data_inversa,dia_semana,horario,uf,br,km,municipio,latitude,longitude,feridos_leves,feridos_graves,mortos,classificacao_acidente,causa_principal,causa_acidente,tipo_acidente,fase_dia,condicao_metereologica,tipo_pista,tracado_via,uso_solo,sentido_via
752481,2026-02-15,domingo,04:45:00,MG,381.0,427,sabara,-19.78655,-43.71511,2.0,0.0,0.0,Com Vítimas Feridas,Sim,Velocidade Incompatível,Queda de ocupante de veículo,Plena Noite,Céu Claro,Simples,Curva;Declive,Não,Crescente
752482,2026-02-15,domingo,05:20:00,PR,277.0,"608,4",santa tereza do oeste,-25.034351,-53.59026,6.0,2.0,0.0,Com Vítimas Feridas,Não,Condutor Dormindo,Colisão frontal,Amanhecer,Céu Claro,Simples,Reta,Sim,Decrescente
752485,2026-02-15,domingo,01:30:00,PR,116.0,140,mandirituba,-25.76407,-49.321194,0.0,0.0,0.0,Sem Vítimas,Sim,Ausência de reação do condutor,Colisão com objeto,Plena Noite,Nublado,Dupla,Reta,Sim,Crescente
752486,2026-02-15,domingo,04:00:00,PB,361.0,5,patos,-7.034268,-37.30176,0.0,0.0,4.0,Com Vítimas Fatais,Não,Deficiência do Sistema de Iluminação/Sinalização,Queda de ocupante de veículo,Plena Noite,Céu Claro,Simples,Reta,Sim,Decrescente
752487,2026-02-15,domingo,01:30:00,MT,70.0,258,poxoreu,-15.629038,-54.16781,0.0,6.0,6.0,Com Vítimas Fatais,Não,Reação tardia ou ineficiente do condutor,Saída de leito carroçável,Plena Noite,Céu Claro,Simples,Reta,Não,Crescente
752488,2026-02-14,sábado,23:05:00,PR,369.0,200,apucarana,-23.5384,-51.4572,0.0,3.0,0.0,Com Vítimas Feridas,Sim,Reação tardia ou ineficiente do condutor,Queda de ocupante de veículo,Plena Noite,Céu Claro,Simples,Reta,Não,Crescente
752489,2026-02-15,domingo,05:24:00,PR,369.0,490,cascavel,-24.83995,-53.311157,0.0,0.0,16.0,Com Vítimas Fatais,Não,Transitar na contramão,Saída de leito carroçável,Amanhecer,Céu Claro,Simples,Reta;Declive,Não,Crescente
752490,2026-02-14,sábado,19:30:00,PI,135.0,503,monte alegre do piaui,-9.746078,-45.294373,15.0,15.0,0.0,Com Vítimas Feridas,Não,Deficiência do Sistema de Iluminação/Sinalização,Queda de ocupante de veículo,Plena Noite,Nublado,Simples,Reta,Não,Decrescente
752491,2026-02-15,domingo,06:30:00,RN,101.0,"76,4",sao goncalo do amarante,-5.727513,-35.28755,6.0,0.0,0.0,Com Vítimas Feridas,Não,Sinalização mal posicionada,Queda de ocupante de veículo,Pleno dia,Céu Claro,Dupla,Curva;Aclive,Sim,Crescente
752493,2026-02-15,domingo,03:40:00,SC,101.0,372,icara,-28.714035,-49.220284,4.0,0.0,0.0,Com Vítimas Feridas,Sim,Condutor Dormindo,Colisão traseira,Plena Noite,Chuva,Dupla,Reta,Não,Crescente
752494,2026-02-15,domingo,05:30:00,SC,101.0,"62,5",araquari,-26.45811,-48.761738,0.0,0.0,0.0,Sem Vítimas,Não,Velocidade Incompatível,Saída de leito carroçável,Amanhecer,Céu Claro,Dupla,Curva;Aclive;Viaduto,Não,Crescente
752495,2026-02-15,domingo,05:00:00,PR,277.0,"38,7",morretes,-25.573402,-48.832077,4.0,0.0,0.0,Com Vítimas Feridas,Não,Ausência de reação do condutor,Queda de ocupante de veículo,Amanhecer,Nublado,Dupla,Declive;Curva,Não,Decrescente
752496,2026-02-15,domingo,05:15:00,RS,116.0,"487,7",turucu,-31.45014,-52.203846,3.0,2.0,0.0,Com Vítimas Feridas,Sim,Transitar na contramão,Colisão frontal,Plena Noite,Céu Claro,Simples,Em Obras;Curva,Não,Decrescente
752497,2026-02-15,domingo,05:00:00,DF,80.0,2,brasilia,-15.731698,-48.101093,0.0,0.0,0.0,Sem Vítimas,Sim,Ingestão de álcool pelo condutor,Colisão traseira,Amanhecer,Céu Claro,Simples,Reta,Não,Decrescente
752498,2026-02-14,sábado,17:10:00,BA,415.0,58,itabuna,-14.78602,-39.28061,6.0,0.0,0.0,Com Vítimas Feridas,Sim,Transitar na contramão,Queda de ocupante de veículo,Pleno dia,Céu Claro,Simples,Curva,Não,Crescente
752499,2026-02-15,domingo,06:30:00,PR,153.0,470,porto vitoria,-26.290712,-51.201332,0.0,27.0,9.0,Com Vítimas Fatais,Não,Reação tardia ou ineficiente do condutor,Colisão com objeto,Pleno dia,Garoa/Chuvisco,Simples,Reta,Não,Crescente
752500,2026-02-15,domingo,01:15:00,SC,282.0,"460,6",ponte serrada,-26.873575,-52.01823,1.0,0.0,0.0,Com Vítimas Feridas,Sim,Ausência de reação do condutor,Colisão com objeto,Plena Noite,Céu Claro,Simples,Rotatória,Sim,Decrescente
752501,2026-02-14,sábado,22:20:00,PR,277.0,114,campo largo,-25.4325,-49.4311,2.0,0.0,0.0,Com Vítimas Feridas,Sim,Reação tardia ou ineficiente do condutor,Queda de ocupante de veículo,Plena Noite,Nublado,Dupla,Reta,Não,Decrescente
752502,2026-02-15,domingo,07:00:00,SP,116.0,219,guarulhos,-23.461958,-46.490402,0.0,0.0,0.0,Sem Vítimas,Sim,Demais falhas mecânicas ou elétricas,Incêndio,Pleno dia,Sol,Múltipla,Reta;Ponte,Não,Decrescente
752503,2026-02-15,domingo,06:08:00,PA,230.0,132,maraba,-5.3655066,-49.198524,1.0,0.0,0.0,Com Vítimas Feridas,Sim,Animais na Pista,Atropelamento de Animal,Pleno dia,Céu Claro,Simples,Reta;Declive,Não,Decrescente
752504,2026-02-15,domingo,06:20:00,GO,452.0,15,rio verde,-17.850122,-50.772854,0.0,20.0,20.0,Com Vítimas Fatais,Não,Manobra de mudança de faixa,Eventos atípicos,Pleno dia,Céu Claro,Simples,Reta,Não,Crescente
752505,2026-01-26,segunda-feira,18:25:00,SC,101.0,"209,3",sao jose,-27.61233,-48.6411,6.0,0.0,0.0,Com Vítimas Feridas,Não,Reação tardia ou ineficiente do condutor,Queda de ocupante de veículo,Pleno dia,Céu Claro,Múltipla,Reta,Sim,Decrescente
752506,2026-02-14,sábado,16:30:00,PA,230.0,8,altamira,-3.1928594,-52.227673,6.0,6.0,0.0,Com Vítimas Feridas,Não,Velocidade Incompatível,Colisão traseira,Pleno dia,Céu Claro,Simples,Reta;Declive,Sim,Decrescente
752507,2026-02-15,domingo,01:40:00,RS,116.0,363,sentinela do sul,-30.637049,-51.55331,1.0,0.0,0.0,Com Vítimas Feridas,Sim,Ausência de reação do condutor,Capotamento,Plena Noite,Nublado,Dupla,Rotatória,Não,Crescente
752508,2026-02-15,domingo,07:00:00,RJ,101.0,404,itaguai,-22.866982,-43.802177,0.0,0.0,0.0,Sem Vítimas,Sim,Ausência de reação do condutor,Colisão com objeto,Amanhecer,Céu Claro,Dupla,Reta,Não,Crescente
752509,2026-02-15,domingo,00:10:00,BA,407.0,220,quixabeira,-11.277265,-40.022068,2.0,0.0,0.0,Com Vítimas Feridas,Sim,Demais falhas mecânicas ou elétricas,Saída de leito carroçável,Plena Noite,Garoa/Chuvisco,Simples,Reta,Não,Decrescente
752510,2026-02-15,domingo,07:00:00,CE,116.0,"15,4",fortaleza,-3.8795183,-38.500664,20.0,0.0,0.0,Com Vítimas Feridas,Sim,Ausência de reação do condutor,Queda de ocupante de veículo,Pleno dia,Nublado,Dupla,Reta;Declive,Sim,Decrescente
752511,2026-02-15,domingo,04:15:00,RJ,116.0,97,guapimirim,-22.501709,-43.0001,4.0,0.0,0.0,Com Vítimas Feridas,Sim,Demais falhas mecânicas ou elétricas,Queda de ocupante de veículo,Pleno dia,Céu Claro,Simples,Reta,Não,Crescente
752512,2026-02-14,sábado,18:25:00,PR,163.0,"92,1",capanema,-25.648678,-53.80332,0.0,4.0,0.0,Com Vítimas Feridas,Não,Velocidade Incompatível,Tombamento,Plena Noite,Céu Claro,Simples,Curva;Rotatória;Interseção de Vias,Não,Decrescente
752513,2026-02-15,domingo,07:50:00,RJ,116.0,208,seropedica,-22.722853,-43.672665,0.0,0.0,0.0,Sem Vítimas,Sim,Ingestão de substâncias psicoativas pelo condutor,Colisão com objeto,Pleno dia,Céu Claro,Dupla,Reta,Não,Crescente
752514,2026-02-15,domingo,07:15:00,ES,101.0,"96,5",jaguare,-18.951,-39.981,8.0,0.0,0.0,Com Vítimas Feridas,Sim,Velocidade Incompatível,Tombamento,Pleno dia,Céu Claro,Simples,Aclive,Não,Decrescente
752516,2026-02-15,domingo,07:40:00,DF,20.0,18,brasilia,-15.616268,-47.70751,1.0,0.0,0.0,Com Vítimas Feridas,Sim,Manobra de mudança de faixa,Colisão traseira,Pleno dia,Céu Claro,Dupla,Declive;Reta,Sim,Crescente
752517,2026-02-15,domingo,04:20:00,RJ,101.0,"284,7",sao goncalo,-22.793068,-43.02487,6.0,0.0,0.0,Com Vítimas Feridas,Não,Avarias e/ou desgaste excessivo no pneu,Colisão traseira,Amanhecer,Ignorado,Dupla,Reta,Não,Decrescente
752518,2026-02-15,domingo,08:00:00,SC,470.0,80,rodeio,-26.948181,-49.318737,1.0,0.0,0.0,Com Vítimas Feridas,Sim,Velocidade Incompatível,Saída de leito carroçável,Pleno dia,Nublado,Simples,Curva,Sim,Crescente
752519,2026-02-15,domingo,07:45:00,PR,369.0,377,mambore,-24.28734,-52.565117,0.0,12.0,0.0,Com Vítimas Feridas,Não,Transitar na contramão,Saída de leito carroçável,Pleno dia,Céu Claro,Simples,Reta,Não,Crescente
752520,2026-02-14,sábado,22:00:00,BA,242.0,292,lajedinho,-12.4445,-40.8277,0.0,0.0,0.0,Sem Vítimas,Não,Reação tardia ou ineficiente do condutor,Capotamento,Plena Noite,Céu Claro,Simples,Curva,Não,Decrescente
752521,2026-02-15,domingo,08:53:00,SP,116.0,562,barra do turvo,-25.02849,-48.526714,1.0,0.0,0.0,Com Vítimas Feridas,Sim,Reação tardia ou ineficiente do condutor,Saída de leito carroçável,Pleno dia,Céu Claro,Dupla,Curva,Não,Crescente
752522,2026-02-15,domingo,07:30:00,MG,381.0,"227,7",belo oriente,-19.351124,-42.433914,4.0,0.0,0.0,Com Vítimas Feridas,Sim,Transitar na contramão,Colisão lateral mesmo sentido,Pleno dia,Céu Claro,Simples,Reta,Não,Crescente
752523,2026-02-15,domingo,07:45:00,RO,364.0,713,porto velho,-8.770559,-63.88349,6.0,0.0,0.0,Com Vítimas Feridas,Não,Condutor Dormindo,Colisão com objeto,Pleno dia,Nublado,Dupla,Curva;Aclive;Viaduto,Sim,Decrescente
752524,2026-02-15,domingo,09:40:00,PE,104.0,"50,2",caruaru,-8.15335,-35.98399,0.0,0.0,0.0,Sem Vítimas,Não,Ingestão de álcool pelo condutor,Colisão com objeto,Pleno dia,Sol,Simples,Reta,Não,Decrescente
752525,2026-02-15,domingo,08:20:00,PR,277.0,703,sao miguel do iguacu,-25.429848,-54.36902,1.0,0.0,0.0,Com Vítimas Feridas,Sim,Acessar a via sem observar a presença dos outros veículos,Colisão traseira,Pleno dia,Nublado,Dupla,Reta;Declive,Não,Crescente
752526,2026-02-15,domingo,09:15:00,PR,376.0,"615,1",sao jose dos pinhais,-25.574781,-49.17978,3.0,3.0,0.0,Com Vítimas Feridas,Sim,Manobra de mudança de faixa,Queda de ocupante de veículo,Pleno dia,Nublado,Dupla,Reta,Sim,Crescente
752527,2026-02-07,sábado,13:00:00,MS,267.0,347,rio brilhante,-21.62494,-54.98671,0.0,0.0,0.0,Sem Vítimas,Sim,Demais falhas mecânicas ou elétricas,Saída de leito carroçável,Pleno dia,Sol,Simples,Reta,Não,Crescente
752528,2026-02-11,quarta-feira,10:00:00,RJ,101.0,412,itaguai,-22.898464,-43.86006,1.0,0.0,0.0,Com Vítimas Feridas,Sim,Reação tardia ou ineficiente do condutor,Colisão traseira,Pleno dia,Nublado,Dupla,Reta,Não,Decrescente
752529,2026-02-15,domingo,08:30:00,RJ,101.0,397,itaguai,-22.858894,-43.759415,1.0,0.0,0.0,Com Vítimas Feridas,Sim,Problema na suspensão,Tombamento,Pleno dia,Céu Claro,Múltipla,Reta,Não,Crescente
752530,2026-02-15,domingo,09:04:00,PE,232.0,"50,7",vitoria de santo antao,-8.139743,-35.327644,0.0,0.0,0.0,Sem Vítimas,Sim,Problema na suspensão,Saída de leito carroçável,Pleno dia,Sol,Dupla,Reta,Não,Crescente
752531,2026-02-15,domingo,09:50:00,MG,116.0,"524,5",caratinga,-19.768194,-42.13095,4.0,0.0,0.0,Com Vítimas Feridas,Não,Ausência de reação do condutor,Colisão transversal,Pleno dia,Céu Claro,Simples,Curva,Sim,Crescente
752532,2026-02-15,domingo,09:45:00,RJ,101.0,64,campos dos goytacazes,-21.745445,-41.33401,2.0,0.0,0.0,Com Vítimas Feridas,Sim,Condutor desrespeitou a iluminação vermelha do semáforo,Colisão transversal,Pleno dia,Céu Claro,Simples,Reta;Interseção de Vias,Sim,Decrescente
752534,2026-02-15,domingo,10:40:00,MG,381.0,"517,8",igarape,-20.10846,-44.32673,2.0,2.0,0.0,Com Vítimas Feridas,Não,Pista esburacada,Saída de leito carroçável,Pleno dia,Sol,Dupla,Curva,Não,Crescente
752535,2026-02-15,domingo,10:00:00,SC,101.0,"232,8",palhoca,-27.800678,-48.63744,9.0,0.0,0.0,Com Vítimas Feridas,Não,Velocidade Incompatível,Colisão traseira,Pleno dia,Chuva,Dupla,Declive;Reta,Não,Crescente
752536,2026-02-15,domingo,09:10:00,PB,104.0,"86,9",remigio,-6.961203,-35.803703,3.0,4.0,0.0,Com Vítimas Feridas,Sim,Ingestão de álcool pelo condutor,Colisão frontal,Pleno dia,Céu Claro,Simples,Reta;Aclive,Não,Decrescente
752537,2026-02-15,domingo,09:44:00,PE,232.0,"25,3",moreno,-8.113155,-35.11096,2.0,0.0,0.0,Com Vítimas Feridas,Sim,Chuva,Capotamento,Pleno dia,Chuva,Dupla,Curva;Declive,Não,Decrescente
752538,2026-02-15,domingo,10:25:00,SC,282.0,"48,5",aguas mornas,-27.716072,-48.942814,4.0,0.0,0.0,Com Vítimas Feridas,Sim,Velocidade Incompatível,Colisão com objeto,Pleno dia,Chuva,Simples,Curva;Aclive,Não,Crescente
752539,2026-02-15,domingo,10:30:00,SC,280.0,"290,7",porto uniao,-26.295774,-50.9329,4.0,0.0,0.0,Com Vítimas Feridas,Sim,Ausência de reação do condutor,Queda de ocupante de veículo,Pleno dia,Céu Claro,Simples,Reta,Não,Crescente
752540,2026-02-15,domingo,09:02:00,SC,101.0,"133,4",balneario camboriu,-27.00049,-48.64224,1.0,0.0,0.0,Com Vítimas Feridas,Sim,Acessar a via sem observar a presença dos outros veículos,Colisão lateral mesmo sentido,Pleno dia,Céu Claro,Múltipla,Interseção de Vias;Reta,Não,Crescente
752541,2026-02-15,domingo,08:00:00,MT,174.0,437,comodoro,-13.937217,-59.760315,10.0,0.0,0.0,Com Vítimas Feridas,Sim,Avarias e/ou desgaste excessivo no pneu,Capotamento,Pleno dia,Céu Claro,Simples,Reta,Não,Decrescente
752543,2026-02-15,domingo,11:14:00,GO,60.0,467,jatai,-17.901274,-51.67328,9.0,0.0,0.0,Com Vítimas Feridas,Não,Velocidade Incompatível,Saída de leito carroçável,Pleno dia,Céu Claro,Dupla,Reta;Declive,Não,Decrescente
752544,2026-02-15,domingo,11:15:00,PR,376.0,"547,9",palmeira,-25.433254,-49.75198,1.0,0.0,0.0,Com Vítimas Feridas,Sim,Manobra de mudança de faixa,Colisão lateral mesmo sentido,Pleno dia,Céu Claro,Dupla,Reta;Retorno Regulamentado;Aclive,Não,Decrescente
752545,2026-02-15,domingo,11:00:00,MG,381.0,285,antonio dias,-19.626324,-42.806145,0.0,2.0,0.0,Com Vítimas Feridas,Sim,Conversão proibida,Colisão transversal,Pleno dia,Céu Claro,Dupla,Reta,Não,Crescente
752546,2026-02-15,domingo,10:15:00,RO,319.0,138,porto velho,-8.74346,-63.912865,6.0,0.0,0.0,Com Vítimas Feridas,Sim,Condutor desrespeitou a iluminação vermelha do semáforo,Queda de ocupante de veículo,Pleno dia,Céu Claro,Dupla,Interseção de Vias;Reta,Sim,Crescente
752547,2026-02-15,domingo,11:40:00,ES,101.0,"149,2",linhares,-19.398882,-40.062946,2.0,0.0,0.0,Com Vítimas Feridas,Sim,Condutor desrespeitou a iluminação vermelha do semáforo,Colisão transversal,Pleno dia,Céu Claro,Simples,Interseção de Vias,Sim,Crescente
752548,2026-02-15,domingo,10:30:00,CE,20.0,386,caucaia,-3.87627,-38.81308,1.0,0.0,0.0,Com Vítimas Feridas,Sim,Reação tardia ou ineficiente do condutor,Capotamento,Pleno dia,Chuva,Simples,Reta,Não,Crescente
752549,2026-02-15,domingo,12:00:00,SC,153.0,"97,5",concordia,-27.227331,-51.95663,2.0,0.0,0.0,Com Vítimas Feridas,Sim,Acessar a via sem observar a presença dos outros veículos,Tombamento,Pleno dia,Nublado,Simples,Reta,Não,Decrescente
752550,2026-02-15,domingo,11:40:00,SE,235.0,52,itabaiana,-10.669881,-37.445408,1.0,0.0,0.0,Com Vítimas Feridas,Sim,Transtornos Mentais (exceto suicidio),Queda de ocupante de veículo,Pleno dia,Céu Claro,Dupla,Interseção de Vias;Reta,Sim,Decrescente
752551,2026-02-15,domingo,12:00:00,RJ,101.0,400,itaguai,-22.850391,-43.766815,2.0,0.0,0.0,Com Vítimas Feridas,Sim,Demais falhas mecânicas ou elétricas,Tombamento,Pleno dia,Céu Claro,Dupla,Reta,Sim,Crescente
752552,2026-02-15,domingo,11:30:00,RJ,493.0,19,guapimirim,-22.668581,-43.018284,1.0,0.0,0.0,Com Vítimas Feridas,Sim,Retorno proibido,Colisão transversal,Pleno dia,Céu Claro,Simples,Reta,Sim,Decrescente
752553,2026-01-18,domingo,21:00:00,MG,50.0,82,uberlandia,-18.987926,-48.211662,12.0,0.0,0.0,Com Vítimas Feridas,Sim,Acumulo de água sobre o pavimento,Colisão transversal,Plena Noite,Chuva,Dupla,Declive;Reta,Sim,Crescente
752554,2026-02-15,domingo,12:20:00,SC,282.0,"5,3",sao jose,-27.585352,-48.616207,8.0,0.0,0.0,Com Vítimas Feridas,Não,Pista Escorregadia,Queda de ocupante de veículo,Pleno dia,Garoa/Chuvisco,Múltipla,Curva,Sim,Decrescente
752555,2026-02-15,domingo,10:00:00,SC,282.0,"0,8",florianopolis,-27.59877,-48.57458,3.0,3.0,0.0,Com Vítimas Feridas,Sim,Reação tardia ou ineficiente do condutor,Capotamento,Pleno dia,Céu Claro,Múltipla,Reta,Sim,Decrescente
752556,2026-01-02,sexta-feira,08:30:00,AL,423.0,62,agua branca,-9.293367,-37.832504,0.0,4.0,2.0,Com Vítimas Fatais,Sim,Ausência de reação do condutor,Queda de ocupante de veículo,Pleno dia,Céu Claro,Simples,Reta,Não,Crescente
752557,2026-02-15,domingo,12:40:00,SP,116.0,223,guarulhos,-23.480757,-46.53274,0.0,2.0,0.0,Com Vítimas Feridas,Sim,Reação tardia ou ineficiente do condutor,Queda de ocupante de veículo,Pleno dia,Céu Claro,Múltipla,Reta,Sim,Decrescente
752558,2026-02-15,domingo,12:29:00,MA,135.0,3,sao luis,-2.607532,-44.24785,0.0,6.0,0.0,Com Vítimas Feridas,Não,Condutor deixou de manter distância do veículo da frente,Tombamento,Pleno dia,Céu Claro,Dupla,Reta;Declive,Sim,Decrescente
752559,2026-02-15,domingo,12:50:00,PI,316.0,"6,1",teresina,-5.153535,-42.772636,0.0,4.0,0.0,Com Vítimas Feridas,Sim,Ausência de reação do condutor,Tombamento,Pleno dia,Nublado,Múltipla,Reta,Sim,Crescente
752560,2026-02-15,domingo,13:25:00,SC,282.0,"537,9",chapeco,-27.000237,-52.67098,12.0,0.0,0.0,Com Vítimas Feridas,Não,Avarias e/ou desgaste excessivo no pneu,Capotamento,Pleno dia,Chuva,Simples,Curva;Aclive,Não,Crescente
752561,2026-01-11,domingo,04:00:00,AM,174.0,945,manaus,-2.4497,-60.02491,0.0,0.0,0.0,Sem Vítimas,Sim,Condutor Dormindo,Tombamento,Plena Noite,Céu Claro,Simples,Curva,Não,Decrescente
752562,2026-02-15,domingo,13:20:00,ES,101.0,"324,2",guarapari,-20.65849,-40.614643,3.0,0.0,0.0,Com Vítimas Feridas,Sim,Condutor Dormindo,Capotamento,Pleno dia,Céu Claro,Dupla,Reta,Não,Decrescente
752563,2026-02-15,domingo,13:00:00,SC,282.0,"86,9",alfredo wagner,-27.664207,-49.205723,4.0,0.0,0.0,Com Vítimas Feridas,Sim,Velocidade Incompatível,Colisão frontal,Pleno dia,Chuva,Simples,Curva,Sim,Crescente
752564,2026-02-15,domingo,12:50:00,BA,242.0,390,palmeiras,-12.452162,-41.59616,1.0,0.0,0.0,Com Vítimas Feridas,Sim,Reação tardia ou ineficiente do condutor,Colisão traseira,Pleno dia,Céu Claro,Simples,Reta;Aclive,Não,Decrescente
752565,2026-02-15,domingo,11:40:00,SC,280.0,23,araquari,-26.376,-48.717,3.0,0.0,0.0,Com Vítimas Feridas,Sim,Reação tardia ou ineficiente do condutor,Colisão com objeto,Pleno dia,Nublado,Simples,Reta,Sim,Decrescente
752566,2026-02-15,domingo,13:30:00,RS,470.0,242,barao,-29.362474,-51.517464,4.0,0.0,0.0,Com Vítimas Feridas,Não,Velocidade Incompatível,Queda de ocupante de veículo,Pleno dia,Nublado,Simples,Curva,Não,Decrescente
752567,2026-02-15,domingo,13:50:00,SC,153.0,75,irani,-27.076677,-51.901733,2.0,2.0,0.0,Com Vítimas Feridas,Sim,Reação tardia ou ineficiente do condutor,Capotamento,Pleno dia,Chuva,Simples,Curva,Não,Crescente
752568,2026-02-13,sexta-feira,22:00:00,GO,158.0,165,caiaponia,-17.013672,-51.84831,15.0,0.0,0.0,Com Vítimas Feridas,Não,Neblina,Colisão frontal,Plena Noite,Nevoeiro/Neblina,Simples,Aclive;Reta;Interseção de Vias,Não,Decrescente
752569,2026-02-15,domingo,10:35:00,BA,116.0,574,brejoes,-13.06423,-39.95785,2.0,0.0,0.0,Com Vítimas Feridas,Sim,Ultrapassagem Indevida,Colisão lateral mesmo sentido,Pleno dia,Céu Claro,Simples,Curva,Não,Crescente
752570,2026-02-15,domingo,11:44:00,RO,364.0,691,candeias do jamari,-8.796676,-63.688625,2.0,0.0,0.0,Com Vítimas Feridas,Sim,Ausência de reação do condutor,Queda de ocupante de veículo,Pleno dia,Céu Claro,Dupla,Reta,Não,Decrescente
752571,2026-02-15,domingo,13:00:00,PB,104.0,130,campina grande,-7.280722,-35.88897,2.0,0.0,0.0,Com Vítimas Feridas,Não,Ausência de reação do condutor,Colisão traseira,Pleno dia,Céu Claro,Simples,Viaduto,Sim,Decrescente
752572,2026-02-15,domingo,13:30:00,SC,470.0,72,blumenau,-26.862495,-49.09178,2.0,0.0,0.0,Com Vítimas Feridas,Sim,Manobra de mudança de faixa,Colisão lateral mesmo sentido,Pleno dia,Sol,Dupla,Reta,Não,Crescente
752573,2026-02-15,domingo,12:11:00,PA,155.0,306,maraba,-5.6871533,-49.116055,0.0,6.0,0.0,Com Vítimas Feridas,Não,Ausência de reação do condutor,Saída de leito carroçável,Pleno dia,Céu Claro,Simples,Reta,Não,Decrescente
752574,2026-02-15,domingo,14:39:00,RN,101.0,95,natal,-5.83906,-35.210712,1.0,0.0,0.0,Com Vítimas Feridas,Sim,Manobra de mudança de faixa,Colisão lateral mesmo sentido,Pleno dia,Céu Claro,Dupla,Reta;Interseção de Vias,Sim,Decrescente
752575,2026-02-15,domingo,14:40:00,SC,101.0,"291,7",imbituba,-28.299658,-48.717598,0.0,3.0,0.0,Com Vítimas Feridas,Sim,Ausência de reação do condutor,Queda de ocupante de veículo,Pleno dia,Céu Claro,Dupla,Reta,Não,Crescente
752576,2026-02-15,domingo,14:35:00,PE,232.0,"15,3",jaboatao dos guararapes,-8.09372,-35.03159,2.0,0.0,0.0,Com Vítimas Feridas,Sim,Acumulo de água sobre o pavimento,Capotamento,Pleno dia,Chuva,Dupla,Curva,Não,Decrescente
752577,2026-02-15,domingo,10:00:00,MS,60.0,"124,2",paraiso das aguas,-19.334032,-53.435005,0.0,30.0,0.0,Com Vítimas Feridas,Não,Falta de acostamento,Capotamento,Pleno dia,Céu Claro,Simples,Reta;Declive,Não,Decrescente
752578,2026-02-15,domingo,14:55:00,GO,60.0,"198,6",guapo,-16.876871,-49.6145,1.0,0.0,0.0,Com Vítimas Feridas,Sim,Ingestão de álcool pelo condutor,Colisão traseira,Pleno dia,Céu Claro,Dupla,Aclive,Não,Decrescente
752579,2026-02-15,domingo,14:00:00,ES,101.0,261,serra,-20.152622,-40.278603,4.0,0.0,0.0,Com Vítimas Feridas,Não,Manobra de mudança de faixa,Atropelamento de Pedestre,Pleno dia,Céu Claro,Dupla,Reta,Não,Crescente
752580,2026-02-15,domingo,13:45:00,RO,364.0,11,vilhena,-12.745614,-60.115383,1.0,0.0,0.0,Com Vítimas Feridas,Sim,Reação tardia ou ineficiente do condutor,Queda de ocupante de veículo,Pleno dia,Céu Claro,Dupla,Rotatória,Sim,Decrescente
752581,2026-02-14,sábado,23:40:00,PI,135.0,487,monte alegre do piaui,-9.71631,-45.144314,0.0,0.0,0.0,Sem Vítimas,Não,Iluminação deficiente,Atropelamento de Animal,Plena Noite,Nublado,Simples,Reta,Não,Decrescente
752582,2026-02-15,domingo,15:10:00,ES,101.0,276,serra,-20.209455,-40.315598,0.0,0.0,0.0,Sem Vítimas,Sim,Ausência de reação do condutor,Colisão com objeto,Pleno dia,Céu Claro,Dupla,Reta,Não,Decrescente
752583,2026-02-15,domingo,15:00:00,SP,101.0,52,ubatuba,-23.461603,-45.065712,0.0,1.0,0.0,Com Vítimas Feridas,Sim,Acessar a via sem observar a presença dos outros veículos,Atropelamento de Pedestre,Pleno dia,Céu Claro,Simples,Reta,Sim,Crescente
752584,2026-02-15,domingo,11:35:00,RO,364.0,416,jaru,-10.492183,-62.42741,1.0,0.0,0.0,Com Vítimas Feridas,Sim,Objeto estático sobre o leito carroçável,Queda de ocupante de veículo,Pleno dia,Garoa/Chuvisco,Simples,Aclive,Não,Crescente
752585,2026-02-15,domingo,15:05:00,PE,428.0,188,petrolina,-9.374524,-40.488693,2.0,0.0,0.0,Com Vítimas Feridas,Não,Condutor deixou de manter distância do veículo da frente,Colisão lateral mesmo sentido,Pleno dia,Céu Claro,Dupla,Rotatória,Sim,Crescente
752586,2026-02-15,domingo,12:00:00,SP,116.0,"47,6",canas,-22.723394,-45.06427,4.0,0.0,0.0,Com Vítimas Feridas,Sim,Reação tardia ou ineficiente do condutor,Colisão traseira,Pleno dia,Céu Claro,Dupla,Reta,Não,Decrescente
752587,2026-02-15,domingo,15:30:00,SC,280.0,4,sao francisco do sul,-26.255047,-48.620564,2.0,2.0,0.0,Com Vítimas Feridas,Não,Retorno proibido,Colisão transversal,Pleno dia,Nublado,Simples,Reta,Não,Crescente
752588,2026-02-15,domingo,15:19:00,PE,101.0,50,abreu e lima,-7.914763,-34.899147,3.0,0.0,0.0,Com Vítimas Feridas,Sim,Reação tardia ou ineficiente do condutor,Queda de ocupante de veículo,Pleno dia,Céu Claro,Múltipla,Reta,Sim,Crescente
752589,2026-02-15,domingo,15:40:00,RJ,116.0,309,resende,-22.459087,-44.43454,0.0,1.0,0.0,Com Vítimas Feridas,Sim,Mal súbito do condutor,Colisão com objeto,Pleno dia,Nublado,Dupla,Reta,Sim,Crescente
752590,2026-02-15,domingo,15:15:00,GO,70.0,425,montes claros de goias,-15.892117,-51.798733,9.0,0.0,0.0,Com Vítimas Feridas,Não,Ingestão de álcool pelo condutor,Queda de ocupante de veículo,Pleno dia,Céu Claro,Simples,Reta,Não,Decrescente
752591,2026-02-15,domingo,12:30:00,GO,153.0,5,porangatu,-12.884807,-49.108517,1.0,0.0,0.0,Com Vítimas Feridas,Sim,Reação tardia ou ineficiente do condutor,Colisão traseira,Pleno dia,Céu Claro,Simples,Reta,Não,Decrescente