id,data_inversa,dia_semana,horario,uf,br,km,municipio,latitude,longitude,feridos_leves,feridos_graves,mortos,classificacao_acidente,causa_principal,causa_acidente,tipo_acidente,fase_dia,condicao_metereologica,tipo_pista,tracado_via,uso_solo,sentido_via
752592,2026-02-15,domingo,15:00:00,SC,101.0,"137,2",balneario camboriu,-27.014303,-48.61292,2.0,1.0,0.0,Com Vítimas Feridas,Sim,Manobra de mudança de faixa,Colisão lateral mesmo sentido,Pleno dia,Céu Claro,Múltipla,Reta,Sim,Crescente
752593,2026-02-15,domingo,12:03:00,SP,116.0,"47,6",canas,-22.72086,-45.062897,2.0,0.0,0.0,Com Vítimas Feridas,Sim,Reação tardia ou ineficiente do condutor,Colisão lateral mesmo sentido,Pleno dia,Céu Claro,Dupla,Reta,Não,Decrescente
752594,2026-02-15,domingo,14:00:00,BA,407.0,139,senhor do bonfim,-10.56563,-40.135906,0.0,0.0,0.0,Sem Vítimas,Sim,Demais falhas mecânicas ou elétricas,Incêndio,Pleno dia,Céu Claro,Simples,Reta,Não,Crescente
752595,2026-02-15,domingo,11:30:00,MT,174.0,366,conquista doeste,-14.632197,-59.476803,4.0,0.0,0.0,Com Vítimas Feridas,Sim,Ausência de reação do condutor,Capotamento,Pleno dia,Ignorado,Simples,Curva,Não,Crescente
752596,2026-02-15,domingo,15:32:00,RJ,101.0,305,sao goncalo,-22.793068,-43.02487,1.0,0.0,0.0,Com Vítimas Feridas,Sim,Reação tardia ou ineficiente do condutor,Colisão traseira,Pleno dia,Sol,Dupla,Reta,Sim,Crescente
752597,2026-02-15,domingo,14:00:00,RS,471.0,172,rio pardo,-29.956821,-52.37083,1.0,0.0,0.0,Com Vítimas Feridas,Sim,Ingestão de álcool pelo condutor,Saída de leito carroçável,Pleno dia,Céu Claro,Simples,Curva;Declive,Sim,Decrescente
752598,2026-02-15,domingo,15:50:00,MG,381.0,"858,9",pouso alegre,-22.312372,-45.90358,4.0,0.0,0.0,Com Vítimas Feridas,Sim,Avarias e/ou desgaste excessivo no pneu,Queda de ocupante de veículo,Pleno dia,Sol,Dupla,Reta,Não,Crescente
752599,2026-02-15,domingo,16:32:00,PA,155.0,293,maraba,-5.78432,-49.175377,3.0,0.0,0.0,Com Vítimas Feridas,Sim,Condutor deixou de manter distância do veículo da frente,Tombamento,Pleno dia,Sol,Simples,Reta;Declive,Não,Decrescente
752601,2026-02-15,domingo,13:10:00,RJ,356.0,43,itaperuna,-21.21929,-41.821556,1.0,0.0,0.0,Com Vítimas Feridas,Sim,Falta de elemento de contenção que evite a saída do leito carroçável,Saída de leito carroçável,Pleno dia,Sol,Simples,Curva;Aclive,Não,Crescente
752602,2026-02-15,domingo,14:20:00,MS,376.0,"39,5",vicentina,-22.41989,-54.40798,0.0,4.0,0.0,Com Vítimas Feridas,Sim,Acessar a via sem observar a presença dos outros veículos,Colisão com objeto,Pleno dia,Céu Claro,Simples,Reta;Declive,Não,Crescente
752603,2026-02-15,domingo,16:38:00,PR,116.0,"135,7",mandirituba,-25.725407,-49.317886,4.0,0.0,0.0,Com Vítimas Feridas,Sim,Velocidade Incompatível,Colisão com objeto,Pleno dia,Nublado,Dupla,Reta;Declive,Não,Decrescente
752604,2026-02-15,domingo,17:25:00,CE,222.0,310,tiangua,-3.7143364,-40.98823,2.0,0.0,0.0,Com Vítimas Feridas,Sim,Ingestão de álcool pelo condutor,Engavetamento,Pleno dia,Nublado,Dupla,Reta,Sim,Crescente
752605,2026-02-15,domingo,16:50:00,BA,367.0,"29,5",porto seguro,-16.414787,-39.12028,0.0,8.0,0.0,Com Vítimas Feridas,Não,Reação tardia ou ineficiente do condutor,Saída de leito carroçável,Pleno dia,Céu Claro,Simples,Interseção de Vias,Não,Decrescente
752606,2026-02-15,domingo,16:50:00,SC,101.0,138,balneario camboriu,-27.02562,-48.607063,3.0,0.0,0.0,Com Vítimas Feridas,Sim,Acessar a via sem observar a presença dos outros veículos,Queda de ocupante de veículo,Pleno dia,Céu Claro,Simples,Reta;Interseção de Vias,Sim,Crescente
752607,2026-02-15,domingo,15:50:00,RS,392.0,325,sao sepe,-29.94114,-53.70791,5.0,1.0,0.0,Com Vítimas Feridas,Sim,Transitar na contramão,Colisão frontal,Pleno dia,Nublado,Simples,Ponte;Reta,Não,Decrescente
752608,2026-01-18,domingo,14:45:00,SC,282.0,508,xanxere,-26.885506,-52.44489,6.0,0.0,3.0,Com Vítimas Fatais,Sim,Transitar na contramão,Colisão com objeto,Pleno dia,Chuva,Simples,Declive;Curva,Não,Crescente
752609,2026-02-15,domingo,17:00:00,DF,80.0,"18,8",brasilia,-15.676787,-48.20512,0.0,0.0,0.0,Sem Vítimas,Não,Condutor deixou de manter distância do veículo da frente,Colisão traseira,Pleno dia,Céu Claro,Dupla,Reta;Em Obras,Sim,Decrescente
752610,2026-02-15,domingo,17:40:00,SP,381.0,84,sao paulo,-23.450699,-46.570404,2.0,0.0,0.0,Com Vítimas Feridas,Sim,Pista esburacada,Queda de ocupante de veículo,Anoitecer,Céu Claro,Múltipla,Reta;Declive,Sim,Decrescente
752612,2026-02-15,domingo,17:08:00,MS,163.0,839,sonora,-17.59,-54.745,0.0,0.0,0.0,Sem Vítimas,Não,Frear bruscamente,Saída de leito carroçável,Pleno dia,Céu Claro,Simples,Reta,Sim,Decrescente
752613,2026-02-15,domingo,18:00:00,RJ,40.0,84,duque de caxias,-22.520613,-43.230568,1.0,0.0,0.0,Com Vítimas Feridas,Sim,Reação tardia ou ineficiente do condutor,Queda de ocupante de veículo,Anoitecer,Céu Claro,Dupla,Curva;Túnel,Não,Crescente
752614,2026-02-15,domingo,17:00:00,RS,290.0,39,santo antonio da patrulha,-29.886452,-50.642357,2.0,0.0,0.0,Com Vítimas Feridas,Sim,Ingestão de álcool pelo condutor,Capotamento,Pleno dia,Chuva,Dupla,Reta,Não,Decrescente
752615,2026-02-15,domingo,18:40:00,AP,210.0,29,macapa,0.27091607,-51.082336,14.0,0.0,0.0,Com Vítimas Feridas,Sim,Ingestão de álcool pelo condutor,Colisão transversal,Anoitecer,Nublado,Simples,Reta,Não,Crescente
752616,2026-02-06,sexta-feira,16:22:00,RR,174.0,367,caracarai,1.8302104,-61.128017,2.0,4.0,0.0,Com Vítimas Feridas,Não,Conversão proibida,Colisão lateral mesmo sentido,Pleno dia,Céu Claro,Simples,Reta,Sim,Decrescente
752617,2026-02-15,domingo,18:10:00,SP,116.0,"53,9",lorena,-22.757822,-45.114826,0.0,0.0,0.0,Sem Vítimas,Sim,Ingestão de álcool pelo condutor,Colisão transversal,Anoitecer,Garoa/Chuvisco,Dupla,Reta,Não,Crescente
752618,2026-02-15,domingo,18:30:00,PI,316.0,"8,3",teresina,-5.1684856,-42.7683,0.0,9.0,0.0,Com Vítimas Feridas,Não,Ingestão de álcool pelo condutor,Queda de ocupante de veículo,Plena Noite,Céu Claro,Múltipla,Interseção de Vias;Reta,Sim,Crescente
752620,2026-02-15,domingo,17:17:00,PR,277.0,701,sao miguel do iguacu,-25.404703,-54.325577,4.0,0.0,0.0,Com Vítimas Feridas,Não,Avarias e/ou desgaste excessivo no pneu,Queda de ocupante de veículo,Pleno dia,Céu Claro,Dupla,Reta,Não,Decrescente
752621,2026-02-15,domingo,19:15:00,SP,116.0,214,guarulhos,-23.443686,-46.446545,0.0,1.0,0.0,Com Vítimas Feridas,Sim,Velocidade Incompatível,Colisão lateral mesmo sentido,Plena Noite,Céu Claro,Múltipla,Reta,Sim,Decrescente
752622,2026-02-15,domingo,04:00:00,MA,230.0,"382,8",balsas,-7.352223,-45.96424,3.0,0.0,0.0,Com Vítimas Feridas,Não,Velocidade Incompatível,Saída de leito carroçável,Amanhecer,Céu Claro,Simples,Declive;Curva,Não,Crescente
752623,2026-02-15,domingo,19:43:00,PE,101.0,49,abreu e lima,-7.9051523,-34.90218,1.0,0.0,0.0,Com Vítimas Feridas,Sim,Pedestre cruzava a pista fora da faixa,Atropelamento de Pedestre,Plena Noite,Céu Claro,Múltipla,Reta,Sim,Crescente
752624,2026-02-15,domingo,19:25:00,AL,104.0,84,rio largo,-9.446257,-35.83332,2.0,0.0,0.0,Com Vítimas Feridas,Sim,Ausência de sinalização,Saída de leito carroçável,Plena Noite,Nublado,Dupla,Retorno Regulamentado,Não,Decrescente
752625,2026-02-15,domingo,18:00:00,RJ,116.0,"291,4",barra mansa,-22.476522,-44.26441,6.0,0.0,0.0,Com Vítimas Feridas,Não,Pista esburacada,Queda de ocupante de veículo,Plena Noite,Céu Claro,Dupla,Reta;Declive,Não,Crescente
752626,2026-02-15,domingo,14:40:00,BA,349.0,946,correntina,-13.384535,-44.678356,30.0,0.0,0.0,Com Vítimas Feridas,Não,Transitar na contramão,Saída de leito carroçável,Pleno dia,Céu Claro,Simples,Reta;Aclive,Não,Crescente
752627,2026-02-15,domingo,19:28:00,PE,101.0,55,paulista,-7.946755,-34.90571,0.0,16.0,0.0,Com Vítimas Feridas,Não,Reação tardia ou ineficiente do condutor,Tombamento,Plena Noite,Céu Claro,Simples,Aclive;Viaduto,Não,Crescente
752628,2026-02-15,domingo,20:00:00,ES,262.0,43,marechal floriano,-20.384356,-40.66429,0.0,1.0,0.0,Com Vítimas Feridas,Sim,Ausência de reação do condutor,Tombamento,Plena Noite,Céu Claro,Simples,Curva,Não,Crescente
752629,2026-02-15,domingo,17:50:00,GO,60.0,281,indiara,-17.191053,-50.076805,4.0,0.0,0.0,Com Vítimas Feridas,Não,Ausência de reação do condutor,Tombamento,Pleno dia,Céu Claro,Dupla,Reta,Não,Decrescente
752630,2026-02-15,domingo,20:00:00,PI,343.0,"338,5",teresina,-5.0674987,-42.73173,0.0,6.0,0.0,Com Vítimas Feridas,Não,Frear bruscamente,Queda de ocupante de veículo,Plena Noite,Céu Claro,Dupla,Interseção de Vias,Sim,Crescente
752632,2026-02-15,domingo,15:00:00,MS,376.0,"72,5",gloria de dourados,-22.34563,-54.19899,4.0,0.0,0.0,Com Vítimas Feridas,Não,Ingestão de álcool pelo condutor,Capotamento,Pleno dia,Céu Claro,Simples,Aclive;Reta,Não,Crescente
752633,2026-01-18,domingo,13:30:00,AL,316.0,"211,5",maribondo,-9.557795,-36.26912,0.0,0.0,0.0,Sem Vítimas,Sim,Reação tardia ou ineficiente do condutor,Colisão lateral sentido oposto,Pleno dia,Céu Claro,Simples,Reta,Não,Crescente
752634,2026-02-15,domingo,18:40:00,PE,423.0,72,jupi,-8.708644,-36.417618,0.0,4.0,0.0,Com Vítimas Feridas,Sim,Transitar na contramão,Colisão frontal,Plena Noite,Vento,Simples,Aclive;Reta,Sim,Crescente
752635,2026-02-15,domingo,19:50:00,MG,365.0,"808,2",gurinhata,-18.892637,-49.98567,0.0,0.0,0.0,Sem Vítimas,Sim,Animais na Pista,Atropelamento de Animal,Plena Noite,Céu Claro,Simples,Reta;Declive,Não,Crescente
752636,2026-02-15,domingo,18:10:00,SC,282.0,"54,3",aguas mornas,-27.68801,-48.977585,6.0,0.0,4.0,Com Vítimas Fatais,Sim,Velocidade Incompatível,Saída de leito carroçável,Pleno dia,Chuva,Simples,Curva,Não,Crescente
752637,2026-02-15,domingo,17:50:00,RO,364.0,"201,8",pimenta bueno,-11.637838,-61.19937,0.0,0.0,0.0,Sem Vítimas,Não,Reação tardia ou ineficiente do condutor,Colisão traseira,Pleno dia,Nublado,Simples,Reta;Aclive,Não,Crescente
752638,2026-02-15,domingo,19:45:00,SP,101.0,42,ubatuba,-23.413023,-45.056835,0.0,6.0,0.0,Com Vítimas Feridas,Sim,Transitar na contramão,Queda de ocupante de veículo,Plena Noite,Céu Claro,Simples,Reta,Sim,Decrescente
752639,2026-02-15,domingo,19:09:00,MS,163.0,"248,5",dourados,-22.320293,-54.819355,0.0,0.0,0.0,Sem Vítimas,Não,Velocidade Incompatível,Tombamento,Plena Noite,Nublado,Simples,Rotatória;Reta,Não,Crescente
752640,2026-02-15,domingo,20:00:00,MG,262.0,"94,5",abre campo,-20.302908,-42.468327,0.0,1.0,1.0,Com Vítimas Fatais,Sim,Pedestre cruzava a pista fora da faixa,Atropelamento de Pedestre,Plena Noite,Garoa/Chuvisco,Simples,Reta;Declive,Sim,Decrescente
752641,2026-02-15,domingo,20:20:00,RJ,493.0,53,duque de caxias,-22.67088,-43.294666,3.0,0.0,0.0,Com Vítimas Feridas,Sim,Acessar a via sem observar a presença dos outros veículos,Colisão transversal,Plena Noite,Nublado,Dupla,Reta,Não,Decrescente
752642,2026-02-15,domingo,19:40:00,BA,330.0,797,jequie,-13.907717,-40.01656,2.0,1.0,0.0,Com Vítimas Feridas,Sim,Ingestão de álcool pelo condutor,Colisão traseira,Plena Noite,Céu Claro,Simples,Reta,Não,Decrescente
752643,2026-02-15,domingo,20:35:00,MS,163.0,477,campo grande,-20.506128,-54.55562,4.0,0.0,0.0,Com Vítimas Feridas,Não,Reação tardia ou ineficiente do condutor,Tombamento,Plena Noite,Céu Claro,Simples,Curva;Declive,Não,Decrescente
752644,2026-02-15,domingo,19:10:00,SC,101.0,"214,2",palhoca,-27.646492,-48.672222,2.0,0.0,0.0,Com Vítimas Feridas,Sim,Acessar a via sem observar a presença dos outros veículos,Queda de ocupante de veículo,Plena Noite,Nublado,Múltipla,Reta,Sim,Crescente
752645,2026-02-15,domingo,19:45:00,ES,393.0,10,cachoeiro de itapemirim,-20.83771,-41.229584,4.0,0.0,0.0,Com Vítimas Feridas,Sim,Condutor Dormindo,Queda de ocupante de veículo,Plena Noite,Céu Claro,Simples,Reta,Não,Crescente
752646,2026-02-15,domingo,21:10:00,SC,282.0,"2,8",florianopolis,-27.601206,-48.598747,4.0,0.0,0.0,Com Vítimas Feridas,Não,Falta de acostamento,Engavetamento,Plena Noite,Garoa/Chuvisco,Múltipla,Curva,Não,Decrescente
752647,2026-02-15,domingo,21:40:00,GO,60.0,95,anapolis,-16.368088,-48.93952,1.0,0.0,0.0,Com Vítimas Feridas,Sim,Ingestão de álcool pelo condutor,Queda de ocupante de veículo,Plena Noite,Céu Claro,Dupla,Reta,Sim,Crescente
752648,2026-02-15,domingo,20:45:00,SP,116.0,1,guarulhos,-23.453445,-46.490524,4.0,0.0,0.0,Com Vítimas Feridas,Não,Iluminação deficiente,Queda de ocupante de veículo,Plena Noite,Céu Claro,Dupla,Reta,Sim,Crescente
752649,2026-02-15,domingo,20:15:00,PR,373.0,"222,2",imbituva,-25.18144,-50.59546,0.0,0.0,4.0,Com Vítimas Fatais,Não,Velocidade Incompatível,Colisão transversal,Plena Noite,Nublado,Simples,Rotatória,Não,Decrescente
752650,2026-02-15,domingo,21:00:00,MG,262.0,443,nova serrana,-19.85464,-45.020008,0.0,0.0,2.0,Com Vítimas Fatais,Sim,Ausência de reação do condutor,Capotamento,Plena Noite,Céu Claro,Simples,Aclive,Não,Decrescente
752652,2026-02-15,domingo,21:45:00,SC,282.0,4,florianopolis,-27.59252,-48.60424,4.0,0.0,0.0,Com Vítimas Feridas,Não,Ingestão de álcool pelo condutor,Capotamento,Plena Noite,Céu Claro,Múltipla,Reta,Sim,Crescente
752653,2026-02-15,domingo,20:15:00,MT,174.0,288,pontes e lacerda,-15.247821,-59.31201,12.0,0.0,0.0,Com Vítimas Feridas,Não,Iluminação deficiente,Tombamento,Plena Noite,Chuva,Simples,Reta,Não,Crescente
752654,2026-02-15,domingo,18:20:00,RO,364.0,346,ji-parana,-10.860532,-61.97672,3.0,0.0,0.0,Com Vítimas Feridas,Sim,Ausência de reação do condutor,Queda de ocupante de veículo,Anoitecer,Céu Claro,Simples,Reta,Sim,Decrescente
752655,2026-02-15,domingo,21:40:00,RS,285.0,"310,6",passo fundo,-28.238798,-52.534584,0.0,0.0,0.0,Sem Vítimas,Não,Chuva,Saída de leito carroçável,Plena Noite,Chuva,Simples,Reta,Não,Crescente
752656,2026-02-15,domingo,22:00:00,MG,381.0,2,betim,-19.97723,-44.160374,0.0,3.0,0.0,Com Vítimas Feridas,Sim,Ingestão de álcool pelo condutor,Colisão com objeto,Plena Noite,Céu Claro,Dupla,Reta,Não,Decrescente
752658,2026-02-15,domingo,21:50:00,MG,381.0,"147,7",governador valadares,-18.852785,-41.983147,4.0,0.0,8.0,Com Vítimas Fatais,Sim,Transitar na contramão,Saída de leito carroçável,Plena Noite,Céu Claro,Simples,Reta,Sim,Crescente
752659,2026-02-15,domingo,20:00:00,MS,60.0,608,jardim,-21.600317,-56.19382,0.0,0.0,0.0,Sem Vítimas,Sim,Reação tardia ou ineficiente do condutor,Incêndio,Plena Noite,Céu Claro,Simples,Reta,Não,Decrescente
752660,2026-02-15,domingo,22:50:00,PB,101.0,"39,4",mamanguape,-6.83353,-35.13738,1.0,2.0,0.0,Com Vítimas Feridas,Sim,Conversão proibida,Colisão transversal,Plena Noite,Céu Claro,Simples,Reta,Sim,Crescente
752662,2026-02-15,domingo,23:20:00,SC,470.0,"55,3",blumenau,-26.876505,-49.121067,0.0,0.0,0.0,Sem Vítimas,Sim,Ingestão de álcool pelo condutor,Capotamento,Plena Noite,Nublado,Simples,Reta,Sim,Decrescente
752663,2026-02-15,domingo,23:05:00,RN,110.0,"22,9",mossoro,-5.07523,-37.17448,0.0,0.0,12.0,Com Vítimas Fatais,Não,Velocidade Incompatível,Colisão lateral sentido oposto,Plena Noite,Céu Claro,Simples,Reta,Não,Crescente
752664,2026-02-15,domingo,23:05:00,RS,290.0,31,santo antonio da patrulha,-29.884398,-50.570286,4.0,0.0,0.0,Com Vítimas Feridas,Sim,Animais na Pista,Colisão com objeto,Plena Noite,Céu Claro,Dupla,Reta,Não,Crescente
752665,2026-02-15,domingo,21:30:00,RO,364.0,326,presidente medici,-11.01288,-61.924515,3.0,0.0,0.0,Com Vítimas Feridas,Sim,Ingestão de álcool pelo condutor,Queda de ocupante de veículo,Plena Noite,Céu Claro,Simples,Reta,Não,Crescente
752666,2026-02-15,domingo,23:15:00,PR,116.0,102,sao jose dos pinhais,-25.571255,-49.180065,0.0,2.0,0.0,Com Vítimas Feridas,Sim,Ausência de reação do condutor,Colisão com objeto,Plena Noite,Céu Claro,Simples,Curva;Aclive,Não,Decrescente
752667,2026-02-15,domingo,23:25:00,SC,282.0,16,palhoca,-27.658833,-48.68205,0.0,0.0,6.0,Com Vítimas Fatais,Não,Velocidade Incompatível,Tombamento,Plena Noite,Céu Claro,Simples,Reta,Sim,Decrescente
752668,2026-02-15,domingo,21:20:00,CE,222.0,86,umirim,-3.6723425,-39.323338,0.0,0.0,0.0,Sem Vítimas,Não,Transitar na contramão,Colisão transversal,Plena Noite,Céu Claro,Dupla,Interseção de Vias;Reta;Declive,Não,Crescente
752669,2026-02-15,domingo,23:55:00,PI,343.0,"267,5",campo maior,-4.839173,-42.184986,0.0,6.0,0.0,Com Vítimas Feridas,Não,Acesso irregular,Queda de ocupante de veículo,Plena Noite,Nublado,Simples,Curva,Sim,Crescente
752670,2026-02-15,domingo,23:00:00,MS,463.0,"1,5",dourados,-22.25917,-54.81902,15.0,0.0,0.0,Com Vítimas Feridas,Não,Ingestão de álcool pelo condutor,Queda de ocupante de veículo,Plena Noite,Céu Claro,Simples,Reta;Ponte,Sim,Decrescente
752671,2026-02-16,segunda-feira,01:20:00,MG,40.0,"439,5",paraopeba,-19.24526,-44.42614,0.0,4.0,0.0,Com Vítimas Feridas,Não,Demais falhas na via,Capotamento,Plena Noite,Céu Claro,Dupla,Reta,Não,Decrescente
752672,2026-02-16,segunda-feira,00:40:00,SC,101.0,"231,1",palhoca,-27.785797,-48.63527,0.0,0.0,1.0,Com Vítimas Fatais,Sim,Pedestre andava na pista,Atropelamento de Pedestre,Plena Noite,Nublado,Dupla,Curva;Aclive,Sim,Decrescente
752673,2026-02-16,segunda-feira,01:36:00,PE,101.0,"74,2",recife,-8.10337,-34.94853,0.0,0.0,0.0,Sem Vítimas,Não,Curva acentuada,Colisão com objeto,Plena Noite,Garoa/Chuvisco,Dupla,Curva,Não,Crescente
752674,2026-02-15,domingo,22:50:00,RJ,356.0,154,campos dos goytacazes,-21.754194,-41.23061,0.0,16.0,16.0,Com Vítimas Fatais,Não,Ingestão de álcool pelo condutor,Saída de leito carroçável,Plena Noite,Céu Claro,Simples,Curva,Não,Crescente
752675,2026-02-16,segunda-feira,00:45:00,BA,116.0,562,brejoes,-12.981973,-39.9413,18.0,0.0,0.0,Com Vítimas Feridas,Não,Ultrapassagem Indevida,Derramamento de carga,Plena Noite,Céu Claro,Simples,Reta,Não,Decrescente
752676,2026-02-16,segunda-feira,01:30:00,CE,116.0,51,pacajus,-4.177616,-38.49201,0.0,0.0,0.0,Sem Vítimas,Sim,Velocidade Incompatível,Saída de leito carroçável,Pleno dia,Nublado,Dupla,Reta;Interseção de Vias,Não,Crescente
752677,2026-02-15,domingo,22:30:00,MT,163.0,1038,matupa,-10.185167,-54.945366,8.0,0.0,0.0,Com Vítimas Feridas,Não,Acumulo de areia ou detritos sobre o pavimento,Queda de ocupante de veículo,Plena Noite,Nublado,Simples,Rotatória;Curva,Não,Crescente
752678,2026-02-16,segunda-feira,02:10:00,SC,101.0,112,itajai,-26.84572,-48.72126,2.0,0.0,0.0,Com Vítimas Feridas,Sim,Ingestão de álcool pelo condutor,Queda de ocupante de veículo,Plena Noite,Céu Claro,Simples,Reta,Não,Crescente
752679,2026-02-16,segunda-feira,01:35:00,SP,153.0,"265,6",marilia,-22.31395,-49.89807,56.0,108.0,24.0,Com Vítimas Fatais,Não,Demais falhas na via,Capotamento,Plena Noite,Céu Claro,Simples,Declive;Reta,Não,Crescente
752680,2026-02-16,segunda-feira,02:30:00,MS,163.0,"616,2",sao gabriel do oeste,-19.385454,-54.573944,0.0,6.0,0.0,Com Vítimas Feridas,Não,Animais na Pista,Queda de ocupante de veículo,Plena Noite,Céu Claro,Simples,Reta;Ponte,Sim,Crescente
752682,2026-02-16,segunda-feira,02:50:00,SC,101.0,"138,2",balneario camboriu,-27.02638,-48.606476,1.0,0.0,0.0,Com Vítimas Feridas,Sim,Ingestão de álcool pelo condutor,Colisão lateral mesmo sentido,Plena Noite,Nublado,Múltipla,Reta,Sim,Crescente
752683,2026-02-16,segunda-feira,03:40:00,MG,381.0,427,sabara,-19.786917,-43.720684,0.0,3.0,0.0,Com Vítimas Feridas,Sim,Demais falhas mecânicas ou elétricas,Derramamento de carga,Plena Noite,Céu Claro,Simples,Curva;Declive,Não,Crescente
752684,2026-02-16,segunda-feira,03:25:00,MS,60.0,426,sidrolandia,-20.939526,-54.96419,0.0,6.0,0.0,Com Vítimas Feridas,Não,Ingestão de álcool pelo condutor,Queda de ocupante de veículo,Plena Noite,Céu Claro,Dupla,Reta,Sim,Crescente
752685,2026-02-16,segunda-feira,03:26:00,RJ,116.0,"259,9",pinheiral,-22.582424,-44.03966,0.0,4.0,4.0,Com Vítimas Fatais,Sim,Ausência de reação do condutor,Tombamento,Plena Noite,Céu Claro,Dupla,Reta,Não,Crescente
752686,2026-02-16,segunda-feira,02:15:00,GO,50.0,"102,2",cristalina,-16.79622,-47.646343,6.0,2.0,0.0,Com Vítimas Feridas,Não,Ingestão de álcool pelo condutor,Colisão traseira,Plena Noite,Nublado,Dupla,Reta,Não,Crescente
752687,2026-02-16,segunda-feira,02:20:00,MA,135.0,23,sao luis,-2.6880698,-44.292507,2.0,0.0,0.0,Com Vítimas Feridas,Sim,Acessar a via sem observar a presença dos outros veículos,Colisão transversal,Plena Noite,Céu Claro,Dupla,Reta,Não,Decrescente
752688,2026-02-16,segunda-feira,02:30:00,MG,116.0,"502,3",inhapim,-19.601408,-42.112976,0.0,12.0,0.0,Com Vítimas Feridas,Não,Ingestão de álcool pelo condutor,Capotamento,Plena Noite,Céu Claro,Simples,Curva,Não,Decrescente
752689,2026-02-16,segunda-feira,03:45:00,SC,282.0,"0,6",florianopolis,-27.600943,-48.577763,0.0,0.0,4.0,Com Vítimas Fatais,Não,Entrada inopinada do pedestre,Incêndio,Plena Noite,Garoa/Chuvisco,Múltipla,Reta;Aclive,Não,Crescente
752690,2026-02-16,segunda-feira,04:45:00,GO,40.0,1,valparaiso de goias,-16.060816,-47.98322,3.0,3.0,0.0,Com Vítimas Feridas,Não,Ingestão de álcool pelo condutor,Colisão transversal,Amanhecer,Chuva,Dupla,Reta,Sim,Crescente
752691,2026-02-16,segunda-feira,04:00:00,SC,116.0,"66,5",papanduva,-26.438007,-50.228695,1.0,0.0,0.0,Com Vítimas Feridas,Sim,Condutor Dormindo,Colisão com objeto,Plena Noite,Nublado,Simples,Reta,Não,Decrescente
752692,2026-02-16,segunda-feira,05:23:00,PE,101.0,"48,9",abreu e lima,-7.900732,-34.901726,0.0,3.0,0.0,Com Vítimas Feridas,Sim,Transitar na contramão,Queda de ocupante de veículo,Pleno dia,Céu Claro,Múltipla,Reta,Sim,Decrescente
752694,2026-02-15,domingo,23:40:00,GO,153.0,212,uruacu,-14.636124,-49.177025,0.0,0.0,0.0,Sem Vítimas,Sim,Ingestão de álcool pelo condutor,Colisão com objeto,Plena Noite,Nublado,Simples,Rotatória;Interseção de Vias,Não,Decrescente
752695,2026-02-16,segunda-feira,04:05:00,PB,230.0,"457,4",sousa,-6.775967,-38.210155,9.0,0.0,0.0,Com Vítimas Feridas,Não,Ausência de reação do condutor,Queda de ocupante de veículo,Plena Noite,Chuva,Simples,Reta,Não,Decrescente
752696,2026-02-16,segunda-feira,05:20:00,AL,101.0,91,rio largo,-9.4919,-35.817398,2.0,0.0,0.0,Com Vítimas Feridas,Sim,Condutor deixou de manter distância do veículo da frente,Colisão lateral mesmo sentido,Pleno dia,Céu Claro,Dupla,Reta,Sim,Crescente
752697,2026-02-15,domingo,21:00:00,BA,135.0,331,correntina,-13.220001,-44.652004,6.0,12.0,0.0,Com Vítimas Feridas,Não,Iluminação deficiente,Queda de ocupante de veículo,Plena Noite,Céu Claro,Simples,Reta,Não,Crescente
752698,2026-02-16,segunda-feira,06:00:00,PR,277.0,"614,4",ceu azul,-25.05885,-53.644363,0.0,0.0,0.0,Sem Vítimas,Sim,Demais falhas mecânicas ou elétricas,Derramamento de carga,Pleno dia,Céu Claro,Simples,Reta,Não,Decrescente
752699,2026-02-16,segunda-feira,04:00:00,MT,364.0,543,rosario oeste,-14.857619,-56.453156,0.0,0.0,0.0,Sem Vítimas,Sim,Ingestão de álcool pelo condutor,Saída de leito carroçável,Plena Noite,Garoa/Chuvisco,Dupla,Retorno Regulamentado,Não,Crescente
752700,2026-02-15,domingo,18:00:00,PR,277.0,153,palmeira,-25.469482,-49.786552,0.0,1.0,0.0,Com Vítimas Feridas,Sim,Acessar a via sem observar a presença dos outros veículos,Atropelamento de Pedestre,Anoitecer,Nublado,Simples,Reta,Não,Crescente
752701,2026-02-16,segunda-feira,00:30:00,MG,50.0,56,uberlandia,-18.78728,-48.231503,2.0,0.0,0.0,Com Vítimas Feridas,Sim,Condutor Dormindo,Colisão traseira,Plena Noite,Céu Claro,Dupla,Reta;Aclive,Não,Crescente
752702,2026-02-16,segunda-feira,05:00:00,RJ,116.0,217,itaguai,-22.701454,-43.75305,0.0,0.0,0.0,Sem Vítimas,Não,Demais falhas mecânicas ou elétricas,Incêndio,Amanhecer,Céu Claro,Dupla,Reta,Não,Decrescente
752703,2026-02-15,domingo,23:00:00,MG,381.0,484,betim,-19.958637,-44.0916,6.0,0.0,0.0,Com Vítimas Feridas,Não,Velocidade Incompatível,Queda de ocupante de veículo,Plena Noite,Céu Claro,Simples,Reta,Sim,Decrescente