id,data_inversa,dia_semana,horario,uf,br,km,municipio,latitude,longitude,feridos_leves,feridos_graves,mortos,classificacao_acidente,causa_principal,causa_acidente,tipo_acidente,fase_dia,condicao_metereologica,tipo_pista,tracado_via,uso_solo,sentido_via
752704,2026-02-16,segunda-feira,05:00:00,PR,277.0,49,morretes,-25.5896,-48.9362,2.0,0.0,0.0,Com Vítimas Feridas,Sim,Reação tardia ou ineficiente do condutor,Queda de ocupante de veículo,Amanhecer,Céu Claro,Dupla,Reta,Não,Decrescente
752705,2026-02-16,segunda-feira,06:50:00,GO,153.0,321,rianapolis,-15.4779,-49.494823,0.0,0.0,0.0,Sem Vítimas,Sim,Reação tardia ou ineficiente do condutor,Tombamento,Pleno dia,Céu Claro,Simples,Reta,Não,Crescente
752706,2026-02-16,segunda-feira,06:45:00,SC,280.0,"144,9",mafra,-26.24859,-49.65284,6.0,0.0,0.0,Com Vítimas Feridas,Sim,Velocidade Incompatível,Capotamento,Pleno dia,Nevoeiro/Neblina,Simples,Reta,Não,Crescente
752707,2026-02-16,segunda-feira,07:00:00,MG,40.0,"467,8",sete lagoas,-19.45244,-44.3139,0.0,0.0,0.0,Sem Vítimas,Não,Condutor Dormindo,Saída de leito carroçável,Pleno dia,Céu Claro,Dupla,Reta,Não,Decrescente
752708,2026-02-15,domingo,22:29:00,MT,163.0,"620,7",nova mutum,-13.540353,-56.026752,2.0,0.0,0.0,Com Vítimas Feridas,Sim,Chuva,Capotamento,Plena Noite,Chuva,Dupla,Reta,Não,Crescente
752709,2026-02-16,segunda-feira,06:10:00,RJ,40.0,120,duque de caxias,-22.77401,-43.286266,1.0,0.0,0.0,Com Vítimas Feridas,Sim,Avarias e/ou desgaste excessivo no pneu,Queda de ocupante de veículo,Pleno dia,Céu Claro,Múltipla,Reta,Sim,Crescente
752710,2026-02-16,segunda-feira,06:19:00,AL,101.0,58,messias,-9.29213,-35.81777,3.0,0.0,0.0,Com Vítimas Feridas,Sim,Ausência de reação do condutor,Colisão com objeto,Pleno dia,Céu Claro,Dupla,Curva,Não,Crescente
752711,2026-02-16,segunda-feira,07:15:00,PR,272.0,"369,7",campo mourao,-24.061993,-52.42639,5.0,0.0,0.0,Com Vítimas Feridas,Sim,Reação tardia ou ineficiente do condutor,Colisão transversal,Pleno dia,Céu Claro,Simples,Reta,Não,Crescente
752712,2026-02-16,segunda-feira,06:45:00,CE,116.0,"174,8",russas,-5.0201254,-38.059063,0.0,21.0,0.0,Com Vítimas Feridas,Não,Transtornos Mentais (exceto suicidio),Queda de ocupante de veículo,Pleno dia,Céu Claro,Simples,Reta,Não,Decrescente
752713,2026-02-16,segunda-feira,07:20:00,SC,280.0,"226,4",tres barras,-26.181818,-50.32803,1.0,0.0,0.0,Com Vítimas Feridas,Sim,Reação tardia ou ineficiente do condutor,Saída de leito carroçável,Pleno dia,Nublado,Simples,Reta,Não,Crescente
752714,2026-02-16,segunda-feira,08:10:00,SP,116.0,113,taubate,-23.046068,-45.58872,2.0,0.0,0.0,Com Vítimas Feridas,Sim,Condutor Dormindo,Queda de ocupante de veículo,Pleno dia,Céu Claro,Dupla,Reta,Sim,Crescente
752715,2026-02-15,domingo,18:00:00,BA,367.0,"28,8",porto seguro,-16.417927,-39.115803,0.0,0.0,0.0,Sem Vítimas,Não,Ultrapassagem Indevida,Tombamento,Anoitecer,Céu Claro,Simples,Curva,Não,Decrescente
752716,2026-02-16,segunda-feira,08:00:00,MA,135.0,7,sao luis,-2.63682,-44.26902,0.0,2.0,0.0,Com Vítimas Feridas,Não,Ausência de reação do condutor,Atropelamento de Pedestre,Pleno dia,Céu Claro,Dupla,Reta;Aclive,Sim,Crescente
752717,2026-02-16,segunda-feira,08:10:00,PR,373.0,194,ponta grossa,-25.078445,-50.36669,4.0,0.0,0.0,Com Vítimas Feridas,Sim,Conversão proibida,Saída de leito carroçável,Pleno dia,Céu Claro,Simples,Curva,Não,Decrescente
752718,2026-02-16,segunda-feira,08:50:00,PR,476.0,169,contenda,-25.668068,-49.503555,2.0,0.0,0.0,Com Vítimas Feridas,Sim,Avarias e/ou desgaste excessivo no pneu,Queda de ocupante de veículo,Pleno dia,Céu Claro,Simples,Reta,Sim,Crescente
752719,2026-02-16,segunda-feira,08:30:00,RJ,116.0,205,seropedica,-22.726679,-43.649906,2.0,0.0,0.0,Com Vítimas Feridas,Sim,Demais falhas mecânicas ou elétricas,Tombamento,Pleno dia,Céu Claro,Dupla,Reta,Não,Crescente
752720,2026-02-11,quarta-feira,08:40:00,SC,282.0,"356,5",campos novos,-27.344799,-51.33971,0.0,2.0,0.0,Com Vítimas Feridas,Sim,Transitar na contramão,Saída de leito carroçável,Pleno dia,Céu Claro,Simples,Curva;Aclive,Não,Crescente
752721,2026-02-16,segunda-feira,09:01:00,PI,343.0,"341,4",teresina,-5.078169,-42.75002,12.0,0.0,0.0,Com Vítimas Feridas,Não,Ausência de reação do condutor,Queda de ocupante de veículo,Pleno dia,Céu Claro,Dupla,Rotatória;Interseção de Vias;Viaduto,Sim,Crescente
752722,2026-02-16,segunda-feira,08:15:00,BA,235.0,350,juazeiro,-9.42895,-40.504154,3.0,0.0,0.0,Com Vítimas Feridas,Sim,Acesso irregular,Colisão traseira,Pleno dia,Céu Claro,Dupla,Reta,Sim,Crescente
752723,2026-01-15,quinta-feira,19:16:00,TO,153.0,591,santa rita do tocantins,-11.01822,-48.90821,2.0,2.0,1.0,Com Vítimas Fatais,Sim,Falta de acostamento,Colisão traseira,Plena Noite,Céu Claro,Simples,Reta,Não,Decrescente
752724,2026-02-16,segunda-feira,09:20:00,SP,116.0,"85,8",pindamonhangaba,-22.92557,-45.35103,1.0,0.0,0.0,Com Vítimas Feridas,Sim,Ausência de reação do condutor,Colisão traseira,Pleno dia,Céu Claro,Dupla,Reta,Não,Decrescente
752725,2026-02-16,segunda-feira,07:08:00,MT,163.0,"842,2",sinop,-11.79891,-55.47906,1.0,0.0,0.0,Com Vítimas Feridas,Sim,Condutor deixou de manter distância do veículo da frente,Colisão traseira,Pleno dia,Céu Claro,Simples,Reta,Sim,Decrescente
752726,2026-02-16,segunda-feira,09:31:00,PA,308.0,190,tracuateua,-1.081708,-46.88189,0.0,0.0,3.0,Com Vítimas Fatais,Sim,Transitar na contramão,Queda de ocupante de veículo,Pleno dia,Nublado,Simples,Reta,Não,Crescente
752727,2026-02-16,segunda-feira,08:40:00,RJ,465.0,20,nova iguacu,-22.852364,-43.601967,2.0,0.0,0.0,Com Vítimas Feridas,Não,Transitar na contramão,Colisão frontal,Pleno dia,Ignorado,Simples,Curva,Sim,Crescente
752728,2026-02-16,segunda-feira,06:55:00,PI,135.0,313,cristino castro,-8.79043,-44.20461,16.0,8.0,8.0,Com Vítimas Fatais,Não,Ausência de reação do condutor,Capotamento,Pleno dia,Nevoeiro/Neblina,Simples,Reta,Não,Decrescente
752729,2026-02-16,segunda-feira,10:20:00,ES,101.0,16,serra,-20.195118,-40.334087,1.0,0.0,0.0,Com Vítimas Feridas,Sim,Ausência de reação do condutor,Queda de ocupante de veículo,Pleno dia,Céu Claro,Dupla,Reta,Não,Crescente
752730,2026-02-16,segunda-feira,10:20:00,PE,232.0,58,pombos,-8.144936,-35.390156,0.0,1.0,0.0,Com Vítimas Feridas,Sim,Acessar a via sem observar a presença dos outros veículos,Colisão lateral mesmo sentido,Pleno dia,Céu Claro,Dupla,Reta,Sim,Decrescente
752731,2026-02-16,segunda-feira,10:00:00,CE,222.0,"101,1",umirim,-3.7292824,-39.42169,0.0,0.0,0.0,Sem Vítimas,Sim,Ausência de reação do condutor,Capotamento,Pleno dia,Céu Claro,Simples,Reta,Não,Crescente
752732,2026-02-16,segunda-feira,10:20:00,PR,277.0,729,foz do iguacu,-25.50967,-54.575054,2.0,0.0,0.0,Com Vítimas Feridas,Sim,Reação tardia ou ineficiente do condutor,Colisão traseira,Pleno dia,Sol,Dupla,Reta,Sim,Crescente
752733,2026-02-16,segunda-feira,11:20:00,SC,101.0,"213,3",palhoca,-27.639402,-48.66646,1.0,0.0,0.0,Com Vítimas Feridas,Sim,Desrespeitar a preferência no cruzamento,Colisão transversal,Pleno dia,Céu Claro,Múltipla,Interseção de Vias,Sim,Decrescente
752734,2026-02-16,segunda-feira,10:40:00,RJ,101.0,219,silva jardim,-22.51102,-42.30747,2.0,0.0,0.0,Com Vítimas Feridas,Sim,Avarias e/ou desgaste excessivo no pneu,Queda de ocupante de veículo,Pleno dia,Sol,Dupla,Reta,Não,Crescente
752735,2026-02-16,segunda-feira,10:55:00,SC,282.0,"504,5",xanxere,-26.885897,-52.41452,6.0,0.0,0.0,Com Vítimas Feridas,Não,Ausência de reação do condutor,Queda de ocupante de veículo,Pleno dia,Céu Claro,Simples,Interseção de Vias;Viaduto,Sim,Decrescente
752736,2026-02-16,segunda-feira,11:40:00,PE,110.0,96,sertania,-8.366485,-37.280384,3.0,0.0,0.0,Com Vítimas Feridas,Sim,Acessar a via sem observar a presença dos outros veículos,Tombamento,Pleno dia,Sol,Simples,Reta,Não,Crescente
752737,2026-02-16,segunda-feira,10:20:00,RS,116.0,"213,8",morro reuter,-29.533752,-51.086285,1.0,0.0,0.0,Com Vítimas Feridas,Sim,Conversão proibida,Colisão transversal,Pleno dia,Chuva,Simples,Curva,Sim,Crescente
752738,2026-02-16,segunda-feira,12:10:00,RS,153.0,48,erechim,-27.651197,-52.256866,1.0,0.0,0.0,Com Vítimas Feridas,Sim,Condutor deixou de manter distância do veículo da frente,Colisão traseira,Pleno dia,Céu Claro,Simples,Interseção de Vias,Sim,Decrescente
752739,2026-02-16,segunda-feira,12:35:00,RS,470.0,"217,3",bento goncalves,-29.176413,-51.521553,6.0,0.0,0.0,Com Vítimas Feridas,Não,Ausência de reação do condutor,Colisão com objeto,Pleno dia,Nublado,Dupla,Rotatória,Sim,Crescente
752740,2026-02-08,domingo,19:50:00,MS,163.0,"267,7",dourados,-22.209074,-54.7105,0.0,0.0,0.0,Sem Vítimas,Não,Iluminação deficiente,Saída de leito carroçável,Plena Noite,Céu Claro,Dupla,Reta,Sim,Crescente
752742,2026-02-16,segunda-feira,12:55:00,PE,101.0,64,recife,-8.019127,-34.942417,3.0,0.0,0.0,Com Vítimas Feridas,Sim,Manobra de mudança de faixa,Queda de ocupante de veículo,Pleno dia,Sol,Múltipla,Reta,Sim,Crescente
752743,2026-02-16,segunda-feira,10:15:00,ES,262.0,170,ibatiba,-20.264774,-41.584816,2.0,0.0,0.0,Com Vítimas Feridas,Sim,Velocidade Incompatível,Tombamento,Pleno dia,Sol,Simples,Curva,Não,Crescente
752744,2026-02-16,segunda-feira,13:30:00,RJ,101.0,540,paraty,-23.050735,-44.58887,2.0,0.0,0.0,Com Vítimas Feridas,Não,Declive acentuado,Colisão lateral sentido oposto,Pleno dia,Céu Claro,Simples,Curva;Declive,Não,Decrescente
752745,2026-02-16,segunda-feira,12:05:00,RN,101.0,"83,3",sao goncalo do amarante,-5.771942,-35.264263,1.0,0.0,0.0,Com Vítimas Feridas,Sim,Acessar a via sem observar a presença dos outros veículos,Colisão lateral mesmo sentido,Pleno dia,Céu Claro,Dupla,Reta,Não,Crescente
752746,2026-02-16,segunda-feira,12:45:00,SC,470.0,"67,8",indaial,-26.872013,-49.230637,1.0,0.0,0.0,Com Vítimas Feridas,Sim,Ultrapassagem Indevida,Colisão transversal,Pleno dia,Céu Claro,Dupla,Reta,Não,Crescente
752747,2026-02-16,segunda-feira,13:36:00,TO,10.0,"412,7",porto nacional,-10.64729,-48.390274,90.0,30.0,0.0,Com Vítimas Feridas,Não,Velocidade Incompatível,Derramamento de carga,Pleno dia,Chuva,Simples,Reta,Não,Crescente
752748,2026-02-16,segunda-feira,12:50:00,BA,116.0,601,irajuba,-13.249808,-40.014412,0.0,0.0,0.0,Sem Vítimas,Sim,Ultrapassagem Indevida,Capotamento,Pleno dia,Céu Claro,Simples,Reta,Não,Decrescente
752749,2026-02-16,segunda-feira,12:10:00,ES,262.0,"46,1",marechal floriano,-20.408056,-40.673832,2.0,0.0,0.0,Com Vítimas Feridas,Sim,Ingestão de álcool pelo condutor,Colisão transversal,Pleno dia,Garoa/Chuvisco,Simples,Reta,Não,Crescente
752750,2026-02-16,segunda-feira,13:10:00,RJ,40.0,112,duque de caxias,-22.707779,-43.290154,0.0,0.0,1.0,Com Vítimas Fatais,Sim,Entrada inopinada do pedestre,Atropelamento de Pedestre,Pleno dia,Céu Claro,Múltipla,Reta,Sim,Decrescente
752751,2026-02-16,segunda-feira,14:00:00,ES,101.0,276,serra,-20.209417,-40.315765,4.0,0.0,0.0,Com Vítimas Feridas,Sim,Retorno proibido,Colisão transversal,Pleno dia,Céu Claro,Dupla,Reta,Sim,Crescente
752752,2026-01-23,sexta-feira,16:30:00,GO,364.0,"20,7",paranaiguara,-18.929,-50.65,1.0,0.0,0.0,Com Vítimas Feridas,Sim,Avarias e/ou desgaste excessivo no pneu,Queda de ocupante de veículo,Pleno dia,Céu Claro,Simples,Reta,Não,Decrescente
752753,2026-02-16,segunda-feira,10:20:00,CE,20.0,326,caridade,-4.215034,-39.18958,16.0,0.0,0.0,Com Vítimas Feridas,Não,Condutor deixou de manter distância do veículo da frente,Capotamento,Pleno dia,Céu Claro,Simples,Aclive,Não,Crescente
752754,2026-02-16,segunda-feira,12:50:00,MG,262.0,855,verissimo,-19.767763,-48.348404,2.0,0.0,0.0,Com Vítimas Feridas,Sim,Demais falhas mecânicas ou elétricas,Tombamento,Pleno dia,Céu Claro,Dupla,Reta,Não,Decrescente
752755,2026-02-16,segunda-feira,14:58:00,BA,324.0,514,feira de santana,-12.232842,-38.948868,1.0,1.0,0.0,Com Vítimas Feridas,Sim,Condutor desrespeitou a iluminação vermelha do semáforo,Colisão transversal,Pleno dia,Céu Claro,Simples,Reta,Não,Decrescente
752756,2026-02-16,segunda-feira,13:05:00,RO,364.0,"510,4",ariquemes,-9.963872,-63.04827,30.0,0.0,0.0,Com Vítimas Feridas,Não,Falta de acostamento,Capotamento,Pleno dia,Chuva,Simples,Reta;Declive,Não,Crescente
752759,2026-02-16,segunda-feira,14:35:00,SC,101.0,246,paulo lopes,-27.912512,-48.650925,0.0,2.0,0.0,Com Vítimas Feridas,Sim,Transtornos Mentais (exceto suicidio),Atropelamento de Pedestre,Pleno dia,Garoa/Chuvisco,Dupla,Reta,Não,Crescente
752760,2026-02-15,domingo,05:00:00,PA,308.0,152,capanema,-1.203723,-47.17145,0.0,90.0,0.0,Com Vítimas Feridas,Não,Ingestão de álcool pelo condutor,Colisão com objeto,Amanhecer,Nublado,Simples,Curva,Não,Decrescente
752761,2026-02-16,segunda-feira,15:50:00,RJ,101.0,"456,5",angra dos reis,-22.989868,-44.24193,1.0,0.0,0.0,Com Vítimas Feridas,Sim,Ausência de reação do condutor,Colisão traseira,Pleno dia,Céu Claro,Simples,Reta,Sim,Crescente
752762,2026-02-16,segunda-feira,15:35:00,MG,116.0,"324,7",campanario,-18.196285,-41.715294,6.0,0.0,6.0,Com Vítimas Fatais,Não,Velocidade Incompatível,Queda de ocupante de veículo,Pleno dia,Céu Claro,Simples,Reta,Não,Crescente
752763,2026-02-16,segunda-feira,14:44:00,PE,316.0,51,trindade,-7.724163,-40.3147,12.0,0.0,0.0,Com Vítimas Feridas,Não,Reação tardia ou ineficiente do condutor,Tombamento,Pleno dia,Céu Claro,Simples,Reta,Não,Decrescente
752764,2026-02-16,segunda-feira,14:15:00,SP,116.0,469,jacupiranga,-24.681965,-47.984264,0.0,2.0,0.0,Com Vítimas Feridas,Sim,Ausência de reação do condutor,Queda de ocupante de veículo,Pleno dia,Céu Claro,Dupla,Reta,Não,Decrescente
752767,2026-02-16,segunda-feira,14:39:00,RJ,40.0,80,duque de caxias,-22.520939,-43.22756,4.0,0.0,0.0,Com Vítimas Feridas,Sim,Demais falhas na via,Queda de ocupante de veículo,Pleno dia,Céu Claro,Dupla,Reta,Não,Decrescente
752768,2026-02-16,segunda-feira,16:40:00,PR,469.0,14,foz do iguacu,-25.585625,-54.52241,8.0,0.0,0.0,Com Vítimas Feridas,Não,Manobra de mudança de faixa,Colisão lateral mesmo sentido,Pleno dia,Sol,Dupla,Reta;Desvio Temporário;Em Obras,Sim,Decrescente
752769,2026-02-16,segunda-feira,13:00:00,GO,153.0,"644,7",morrinhos,-17.909239,-49.23816,6.0,0.0,0.0,Com Vítimas Feridas,Não,Condutor Dormindo,Colisão com objeto,Pleno dia,Sol,Dupla,Reta,Não,Decrescente
752770,2026-01-23,sexta-feira,08:00:00,TO,153.0,203,nova olinda,-7.680293,-48.429825,0.0,0.0,0.0,Sem Vítimas,Sim,Condutor Dormindo,Saída de leito carroçável,Pleno dia,Nublado,Simples,Reta,Não,Decrescente
752771,2026-02-16,segunda-feira,17:00:00,RS,392.0,"20,6",rio grande,-32.08924,-52.20598,2.0,0.0,0.0,Com Vítimas Feridas,Sim,Ingestão de álcool pelo condutor,Saída de leito carroçável,Pleno dia,Céu Claro,Dupla,Reta,Não,Decrescente
752772,2026-02-16,segunda-feira,17:15:00,SC,280.0,58,guaramirim,-26.47464,-49.026543,2.0,0.0,0.0,Com Vítimas Feridas,Sim,Ausência de reação do condutor,Queda de ocupante de veículo,Pleno dia,Céu Claro,Múltipla,Reta,Sim,Crescente
752775,2026-02-16,segunda-feira,16:50:00,RS,101.0,28,tres cachoeiras,-29.470905,-49.957985,0.0,1.0,0.0,Com Vítimas Feridas,Sim,Entrada inopinada do pedestre,Atropelamento de Pedestre,Pleno dia,Céu Claro,Dupla,Reta,Não,Crescente
752776,2026-02-16,segunda-feira,13:00:00,MA,230.0,316,sao raimundo das mangabeiras,-7.038883,-45.47159,0.0,0.0,1.0,Com Vítimas Fatais,Sim,Acesso irregular,Colisão frontal,Pleno dia,Nublado,Simples,Reta,Sim,Decrescente
752777,2026-02-16,segunda-feira,14:50:00,GO,364.0,19,sao simao,-18.936361,-50.64298,1.0,0.0,0.0,Com Vítimas Feridas,Sim,Ausência de reação do condutor,Queda de ocupante de veículo,Pleno dia,Céu Claro,Simples,Aclive;Reta,Não,Decrescente
752778,2026-02-16,segunda-feira,16:17:00,TO,153.0,"328,8",guarai,-8.78544,-48.5119,0.0,0.0,24.0,Com Vítimas Fatais,Não,Velocidade Incompatível,Atropelamento de Pedestre,Pleno dia,Nublado,Simples,Reta;Em Obras,Não,Crescente
752779,2026-02-16,segunda-feira,16:30:00,MA,10.0,253,imperatriz,-5.5266104,-47.471657,0.0,0.0,0.0,Sem Vítimas,Sim,Ultrapassagem Indevida,Colisão frontal,Anoitecer,Sol,Simples,Reta;Interseção de Vias,Sim,Crescente
752781,2026-02-16,segunda-feira,17:30:00,GO,80.0,25,padre bernardo,-15.613603,-48.19837,4.0,0.0,0.0,Com Vítimas Feridas,Não,Reação tardia ou ineficiente do condutor,Queda de ocupante de veículo,Pleno dia,Céu Claro,Dupla,Reta,Sim,Crescente
752782,2026-02-16,segunda-feira,17:25:00,RS,293.0,"31,1",morro redondo,-31.730139,-52.63964,1.0,0.0,0.0,Com Vítimas Feridas,Sim,Desrespeitar a preferência no cruzamento,Colisão transversal,Pleno dia,Sol,Simples,Reta,Sim,Crescente
752783,2026-02-16,segunda-feira,16:00:00,MT,174.0,263,vale de sao domingos,-15.398799,-59.148933,9.0,0.0,0.0,Com Vítimas Feridas,Não,Acumulo de água sobre o pavimento,Tombamento,Pleno dia,Chuva,Simples,Declive;Reta,Não,Crescente
752784,2026-02-16,segunda-feira,18:19:00,GO,153.0,331,jaragua,-15.545142,-49.434525,8.0,0.0,0.0,Com Vítimas Feridas,Sim,Chuva,Colisão com objeto,Anoitecer,Chuva,Simples,Declive;Reta,Não,Decrescente
752785,2026-02-16,segunda-feira,12:00:00,MG,116.0,"661,3",sao francisco do gloria,-20.802778,-42.311367,6.0,0.0,0.0,Com Vítimas Feridas,Sim,Reação tardia ou ineficiente do condutor,Queda de ocupante de veículo,Pleno dia,Céu Claro,Simples,Curva,Não,Decrescente
752786,2026-02-16,segunda-feira,18:10:00,SP,101.0,45,ubatuba,-23.422789,-45.073208,1.0,0.0,0.0,Com Vítimas Feridas,Sim,Ultrapassagem Indevida,Colisão lateral mesmo sentido,Pleno dia,Céu Claro,Simples,Interseção de Vias,Sim,Crescente
752787,2026-02-16,segunda-feira,18:30:00,SC,101.0,137,balneario camboriu,-27.02243,-48.60901,1.0,0.0,0.0,Com Vítimas Feridas,Sim,Reação tardia ou ineficiente do condutor,Tombamento,Anoitecer,Sol,Dupla,Reta;Declive,Sim,Decrescente
752788,2026-02-16,segunda-feira,17:15:00,MS,163.0,32,eldorado,-23.830948,-54.33246,0.0,6.0,0.0,Com Vítimas Feridas,Não,Ausência de reação do condutor,Queda de ocupante de veículo,Anoitecer,Céu Claro,Simples,Reta,Não,Decrescente
752789,2026-02-16,segunda-feira,17:48:00,PR,369.0,161,cambe,-23.288568,-51.261894,6.0,3.0,0.0,Com Vítimas Feridas,Sim,Acessar a via sem observar a presença dos outros veículos,Tombamento,Anoitecer,Céu Claro,Dupla,Interseção de Vias,Sim,Crescente
752790,2026-02-16,segunda-feira,18:15:00,SC,116.0,"245,5",lages,-27.79983,-50.3634,1.0,0.0,0.0,Com Vítimas Feridas,Sim,Acessar a via sem observar a presença dos outros veículos,Colisão transversal,Pleno dia,Nublado,Simples,Interseção de Vias,Sim,Decrescente
752792,2026-02-16,segunda-feira,15:45:00,DF,251.0,33,brasilia,-15.941362,-47.77177,0.0,0.0,0.0,Sem Vítimas,Não,Reação tardia ou ineficiente do condutor,Colisão transversal,Pleno dia,Céu Claro,Simples,Reta;Aclive;Interseção de Vias,Sim,Crescente
752794,2026-02-16,segunda-feira,17:50:00,RO,364.0,"2,3",ji-parana,-10.91768,-61.95115,10.0,0.0,0.0,Com Vítimas Feridas,Não,Demais falhas na via,Queda de ocupante de veículo,Pleno dia,Nublado,Simples,Reta;Ponte,Não,Crescente
752795,2026-02-16,segunda-feira,17:50:00,BA,101.0,"22,8",rio real,-11.6762,-37.899002,0.0,0.0,6.0,Com Vítimas Fatais,Não,Iluminação deficiente,Tombamento,Anoitecer,Céu Claro,Dupla,Declive;Reta,Não,Crescente
752796,2026-02-16,segunda-feira,19:40:00,CE,116.0,64,chorozinho,-4.3380117,-38.476192,1.0,0.0,0.0,Com Vítimas Feridas,Sim,Ausência de reação do condutor,Atropelamento de Animal,Plena Noite,Vento,Simples,Reta,Sim,Decrescente
752797,2026-02-16,segunda-feira,20:00:00,MG,381.0,778,campanha,-21.809559,-45.48694,0.0,0.0,0.0,Sem Vítimas,Não,Ausência de reação do condutor,Saída de leito carroçável,Plena Noite,Céu Claro,Dupla,Curva,Não,Decrescente
752798,2026-02-16,segunda-feira,20:30:00,SP,116.0,338,juquitiba,-24.003012,-47.155075,2.0,0.0,0.0,Com Vítimas Feridas,Sim,Avarias e/ou desgaste excessivo no pneu,Tombamento,Pleno dia,Nublado,Dupla,Curva,Não,Decrescente
752799,2026-02-16,segunda-feira,19:15:00,RO,364.0,"430,8",jaru,-10.406485,-62.51641,2.0,0.0,0.0,Com Vítimas Feridas,Não,Acessar a via sem observar a presença dos outros veículos,Colisão transversal,Plena Noite,Céu Claro,Simples,Rotatória;Reta,Não,Crescente
752800,2026-02-16,segunda-feira,19:50:00,SP,153.0,83,bady bassitt,-20.921589,-49.502804,1.0,0.0,0.0,Com Vítimas Feridas,Sim,Animais na Pista,Atropelamento de Animal,Plena Noite,Céu Claro,Dupla,Reta;Declive,Não,Crescente
752801,2026-02-16,segunda-feira,17:10:00,RS,116.0,"248,4",sao leopoldo,-29.77648,-51.155205,2.0,0.0,0.0,Com Vítimas Feridas,Sim,Reação tardia ou ineficiente do condutor,Tombamento,Pleno dia,Nublado,Dupla,Reta,Sim,Decrescente
752802,2026-02-16,segunda-feira,19:30:00,MG,40.0,640,conselheiro lafaiete,-20.721277,-43.799316,3.0,0.0,0.0,Com Vítimas Feridas,Sim,Animais na Pista,Tombamento,Plena Noite,Céu Claro,Simples,Reta,Não,Decrescente
752803,2026-02-16,segunda-feira,17:30:00,PI,402.0,41,bom principio do piaui,-3.0183163,-41.656536,2.0,0.0,0.0,Com Vítimas Feridas,Sim,Demais falhas mecânicas ou elétricas,Tombamento,Anoitecer,Céu Claro,Simples,Reta,Não,Crescente
752804,2026-02-16,segunda-feira,16:30:00,RJ,40.0,121,duque de caxias,-22.787338,-43.28507,3.0,0.0,0.0,Com Vítimas Feridas,Sim,Reação tardia ou ineficiente do condutor,Queda de ocupante de veículo,Pleno dia,Céu Claro,Múltipla,Reta,Sim,Decrescente
752805,2026-02-16,segunda-feira,21:00:00,RJ,101.0,427,mangaratiba,-22.93473,-43.994682,2.0,0.0,0.0,Com Vítimas Feridas,Sim,Demais falhas mecânicas ou elétricas,Queda de ocupante de veículo,Plena Noite,Céu Claro,Simples,Declive;Reta,Não,Crescente
752806,2026-02-16,segunda-feira,21:00:00,PR,376.0,120,alto parana,-23.119242,-52.3192,0.0,3.0,0.0,Com Vítimas Feridas,Não,Ausência de sinalização,Colisão traseira,Plena Noite,Céu Claro,Dupla,Aclive,Sim,Crescente
752807,2026-02-16,segunda-feira,19:30:00,MS,376.0,11,dourados,-22.26046,-54.633537,6.0,0.0,0.0,Com Vítimas Feridas,Não,Condutor deixou de manter distância do veículo da frente,Queda de ocupante de veículo,Plena Noite,Céu Claro,Simples,Reta,Não,Decrescente
752808,2026-02-16,segunda-feira,20:40:00,MG,50.0,"34,4",araguari,-18.649977,-48.136745,4.0,0.0,0.0,Com Vítimas Feridas,Sim,Reação tardia ou ineficiente do condutor,Capotamento,Plena Noite,Céu Claro,Dupla,Reta,Não,Crescente
752809,2026-02-16,segunda-feira,21:10:00,SP,116.0,"168,9",jacarei,-23.307272,-46.04205,0.0,0.0,0.0,Sem Vítimas,Sim,Ausência de reação do condutor,Colisão traseira,Plena Noite,Céu Claro,Dupla,Reta;Declive,Não,Decrescente
752810,2026-02-16,segunda-feira,20:44:00,DF,80.0,3,brasilia,-15.731581,-48.10292,3.0,0.0,0.0,Com Vítimas Feridas,Sim,Reação tardia ou ineficiente do condutor,Colisão transversal,Plena Noite,Céu Claro,Simples,Reta,Sim,Crescente
752811,2026-02-16,segunda-feira,20:00:00,MG,262.0,"54,3",manhuacu,-20.262156,-42.167522,0.0,1.0,0.0,Com Vítimas Feridas,Sim,Pista esburacada,Colisão com objeto,Plena Noite,Céu Claro,Simples,Reta,Não,Decrescente
752812,2026-02-16,segunda-feira,17:09:00,MT,163.0,686,lucas do rio verde,-13.079762,-55.937435,0.0,0.0,0.0,Sem Vítimas,Sim,Reação tardia ou ineficiente do condutor,Colisão traseira,Pleno dia,Céu Claro,Dupla,Interseção de Vias,Não,Crescente
752813,2026-02-16,segunda-feira,18:00:00,MT,163.0,815,sinop,-12.039541,-55.517574,2.0,0.0,0.0,Com Vítimas Feridas,Sim,Ausência de reação do condutor,Saída de leito carroçável,Plena Noite,Céu Claro,Simples,Reta,Não,Decrescente
752814,2026-02-16,segunda-feira,17:30:00,MG,381.0,242,santana do paraiso,-19.443464,-42.513206,0.0,3.0,0.0,Com Vítimas Feridas,Sim,Conversão proibida,Colisão transversal,Pleno dia,Céu Claro,Simples,Interseção de Vias,Não,Crescente
752815,2026-02-16,segunda-feira,21:59:00,GO,153.0,534,hidrolandia,-16.937212,-49.25319,1.0,0.0,0.0,Com Vítimas Feridas,Sim,Demais falhas na via,Colisão traseira,Plena Noite,Céu Claro,Dupla,Curva;Declive,Não,Decrescente
752816,2026-02-16,segunda-feira,17:35:00,MT,163.0,580,nova mutum,-13.974532,-56.098953,0.0,2.0,0.0,Com Vítimas Feridas,Sim,Avarias e/ou desgaste excessivo no pneu,Queda de ocupante de veículo,Anoitecer,Céu Claro,Dupla,Reta,Não,Crescente