id,data_inversa,dia_semana,horario,uf,br,km,municipio,latitude,longitude,feridos_leves,feridos_graves,mortos,classificacao_acidente,causa_principal,causa_acidente,tipo_acidente,fase_dia,condicao_metereologica,tipo_pista,tracado_via,uso_solo,sentido_via
752817,2026-02-16,segunda-feira,21:30:00,MS,163.0,251,dourados,-22.295975,-54.821144,0.0,9.0,0.0,Com Vítimas Feridas,Não,Ausência de reação do condutor,Saída de leito carroçável,Plena Noite,Céu Claro,Simples,Reta,Não,Crescente
752818,2026-02-16,segunda-feira,18:50:00,RO,364.0,"154,7",pimenta bueno,-11.965518,-60.957043,0.0,2.0,0.0,Com Vítimas Feridas,Não,Condutor Dormindo,Colisão traseira,Anoitecer,Céu Claro,Simples,Reta;Aclive,Não,Decrescente
752819,2026-02-16,segunda-feira,20:30:00,PR,280.0,"281,9",flor da serra do sul,-26.239544,-53.239285,0.0,0.0,4.0,Com Vítimas Fatais,Sim,Ingestão de álcool pelo condutor,Capotamento,Plena Noite,Céu Claro,Simples,Reta,Não,Crescente
752820,2026-02-16,segunda-feira,20:15:00,RO,364.0,"388,1",ouro preto do oeste,-10.686427,-62.27468,0.0,6.0,0.0,Com Vítimas Feridas,Não,Iluminação deficiente,Queda de ocupante de veículo,Plena Noite,Céu Claro,Simples,Reta,Não,Crescente
752821,2026-02-16,segunda-feira,23:00:00,MA,135.0,8,sao luis,-2.64511,-44.27514,1.0,0.0,0.0,Com Vítimas Feridas,Sim,Reação tardia ou ineficiente do condutor,Colisão traseira,Plena Noite,Céu Claro,Dupla,Reta,Sim,Crescente
752822,2026-02-16,segunda-feira,22:30:00,RJ,116.0,184,nova iguacu,-22.741428,-43.499313,1.0,0.0,0.0,Com Vítimas Feridas,Sim,Demais falhas mecânicas ou elétricas,Colisão traseira,Plena Noite,Céu Claro,Múltipla,Reta,Sim,Decrescente
752823,2026-02-16,segunda-feira,21:00:00,RO,364.0,755,porto velho,-9.073777,-64.0538,2.0,0.0,0.0,Com Vítimas Feridas,Sim,Acostamento em desnível,Queda de ocupante de veículo,Plena Noite,Nublado,Simples,Reta,Não,Crescente
752824,2026-02-16,segunda-feira,21:20:00,BA,116.0,"41,8",chorrocho,-8.981548,-39.199303,0.0,0.0,0.0,Sem Vítimas,Sim,Condutor Dormindo,Colisão com objeto,Plena Noite,Céu Claro,Simples,Reta;Ponte,Não,Crescente
752825,2026-02-16,segunda-feira,23:50:00,SP,116.0,223,guarulhos,-23.46064,-46.484676,4.0,0.0,0.0,Com Vítimas Feridas,Não,Ausência de reação do condutor,Colisão traseira,Plena Noite,Ignorado,Dupla,Reta,Sim,Decrescente
752827,2026-02-16,segunda-feira,23:20:00,PI,343.0,"1,8",teresina,-5.081588,-42.76583,3.0,0.0,0.0,Com Vítimas Feridas,Sim,Condutor desrespeitou a iluminação vermelha do semáforo,Queda de ocupante de veículo,Plena Noite,Céu Claro,Múltipla,Interseção de Vias,Sim,Decrescente
752828,2026-02-16,segunda-feira,23:00:00,SC,282.0,"83,2",alfredo wagner,-27.667965,-49.17611,2.0,0.0,0.0,Com Vítimas Feridas,Sim,Pista Escorregadia,Colisão frontal,Anoitecer,Nublado,Simples,Curva,Não,Crescente
752829,2026-02-16,segunda-feira,23:30:00,PR,376.0,"3,7",apucarana,-23.557482,-51.441757,0.0,0.0,0.0,Sem Vítimas,Sim,Ingestão de álcool pelo condutor,Colisão traseira,Plena Noite,Nublado,Simples,Reta,Sim,Crescente
752830,2026-02-17,terça-feira,00:45:00,PR,277.0,"31,5",morretes,-25.560846,-48.808628,0.0,3.0,0.0,Com Vítimas Feridas,Sim,Demais falhas mecânicas ou elétricas,Queda de ocupante de veículo,Plena Noite,Nublado,Dupla,Curva,Não,Crescente
752831,2026-02-17,terça-feira,01:00:00,SC,101.0,97,balneario picarras,-26.73164,-48.701145,6.0,0.0,0.0,Com Vítimas Feridas,Sim,Acessar a via sem observar a presença dos outros veículos,Queda de ocupante de veículo,Plena Noite,Céu Claro,Dupla,Reta,Não,Crescente
752832,2026-02-17,terça-feira,00:45:00,PR,376.0,678,guaratuba,-25.95212,-48.903572,0.0,0.0,0.0,Sem Vítimas,Não,Ingestão de álcool pelo condutor,Saída de leito carroçável,Plena Noite,Céu Claro,Dupla,Reta;Aclive,Não,Crescente
752833,2026-02-17,terça-feira,01:15:00,RS,290.0,579,alegrete,-29.807693,-55.76842,0.0,12.0,0.0,Com Vítimas Feridas,Sim,Reação tardia ou ineficiente do condutor,Queda de ocupante de veículo,Plena Noite,Nublado,Simples,Reta,Não,Decrescente
752834,2026-02-17,terça-feira,00:05:00,MG,381.0,519,igarape,-20.114433,-44.305965,8.0,0.0,0.0,Com Vítimas Feridas,Sim,Reação tardia ou ineficiente do condutor,Colisão com objeto,Plena Noite,Céu Claro,Dupla,Curva,Sim,Decrescente
752835,2026-02-16,segunda-feira,22:40:00,RJ,356.0,166,sao joao da barra,-21.709518,-41.139977,0.0,0.0,0.0,Sem Vítimas,Não,Ingestão de álcool pelo condutor,Capotamento,Plena Noite,Céu Claro,Simples,Curva,Não,Decrescente
752836,2026-02-17,terça-feira,00:50:00,MS,163.0,126,navirai,-23.063154,-54.231144,2.0,0.0,0.0,Com Vítimas Feridas,Sim,Condutor usando celular,Tombamento,Plena Noite,Céu Claro,Simples,Reta,Não,Crescente
752837,2026-02-17,terça-feira,01:20:00,SP,381.0,22,braganca paulista,-22.99699,-46.51553,0.0,0.0,0.0,Sem Vítimas,Sim,Ausência de reação do condutor,Saída de leito carroçável,Plena Noite,Céu Claro,Múltipla,Declive;Reta,Sim,Decrescente
752838,2026-02-16,segunda-feira,22:30:00,PR,476.0,"282,7",sao mateus do sul,-25.897179,-50.43835,0.0,0.0,2.0,Com Vítimas Fatais,Não,Pedestre andava na pista,Atropelamento de Pedestre,Plena Noite,Céu Claro,Simples,Reta,Não,Crescente
752839,2026-02-17,terça-feira,02:00:00,PR,373.0,459,chopinzinho,-25.898895,-52.402023,0.0,0.0,3.0,Com Vítimas Fatais,Não,Iluminação deficiente,Atropelamento de Pedestre,Plena Noite,Céu Claro,Simples,Reta,Não,Crescente
752840,2026-02-17,terça-feira,03:15:00,RS,116.0,265,canoas,-29.928661,-51.177593,0.0,0.0,0.0,Sem Vítimas,Sim,Ingestão de álcool pelo condutor,Colisão com objeto,Plena Noite,Céu Claro,Múltipla,Reta;Viaduto,Sim,Decrescente
752841,2026-02-17,terça-feira,02:30:00,MT,163.0,820,sinop,-11.99107,-55.51708,0.0,0.0,0.0,Sem Vítimas,Não,Demais falhas mecânicas ou elétricas,Saída de leito carroçável,Plena Noite,Nublado,Simples,Reta,Sim,Decrescente
752842,2026-02-17,terça-feira,00:20:00,GO,40.0,6,valparaiso de goias,-16.10281,-47.97583,0.0,0.0,0.0,Sem Vítimas,Sim,Reação tardia ou ineficiente do condutor,Colisão com objeto,Plena Noite,Céu Claro,Dupla,Reta;Viaduto,Sim,Decrescente
752843,2026-02-17,terça-feira,04:40:00,ES,101.0,295,cariacica,-20.335293,-40.40192,0.0,1.0,1.0,Com Vítimas Fatais,Sim,Acessar a via sem observar a presença dos outros veículos,Atropelamento de Pedestre,Plena Noite,Céu Claro,Dupla,Reta,Sim,Decrescente
752844,2026-02-17,terça-feira,04:30:00,PR,373.0,"479,9",coronel vivida,-26.001123,-52.561146,0.0,0.0,0.0,Sem Vítimas,Sim,Ingestão de álcool pelo condutor,Colisão com objeto,Plena Noite,Céu Claro,Simples,Aclive;Reta,Não,Decrescente
752845,2026-02-17,terça-feira,05:00:00,DF,20.0,52,brasilia,-15.579655,-47.397358,0.0,12.0,5.0,Com Vítimas Fatais,Sim,Condutor deixou de manter distância do veículo da frente,Colisão traseira,Plena Noite,Céu Claro,Dupla,Aclive,Não,Decrescente
752846,2026-02-17,terça-feira,05:02:00,RS,116.0,"20,7",vacaria,-28.371853,-50.836353,6.0,0.0,0.0,Com Vítimas Feridas,Sim,Condutor Dormindo,Colisão lateral sentido oposto,Amanhecer,Nevoeiro/Neblina,Simples,Reta,Não,Decrescente
752847,2026-02-17,terça-feira,04:50:00,TO,10.0,466,palmas,-10.24026,-48.22823,0.0,0.0,0.0,Sem Vítimas,Não,Ingestão de álcool pelo condutor,Saída de leito carroçável,Amanhecer,Céu Claro,Simples,Reta,Não,Decrescente
752848,2026-02-17,terça-feira,06:00:00,RN,101.0,"158,5",goianinha,-6.336668,-35.172222,6.0,0.0,0.0,Com Vítimas Feridas,Sim,Ausência de reação do condutor,Incêndio,Pleno dia,Céu Claro,Dupla,Reta,Não,Decrescente
752849,2026-02-16,segunda-feira,19:00:00,RJ,116.0,188,queimados,-22.738348,-43.53398,1.0,0.0,0.0,Com Vítimas Feridas,Sim,Manobra de mudança de faixa,Colisão traseira,Plena Noite,Ignorado,Dupla,Reta,Não,Decrescente
752850,2026-02-17,terça-feira,05:50:00,PR,376.0,"108,1",paranavai,-23.069265,-52.425144,0.0,0.0,2.0,Com Vítimas Fatais,Sim,Transitar no Acostamento,Atropelamento de Pedestre,Amanhecer,Céu Claro,Dupla,Declive;Viaduto;Reta,Sim,Crescente
752851,2026-02-17,terça-feira,06:00:00,MG,381.0,"936,1",extrema,-22.808163,-46.27662,1.0,0.0,0.0,Com Vítimas Feridas,Sim,Retorno proibido,Colisão frontal,Pleno dia,Sol,Dupla,Retorno Regulamentado,Não,Decrescente
752852,2026-02-17,terça-feira,05:30:00,RS,285.0,221,caseiros,-28.260626,-51.70254,4.0,0.0,0.0,Com Vítimas Feridas,Não,Reação tardia ou ineficiente do condutor,Colisão frontal,Amanhecer,Nublado,Simples,Reta,Não,Crescente
752853,2026-02-17,terça-feira,06:30:00,MG,381.0,618,oliveira,-20.739613,-44.771374,10.0,0.0,0.0,Com Vítimas Feridas,Sim,Condutor Dormindo,Colisão traseira,Amanhecer,Céu Claro,Dupla,Curva,Não,Crescente
752854,2026-02-17,terça-feira,06:45:00,SC,101.0,129,camboriu,-26.980186,-48.680008,3.0,0.0,0.0,Com Vítimas Feridas,Sim,Objeto estático sobre o leito carroçável,Queda de ocupante de veículo,Pleno dia,Céu Claro,Dupla,Curva,Sim,Crescente
752855,2026-02-17,terça-feira,06:15:00,PR,277.0,"421,8",cantagalo,-25.404987,-52.104736,4.0,0.0,0.0,Com Vítimas Feridas,Sim,Reação tardia ou ineficiente do condutor,Queda de ocupante de veículo,Pleno dia,Céu Claro,Simples,Curva,Não,Decrescente
752856,2026-02-17,terça-feira,07:10:00,MG,381.0,"875,9",estiva,-22.434072,-45.97926,0.0,0.0,0.0,Sem Vítimas,Não,Velocidade Incompatível,Colisão traseira,Pleno dia,Céu Claro,Dupla,Reta,Não,Crescente
752857,2026-02-17,terça-feira,07:45:00,RS,386.0,"262,1",fontoura xavier,-28.911066,-52.39102,2.0,0.0,0.0,Com Vítimas Feridas,Não,Reação tardia ou ineficiente do condutor,Colisão traseira,Pleno dia,Céu Claro,Simples,Reta;Aclive,Não,Crescente
752858,2026-02-17,terça-feira,06:40:00,RJ,40.0,"70,5",petropolis,-22.450792,-43.20298,1.0,0.0,0.0,Com Vítimas Feridas,Sim,Velocidade Incompatível,Queda de ocupante de veículo,Pleno dia,Céu Claro,Dupla,Curva,Não,Crescente
752859,2026-02-17,terça-feira,06:32:00,RO,364.0,714,porto velho,-8.77477,-63.88634,0.0,0.0,0.0,Sem Vítimas,Não,Velocidade Incompatível,Colisão com objeto,Pleno dia,Céu Claro,Simples,Curva;Viaduto,Sim,Decrescente
752860,2026-02-17,terça-feira,08:00:00,PB,101.0,103,alhandra,-7.298296,-34.937542,0.0,1.0,0.0,Com Vítimas Feridas,Sim,Reação tardia ou ineficiente do condutor,Colisão com objeto,Pleno dia,Céu Claro,Dupla,Curva,Não,Crescente
752861,2026-02-17,terça-feira,08:45:00,SP,101.0,45,ubatuba,-23.420807,-45.070843,0.0,2.0,0.0,Com Vítimas Feridas,Sim,Acessar a via sem observar a presença dos outros veículos,Queda de ocupante de veículo,Pleno dia,Céu Claro,Simples,Reta,Sim,Decrescente
752862,2026-02-17,terça-feira,08:20:00,SP,116.0,277,embu das artes,-23.626526,-46.81742,4.0,0.0,0.0,Com Vítimas Feridas,Não,Condutor deixou de manter distância do veículo da frente,Queda de ocupante de veículo,Pleno dia,Céu Claro,Dupla,Reta,Sim,Decrescente
752863,2026-02-17,terça-feira,08:20:00,MG,356.0,265,muriae,-21.1287,-42.365856,1.0,0.0,0.0,Com Vítimas Feridas,Sim,Acessar a via sem observar a presença dos outros veículos,Colisão transversal,Pleno dia,Céu Claro,Simples,Reta,Sim,Decrescente
752864,2026-02-17,terça-feira,09:30:00,RS,471.0,474,rio grande,-32.38155,-52.55354,1.0,0.0,0.0,Com Vítimas Feridas,Sim,Ausência de reação do condutor,Saída de leito carroçável,Pleno dia,Céu Claro,Simples,Reta,Não,Crescente
752865,2026-02-17,terça-feira,09:30:00,RJ,101.0,439,mangaratiba,-22.956694,-44.08702,1.0,0.0,0.0,Com Vítimas Feridas,Sim,Transitar na contramão,Colisão frontal,Pleno dia,Céu Claro,Simples,Reta;Ponte,Não,Crescente
752866,2026-02-17,terça-feira,08:40:00,RJ,101.0,171,macae,-22.374235,-41.95762,6.0,4.0,0.0,Com Vítimas Feridas,Sim,Ultrapassagem Indevida,Colisão com objeto,Pleno dia,Céu Claro,Simples,Curva,Não,Decrescente
752867,2026-02-17,terça-feira,09:45:00,RJ,356.0,56,itaperuna,-21.284056,-41.72556,1.0,1.0,0.0,Com Vítimas Feridas,Sim,Objeto estático sobre o leito carroçável,Queda de ocupante de veículo,Pleno dia,Céu Claro,Simples,Reta;Aclive,Não,Crescente
752868,2026-02-17,terça-feira,08:53:00,PR,277.0,615,ceu azul,-25.057957,-53.64314,9.0,0.0,0.0,Com Vítimas Feridas,Não,Transitar no Acostamento,Queda de ocupante de veículo,Pleno dia,Céu Claro,Simples,Reta,Não,Crescente
752869,2026-01-29,quinta-feira,14:00:00,SC,282.0,68,rancho queimado,-27.6935,-49.08051,4.0,2.0,0.0,Com Vítimas Feridas,Sim,Ausência de reação do condutor,Saída de leito carroçável,Pleno dia,Chuva,Simples,Curva,Não,Decrescente
752870,2026-02-17,terça-feira,00:10:00,RJ,101.0,467,angra dos reis,-23.005808,-44.217735,1.0,0.0,0.0,Com Vítimas Feridas,Sim,Acumulo de água sobre o pavimento,Tombamento,Plena Noite,Nublado,Simples,Curva,Não,Crescente
752871,2026-02-17,terça-feira,09:15:00,MT,70.0,399,campo verde,-15.6586,-55.2295,0.0,12.0,0.0,Com Vítimas Feridas,Sim,Conversão proibida,Tombamento,Pleno dia,Nublado,Simples,Reta,Não,Decrescente
752872,2026-02-17,terça-feira,10:05:00,PR,277.0,113,campo largo,-25.432323,-49.418583,0.0,8.0,0.0,Com Vítimas Feridas,Não,Frear bruscamente,Colisão lateral mesmo sentido,Pleno dia,Céu Claro,Dupla,Aclive;Reta,Não,Crescente
752873,2026-02-17,terça-feira,10:40:00,RJ,101.0,424,mangaratiba,-22.930412,-43.97707,1.0,0.0,0.0,Com Vítimas Feridas,Sim,Reação tardia ou ineficiente do condutor,Colisão traseira,Pleno dia,Sol,Simples,Reta,Não,Crescente
752874,2026-02-17,terça-feira,09:15:00,MS,267.0,405,maracaju,-21.631512,-55.525654,4.0,0.0,0.0,Com Vítimas Feridas,Não,Ingestão de álcool pelo condutor,Capotamento,Pleno dia,Sol,Simples,Reta,Não,Crescente
752875,2026-02-17,terça-feira,09:05:00,MT,158.0,472,canarana,-13.30609,-51.97872,1.0,0.0,0.0,Com Vítimas Feridas,Sim,Manobra de mudança de faixa,Colisão transversal,Pleno dia,Céu Claro,Simples,Reta,Não,Decrescente
752876,2026-02-17,terça-feira,10:12:00,GO,50.0,"113,1",cristalina,-16.803047,-47.65441,1.0,0.0,0.0,Com Vítimas Feridas,Sim,Ausência de reação do condutor,Colisão traseira,Pleno dia,Céu Claro,Dupla,Reta,Não,Decrescente
752877,2026-02-17,terça-feira,11:00:00,PR,153.0,"238,6",tibagi,-24.771389,-50.46614,4.0,0.0,0.0,Com Vítimas Feridas,Não,Velocidade Incompatível,Colisão com objeto,Pleno dia,Sol,Simples,Curva,Não,Crescente
752878,2026-02-17,terça-feira,10:15:00,GO,60.0,"107,2",goianapolis,-16.434582,-49.018604,0.0,1.0,0.0,Com Vítimas Feridas,Sim,Conversão proibida,Colisão lateral mesmo sentido,Pleno dia,Céu Claro,Dupla,Reta,Não,Decrescente
752879,2026-02-17,terça-feira,11:32:00,SC,280.0,"53,7",guaramirim,-26.47469,-48.980602,1.0,0.0,0.0,Com Vítimas Feridas,Sim,Reação tardia ou ineficiente do condutor,Colisão traseira,Pleno dia,Céu Claro,Dupla,Reta,Sim,Crescente
752881,2026-02-17,terça-feira,11:30:00,PE,232.0,117,caruaru,-8.29517,-35.88783,2.0,0.0,0.0,Com Vítimas Feridas,Sim,Acumulo de água sobre o pavimento,Capotamento,Pleno dia,Céu Claro,Dupla,Declive,Não,Decrescente
752882,2026-02-17,terça-feira,11:30:00,RJ,40.0,96,duque de caxias,-22.58047,-43.262154,2.0,0.0,0.0,Com Vítimas Feridas,Sim,Reação tardia ou ineficiente do condutor,Queda de ocupante de veículo,Pleno dia,Céu Claro,Dupla,Reta,Sim,Decrescente
752883,2026-02-17,terça-feira,08:07:00,MG,251.0,325,fruta de leite,-16.217445,-42.368042,2.0,0.0,0.0,Com Vítimas Feridas,Sim,Afundamento ou ondulação no pavimento,Colisão com objeto,Pleno dia,Sol,Simples,Reta;Declive,Não,Crescente
752884,2026-02-17,terça-feira,08:25:00,SC,282.0,"451,2",ponte serrada,-26.901808,-51.98299,1.0,0.0,0.0,Com Vítimas Feridas,Sim,Ausência de reação do condutor,Tombamento,Pleno dia,Nublado,Dupla,Aclive;Curva,Não,Decrescente
752885,2026-02-17,terça-feira,12:00:00,GO,452.0,107,bom jesus de goias,-18.139729,-49.97228,1.0,0.0,0.0,Com Vítimas Feridas,Sim,Reação tardia ou ineficiente do condutor,Colisão traseira,Pleno dia,Céu Claro,Simples,Reta,Não,Crescente
752886,2026-02-17,terça-feira,09:20:00,RJ,101.0,418,mangaratiba,-22.91816,-43.92892,0.0,1.0,0.0,Com Vítimas Feridas,Sim,Reação tardia ou ineficiente do condutor,Colisão lateral sentido oposto,Pleno dia,Sol,Simples,Reta,Não,Crescente
752887,2026-02-17,terça-feira,11:50:00,SE,101.0,"31,6",capela,-10.460496,-36.94071,3.0,0.0,0.0,Com Vítimas Feridas,Sim,Ausência de reação do condutor,Tombamento,Pleno dia,Nublado,Dupla,Reta;Declive,Não,Decrescente
752888,2026-02-17,terça-feira,11:00:00,PA,163.0,1,novo progresso,-9.510694,-54.85937,3.0,0.0,0.0,Com Vítimas Feridas,Sim,Reação tardia ou ineficiente do condutor,Derramamento de carga,Pleno dia,Nublado,Simples,Reta,Não,Crescente
752889,2026-02-17,terça-feira,12:30:00,SP,116.0,"137,4",sao jose dos campos,-23.15066,-45.78335,6.0,0.0,0.0,Com Vítimas Feridas,Sim,Condutor deixou de manter distância do veículo da frente,Colisão com objeto,Pleno dia,Nublado,Dupla,Reta,Não,Crescente
752890,2026-02-17,terça-feira,12:45:00,RJ,393.0,268,barra do pirai,-22.476397,-43.943596,0.0,0.0,0.0,Sem Vítimas,Sim,Acessar a via sem observar a presença dos outros veículos,Colisão transversal,Pleno dia,Céu Claro,Simples,Reta,Não,Decrescente
752891,2026-02-17,terça-feira,12:25:00,SC,101.0,88,barra velha,-26.642986,-48.68889,0.0,1.0,0.0,Com Vítimas Feridas,Sim,Entrada inopinada do pedestre,Atropelamento de Pedestre,Pleno dia,Sol,Múltipla,Reta,Não,Decrescente
752893,2026-02-17,terça-feira,12:00:00,AL,101.0,231,porto real do colegio,-10.119269,-36.7364,2.0,0.0,0.0,Com Vítimas Feridas,Sim,Demais falhas mecânicas ou elétricas,Capotamento,Pleno dia,Nublado,Dupla,Reta,Não,Crescente
752894,2026-02-17,terça-feira,12:50:00,DF,251.0,"36,4",brasilia,-15.943898,-47.78264,9.0,0.0,0.0,Com Vítimas Feridas,Não,Reação tardia ou ineficiente do condutor,Capotamento,Pleno dia,Céu Claro,Simples,Reta,Não,Crescente
752895,2026-02-17,terça-feira,07:30:00,BA,116.0,587,brejoes,-13.07567,-39.96086,1.0,0.0,0.0,Com Vítimas Feridas,Sim,Velocidade Incompatível,Tombamento,Pleno dia,Céu Claro,Simples,Curva,Não,Crescente
752896,2026-02-17,terça-feira,12:20:00,SC,101.0,157,porto belo,-27.185043,-48.612686,2.0,0.0,0.0,Com Vítimas Feridas,Sim,Reação tardia ou ineficiente do condutor,Tombamento,Pleno dia,Céu Claro,Múltipla,Reta,Não,Crescente
752897,2026-02-17,terça-feira,13:45:00,SC,470.0,135,rio do sul,-27.178469,-49.59502,1.0,0.0,0.0,Com Vítimas Feridas,Sim,Reação tardia ou ineficiente do condutor,Colisão lateral mesmo sentido,Pleno dia,Céu Claro,Simples,Rotatória,Sim,Crescente
752898,2026-02-17,terça-feira,11:30:00,SC,101.0,"42,2",joinville,-26.322243,-48.8687,0.0,0.0,0.0,Sem Vítimas,Sim,Reação tardia ou ineficiente do condutor,Engavetamento,Pleno dia,Céu Claro,Múltipla,Aclive;Reta,Sim,Decrescente
752899,2026-02-17,terça-feira,11:31:00,SC,101.0,"42,2",joinville,-26.318533,-48.871822,0.0,0.0,4.0,Com Vítimas Fatais,Sim,Trafegar com motocicleta (ou similar) entre as faixas,Atropelamento de Pedestre,Pleno dia,Céu Claro,Dupla,Declive;Reta;Viaduto,Sim,Decrescente
752900,2026-02-17,terça-feira,13:45:00,ES,101.0,"180,5",aracruz,-19.628218,-40.22401,8.0,0.0,0.0,Com Vítimas Feridas,Não,Reação tardia ou ineficiente do condutor,Tombamento,Pleno dia,Céu Claro,Simples,Reta,Não,Crescente
752901,2026-02-17,terça-feira,11:00:00,MG,381.0,"817,2",careacu,-22.047363,-45.69093,8.0,0.0,0.0,Com Vítimas Feridas,Não,Reação tardia ou ineficiente do condutor,Queda de ocupante de veículo,Pleno dia,Céu Claro,Dupla,Reta;Aclive,Não,Crescente
752902,2026-02-13,sexta-feira,19:30:00,RJ,101.0,293,itaborai,-22.755032,-42.88954,1.0,0.0,0.0,Com Vítimas Feridas,Sim,Manobra de mudança de faixa,Colisão transversal,Plena Noite,Céu Claro,Dupla,Curva,Sim,Decrescente
752903,2026-02-17,terça-feira,13:45:00,RS,470.0,219,bento goncalves,-29.186388,-51.520374,1.0,0.0,0.0,Com Vítimas Feridas,Sim,Acumulo de areia ou detritos sobre o pavimento,Tombamento,Pleno dia,Nublado,Simples,Curva,Não,Crescente
752904,2026-02-17,terça-feira,13:20:00,PI,402.0,4,buriti dos lopes,-3.1761127,-41.86551,4.0,0.0,0.0,Com Vítimas Feridas,Sim,Reação tardia ou ineficiente do condutor,Tombamento,Pleno dia,Garoa/Chuvisco,Simples,Reta,Não,Decrescente
752905,2026-02-17,terça-feira,12:00:00,RJ,40.0,109,duque de caxias,-22.670809,-43.284416,2.0,0.0,0.0,Com Vítimas Feridas,Sim,Reação tardia ou ineficiente do condutor,Queda de ocupante de veículo,Pleno dia,Céu Claro,Múltipla,Curva,Sim,Crescente
752906,2026-02-17,terça-feira,08:00:00,RJ,101.0,313,sao goncalo,-22.811258,-43.071297,1.0,0.0,0.0,Com Vítimas Feridas,Sim,Animais na Pista,Queda de ocupante de veículo,Pleno dia,Céu Claro,Simples,Curva,Não,Crescente
752908,2026-02-17,terça-feira,14:10:00,DF,60.0,13,brasilia,-15.927691,-48.167225,2.0,0.0,0.0,Com Vítimas Feridas,Não,Condutor deixou de manter distância do veículo da frente,Colisão traseira,Pleno dia,Céu Claro,Dupla,Reta,Não,Decrescente
752909,2026-02-13,sexta-feira,22:30:00,RJ,116.0,127,mage,-22.665714,-43.102562,1.0,0.0,0.0,Com Vítimas Feridas,Sim,Manobra de mudança de faixa,Capotamento,Plena Noite,Chuva,Dupla,Curva,Não,Decrescente
752910,2026-02-17,terça-feira,13:35:00,PE,232.0,"114,4",caruaru,-8.298263,-35.860447,6.0,24.0,0.0,Com Vítimas Feridas,Sim,Reação tardia ou ineficiente do condutor,Colisão com objeto,Pleno dia,Chuva,Dupla,Reta;Declive,Não,Crescente
752911,2026-02-17,terça-feira,14:40:00,RJ,393.0,285,volta redonda,-22.506283,-44.07702,0.0,2.0,0.0,Com Vítimas Feridas,Sim,Ausência de reação do condutor,Queda de ocupante de veículo,Pleno dia,Sol,Simples,Reta,Sim,Crescente
752912,2026-02-17,terça-feira,13:50:00,MG,116.0,137,ponto dos volantes,-16.75399,-41.50258,3.0,0.0,3.0,Com Vítimas Fatais,Sim,Acessar a via sem observar a presença dos outros veículos,Tombamento,Pleno dia,Sol,Simples,Reta;Aclive,Sim,Decrescente
752913,2026-02-17,terça-feira,13:00:00,PR,153.0,161,ventania,-24.235933,-50.232674,1.0,0.0,0.0,Com Vítimas Feridas,Sim,Reação tardia ou ineficiente do condutor,Saída de leito carroçável,Pleno dia,Chuva,Simples,Interseção de Vias;Rotatória,Não,Decrescente
752914,2026-02-17,terça-feira,10:00:00,AL,423.0,66,agua branca,-9.3139715,-37.935253,0.0,0.0,1.0,Com Vítimas Fatais,Sim,Pedestre - Ingestão de álcool/ substâncias psicoativas,Atropelamento de Pedestre,Pleno dia,Céu Claro,Simples,Reta,Não,Decrescente
752915,2026-02-17,terça-feira,07:53:00,AC,317.0,183,xapuri,-10.670615,-68.298515,0.0,0.0,1.0,Com Vítimas Fatais,Sim,Ausência de reação do condutor,Atropelamento de Pedestre,Amanhecer,Nublado,Simples,Reta,Não,Decrescente
752916,2026-02-17,terça-feira,14:30:00,RJ,40.0,64,petropolis,-22.426987,-43.158703,3.0,0.0,0.0,Com Vítimas Feridas,Sim,Mal súbito do condutor,Queda de ocupante de veículo,Pleno dia,Céu Claro,Dupla,Curva,Não,Crescente
752917,2026-02-17,terça-feira,14:30:00,PR,116.0,88,piraquara,-25.478844,-49.100174,3.0,0.0,0.0,Com Vítimas Feridas,Sim,Reação tardia ou ineficiente do condutor,Queda de ocupante de veículo,Pleno dia,Céu Claro,Dupla,Reta,Sim,Decrescente
752918,2026-02-17,terça-feira,14:15:00,MG,381.0,896,cambui,-22.592392,-46.054592,0.0,0.0,0.0,Sem Vítimas,Não,Ingestão de álcool pelo condutor,Saída de leito carroçável,Pleno dia,Chuva,Dupla,Reta,Sim,Crescente
752919,2026-02-17,terça-feira,15:20:00,PB,230.0,20,joao pessoa,-7.1491113,-34.851112,1.0,0.0,0.0,Com Vítimas Feridas,Sim,Ausência de reação do condutor,Colisão traseira,Pleno dia,Céu Claro,Dupla,Reta,Sim,Crescente
752920,2026-02-17,terça-feira,15:20:00,PR,277.0,"11,1",paranagua,-25.565914,-48.625282,48.0,6.0,0.0,Com Vítimas Feridas,Não,Avarias e/ou desgaste excessivo no pneu,Colisão frontal,Pleno dia,Chuva,Dupla,Reta,Sim,Crescente
752921,2026-02-17,terça-feira,13:00:00,BA,101.0,801,itamaraju,-16.960752,-39.55477,5.0,0.0,0.0,Com Vítimas Feridas,Sim,Ausência de reação do condutor,Colisão traseira,Pleno dia,Céu Claro,Simples,Reta,Não,Crescente
752922,2026-02-17,terça-feira,13:54:00,CE,116.0,"437,1",barro,-7.02232,-38.764668,10.0,0.0,0.0,Com Vítimas Feridas,Sim,Demais falhas na via,Saída de leito carroçável,Pleno dia,Nublado,Simples,Reta;Interseção de Vias,Não,Crescente