id,data_inversa,dia_semana,horario,uf,br,km,municipio,latitude,longitude,feridos_leves,feridos_graves,mortos,classificacao_acidente,causa_principal,causa_acidente,tipo_acidente,fase_dia,condicao_metereologica,tipo_pista,tracado_via,uso_solo,sentido_via
752923,2026-02-17,terça-feira,12:50:00,GO,452.0,120,bom jesus de goias,-18.1985,-49.855843,1.0,0.0,0.0,Com Vítimas Feridas,Sim,Transitar na contramão,Colisão lateral sentido oposto,Pleno dia,Céu Claro,Simples,Curva,Não,Crescente
752924,2026-02-17,terça-feira,16:00:00,SC,101.0,149,itapema,-27.104816,-48.615765,0.0,2.0,0.0,Com Vítimas Feridas,Sim,Ausência de reação do condutor,Colisão traseira,Pleno dia,Céu Claro,Dupla,Reta,Sim,Decrescente
752925,2026-02-17,terça-feira,15:40:00,ES,101.0,270,serra,-20.232403,-40.274944,2.0,0.0,0.0,Com Vítimas Feridas,Sim,Reação tardia ou ineficiente do condutor,Queda de ocupante de veículo,Pleno dia,Céu Claro,Simples,Viaduto,Sim,Crescente
752926,2026-02-17,terça-feira,16:27:00,ES,101.0,"304,6",viana,-20.382736,-40.4596,1.0,0.0,0.0,Com Vítimas Feridas,Sim,Reação tardia ou ineficiente do condutor,Colisão traseira,Pleno dia,Céu Claro,Dupla,Reta,Sim,Decrescente
752927,2026-02-17,terça-feira,16:20:00,RN,304.0,"17,1",mossoro,-5.011726,-37.364838,0.0,4.0,0.0,Com Vítimas Feridas,Sim,Demais falhas mecânicas ou elétricas,Tombamento,Pleno dia,Céu Claro,Simples,Reta,Não,Crescente
752928,2026-02-17,terça-feira,15:50:00,PR,376.0,404,tibagi,-24.614506,-50.653095,4.0,0.0,0.0,Com Vítimas Feridas,Sim,Reação tardia ou ineficiente do condutor,Queda de ocupante de veículo,Pleno dia,Chuva,Dupla,Aclive;Reta,Não,Crescente
752929,2026-02-17,terça-feira,14:30:00,MG,50.0,112,uberaba,-19.245644,-48.13766,1.0,0.0,0.0,Com Vítimas Feridas,Sim,Condutor Dormindo,Saída de leito carroçável,Pleno dia,Céu Claro,Dupla,Curva,Não,Crescente
752930,2026-02-17,terça-feira,15:40:00,MS,463.0,105,ponta pora,-22.601437,-55.659092,0.0,1.0,1.0,Com Vítimas Fatais,Sim,Ultrapassagem Indevida,Colisão frontal,Pleno dia,Céu Claro,Simples,Reta,Não,Crescente
752931,2026-02-17,terça-feira,16:30:00,MG,50.0,"28,5",araguari,-18.618607,-48.107807,8.0,0.0,0.0,Com Vítimas Feridas,Não,Velocidade Incompatível,Derramamento de carga,Pleno dia,Sol,Dupla,Curva,Não,Decrescente
752932,2026-02-17,terça-feira,16:20:00,PE,232.0,"51,9",pombos,-8.13402,-35.341175,4.0,0.0,0.0,Com Vítimas Feridas,Sim,Reação tardia ou ineficiente do condutor,Capotamento,Pleno dia,Nublado,Dupla,Reta,Não,Crescente
752933,2026-02-17,terça-feira,16:30:00,RJ,40.0,114,duque de caxias,-22.726,-43.289,0.0,0.0,0.0,Sem Vítimas,Sim,Demais falhas mecânicas ou elétricas,Incêndio,Pleno dia,Céu Claro,Múltipla,Reta,Não,Crescente
752934,2026-02-17,terça-feira,16:25:00,PR,116.0,102,sao jose dos pinhais,-25.569027,-49.182133,6.0,0.0,0.0,Com Vítimas Feridas,Não,Condutor deixou de manter distância do veículo da frente,Queda de ocupante de veículo,Pleno dia,Nublado,Dupla,Reta;Viaduto,Não,Crescente
752935,2026-02-17,terça-feira,16:05:00,MG,40.0,"587,6",itabirito,-20.34861,-43.922737,18.0,0.0,18.0,Com Vítimas Fatais,Não,Acumulo de água sobre o pavimento,Colisão com objeto,Pleno dia,Chuva,Simples,Declive;Curva,Não,Crescente
752937,2026-02-13,sexta-feira,17:00:00,PA,155.0,"97,8",rio maria,-7.199375,-49.98976,4.0,10.0,2.0,Com Vítimas Fatais,Sim,Ultrapassagem Indevida,Saída de leito carroçável,Pleno dia,Céu Claro,Simples,Reta,Não,Decrescente
752938,2026-02-17,terça-feira,15:36:00,MT,163.0,749,sorriso,-12.580608,-55.73249,0.0,0.0,0.0,Sem Vítimas,Não,Ausência de reação do condutor,Queda de ocupante de veículo,Pleno dia,Nublado,Dupla,Reta;Aclive,Sim,Crescente
752939,2026-02-17,terça-feira,17:25:00,GO,414.0,"436,7",anapolis,-16.252184,-48.93553,0.0,0.0,0.0,Sem Vítimas,Não,Reação tardia ou ineficiente do condutor,Queda de ocupante de veículo,Pleno dia,Céu Claro,Simples,Reta,Sim,Decrescente
752940,2026-02-17,terça-feira,17:20:00,PE,428.0,"13,7",cabrobo,-8.501188,-39.3387,0.0,3.0,0.0,Com Vítimas Feridas,Não,Suicídio (presumido),Atropelamento de Pedestre,Pleno dia,Céu Claro,Simples,Reta,Não,Crescente
752941,2026-02-17,terça-feira,17:40:00,ES,262.0,22,viana,-20.376417,-40.51192,2.0,0.0,0.0,Com Vítimas Feridas,Sim,Acessar a via sem observar a presença dos outros veículos,Colisão transversal,Anoitecer,Céu Claro,Simples,Reta,Não,Crescente
752944,2026-02-17,terça-feira,17:40:00,AP,156.0,799,oiapoque,3.8376808,-51.814835,2.0,0.0,0.0,Com Vítimas Feridas,Sim,Acessar a via sem observar a presença dos outros veículos,Tombamento,Pleno dia,Céu Claro,Simples,Reta;Aclive,Sim,Crescente
752946,2026-02-17,terça-feira,17:30:00,PE,423.0,"82,9",jucati,-8.789904,-36.43449,0.0,0.0,3.0,Com Vítimas Fatais,Sim,Transitar na contramão,Queda de ocupante de veículo,Pleno dia,Céu Claro,Simples,Reta,Não,Decrescente
752947,2026-02-17,terça-feira,17:00:00,PR,369.0,"458,5",corbelia,-24.599262,-53.2038,0.0,0.0,12.0,Com Vítimas Fatais,Não,Condutor deixou de manter distância do veículo da frente,Tombamento,Pleno dia,Céu Claro,Simples,Curva;Aclive,Não,Decrescente
752948,2026-02-17,terça-feira,15:40:00,MG,116.0,"510,6",ubaporanga,-19.652111,-42.110405,0.0,0.0,1.0,Com Vítimas Fatais,Sim,Transitar no Acostamento,Colisão traseira,Pleno dia,Sol,Simples,Curva,Não,Decrescente
752949,2026-02-17,terça-feira,17:30:00,CE,230.0,"70,9",varzea alegre,-6.78141,-39.21792,0.0,0.0,0.0,Sem Vítimas,Sim,Acessar a via sem observar a presença dos outros veículos,Colisão lateral mesmo sentido,Anoitecer,Nublado,Simples,Reta,Não,Decrescente
752950,2026-02-17,terça-feira,18:47:00,SP,116.0,"292,1",itapecerica da serra,-23.732502,-46.89484,0.0,4.0,0.0,Com Vítimas Feridas,Não,Condutor deixou de manter distância do veículo da frente,Queda de ocupante de veículo,Anoitecer,Chuva,Dupla,Reta,Não,Decrescente
752951,2026-02-17,terça-feira,18:30:00,ES,262.0,46,marechal floriano,-20.410997,-40.67805,20.0,4.0,0.0,Com Vítimas Feridas,Sim,Mal súbito do condutor,Saída de leito carroçável,Plena Noite,Céu Claro,Simples,Reta,Sim,Decrescente
752952,2026-02-17,terça-feira,18:45:00,PB,101.0,88,joao pessoa,-7.1639433,-34.863064,0.0,16.0,0.0,Com Vítimas Feridas,Não,Condutor deixou de manter distância do veículo da frente,Queda de ocupante de veículo,Plena Noite,Céu Claro,Múltipla,Reta,Sim,Decrescente
752953,2026-02-17,terça-feira,19:00:00,BA,116.0,428,feira de santana,-12.287979,-39.003235,0.0,0.0,1.0,Com Vítimas Fatais,Sim,Entrada inopinada do pedestre,Atropelamento de Pedestre,Plena Noite,Céu Claro,Dupla,Reta,Sim,Decrescente
752954,2026-02-17,terça-feira,18:10:00,RJ,101.0,430,mangaratiba,-22.9344,-44.032192,4.0,0.0,0.0,Com Vítimas Feridas,Não,Curva acentuada,Queda de ocupante de veículo,Anoitecer,Céu Claro,Simples,Curva;Declive,Não,Crescente
752955,2026-02-17,terça-feira,17:30:00,PR,153.0,"461,1",porto vitoria,-26.228073,-51.139187,1.0,0.0,0.0,Com Vítimas Feridas,Sim,Chuva,Saída de leito carroçável,Anoitecer,Chuva,Simples,Aclive;Curva,Não,Crescente
752956,2026-02-17,terça-feira,17:30:00,SC,282.0,"67,7",rancho queimado,-27.691378,-49.07369,0.0,4.0,12.0,Com Vítimas Fatais,Não,Ausência de reação do condutor,Saída de leito carroçável,Pleno dia,Chuva,Simples,Curva;Aclive,Não,Decrescente
752957,2026-02-17,terça-feira,17:20:00,RO,364.0,427,jaru,-10.428058,-62.486103,9.0,0.0,0.0,Com Vítimas Feridas,Não,Velocidade Incompatível,Tombamento,Pleno dia,Céu Claro,Múltipla,Reta;Interseção de Vias,Sim,Crescente
752958,2026-02-17,terça-feira,18:44:00,PR,116.0,115,curitiba,-25.549986,-49.30488,0.0,2.0,0.0,Com Vítimas Feridas,Não,Ausência de reação do condutor,Atropelamento de Pedestre,Anoitecer,Céu Claro,Múltipla,Reta,Sim,Decrescente
752959,2026-02-17,terça-feira,17:05:00,PI,230.0,"310,1",floriano,-6.764717,-43.009804,0.0,4.0,0.0,Com Vítimas Feridas,Não,Velocidade Incompatível,Queda de ocupante de veículo,Pleno dia,Sol,Simples,Reta,Sim,Crescente
752960,2026-02-17,terça-feira,15:30:00,MG,116.0,"201,2",carai,-17.253315,-41.50126,0.0,6.0,0.0,Com Vítimas Feridas,Não,Mal súbito do condutor,Capotamento,Anoitecer,Céu Claro,Simples,Curva,Não,Decrescente
752961,2026-02-17,terça-feira,17:40:00,MG,262.0,"52,5",manhuacu,-20.249958,-42.15763,0.0,0.0,0.0,Sem Vítimas,Não,Velocidade Incompatível,Saída de leito carroçável,Pleno dia,Céu Claro,Simples,Reta,Não,Decrescente
752962,2026-02-17,terça-feira,19:25:00,CE,116.0,16,eusebio,-3.8879325,-38.501694,9.0,0.0,0.0,Com Vítimas Feridas,Não,Condutor deixou de manter distância do veículo da frente,Queda de ocupante de veículo,Plena Noite,Céu Claro,Dupla,Declive;Reta,Sim,Crescente
752963,2026-02-17,terça-feira,19:30:00,MG,381.0,502,betim,-20.018919,-44.227524,1.0,0.0,0.0,Com Vítimas Feridas,Sim,Mal súbito do condutor,Colisão traseira,Plena Noite,Céu Claro,Dupla,Reta,Não,Decrescente
752964,2026-02-17,terça-feira,11:30:00,SC,280.0,"213,5",tres barras,-26.182333,-50.216827,2.0,0.0,0.0,Com Vítimas Feridas,Sim,Frear bruscamente,Queda de ocupante de veículo,Pleno dia,Céu Claro,Simples,Reta;Aclive,Não,Crescente
752966,2026-02-17,terça-feira,19:15:00,PE,101.0,"45,3",igarassu,-7.8755426,-34.90594,0.0,1.0,0.0,Com Vítimas Feridas,Sim,Pedestre cruzava a pista fora da faixa,Atropelamento de Pedestre,Plena Noite,Céu Claro,Dupla,Reta,Sim,Crescente
752967,2026-02-17,terça-feira,18:00:00,SC,282.0,"48,5",aguas mornas,-27.716072,-48.942814,2.0,0.0,0.0,Com Vítimas Feridas,Não,Manobra de mudança de faixa,Colisão lateral mesmo sentido,Amanhecer,Chuva,Simples,Curva,Não,Decrescente
752968,2026-02-17,terça-feira,19:00:00,PR,277.0,118,campo largo,-25.44382,-49.46561,1.0,0.0,0.0,Com Vítimas Feridas,Sim,Condutor deixou de manter distância do veículo da frente,Colisão traseira,Anoitecer,Céu Claro,Dupla,Curva,Não,Decrescente
752969,2026-02-17,terça-feira,19:41:00,PR,277.0,119,campo largo,-25.446827,-49.4731,0.0,15.0,0.0,Com Vítimas Feridas,Não,Ultrapassagem Indevida,Queda de ocupante de veículo,Plena Noite,Céu Claro,Dupla,Reta;Declive,Não,Decrescente
752970,2026-02-17,terça-feira,20:00:00,GO,60.0,96,anapolis,-16.375,-48.947,2.0,0.0,0.0,Com Vítimas Feridas,Sim,Condutor deixou de manter distância do veículo da frente,Queda de ocupante de veículo,Plena Noite,Nublado,Dupla,Reta,Sim,Decrescente
752971,2026-02-17,terça-feira,18:20:00,MG,40.0,225,joao pinheiro,-17.984457,-45.612133,2.0,0.0,0.0,Com Vítimas Feridas,Sim,Mal súbito do condutor,Queda de ocupante de veículo,Anoitecer,Céu Claro,Simples,Rotatória,Sim,Crescente
752972,2026-02-17,terça-feira,17:15:00,RS,285.0,"74,3",bom jesus,-28.63617,-50.550694,0.0,9.0,0.0,Com Vítimas Feridas,Não,Carga excessiva e/ou mal acondicionada,Capotamento,Pleno dia,Céu Claro,Simples,Declive;Curva,Não,Crescente
752973,2026-02-17,terça-feira,20:15:00,RS,153.0,"48,8",erechim,-27.648745,-52.254215,1.0,0.0,0.0,Com Vítimas Feridas,Sim,Ingestão de álcool pelo condutor,Colisão transversal,Plena Noite,Nublado,Simples,Reta,Sim,Crescente
752975,2026-02-17,terça-feira,20:45:00,RS,290.0,76,gravatai,-29.956589,-51.01465,0.0,0.0,0.0,Sem Vítimas,Sim,Demais falhas mecânicas ou elétricas,Queda de ocupante de veículo,Plena Noite,Céu Claro,Múltipla,Reta,Não,Crescente
752976,2026-02-17,terça-feira,20:20:00,MG,251.0,"442,2",grao mogol,-16.406464,-43.22879,1.0,0.0,0.0,Com Vítimas Feridas,Sim,Acessar a via sem observar a presença dos outros veículos,Queda de ocupante de veículo,Plena Noite,Céu Claro,Simples,Reta,Sim,Decrescente
752977,2026-02-17,terça-feira,10:20:00,PI,135.0,"98,1",sebastiao leal,-7.453325,-43.85283,0.0,0.0,15.0,Com Vítimas Fatais,Não,Ausência de reação do condutor,Derramamento de carga,Pleno dia,Céu Claro,Simples,Curva,Não,Crescente
752978,2026-02-17,terça-feira,17:30:00,BA,110.0,283,inhambupe,-11.711177,-38.32892,0.0,1.0,0.0,Com Vítimas Feridas,Sim,Ausência de reação do condutor,Saída de leito carroçável,Anoitecer,Nublado,Simples,Reta,Não,Decrescente
752979,2026-02-17,terça-feira,18:00:00,BA,110.0,289,inhambupe,-11.758811,-38.32765,1.0,0.0,0.0,Com Vítimas Feridas,Sim,Reação tardia ou ineficiente do condutor,Saída de leito carroçável,Anoitecer,Nublado,Simples,Declive;Curva,Não,Crescente
752980,2026-02-17,terça-feira,20:10:00,RJ,493.0,17,guapimirim,-22.684675,-42.96262,4.0,0.0,0.0,Com Vítimas Feridas,Sim,Reação tardia ou ineficiente do condutor,Capotamento,Plena Noite,Céu Claro,Simples,Reta,Não,Decrescente
752982,2026-02-17,terça-feira,20:30:00,MG,40.0,288,tres marias,-18.267174,-45.152576,6.0,0.0,0.0,Com Vítimas Feridas,Sim,Animais na Pista,Saída de leito carroçável,Plena Noite,Céu Claro,Simples,Reta,Não,Crescente
752983,2026-02-17,terça-feira,18:30:00,MG,381.0,913,camanducaia,-22.71383,-46.122383,4.0,0.0,0.0,Com Vítimas Feridas,Não,Reação tardia ou ineficiente do condutor,Tombamento,Anoitecer,Nublado,Dupla,Curva,Não,Decrescente
752984,2026-02-17,terça-feira,20:15:00,PI,343.0,"441,9",sao pedro do piaui,-5.871437,-42.67401,0.0,3.0,0.0,Com Vítimas Feridas,Sim,Animais na Pista,Queda de ocupante de veículo,Plena Noite,Céu Claro,Simples,Reta,Não,Crescente
752985,2026-02-17,terça-feira,20:20:00,SP,116.0,213,guarulhos,-23.439344,-46.43687,4.0,0.0,0.0,Com Vítimas Feridas,Sim,Ausência de reação do condutor,Queda de ocupante de veículo,Plena Noite,Céu Claro,Múltipla,Reta,Sim,Crescente
752986,2026-02-17,terça-feira,21:30:00,GO,60.0,97,anapolis,-16.376175,-48.948383,3.0,0.0,0.0,Com Vítimas Feridas,Sim,Acessar a via sem observar a presença dos outros veículos,Queda de ocupante de veículo,Plena Noite,Céu Claro,Dupla,Reta,Sim,Crescente
752987,2026-02-17,terça-feira,20:50:00,SC,101.0,"257,9",paulo lopes,-28.004168,-48.691513,4.0,0.0,0.0,Com Vítimas Feridas,Sim,Ingestão de álcool pelo condutor,Colisão lateral mesmo sentido,Plena Noite,Garoa/Chuvisco,Múltipla,Declive;Reta,Sim,Decrescente
752988,2026-02-17,terça-feira,18:40:00,RS,285.0,"107,5",vacaria,-28.522945,-50.816235,6.0,0.0,0.0,Com Vítimas Feridas,Sim,Reação tardia ou ineficiente do condutor,Capotamento,Anoitecer,Chuva,Simples,Reta,Não,Crescente
752989,2026-02-17,terça-feira,17:40:00,PA,308.0,161,capanema,-1.20775,-47.09603,3.0,3.0,0.0,Com Vítimas Feridas,Não,Reação tardia ou ineficiente do condutor,Colisão traseira,Pleno dia,Nublado,Simples,Aclive,Não,Crescente
752990,2026-02-17,terça-feira,20:00:00,MT,,,varzea grande,-15.637127,-56.18641,0.0,0.0,0.0,Sem Vítimas,Sim,Velocidade Incompatível,Saída de leito carroçável,Plena Noite,Céu Claro,Dupla,Reta;Declive,Sim,Não Informado
752991,2026-02-17,terça-feira,16:30:00,MG,381.0,"238,3",santana do paraiso,-19.451378,-42.517776,2.0,0.0,0.0,Com Vítimas Feridas,Sim,Velocidade Incompatível,Capotamento,Pleno dia,Céu Claro,Simples,Reta,Não,Crescente
752992,2026-02-17,terça-feira,20:00:00,PI,343.0,"305,3",altos,-5.0342817,-42.443146,0.0,6.0,0.0,Com Vítimas Feridas,Sim,Transitar no Acostamento,Queda de ocupante de veículo,Plena Noite,Chuva,Simples,Reta,Sim,Decrescente
752993,2026-02-17,terça-feira,19:40:00,SP,116.0,"95,7",pindamonhangaba,-22.965763,-45.43158,0.0,12.0,0.0,Com Vítimas Feridas,Não,Condutor deixou de manter distância do veículo da frente,Colisão com objeto,Plena Noite,Céu Claro,Dupla,Reta,Não,Decrescente
752994,2026-02-17,terça-feira,20:30:00,RJ,101.0,415,mangaratiba,-22.910698,-43.893288,0.0,2.0,0.0,Com Vítimas Feridas,Sim,Acessar a via sem observar a presença dos outros veículos,Colisão transversal,Plena Noite,Céu Claro,Dupla,Interseção de Vias;Retorno Regulamentado;Reta,Sim,Decrescente
752995,2026-02-17,terça-feira,22:00:00,SE,101.0,"114,3",itaporanga dajuda,-11.001475,-37.306557,2.0,0.0,0.0,Com Vítimas Feridas,Sim,Acessar a via sem observar a presença dos outros veículos,Colisão com objeto,Plena Noite,Nublado,Dupla,Interseção de Vias;Reta,Não,Crescente
752996,2026-02-17,terça-feira,21:00:00,PE,423.0,59,lajedo,-8.647302,-36.315876,0.0,0.0,0.0,Sem Vítimas,Sim,Transitar na contramão,Colisão frontal,Plena Noite,Céu Claro,Simples,Reta,Sim,Crescente
752997,2026-02-17,terça-feira,22:00:00,SC,101.0,"330,7",tubarao,-28.45889,-48.987797,2.0,0.0,0.0,Com Vítimas Feridas,Não,Chuva,Capotamento,Plena Noite,Chuva,Dupla,Reta,Não,Crescente
752998,2026-02-17,terça-feira,18:15:00,MG,262.0,73,matipo,-20.315788,-42.327766,0.0,1.0,0.0,Com Vítimas Feridas,Sim,Conversão proibida,Colisão transversal,Plena Noite,Céu Claro,Simples,Reta,Não,Crescente
752999,2026-02-17,terça-feira,20:30:00,BA,101.0,"938,1",mucuri,-18.0317,-39.86415,0.0,1.0,0.0,Com Vítimas Feridas,Sim,Pedestre andava na pista,Atropelamento de Pedestre,Plena Noite,Céu Claro,Simples,Reta,Sim,Crescente
753000,2026-02-17,terça-feira,20:00:00,PR,373.0,444,chopinzinho,-25.837446,-52.320614,0.0,2.0,0.0,Com Vítimas Feridas,Sim,Falta de elemento de contenção que evite a saída do leito carroçável,Tombamento,Plena Noite,Nublado,Simples,Reta,Não,Crescente
753001,2026-02-17,terça-feira,20:40:00,SP,116.0,146,sao jose dos campos,-23.195332,-45.871304,2.0,0.0,0.0,Com Vítimas Feridas,Sim,Reação tardia ou ineficiente do condutor,Capotamento,Plena Noite,Céu Claro,Dupla,Declive,Sim,Decrescente
753002,2026-02-17,terça-feira,22:00:00,SP,116.0,"227,2",guarulhos,-23.497416,-46.558327,2.0,0.0,0.0,Com Vítimas Feridas,Sim,Reação tardia ou ineficiente do condutor,Queda de ocupante de veículo,Plena Noite,Chuva,Múltipla,Declive;Reta,Sim,Crescente
753003,2026-02-17,terça-feira,22:32:00,SC,101.0,"192,3",biguacu,-27.486795,-48.650013,0.0,0.0,0.0,Sem Vítimas,Não,Reação tardia ou ineficiente do condutor,Colisão lateral sentido oposto,Plena Noite,Nublado,Dupla,Interseção de Vias;Viaduto;Reta,Sim,Decrescente
753004,2026-02-17,terça-feira,22:10:00,MG,381.0,4,betim,-19.987144,-44.18056,2.0,0.0,0.0,Com Vítimas Feridas,Sim,Ausência de reação do condutor,Queda de ocupante de veículo,Pleno dia,Céu Claro,Dupla,Reta,Não,Decrescente
753005,2026-02-17,terça-feira,17:00:00,PR,376.0,"335,3",ortigueira,-24.1387,-51.005856,2.0,0.0,0.0,Com Vítimas Feridas,Sim,Acumulo de água sobre o pavimento,Saída de leito carroçável,Pleno dia,Chuva,Simples,Curva;Declive,Não,Crescente
753007,2026-02-17,terça-feira,20:00:00,SC,101.0,336,tubarao,-28.484823,-49.036053,1.0,0.0,0.0,Com Vítimas Feridas,Sim,Acumulo de água sobre o pavimento,Colisão com objeto,Plena Noite,Chuva,Dupla,Curva,Sim,Crescente
753009,2026-02-17,terça-feira,22:40:00,MG,365.0,689,monte alegre de minas,-18.876522,-48.900997,2.0,0.0,0.0,Com Vítimas Feridas,Sim,Condutor deixou de manter distância do veículo da frente,Saída de leito carroçável,Plena Noite,Chuva,Dupla,Reta,Não,Crescente
753010,2026-02-17,terça-feira,17:25:00,PE,101.0,"136,5",escada,-8.414038,-35.308735,0.0,1.0,0.0,Com Vítimas Feridas,Sim,Velocidade Incompatível,Tombamento,Anoitecer,Nublado,Dupla,Curva;Declive,Não,Decrescente
753011,2026-02-17,terça-feira,19:00:00,MA,316.0,264,santa ines,-3.673081,-45.361385,1.0,0.0,0.0,Com Vítimas Feridas,Sim,Ausência de reação do condutor,Colisão frontal,Plena Noite,Nublado,Simples,Reta,Sim,Crescente
753012,2026-02-17,terça-feira,22:25:00,PR,116.0,8,campina grande do sul,-25.080694,-48.62392,8.0,0.0,0.0,Com Vítimas Feridas,Não,Chuva,Capotamento,Plena Noite,Chuva,Dupla,Curva,Não,Crescente
753013,2026-02-17,terça-feira,22:50:00,CE,116.0,"40,6",horizonte,-4.1142077,-38.489597,0.0,3.0,0.0,Com Vítimas Feridas,Sim,Manobra de mudança de faixa,Queda de ocupante de veículo,Plena Noite,Céu Claro,Dupla,Retorno Regulamentado,Sim,Crescente
753014,2026-02-17,terça-feira,21:30:00,MT,364.0,265,santo antonio do leverger,-15.83769,-55.491585,2.0,0.0,0.0,Com Vítimas Feridas,Sim,Velocidade Incompatível,Saída de leito carroçável,Plena Noite,Céu Claro,Dupla,Reta,Não,Crescente
753015,2026-02-17,terça-feira,22:20:00,RO,364.0,709,porto velho,-8.7904,-63.8505,2.0,0.0,0.0,Com Vítimas Feridas,Não,Manobra de mudança de faixa,Queda de ocupante de veículo,Plena Noite,Céu Claro,Dupla,Reta,Sim,Decrescente
753016,2026-02-17,terça-feira,22:41:00,RJ,101.0,482,angra dos reis,-22.952847,-44.2023,0.0,1.0,0.0,Com Vítimas Feridas,Sim,Iluminação deficiente,Atropelamento de Pedestre,Plena Noite,Céu Claro,Dupla,Reta,Não,Decrescente
753017,2026-02-17,terça-feira,22:00:00,RJ,101.0,"196,5",casimiro de abreu,-22.49314,-42.112976,0.0,0.0,0.0,Sem Vítimas,Sim,Demais falhas mecânicas ou elétricas,Incêndio,Plena Noite,Céu Claro,Dupla,Curva,Não,Crescente
753018,2026-02-17,terça-feira,22:30:00,SP,116.0,426,juquia,-24.388046,-47.72086,6.0,0.0,0.0,Com Vítimas Feridas,Não,Reação tardia ou ineficiente do condutor,Tombamento,Plena Noite,Céu Claro,Múltipla,Curva,Não,Decrescente
753019,2026-02-17,terça-feira,23:50:00,PR,476.0,"154,5",araucaria,-25.584648,-49.402126,12.0,0.0,0.0,Com Vítimas Feridas,Não,Transitar na contramão,Queda de ocupante de veículo,Plena Noite,Chuva,Dupla,Declive,Sim,Crescente
753020,2026-02-17,terça-feira,21:25:00,MA,316.0,617,timon,-5.102752,-42.82902,3.0,0.0,0.0,Com Vítimas Feridas,Sim,Manobra de mudança de faixa,Colisão frontal,Plena Noite,Chuva,Simples,Reta,Sim,Decrescente
753021,2026-02-17,terça-feira,22:30:00,PI,316.0,"2,6",teresina,-5.12516,-42.794327,8.0,0.0,0.0,Com Vítimas Feridas,Não,Ingestão de álcool pelo condutor,Colisão com objeto,Plena Noite,Chuva,Múltipla,Reta,Sim,Decrescente
753022,2026-02-18,quarta-feira,00:45:00,RS,290.0,33,santo antonio da patrulha,-29.886202,-50.590157,0.0,2.0,0.0,Com Vítimas Feridas,Sim,Ausência de reação do condutor,Capotamento,Plena Noite,Garoa/Chuvisco,Dupla,Reta,Não,Crescente
753024,2026-02-18,quarta-feira,00:20:00,RJ,40.0,114,duque de caxias,-22.72427,-43.289394,0.0,0.0,0.0,Sem Vítimas,Não,Ingestão de álcool pelo condutor,Saída de leito carroçável,Plena Noite,Nublado,Múltipla,Reta,Sim,Crescente
753025,2026-02-18,quarta-feira,00:45:00,PR,116.0,126,fazenda rio grande,-25.648005,-49.31224,0.0,0.0,0.0,Sem Vítimas,Sim,Reação tardia ou ineficiente do condutor,Colisão traseira,Plena Noite,Garoa/Chuvisco,Dupla,Reta,Sim,Decrescente
753026,2026-02-18,quarta-feira,00:45:00,PR,369.0,"3,5",jacarezinho,-23.00146,-49.937668,0.0,0.0,0.0,Sem Vítimas,Não,Ausência de reação do condutor,Colisão com objeto,Plena Noite,Céu Claro,Dupla,Declive;Reta,Não,Decrescente
753027,2026-02-18,quarta-feira,01:33:00,PE,101.0,"70,9",recife,-8.07605,-34.94276,0.0,0.0,0.0,Sem Vítimas,Sim,Ausência de reação do condutor,Capotamento,Amanhecer,Nublado,Dupla,Reta,Sim,Decrescente
753028,2026-02-17,terça-feira,21:30:00,MT,70.0,608,pocone,-15.942715,-57.079624,0.0,1.0,0.0,Com Vítimas Feridas,Sim,Ausência de reação do condutor,Engavetamento,Plena Noite,Céu Claro,Simples,Aclive,Não,Crescente
753030,2026-02-18,quarta-feira,02:00:00,MG,116.0,305,itambacuri,-18.032516,-41.653187,0.0,2.0,0.0,Com Vítimas Feridas,Sim,Velocidade Incompatível,Queda de ocupante de veículo,Plena Noite,Céu Claro,Simples,Declive;Curva,Não,Decrescente
753031,2026-02-18,quarta-feira,01:30:00,PR,277.0,"396,9",candoi,-25.446,-51.888,6.0,3.0,0.0,Com Vítimas Feridas,Não,Reação tardia ou ineficiente do condutor,Colisão frontal,Plena Noite,Céu Claro,Simples,Reta,Não,Crescente
753033,2026-02-18,quarta-feira,02:55:00,SC,282.0,"3,1",florianopolis,-27.600925,-48.599136,0.0,7.0,0.0,Com Vítimas Feridas,Sim,Ingestão de álcool pelo condutor,Colisão com objeto,Plena Noite,Nublado,Múltipla,Curva,Sim,Crescente
753034,2026-02-17,terça-feira,15:00:00,MT,70.0,"568,8",pocone,-15.745172,-56.54895,0.0,8.0,4.0,Com Vítimas Fatais,Sim,Transitar na contramão,Saída de leito carroçável,Pleno dia,Céu Claro,Simples,Reta,Não,Decrescente
753035,2026-02-18,quarta-feira,02:10:00,PR,116.0,131,fazenda rio grande,-25.672514,-49.315197,2.0,0.0,0.0,Com Vítimas Feridas,Sim,Condutor Dormindo,Tombamento,Plena Noite,Chuva,Dupla,Reta,Sim,Crescente
753036,2026-02-18,quarta-feira,02:00:00,DF,20.0,2,brasilia,-15.684485,-47.847496,0.0,0.0,0.0,Sem Vítimas,Não,Estacionar ou parar em local proibido,Colisão traseira,Plena Noite,Céu Claro,Dupla,Reta,Sim,Decrescente