id,data_inversa,dia_semana,horario,uf,br,km,municipio,latitude,longitude,feridos_leves,feridos_graves,mortos,classificacao_acidente,causa_principal,causa_acidente,tipo_acidente,fase_dia,condicao_metereologica,tipo_pista,tracado_via,uso_solo,sentido_via
753037,2026-02-18,quarta-feira,03:30:00,PE,408.0,89,sao lourenco da mata,-8.02672,-35.03809,0.0,2.0,0.0,Com Vítimas Feridas,Sim,Transitar na contramão,Colisão com objeto,Plena Noite,Chuva,Dupla,Declive;Reta,Sim,Crescente
753038,2026-02-18,quarta-feira,03:38:00,ES,101.0,142,linhares,-19.349781,-40.063625,1.0,0.0,0.0,Com Vítimas Feridas,Sim,Condutor Dormindo,Saída de leito carroçável,Plena Noite,Céu Claro,Múltipla,Aclive;Curva,Não,Crescente
753039,2026-02-18,quarta-feira,03:30:00,PR,376.0,"596,5",curitiba,-25.473408,-49.352463,18.0,0.0,0.0,Com Vítimas Feridas,Sim,Reação tardia ou ineficiente do condutor,Colisão com objeto,Plena Noite,Nublado,Dupla,Reta,Sim,Decrescente
753040,2026-02-18,quarta-feira,02:30:00,MG,381.0,"647,2",santo antonio do amparo,-20.949938,-44.888397,4.0,0.0,0.0,Com Vítimas Feridas,Não,Ausência de reação do condutor,Tombamento,Plena Noite,Nublado,Dupla,Reta,Não,Crescente
753041,2026-02-18,quarta-feira,02:40:00,PB,230.0,44,santa rita,-7.1616554,-35.02178,0.0,0.0,0.0,Sem Vítimas,Sim,Reação tardia ou ineficiente do condutor,Saída de leito carroçável,Plena Noite,Céu Claro,Dupla,Reta,Não,Decrescente
753042,2026-02-18,quarta-feira,04:45:00,ES,262.0,"119,7",conceicao do castelo,-20.3024,-41.230194,0.0,0.0,0.0,Sem Vítimas,Sim,Condutor Dormindo,Colisão transversal,Plena Noite,Céu Claro,Simples,Curva,Não,Decrescente
753043,2026-02-18,quarta-feira,04:30:00,RJ,101.0,477,angra dos reis,-22.999168,-44.264603,1.0,0.0,0.0,Com Vítimas Feridas,Sim,Ultrapassagem Indevida,Colisão lateral sentido oposto,Plena Noite,Chuva,Simples,Reta,Sim,Decrescente
753044,2026-02-18,quarta-feira,01:30:00,SC,101.0,"388,4",criciuma,-28.797333,-49.35837,12.0,0.0,0.0,Com Vítimas Feridas,Sim,Transitar no Acostamento,Capotamento,Plena Noite,Céu Claro,Múltipla,Reta,Não,Crescente
753045,2026-02-18,quarta-feira,05:30:00,BA,101.0,365,gandu,-13.736919,-39.479336,1.0,0.0,0.0,Com Vítimas Feridas,Sim,Ausência de reação do condutor,Colisão frontal,Amanhecer,Céu Claro,Simples,Reta,Não,Crescente
753046,2026-02-17,terça-feira,18:36:00,MG,381.0,489,betim,-19.9568,-44.137817,1.0,1.0,0.0,Com Vítimas Feridas,Sim,Ausência de reação do condutor,Queda de ocupante de veículo,Plena Noite,Céu Claro,Múltipla,Aclive;Reta,Não,Decrescente
753047,2026-02-17,terça-feira,21:50:00,SC,153.0,5,agua doce,-26.647198,-51.51769,1.0,0.0,0.0,Com Vítimas Feridas,Sim,Reação tardia ou ineficiente do condutor,Colisão lateral sentido oposto,Plena Noite,Chuva,Simples,Reta,Não,Decrescente
753048,2026-02-18,quarta-feira,02:10:00,SC,101.0,150,itapema,-27.125727,-48.609413,0.0,0.0,0.0,Sem Vítimas,Sim,Condutor Dormindo,Colisão com objeto,Plena Noite,Garoa/Chuvisco,Dupla,Reta,Sim,Decrescente
753049,2026-02-17,terça-feira,23:00:00,MA,222.0,484,santa luzia,-4.2078,-46.149,1.0,0.0,0.0,Com Vítimas Feridas,Sim,Demais falhas mecânicas ou elétricas,Tombamento,Plena Noite,Chuva,Simples,Aclive;Curva,Não,Crescente
753050,2026-02-18,quarta-feira,05:45:00,PE,101.0,51,paulista,-7.920602,-34.89254,1.0,0.0,0.0,Com Vítimas Feridas,Sim,Problema com o freio,Tombamento,Pleno dia,Céu Claro,Dupla,Viaduto,Sim,Decrescente
753051,2026-02-18,quarta-feira,06:30:00,GO,60.0,"98,6",anapolis,-16.389685,-48.957424,0.0,3.0,0.0,Com Vítimas Feridas,Sim,Animais na Pista,Queda de ocupante de veículo,Pleno dia,Céu Claro,Dupla,Reta,Sim,Crescente
753052,2026-02-18,quarta-feira,06:00:00,RJ,40.0,83,petropolis,-22.541443,-43.22424,4.0,0.0,0.0,Com Vítimas Feridas,Não,Ausência de reação do condutor,Capotamento,Pleno dia,Céu Claro,Simples,Reta,Não,Decrescente
753053,2026-02-18,quarta-feira,06:30:00,ES,101.0,335,cariacica,-20.345884,-40.38875,4.0,0.0,0.0,Com Vítimas Feridas,Não,Reação tardia ou ineficiente do condutor,Queda de ocupante de veículo,Pleno dia,Sol,Múltipla,Reta,Sim,Crescente
753055,2026-02-18,quarta-feira,06:30:00,PB,101.0,29,rio tinto,-6.7640767,-35.13402,2.0,0.0,0.0,Com Vítimas Feridas,Sim,Reação tardia ou ineficiente do condutor,Queda de ocupante de veículo,Pleno dia,Céu Claro,Dupla,Declive,Não,Crescente
753056,2026-02-18,quarta-feira,00:40:00,PR,277.0,175,palmeira,-25.43925,-49.75009,2.0,0.0,0.0,Com Vítimas Feridas,Não,Velocidade Incompatível,Saída de leito carroçável,Plena Noite,Chuva,Simples,Rotatória;Reta,Não,Decrescente
753057,2026-02-18,quarta-feira,05:15:00,RJ,116.0,120,mage,-22.630087,-43.050076,0.0,0.0,0.0,Sem Vítimas,Sim,Ausência de reação do condutor,Saída de leito carroçável,Amanhecer,Céu Claro,Dupla,Reta,Não,Decrescente
753058,2026-02-18,quarta-feira,06:20:00,MG,40.0,"522,4",contagem,-19.868874,-44.059776,3.0,0.0,0.0,Com Vítimas Feridas,Sim,Reação tardia ou ineficiente do condutor,Queda de ocupante de veículo,Amanhecer,Céu Claro,Dupla,Reta,Não,Crescente
753059,2026-02-18,quarta-feira,05:40:00,MG,365.0,"299,8",joao pinheiro,-18.13556,-45.74157,0.0,4.0,0.0,Com Vítimas Feridas,Não,Condutor Dormindo,Saída de leito carroçável,Amanhecer,Nublado,Simples,Reta,Não,Crescente
753060,2026-02-17,terça-feira,20:00:00,PR,116.0,"17,6",colombo,-25.38912,-49.190796,1.0,0.0,0.0,Com Vítimas Feridas,Sim,Chuva,Queda de ocupante de veículo,Plena Noite,Chuva,Dupla,Reta,Sim,Decrescente
753061,2026-02-18,quarta-feira,06:50:00,RN,226.0,"33,7",macaiba,-5.894152,-35.496777,6.0,0.0,0.0,Com Vítimas Feridas,Sim,Condutor deixou de manter distância do veículo da frente,Queda de ocupante de veículo,Pleno dia,Céu Claro,Simples,Declive;Reta,Não,Decrescente
753062,2026-02-18,quarta-feira,07:20:00,SC,101.0,10,garuva,-26.0679,-48.860508,4.0,0.0,0.0,Com Vítimas Feridas,Não,Acessar a via sem observar a presença dos outros veículos,Tombamento,Pleno dia,Céu Claro,Dupla,Interseção de Vias;Reta,Sim,Crescente
753063,2026-02-18,quarta-feira,07:00:00,RJ,101.0,384,rio de janeiro,-22.885578,-43.716408,2.0,0.0,0.0,Com Vítimas Feridas,Sim,Condutor deixou de manter distância do veículo da frente,Queda de ocupante de veículo,Pleno dia,Céu Claro,Múltipla,Reta,Não,Decrescente
753064,2026-02-17,terça-feira,15:20:00,RO,364.0,363,ouro preto do oeste,-10.773955,-62.090046,2.0,0.0,0.0,Com Vítimas Feridas,Sim,Demais falhas mecânicas ou elétricas,Saída de leito carroçável,Pleno dia,Céu Claro,Simples,Reta,Não,Crescente
753065,2026-02-18,quarta-feira,07:05:00,SC,470.0,47,blumenau,-26.86381,-49.04751,12.0,0.0,0.0,Com Vítimas Feridas,Sim,Condutor deixou de manter distância do veículo da frente,Capotamento,Pleno dia,Céu Claro,Dupla,Curva,Não,Crescente
753066,2026-02-18,quarta-feira,07:25:00,RS,116.0,141,caxias do sul,-29.126091,-51.127754,0.0,0.0,0.0,Sem Vítimas,Sim,Acessar a via sem observar a presença dos outros veículos,Colisão transversal,Pleno dia,Céu Claro,Dupla,Reta,Não,Crescente
753067,2026-02-18,quarta-feira,05:15:00,GO,20.0,"78,6",formosa,-15.1008,-47.1141,84.0,14.0,0.0,Com Vítimas Feridas,Não,Ausência de reação do condutor,Tombamento,Pleno dia,Céu Claro,Simples,Reta,Não,Crescente
753068,2026-02-18,quarta-feira,06:05:00,RJ,116.0,250,pirai,-22.591286,-43.956264,3.0,0.0,0.0,Com Vítimas Feridas,Não,Reação tardia ou ineficiente do condutor,Colisão traseira,Amanhecer,Céu Claro,Dupla,Reta;Aclive,Não,Crescente
753070,2026-02-18,quarta-feira,01:00:00,SC,280.0,289,porto uniao,-26.296362,-50.9156,1.0,0.0,0.0,Com Vítimas Feridas,Sim,Ingestão de álcool pelo condutor,Colisão frontal,Plena Noite,Nublado,Simples,Reta,Não,Decrescente
753071,2026-02-18,quarta-feira,07:50:00,SC,101.0,324,capivari de baixo,-28.424576,-48.935802,0.0,0.0,6.0,Com Vítimas Fatais,Não,Ausência de reação do condutor,Tombamento,Pleno dia,Céu Claro,Dupla,Reta,Sim,Crescente
753072,2026-02-18,quarta-feira,07:30:00,PE,101.0,43,igarassu,-7.8561172,-34.908478,1.0,0.0,0.0,Com Vítimas Feridas,Sim,Condutor Dormindo,Colisão traseira,Pleno dia,Céu Claro,Simples,Reta,Sim,Decrescente
753074,2026-02-18,quarta-feira,07:40:00,ES,262.0,55,marechal floriano,-20.412754,-40.750744,9.0,9.0,0.0,Com Vítimas Feridas,Não,Velocidade Incompatível,Queda de ocupante de veículo,Pleno dia,Céu Claro,Simples,Declive;Curva,Não,Crescente
753075,2026-02-18,quarta-feira,08:10:00,PA,316.0,"64,6",castanhal,-1.295968,-47.91261,0.0,0.0,0.0,Sem Vítimas,Sim,Ausência de reação do condutor,Colisão traseira,Pleno dia,Chuva,Dupla,Interseção de Vias;Reta,Sim,Crescente
753076,2026-02-18,quarta-feira,08:00:00,PE,101.0,51,paulista,-7.92057,-34.8925,8.0,0.0,0.0,Com Vítimas Feridas,Não,Pista Escorregadia,Queda de ocupante de veículo,Pleno dia,Céu Claro,Dupla,Curva,Sim,Crescente
753077,2026-02-18,quarta-feira,08:30:00,CE,222.0,68,sao goncalo do amarante,-3.671026,-39.196457,0.0,16.0,0.0,Com Vítimas Feridas,Não,Avarias e/ou desgaste excessivo no pneu,Tombamento,Pleno dia,Chuva,Simples,Reta,Não,Crescente
753078,2026-02-18,quarta-feira,06:12:00,SC,282.0,588,saudades,-26.826609,-53.057903,0.0,0.0,0.0,Sem Vítimas,Sim,Reação tardia ou ineficiente do condutor,Colisão lateral sentido oposto,Amanhecer,Nevoeiro/Neblina,Dupla,Reta,Não,Crescente
753079,2026-02-18,quarta-feira,07:20:00,ES,393.0,1,cachoeiro de itapemirim,-20.8357,-41.16978,0.0,0.0,1.0,Com Vítimas Fatais,Sim,Conversão proibida,Colisão transversal,Pleno dia,Céu Claro,Simples,Reta;Declive,Sim,Crescente
753080,2026-02-18,quarta-feira,06:50:00,PR,272.0,"561,4",guaira,-24.088217,-54.18869,3.0,3.0,0.0,Com Vítimas Feridas,Sim,Avarias e/ou desgaste excessivo no pneu,Queda de ocupante de veículo,Pleno dia,Céu Claro,Simples,Reta,Não,Crescente
753081,2026-02-18,quarta-feira,07:50:00,RS,290.0,173,butia,-30.129,-51.9579,2.0,0.0,0.0,Com Vítimas Feridas,Sim,Desrespeitar a preferência no cruzamento,Tombamento,Pleno dia,Céu Claro,Simples,Rotatória,Sim,Crescente
753082,2026-02-18,quarta-feira,07:40:00,ES,101.0,3,iconha,-20.806442,-40.796524,8.0,0.0,0.0,Com Vítimas Feridas,Não,Avarias e/ou desgaste excessivo no pneu,Queda de ocupante de veículo,Pleno dia,Céu Claro,Dupla,Curva,Não,Crescente
753083,2026-02-18,quarta-feira,08:45:00,SC,470.0,62,indaial,-26.873922,-49.18434,8.0,0.0,0.0,Com Vítimas Feridas,Não,Acessar a via sem observar a presença dos outros veículos,Tombamento,Pleno dia,Sol,Simples,Reta,Sim,Decrescente
753084,2026-02-18,quarta-feira,08:15:00,CE,116.0,47,pacajus,-4.1523848,-38.479664,1.0,0.0,0.0,Com Vítimas Feridas,Sim,Acumulo de água sobre o pavimento,Queda de ocupante de veículo,Pleno dia,Chuva,Dupla,Reta,Não,Decrescente
753085,2026-02-18,quarta-feira,07:01:00,MT,163.0,747,sorriso,-12.593429,-55.74351,0.0,0.0,0.0,Sem Vítimas,Não,Acessar a via sem observar a presença dos outros veículos,Colisão traseira,Pleno dia,Céu Claro,Dupla,Retorno Regulamentado,Sim,Decrescente
753086,2026-02-18,quarta-feira,08:30:00,GO,153.0,433,anapolis,-16.284504,-48.951344,0.0,0.0,0.0,Sem Vítimas,Sim,Demais falhas mecânicas ou elétricas,Colisão com objeto,Pleno dia,Céu Claro,Dupla,Reta,Não,Decrescente
753087,2026-02-18,quarta-feira,08:10:00,SC,470.0,"67,6",indaial,-26.87529,-49.2361,1.0,0.0,0.0,Com Vítimas Feridas,Sim,Acessar a via sem observar a presença dos outros veículos,Colisão transversal,Pleno dia,Céu Claro,Simples,Reta;Interseção de Vias;Viaduto,Sim,Decrescente
753088,2026-02-18,quarta-feira,08:30:00,CE,116.0,"24,5",itaitinga,-3.9629,-38.5155,1.0,0.0,0.0,Com Vítimas Feridas,Sim,Acumulo de água sobre o pavimento,Saída de leito carroçável,Pleno dia,Chuva,Múltipla,Reta,Sim,Crescente
753091,2026-02-18,quarta-feira,02:45:00,RN,101.0,45,maxaranguape,-5.4874,-35.32401,0.0,0.0,0.0,Sem Vítimas,Sim,Velocidade Incompatível,Capotamento,Plena Noite,Nublado,Simples,Reta,Não,Crescente
753092,2026-02-18,quarta-feira,09:40:00,BA,324.0,541,santo amaro,-12.601695,-38.73951,0.0,0.0,0.0,Sem Vítimas,Sim,Condutor deixou de manter distância do veículo da frente,Engavetamento,Pleno dia,Céu Claro,Dupla,Reta;Declive,Sim,Decrescente
753093,2026-02-18,quarta-feira,07:30:00,PE,232.0,"70,8",gravata,-8.178411,-35.489162,0.0,3.0,0.0,Com Vítimas Feridas,Não,Objeto estático sobre o leito carroçável,Colisão traseira,Pleno dia,Céu Claro,Dupla,Túnel,Não,Crescente
753094,2026-02-14,sábado,08:00:00,RJ,40.0,109,duque de caxias,-22.683031,-43.285526,1.0,0.0,0.0,Com Vítimas Feridas,Sim,Pedestre - Ingestão de álcool/ substâncias psicoativas,Queda de ocupante de veículo,Pleno dia,Sol,Dupla,Reta,Sim,Decrescente
753095,2026-02-18,quarta-feira,08:20:00,RR,401.0,13,boa vista,2.802723,-60.682743,0.0,0.0,0.0,Sem Vítimas,Sim,Demais falhas mecânicas ou elétricas,Incêndio,Pleno dia,Céu Claro,Simples,Reta;Interseção de Vias,Sim,Decrescente
753096,2026-02-18,quarta-feira,10:30:00,BA,324.0,542,amelia rodrigues,-12.3989725,-38.76336,0.0,0.0,0.0,Sem Vítimas,Sim,Condutor deixou de manter distância do veículo da frente,Engavetamento,Pleno dia,Céu Claro,Dupla,Reta,Sim,Decrescente
753097,2026-02-18,quarta-feira,09:30:00,RS,386.0,"168,5",carazinho,-28.225138,-52.819542,8.0,0.0,0.0,Com Vítimas Feridas,Não,Condutor deixou de manter distância do veículo da frente,Colisão lateral mesmo sentido,Pleno dia,Sol,Simples,Aclive,Não,Decrescente
753098,2026-02-18,quarta-feira,09:55:00,RJ,101.0,333,rio de janeiro,-22.880644,-43.21301,2.0,0.0,0.0,Com Vítimas Feridas,Não,Ultrapassagem Indevida,Colisão lateral mesmo sentido,Pleno dia,Céu Claro,Dupla,Reta,Não,Crescente
753099,2026-02-18,quarta-feira,10:00:00,RJ,101.0,420,mangaratiba,-22.917044,-43.930645,2.0,2.0,0.0,Com Vítimas Feridas,Sim,Transitar na contramão,Colisão transversal,Pleno dia,Sol,Simples,Curva,Sim,Crescente
753100,2026-02-18,quarta-feira,09:40:00,PR,277.0,609,santa tereza do oeste,-25.037271,-53.595036,9.0,0.0,0.0,Com Vítimas Feridas,Não,Reação tardia ou ineficiente do condutor,Queda de ocupante de veículo,Pleno dia,Céu Claro,Simples,Reta;Interseção de Vias,Sim,Decrescente
753101,2026-02-18,quarta-feira,08:35:00,SC,101.0,115,itajai,-26.87235,-48.7289,3.0,6.0,9.0,Com Vítimas Fatais,Sim,Ausência de reação do condutor,Incêndio,Pleno dia,Céu Claro,Múltipla,Reta,Sim,Crescente
753104,2026-02-18,quarta-feira,10:30:00,RJ,101.0,"420,5",mangaratiba,-22.919828,-43.953484,0.0,0.0,0.0,Sem Vítimas,Sim,Reação tardia ou ineficiente do condutor,Colisão traseira,Pleno dia,Céu Claro,Dupla,Reta,Não,Crescente
753105,2026-02-12,quinta-feira,13:30:00,PR,376.0,"515,8",ponta grossa,-25.266352,-49.963608,0.0,2.0,0.0,Com Vítimas Feridas,Sim,Ausência de reação do condutor,Tombamento,Pleno dia,Céu Claro,Dupla,Reta,Não,Decrescente
753108,2026-02-18,quarta-feira,09:50:00,RS,116.0,147,caxias do sul,-29.150675,-51.14572,0.0,3.0,0.0,Com Vítimas Feridas,Sim,Reação tardia ou ineficiente do condutor,Queda de ocupante de veículo,Pleno dia,Céu Claro,Múltipla,Reta;Interseção de Vias,Sim,Crescente
753109,2026-02-18,quarta-feira,09:00:00,BA,242.0,568,ibotirama,-12.1707325,-43.19659,3.0,0.0,0.0,Com Vítimas Feridas,Sim,Reação tardia ou ineficiente do condutor,Saída de leito carroçável,Pleno dia,Céu Claro,Simples,Reta,Não,Crescente
753110,2026-02-18,quarta-feira,10:07:00,MS,376.0,"14,1",dourados,-22.293234,-54.6052,4.0,0.0,0.0,Com Vítimas Feridas,Não,Ultrapassagem Indevida,Tombamento,Pleno dia,Céu Claro,Simples,Reta,Não,Decrescente
753111,2026-02-18,quarta-feira,05:17:00,MG,381.0,"693,5",lavras,-21.228231,-45.13204,0.0,15.0,60.0,Com Vítimas Fatais,Não,Transitar na contramão,Incêndio,Amanhecer,Céu Claro,Dupla,Curva;Declive,Não,Decrescente
753112,2026-02-18,quarta-feira,10:30:00,MG,262.0,"426,3",sao goncalo do para,-19.896727,-44.871418,0.0,1.0,0.0,Com Vítimas Feridas,Sim,Acessar a via sem observar a presença dos outros veículos,Atropelamento de Pedestre,Pleno dia,Sol,Dupla,Reta,Não,Decrescente
753113,2026-02-03,terça-feira,00:05:00,GO,364.0,352,mineiros,-17.379843,-52.925014,0.0,4.0,0.0,Com Vítimas Feridas,Não,Falta de elemento de contenção que evite a saída do leito carroçável,Capotamento,Plena Noite,Garoa/Chuvisco,Simples,Curva,Não,Crescente
753114,2026-02-18,quarta-feira,10:00:00,PA,316.0,95,sao francisco do para,-1.327317,-47.647476,0.0,24.0,0.0,Com Vítimas Feridas,Sim,Reação tardia ou ineficiente do condutor,Capotamento,Pleno dia,Chuva,Simples,Reta;Declive,Não,Decrescente
753115,2026-02-18,quarta-feira,11:12:00,SC,116.0,"251,3",lages,-27.847012,-50.379173,2.0,0.0,0.0,Com Vítimas Feridas,Sim,Desrespeitar a preferência no cruzamento,Colisão transversal,Pleno dia,Nublado,Simples,Curva;Interseção de Vias,Não,Decrescente
753116,2026-02-18,quarta-feira,11:20:00,SP,116.0,"87,5",pindamonhangaba,-22.931011,-45.362583,1.0,0.0,0.0,Com Vítimas Feridas,Sim,Velocidade Incompatível,Colisão traseira,Pleno dia,Sol,Dupla,Reta,Não,Crescente
753117,2026-01-23,sexta-feira,18:15:00,GO,70.0,319,jussara,-15.878398,-50.879303,1.0,0.0,0.0,Com Vítimas Feridas,Sim,Acessar a via sem observar a presença dos outros veículos,Colisão traseira,Pleno dia,Céu Claro,Dupla,Aclive,Sim,Decrescente
753118,2026-02-18,quarta-feira,12:00:00,MG,40.0,"755,9",santos dumont,-21.509554,-43.52805,0.0,0.0,0.0,Sem Vítimas,Sim,Demais falhas mecânicas ou elétricas,Incêndio,Pleno dia,Céu Claro,Dupla,Curva;Aclive,Não,Crescente
753120,2026-02-18,quarta-feira,07:40:00,SC,101.0,"325,5",capivari de baixo,-28.430412,-48.94689,2.0,0.0,0.0,Com Vítimas Feridas,Sim,Condutor deixou de manter distância do veículo da frente,Colisão traseira,Pleno dia,Nublado,Múltipla,Reta,Sim,Crescente
753121,2026-02-18,quarta-feira,11:50:00,PR,376.0,619,sao jose dos pinhais,-25.608297,-49.17164,3.0,0.0,0.0,Com Vítimas Feridas,Sim,Condutor deixou de manter distância do veículo da frente,Atropelamento de Pedestre,Pleno dia,Nublado,Dupla,Declive;Reta,Sim,Decrescente
753122,2026-02-18,quarta-feira,10:50:00,PR,476.0,"314,3",paulo frontin,-26.034601,-50.691845,0.0,6.0,0.0,Com Vítimas Feridas,Não,Curva acentuada,Colisão com objeto,Pleno dia,Céu Claro,Simples,Curva,Não,Decrescente
753123,2026-02-18,quarta-feira,12:00:00,SP,116.0,362,miracatu,-24.13525,-47.272236,1.0,0.0,0.0,Com Vítimas Feridas,Sim,Ausência de reação do condutor,Atropelamento de Pedestre,Pleno dia,Céu Claro,Dupla,Reta,Não,Decrescente
753124,2026-02-18,quarta-feira,06:50:00,PA,,,altamira,-3.1976788,-52.21826,0.0,0.0,0.0,Sem Vítimas,Não,Reação tardia ou ineficiente do condutor,Colisão com objeto,Pleno dia,Nublado,Simples,Reta;Aclive,Sim,Não Informado
753125,2026-02-18,quarta-feira,12:09:00,SC,101.0,"433,7",sombrio,-29.096268,-49.63417,1.0,0.0,0.0,Com Vítimas Feridas,Sim,Reação tardia ou ineficiente do condutor,Tombamento,Pleno dia,Nublado,Múltipla,Reta,Sim,Crescente
753126,2026-02-18,quarta-feira,09:40:00,MT,158.0,792,barra do garcas,-15.839162,-52.307407,2.0,0.0,0.0,Com Vítimas Feridas,Sim,Demais falhas mecânicas ou elétricas,Queda de ocupante de veículo,Pleno dia,Céu Claro,Simples,Reta,Não,Crescente
753127,2026-02-18,quarta-feira,10:30:00,RJ,116.0,134,mage,-22.653898,-43.152344,1.0,0.0,0.0,Com Vítimas Feridas,Sim,Mal súbito do condutor,Saída de leito carroçável,Pleno dia,Céu Claro,Dupla,Reta,Sim,Decrescente
753128,2026-02-15,domingo,00:10:00,BA,116.0,492,rafael jambeiro,-12.57222,-39.4967,2.0,0.0,0.0,Com Vítimas Feridas,Sim,Ingestão de álcool pelo condutor,Capotamento,Plena Noite,Céu Claro,Dupla,Reta,Não,Decrescente
753129,2026-02-18,quarta-feira,12:22:00,BA,110.0,394,sao sebastiao do passe,-12.50989,-38.49644,2.0,0.0,0.0,Com Vítimas Feridas,Sim,Desrespeitar a preferência no cruzamento,Colisão transversal,Pleno dia,Nublado,Simples,Interseção de Vias,Sim,Decrescente
753130,2026-02-18,quarta-feira,13:00:00,RJ,116.0,173,sao joao de meriti,-22.799057,-43.355247,1.0,0.0,0.0,Com Vítimas Feridas,Sim,Reação tardia ou ineficiente do condutor,Tombamento,Pleno dia,Céu Claro,Múltipla,Retorno Regulamentado;Reta,Sim,Crescente
753131,2026-02-18,quarta-feira,11:51:00,ES,101.0,141,linhares,-19.322687,-40.074017,1.0,0.0,0.0,Com Vítimas Feridas,Sim,Condutor deixou de manter distância do veículo da frente,Colisão traseira,Pleno dia,Céu Claro,Dupla,Interseção de Vias,Não,Crescente
753132,2026-02-18,quarta-feira,11:40:00,PI,343.0,283,campo maior,-4.848126,-42.192307,6.0,0.0,0.0,Com Vítimas Feridas,Sim,Ultrapassagem Indevida,Tombamento,Pleno dia,Céu Claro,Simples,Reta,Não,Decrescente
753133,2026-02-18,quarta-feira,12:00:00,SE,101.0,"43,1",japaratuba,-10.546477,-36.97025,1.0,0.0,0.0,Com Vítimas Feridas,Sim,Reação tardia ou ineficiente do condutor,Queda de ocupante de veículo,Pleno dia,Chuva,Dupla,Reta;Ponte,Não,Crescente
753134,2026-02-18,quarta-feira,13:30:00,MG,381.0,4,betim,-19.987,-44.179,6.0,0.0,0.0,Com Vítimas Feridas,Sim,Demais falhas mecânicas ou elétricas,Queda de ocupante de veículo,Pleno dia,Sol,Dupla,Reta,Sim,Crescente
753135,2026-02-18,quarta-feira,12:10:00,PR,369.0,158,cambe,-23.284384,-51.243366,0.0,0.0,0.0,Sem Vítimas,Sim,Velocidade Incompatível,Colisão traseira,Pleno dia,Céu Claro,Dupla,Reta,Sim,Decrescente
753136,2026-02-18,quarta-feira,12:45:00,PR,369.0,184,arapongas,-23.39048,-51.422077,12.0,0.0,0.0,Com Vítimas Feridas,Não,Acessar a via sem observar a presença dos outros veículos,Queda de ocupante de veículo,Pleno dia,Céu Claro,Simples,Reta,Sim,Crescente
753137,2026-02-01,domingo,06:30:00,AM,319.0,"32,5",careiro,-3.35554,-59.87873,9.0,0.0,0.0,Com Vítimas Feridas,Sim,Reação tardia ou ineficiente do condutor,Tombamento,Amanhecer,Céu Claro,Simples,Reta,Não,Decrescente
753138,2026-02-18,quarta-feira,12:50:00,SC,101.0,30,joinville,-26.229187,-48.91672,0.0,0.0,0.0,Sem Vítimas,Sim,Ausência de reação do condutor,Colisão com objeto,Pleno dia,Céu Claro,Múltipla,Reta;Declive,Não,Crescente
753139,2026-02-18,quarta-feira,10:10:00,RJ,101.0,30,campos dos goytacazes,-21.472649,-41.335106,0.0,0.0,0.0,Sem Vítimas,Sim,Demais falhas mecânicas ou elétricas,Incêndio,Pleno dia,Céu Claro,Simples,Curva,Não,Crescente
753140,2026-02-18,quarta-feira,10:50:00,CE,222.0,"128,9",itapaje,-3.70695,-39.62288,0.0,0.0,0.0,Sem Vítimas,Sim,Velocidade Incompatível,Tombamento,Pleno dia,Nublado,Simples,Curva,Sim,Crescente
753141,2026-02-18,quarta-feira,11:30:00,BA,116.0,"521,3",itatim,-12.705114,-39.722237,0.0,1.0,0.0,Com Vítimas Feridas,Sim,Conversão proibida,Colisão transversal,Pleno dia,Céu Claro,Simples,Reta;Interseção de Vias,Sim,Crescente
753142,2026-02-18,quarta-feira,13:20:00,SP,381.0,5,vargem,-22.878103,-46.39833,2.0,0.0,0.0,Com Vítimas Feridas,Sim,Condutor Dormindo,Capotamento,Pleno dia,Céu Claro,Dupla,Reta,Sim,Crescente
753143,2026-02-18,quarta-feira,13:30:00,SP,101.0,50,ubatuba,-23.446825,-45.080486,3.0,0.0,0.0,Com Vítimas Feridas,Sim,Acessar a via sem observar a presença dos outros veículos,Queda de ocupante de veículo,Pleno dia,Chuva,Simples,Reta,Sim,Decrescente
753144,2026-02-18,quarta-feira,13:50:00,DF,40.0,5,brasilia,-16.02398,-47.979477,0.0,2.0,0.0,Com Vítimas Feridas,Não,Velocidade Incompatível,Engavetamento,Pleno dia,Céu Claro,Dupla,Reta,Sim,Decrescente
753145,2026-02-18,quarta-feira,13:05:00,PB,101.0,"81,9",bayeux,-7.1289573,-34.93757,1.0,0.0,0.0,Com Vítimas Feridas,Sim,Ausência de reação do condutor,Colisão traseira,Pleno dia,Céu Claro,Dupla,Reta,Sim,Decrescente
753146,2026-02-18,quarta-feira,13:50:00,SC,101.0,157,porto belo,-27.1817,-48.612106,1.0,0.0,0.0,Com Vítimas Feridas,Sim,Reação tardia ou ineficiente do condutor,Saída de leito carroçável,Pleno dia,Céu Claro,Dupla,Reta,Sim,Crescente
753147,2026-02-18,quarta-feira,13:40:00,RS,158.0,"565,9",santana do livramento,-30.876427,-55.51073,2.0,0.0,0.0,Com Vítimas Feridas,Sim,Desrespeitar a preferência no cruzamento,Colisão transversal,Pleno dia,Sol,Simples,Interseção de Vias;Declive,Sim,Decrescente
753148,2026-02-18,quarta-feira,14:00:00,RJ,101.0,305,sao goncalo,-22.786074,-42.992077,6.0,0.0,0.0,Com Vítimas Feridas,Sim,Condutor deixou de manter distância do veículo da frente,Queda de ocupante de veículo,Pleno dia,Céu Claro,Dupla,Reta,Sim,Crescente