id,data_inversa,dia_semana,horario,uf,br,km,municipio,latitude,longitude,feridos_leves,feridos_graves,mortos,classificacao_acidente,causa_principal,causa_acidente,tipo_acidente,fase_dia,condicao_metereologica,tipo_pista,tracado_via,uso_solo,sentido_via
753255,2026-02-18,quarta-feira,23:35:00,MS,267.0,483,jardim,-21.480312,-56.158714,9.0,0.0,0.0,Com Vítimas Feridas,Não,Falta de acostamento,Queda de ocupante de veículo,Plena Noite,Céu Claro,Simples,Reta,Sim,Decrescente
753256,2026-02-19,quinta-feira,00:01:00,RJ,40.0,76,petropolis,-22.476866,-43.23607,1.0,0.0,0.0,Com Vítimas Feridas,Sim,Reação tardia ou ineficiente do condutor,Colisão com objeto,Pleno dia,Céu Claro,Dupla,Reta,Sim,Crescente
753257,2026-02-18,quarta-feira,23:28:00,BA,324.0,382,gaviao,-11.495211,-39.748585,4.0,0.0,0.0,Com Vítimas Feridas,Não,Deficiência do Sistema de Iluminação/Sinalização,Colisão traseira,Plena Noite,Nublado,Simples,Reta,Não,Crescente
753258,2026-02-19,quinta-feira,02:30:00,PE,408.0,96,jaboatao dos guararapes,-8.07704,-34.99205,0.0,2.0,0.0,Com Vítimas Feridas,Sim,Ausência de reação do condutor,Saída de leito carroçável,Plena Noite,Céu Claro,Dupla,Curva,Não,Crescente
753259,2026-02-19,quinta-feira,02:00:00,GO,364.0,289,mineiros,-17.590693,-52.459827,0.0,1.0,0.0,Com Vítimas Feridas,Sim,Reação tardia ou ineficiente do condutor,Tombamento,Plena Noite,Céu Claro,Simples,Curva,Não,Crescente
753260,2026-02-19,quinta-feira,03:00:00,PE,232.0,166,belo jardim,-8.340476,-36.342094,2.0,0.0,0.0,Com Vítimas Feridas,Sim,Ausência de reação do condutor,Saída de leito carroçável,Plena Noite,Céu Claro,Dupla,Reta,Não,Crescente
753261,2026-02-19,quinta-feira,04:25:00,RN,304.0,118,itaja,-5.6255207,-36.87333,1.0,0.0,0.0,Com Vítimas Feridas,Sim,Animais na Pista,Atropelamento de Animal,Plena Noite,Céu Claro,Simples,Reta,Não,Decrescente
753262,2026-02-19,quinta-feira,04:30:00,SC,101.0,115,itajai,-26.870117,-48.72978,6.0,0.0,0.0,Com Vítimas Feridas,Sim,Manobra de mudança de faixa,Tombamento,Plena Noite,Céu Claro,Dupla,Curva;Viaduto,Sim,Crescente
753263,2026-02-19,quinta-feira,02:10:00,MG,116.0,"342,8",campanario,-18.343945,-41.77053,0.0,12.0,2.0,Com Vítimas Fatais,Não,Condutor Dormindo,Colisão frontal,Plena Noite,Céu Claro,Simples,Reta,Não,Decrescente
753264,2026-02-19,quinta-feira,06:00:00,ES,101.0,"174,8",aracruz,-19.602102,-40.202934,2.0,0.0,0.0,Com Vítimas Feridas,Sim,Reação tardia ou ineficiente do condutor,Queda de ocupante de veículo,Pleno dia,Céu Claro,Simples,Declive;Reta,Sim,Decrescente
753266,2026-02-19,quinta-feira,05:35:00,MS,262.0,320,campo grande,-20.468779,-54.511806,0.0,4.0,0.0,Com Vítimas Feridas,Sim,Transitar no Acostamento,Queda de ocupante de veículo,Amanhecer,Nublado,Simples,Declive;Reta,Não,Decrescente
753267,2026-02-19,quinta-feira,06:50:00,RJ,116.0,315,resende,-22.464647,-44.48801,2.0,0.0,0.0,Com Vítimas Feridas,Não,Transitar no Acostamento,Atropelamento de Pedestre,Pleno dia,Sol,Dupla,Reta,Sim,Crescente
753268,2026-02-19,quinta-feira,07:00:00,SC,101.0,"204,4",sao jose,-27.578314,-48.613544,2.0,0.0,0.0,Com Vítimas Feridas,Sim,Trafegar com motocicleta (ou similar) entre as faixas,Queda de ocupante de veículo,Pleno dia,Céu Claro,Múltipla,Reta;Declive,Sim,Crescente
753269,2026-02-19,quinta-feira,06:30:00,ES,101.0,"8,1",sao mateus,-18.648947,-39.873444,1.0,0.0,0.0,Com Vítimas Feridas,Sim,Velocidade Incompatível,Tombamento,Pleno dia,Céu Claro,Simples,Curva;Aclive,Não,Crescente
753270,2026-02-19,quinta-feira,06:55:00,PE,423.0,95,garanhuns,-8.87935,-36.48002,2.0,0.0,0.0,Com Vítimas Feridas,Sim,Ausência de reação do condutor,Queda de ocupante de veículo,Pleno dia,Céu Claro,Simples,Reta,Sim,Decrescente
753271,2026-02-19,quinta-feira,05:30:00,MG,50.0,152,uberaba,-19.566187,-48.031532,6.0,0.0,0.0,Com Vítimas Feridas,Não,Sinalização mal posicionada,Colisão traseira,Amanhecer,Céu Claro,Dupla,Aclive;Reta,Não,Decrescente
753272,2026-02-19,quinta-feira,07:00:00,RJ,40.0,122,duque de caxias,-22.794645,-43.28762,3.0,0.0,0.0,Com Vítimas Feridas,Sim,Ausência de reação do condutor,Queda de ocupante de veículo,Pleno dia,Céu Claro,Múltipla,Reta,Sim,Crescente
753273,2026-02-18,quarta-feira,17:31:00,PA,230.0,1125,itaituba,-4.3174,-55.9572,6.0,0.0,0.0,Com Vítimas Feridas,Não,Transitar na contramão,Tombamento,Anoitecer,Nublado,Simples,Reta,Não,Crescente
753274,2026-02-19,quinta-feira,07:30:00,ES,101.0,"116,8",linhares,-19.117846,-40.062363,1.0,0.0,0.0,Com Vítimas Feridas,Sim,Acessar a via sem observar a presença dos outros veículos,Colisão transversal,Pleno dia,Céu Claro,Simples,Reta,Não,Crescente
753275,2026-02-19,quinta-feira,06:40:00,ES,262.0,35,domingos martins,-20.38064,-40.56861,1.0,0.0,0.0,Com Vítimas Feridas,Sim,Reação tardia ou ineficiente do condutor,Engavetamento,Pleno dia,Sol,Simples,Curva,Não,Decrescente
753276,2026-02-19,quinta-feira,06:49:00,RJ,101.0,328,rio de janeiro,-22.869331,-43.17556,1.0,0.0,0.0,Com Vítimas Feridas,Sim,Demais falhas mecânicas ou elétricas,Queda de ocupante de veículo,Pleno dia,Sol,Múltipla,Reta,Sim,Crescente
753277,2026-02-19,quinta-feira,06:53:00,RN,304.0,"303,7",parnamirim,-5.884545,-35.282516,9.0,0.0,0.0,Com Vítimas Feridas,Sim,Acesso irregular,Queda de ocupante de veículo,Pleno dia,Céu Claro,Dupla,Reta,Sim,Decrescente
753278,2026-02-19,quinta-feira,07:20:00,SC,101.0,"214,2",palhoca,-27.64862,-48.673412,0.0,2.0,0.0,Com Vítimas Feridas,Sim,Ausência de reação do condutor,Tombamento,Pleno dia,Céu Claro,Múltipla,Reta,Sim,Decrescente
753279,2026-02-19,quinta-feira,07:10:00,SC,101.0,96,balneario picarras,-26.73268,-48.700325,1.0,0.0,0.0,Com Vítimas Feridas,Sim,Reação tardia ou ineficiente do condutor,Colisão traseira,Pleno dia,Céu Claro,Dupla,Reta,Sim,Decrescente
753280,2026-02-19,quinta-feira,07:30:00,PR,376.0,182,maringa,-23.432093,-51.886623,0.0,1.0,0.0,Com Vítimas Feridas,Sim,Acessar a via sem observar a presença dos outros veículos,Colisão lateral mesmo sentido,Pleno dia,Céu Claro,Múltipla,Interseção de Vias,Sim,Decrescente
753281,2026-02-19,quinta-feira,07:50:00,SC,101.0,201,sao jose,-27.548538,-48.61997,2.0,0.0,0.0,Com Vítimas Feridas,Não,Manobra de mudança de faixa,Colisão lateral mesmo sentido,Pleno dia,Sol,Múltipla,Reta,Sim,Crescente
753284,2026-02-19,quinta-feira,08:25:00,SC,101.0,"203,2",sao jose,-27.567392,-48.61404,12.0,0.0,0.0,Com Vítimas Feridas,Sim,Trafegar com motocicleta (ou similar) entre as faixas,Queda de ocupante de veículo,Pleno dia,Céu Claro,Múltipla,Reta;Declive,Sim,Crescente
753285,2026-02-07,sábado,11:10:00,ES,101.0,"339,9",guarapari,-20.64721,-40.567005,4.0,0.0,0.0,Com Vítimas Feridas,Sim,Demais falhas mecânicas ou elétricas,Colisão com objeto,Pleno dia,Céu Claro,Dupla,Reta,Não,Crescente
753286,2026-02-19,quinta-feira,01:30:00,RJ,40.0,100,duque de caxias,-22.601135,-43.28287,2.0,0.0,0.0,Com Vítimas Feridas,Sim,Ausência de reação do condutor,Capotamento,Plena Noite,Garoa/Chuvisco,Múltipla,Reta,Sim,Crescente
753287,2026-02-19,quinta-feira,08:40:00,RN,101.0,85,sao goncalo do amarante,-5.777248,-35.250168,6.0,0.0,0.0,Com Vítimas Feridas,Sim,Condutor deixou de manter distância do veículo da frente,Tombamento,Pleno dia,Céu Claro,Dupla,Reta,Sim,Crescente
753288,2026-02-19,quinta-feira,07:30:00,RJ,101.0,425,mangaratiba,-22.929667,-43.976185,0.0,1.0,0.0,Com Vítimas Feridas,Sim,Retorno proibido,Colisão transversal,Pleno dia,Céu Claro,Simples,Reta;Aclive,Sim,Crescente
753289,2026-02-19,quinta-feira,08:15:00,SE,235.0,11,nossa senhora do socorro,-10.878646,-37.14942,2.0,0.0,0.0,Com Vítimas Feridas,Sim,Reação tardia ou ineficiente do condutor,Colisão transversal,Pleno dia,Céu Claro,Simples,Curva,Não,Decrescente
753290,2026-02-19,quinta-feira,08:45:00,MA,135.0,"5,6",sao luis,-2.626382,-44.261284,0.0,0.0,0.0,Sem Vítimas,Não,Velocidade Incompatível,Colisão transversal,Pleno dia,Céu Claro,Dupla,Reta;Retorno Regulamentado,Sim,Decrescente
753291,2026-02-19,quinta-feira,08:50:00,SC,101.0,278,imbituba,-28.179987,-48.695538,0.0,2.0,0.0,Com Vítimas Feridas,Sim,Manobra de mudança de faixa,Tombamento,Pleno dia,Céu Claro,Múltipla,Reta,Não,Decrescente
753292,2026-02-19,quinta-feira,07:30:00,SC,282.0,530,cordilheira alta,-26.986567,-52.605434,1.0,0.0,0.0,Com Vítimas Feridas,Sim,Acessar a via sem observar a presença dos outros veículos,Colisão transversal,Pleno dia,Céu Claro,Simples,Curva;Aclive;Interseção de Vias,Sim,Decrescente
753293,2026-02-19,quinta-feira,07:35:00,MG,50.0,127,uberaba,-19.398264,-48.068108,3.0,0.0,0.0,Com Vítimas Feridas,Sim,Reação tardia ou ineficiente do condutor,Tombamento,Pleno dia,Céu Claro,Dupla,Curva,Não,Crescente
753294,2026-02-19,quinta-feira,07:30:00,MT,364.0,"397,2",cuiaba,-15.669482,-55.953133,1.0,0.0,0.0,Com Vítimas Feridas,Sim,Acessar a via sem observar a presença dos outros veículos,Colisão lateral mesmo sentido,Pleno dia,Céu Claro,Dupla,Reta,Não,Decrescente
753295,2026-02-19,quinta-feira,07:40:00,PE,104.0,"31,7",caruaru,-8.01549,-36.05285,1.0,1.0,0.0,Com Vítimas Feridas,Sim,Ausência de reação do condutor,Colisão frontal,Pleno dia,Céu Claro,Simples,Curva,Sim,Decrescente
753296,2026-01-10,sábado,08:22:00,MT,364.0,278,jaciara,-15.940772,-55.018227,0.0,1.0,0.0,Com Vítimas Feridas,Sim,Ausência de reação do condutor,Saída de leito carroçável,Pleno dia,Céu Claro,Dupla,Curva;Declive,Não,Decrescente
753297,2026-02-19,quinta-feira,08:07:00,CE,304.0,"40,2",aracati,-4.5798044,-37.848812,3.0,0.0,0.0,Com Vítimas Feridas,Sim,Acessar a via sem observar a presença dos outros veículos,Colisão transversal,Pleno dia,Céu Claro,Simples,Reta,Não,Decrescente
753298,2026-02-19,quinta-feira,08:40:00,SC,282.0,"16,2",palhoca,-27.661036,-48.683933,3.0,0.0,0.0,Com Vítimas Feridas,Sim,Transitar no Acostamento,Queda de ocupante de veículo,Pleno dia,Céu Claro,Simples,Interseção de Vias;Reta,Sim,Decrescente
753299,2026-02-19,quinta-feira,07:54:00,PE,232.0,14,jaboatao dos guararapes,-8.085605,-35.00175,1.0,0.0,0.0,Com Vítimas Feridas,Sim,Condutor deixou de manter distância do veículo da frente,Colisão traseira,Pleno dia,Céu Claro,Dupla,Reta,Não,Decrescente
753300,2026-02-19,quinta-feira,08:42:00,RJ,101.0,66,campos dos goytacazes,-21.766884,-41.346382,1.0,0.0,0.0,Com Vítimas Feridas,Sim,Manobra de mudança de faixa,Colisão lateral mesmo sentido,Pleno dia,Céu Claro,Dupla,Reta;Interseção de Vias,Sim,Decrescente
753301,2026-01-27,terça-feira,08:40:00,SP,116.0,219,guarulhos,-23.460367,-46.48713,0.0,0.0,0.0,Sem Vítimas,Sim,Ausência de reação do condutor,Colisão traseira,Pleno dia,Céu Claro,Dupla,Reta,Sim,Crescente
753302,2026-02-19,quinta-feira,07:25:00,RS,468.0,"104,9",tres passos,-27.444967,-53.949318,4.0,0.0,0.0,Com Vítimas Feridas,Sim,Acessar a via sem observar a presença dos outros veículos,Tombamento,Pleno dia,Sol,Simples,Rotatória,Sim,Crescente
753303,2026-02-18,quarta-feira,17:30:00,BA,101.0,406,ibirapitanga,-14.036857,-39.41796,1.0,2.0,0.0,Com Vítimas Feridas,Sim,Reação tardia ou ineficiente do condutor,Atropelamento de Pedestre,Anoitecer,Nublado,Simples,Curva;Aclive,Não,Crescente
753304,2026-02-19,quinta-feira,08:24:00,MA,10.0,"254,6",imperatriz,-5.508166,-47.471752,1.0,1.0,0.0,Com Vítimas Feridas,Sim,Acessar a via sem observar a presença dos outros veículos,Colisão lateral sentido oposto,Pleno dia,Céu Claro,Simples,Reta,Sim,Crescente
753305,2026-02-19,quinta-feira,05:41:00,MG,262.0,366,juatuba,-19.9565,-44.36598,0.0,0.0,1.0,Com Vítimas Fatais,Sim,Mal súbito do condutor,Queda de ocupante de veículo,Amanhecer,Céu Claro,Dupla,Reta,Sim,Decrescente
753306,2026-02-01,domingo,04:30:00,SC,282.0,0,florianopolis,-27.598156,-48.571335,1.0,0.0,0.0,Com Vítimas Feridas,Sim,Acesso irregular,Colisão traseira,Plena Noite,Céu Claro,Dupla,Reta,Não,Crescente
753307,2026-02-19,quinta-feira,08:30:00,PR,277.0,78,curitiba,-25.482796,-49.19283,0.0,0.0,0.0,Sem Vítimas,Sim,Ausência de reação do condutor,Colisão traseira,Pleno dia,Céu Claro,Dupla,Declive;Reta,Sim,Decrescente
753308,2026-02-19,quinta-feira,07:45:00,PR,116.0,10,campina grande do sul,-25.08263,-48.641804,4.0,0.0,0.0,Com Vítimas Feridas,Sim,Reação tardia ou ineficiente do condutor,Capotamento,Pleno dia,Garoa/Chuvisco,Dupla,Curva;Aclive,Não,Crescente
753309,2026-02-19,quinta-feira,08:12:00,PI,316.0,"6,8",teresina,-5.153545,-42.77258,4.0,0.0,0.0,Com Vítimas Feridas,Não,Estacionar ou parar em local proibido,Colisão traseira,Pleno dia,Céu Claro,Múltipla,Reta,Sim,Crescente
753310,2026-02-19,quinta-feira,08:30:00,BA,101.0,262,santo antonio de jesus,-12.975585,-39.275723,1.0,0.0,0.0,Com Vítimas Feridas,Sim,Acessar a via sem observar a presença dos outros veículos,Colisão transversal,Pleno dia,Céu Claro,Simples,Aclive;Reta,Sim,Decrescente
753311,2026-02-19,quinta-feira,09:30:00,GO,452.0,159,bom jesus de goias,-18.21077,-49.757397,0.0,0.0,0.0,Sem Vítimas,Sim,Demais falhas mecânicas ou elétricas,Incêndio,Pleno dia,Céu Claro,Simples,Reta,Não,Crescente
753312,2026-02-19,quinta-feira,10:24:00,PE,101.0,49,abreu e lima,-7.90036,-34.90184,4.0,0.0,0.0,Com Vítimas Feridas,Não,Reação tardia ou ineficiente do condutor,Colisão traseira,Pleno dia,Céu Claro,Múltipla,Reta;Declive,Sim,Decrescente
753313,2026-02-19,quinta-feira,07:50:00,RO,364.0,342,ji-parana,-10.878826,-61.94501,0.0,12.0,0.0,Com Vítimas Feridas,Não,Reação tardia ou ineficiente do condutor,Queda de ocupante de veículo,Pleno dia,Céu Claro,Dupla,Reta,Sim,Crescente
753314,2026-02-19,quinta-feira,09:57:00,BA,415.0,23,ilheus,-14.79907,-39.17176,1.0,0.0,0.0,Com Vítimas Feridas,Sim,Reação tardia ou ineficiente do condutor,Colisão traseira,Pleno dia,Céu Claro,Simples,Reta,Sim,Decrescente
753315,2026-02-19,quinta-feira,09:00:00,PR,373.0,"204,3",ipiranga,-25.12488,-50.43954,0.0,2.0,0.0,Com Vítimas Feridas,Sim,Mal súbito do condutor,Saída de leito carroçável,Pleno dia,Céu Claro,Simples,Curva,Não,Decrescente
753316,2026-02-19,quinta-feira,08:30:00,RS,101.0,11,dom pedro de alcantara,-29.380255,-49.829967,1.0,0.0,0.0,Com Vítimas Feridas,Sim,Ausência de reação do condutor,Saída de leito carroçável,Pleno dia,Sol,Dupla,Reta,Não,Decrescente
753317,2026-02-19,quinta-feira,11:10:00,RJ,101.0,319,niteroi,-22.859161,-43.105965,2.0,0.0,0.0,Com Vítimas Feridas,Sim,Trafegar com motocicleta (ou similar) entre as faixas,Colisão lateral mesmo sentido,Pleno dia,Céu Claro,Dupla,Curva,Não,Crescente
753319,2026-02-19,quinta-feira,10:40:00,MG,381.0,705,lavras,-21.317701,-45.16762,2.0,0.0,0.0,Com Vítimas Feridas,Sim,Reação tardia ou ineficiente do condutor,Saída de leito carroçável,Pleno dia,Chuva,Dupla,Curva;Declive,Não,Decrescente
753321,2026-02-19,quinta-feira,10:00:00,ES,101.0,429,atilio vivacqua,-21.029617,-41.165035,1.0,0.0,0.0,Com Vítimas Feridas,Sim,Condutor deixou de manter distância do veículo da frente,Colisão traseira,Pleno dia,Céu Claro,Simples,Curva,Não,Crescente
753322,2026-02-19,quinta-feira,11:25:00,RS,386.0,"425,8",montenegro,-29.819647,-51.361473,4.0,0.0,0.0,Com Vítimas Feridas,Não,Manobra de mudança de faixa,Tombamento,Pleno dia,Céu Claro,Simples,Reta,Não,Crescente
753323,2026-02-19,quinta-feira,08:35:00,PE,232.0,45,vitoria de santo antao,-8.128093,-35.281693,2.0,0.0,0.0,Com Vítimas Feridas,Sim,Demais falhas mecânicas ou elétricas,Colisão com objeto,Pleno dia,Céu Claro,Dupla,Reta,Não,Crescente
753324,2026-02-19,quinta-feira,10:40:00,RN,304.0,157,fernando pedroza,-5.6944375,-36.528297,0.0,1.0,0.0,Com Vítimas Feridas,Sim,Acessar a via sem observar a presença dos outros veículos,Colisão lateral mesmo sentido,Pleno dia,Céu Claro,Simples,Reta,Não,Decrescente
753325,2026-02-15,domingo,04:00:00,PR,376.0,187,marialva,-23.45906,-51.84105,18.0,0.0,0.0,Com Vítimas Feridas,Não,Reação tardia ou ineficiente do condutor,Capotamento,Plena Noite,Céu Claro,Dupla,Reta,Não,Crescente
753326,2026-02-19,quinta-feira,12:30:00,SC,101.0,"206,8",sao jose,-27.599257,-48.62171,3.0,3.0,0.0,Com Vítimas Feridas,Sim,Desrespeitar a preferência no cruzamento,Colisão lateral mesmo sentido,Pleno dia,Céu Claro,Múltipla,Reta;Interseção de Vias,Sim,Decrescente
753327,2026-02-08,domingo,15:50:00,MS,60.0,"56,6",paraiso das aguas,-19.233011,-53.12818,0.0,6.0,0.0,Com Vítimas Feridas,Sim,Ausência de reação do condutor,Capotamento,Pleno dia,Nublado,Simples,Reta,Não,Crescente
753328,2026-02-19,quinta-feira,12:30:00,MG,262.0,779,uberaba,-19.761301,-47.84574,0.0,0.0,0.0,Sem Vítimas,Sim,Demais falhas mecânicas ou elétricas,Incêndio,Pleno dia,Céu Claro,Simples,Reta,Não,Decrescente
753329,2026-02-19,quinta-feira,12:20:00,TO,226.0,"1,2",aguiarnopolis,-6.562339,-47.469456,0.0,0.0,0.0,Sem Vítimas,Sim,Ingestão de álcool pelo condutor,Colisão com objeto,Pleno dia,Sol,Simples,Reta;Declive,Sim,Decrescente
753330,2026-02-19,quinta-feira,12:30:00,DF,20.0,"56,9",brasilia,-15.587111,-47.359974,2.0,0.0,0.0,Com Vítimas Feridas,Sim,Velocidade Incompatível,Capotamento,Pleno dia,Céu Claro,Dupla,Curva,Não,Crescente
753331,2026-02-19,quinta-feira,12:59:00,SE,235.0,0,aracaju,-10.910015,-37.07511,1.0,0.0,0.0,Com Vítimas Feridas,Sim,Manobra de mudança de faixa,Colisão lateral mesmo sentido,Pleno dia,Céu Claro,Dupla,Rotatória;Curva,Sim,Crescente
753332,2026-02-19,quinta-feira,12:50:00,SP,116.0,"158,7",jacarei,-23.2623,-45.954304,2.0,0.0,0.0,Com Vítimas Feridas,Sim,Reação tardia ou ineficiente do condutor,Colisão com objeto,Pleno dia,Sol,Dupla,Reta,Sim,Decrescente
753333,2026-02-08,domingo,12:45:00,PR,369.0,159,cambe,-23.283297,-51.24813,6.0,0.0,0.0,Com Vítimas Feridas,Não,Condutor deixou de manter distância do veículo da frente,Queda de ocupante de veículo,Pleno dia,Céu Claro,Dupla,Reta,Sim,Crescente
753334,2026-02-19,quinta-feira,11:40:00,PE,423.0,95,garanhuns,-8.879253,-36.485348,6.0,0.0,0.0,Com Vítimas Feridas,Sim,Demais falhas na via,Queda de ocupante de veículo,Pleno dia,Nublado,Simples,Reta,Sim,Crescente
753335,2026-02-19,quinta-feira,13:05:00,PR,277.0,1,paranagua,-25.50583,-48.52573,1.0,0.0,0.0,Com Vítimas Feridas,Sim,Ausência de reação do condutor,Colisão lateral mesmo sentido,Pleno dia,Céu Claro,Simples,Reta,Sim,Crescente
753338,2026-02-19,quinta-feira,13:15:00,GO,40.0,"10,5",luziania,-16.133724,-47.955536,3.0,0.0,0.0,Com Vítimas Feridas,Não,Velocidade Incompatível,Colisão traseira,Pleno dia,Céu Claro,Dupla,Reta,Sim,Decrescente
753339,2026-02-19,quinta-feira,13:10:00,PB,230.0,"27,5",joao pessoa,-7.165236,-34.891254,2.0,0.0,0.0,Com Vítimas Feridas,Sim,Manobra de mudança de faixa,Colisão lateral mesmo sentido,Pleno dia,Céu Claro,Dupla,Reta,Sim,Decrescente
753340,2026-02-19,quinta-feira,11:00:00,PI,316.0,"52,9",monsenhor gil,-5.51958,-42.640324,9.0,0.0,0.0,Com Vítimas Feridas,Sim,Transitar na contramão,Colisão frontal,Pleno dia,Sol,Simples,Curva;Aclive,Não,Decrescente
753341,2026-02-19,quinta-feira,11:00:00,RJ,116.0,142,rio de janeiro,-22.813772,-43.287838,1.0,0.0,0.0,Com Vítimas Feridas,Sim,Acessar a via sem observar a presença dos outros veículos,Queda de ocupante de veículo,Pleno dia,Céu Claro,Dupla,Curva,Não,Crescente
753342,2026-01-14,quarta-feira,17:14:00,PR,376.0,183,sarandi,-23.436087,-51.880142,1.0,0.0,0.0,Com Vítimas Feridas,Sim,Manobra de mudança de faixa,Colisão lateral mesmo sentido,Pleno dia,Ignorado,Dupla,Reta,Sim,Decrescente
753343,2026-02-19,quinta-feira,14:15:00,MG,40.0,"736,9",santos dumont,-21.434534,-43.552208,2.0,0.0,0.0,Com Vítimas Feridas,Sim,Acessar a via sem observar a presença dos outros veículos,Tombamento,Pleno dia,Sol,Simples,Reta;Interseção de Vias,Não,Decrescente
753345,2026-02-19,quinta-feira,12:50:00,RJ,101.0,422,mangaratiba,-22.91764,-43.950123,1.0,0.0,0.0,Com Vítimas Feridas,Sim,Reação tardia ou ineficiente do condutor,Colisão traseira,Pleno dia,Céu Claro,Simples,Reta,Sim,Decrescente
753346,2026-02-19,quinta-feira,14:45:00,AP,210.0,1,macapa,0.08186686,-51.076218,6.0,0.0,0.0,Com Vítimas Feridas,Não,Condutor deixou de manter distância do veículo da frente,Queda de ocupante de veículo,Pleno dia,Sol,Dupla,Reta,Sim,Crescente
753347,2026-02-19,quinta-feira,14:40:00,SC,101.0,"274,8",imbituba,-28.14756,-48.6918,0.0,0.0,3.0,Com Vítimas Fatais,Sim,Condutor deixou de manter distância do veículo da frente,Queda de ocupante de veículo,Pleno dia,Nublado,Múltipla,Reta,Sim,Decrescente
753348,2026-02-19,quinta-feira,14:20:00,ES,101.0,"339,9",guarapari,-20.644262,-40.563,0.0,0.0,0.0,Sem Vítimas,Sim,Demais falhas mecânicas ou elétricas,Incêndio,Pleno dia,Céu Claro,Dupla,Reta,Não,Crescente
753349,2026-02-19,quinta-feira,15:25:00,SC,470.0,"85,4",rodeio,-26.952602,-49.35365,2.0,2.0,2.0,Com Vítimas Fatais,Sim,Manobra de mudança de faixa,Colisão com objeto,Pleno dia,Céu Claro,Simples,Reta,Não,Crescente
753350,2026-02-19,quinta-feira,15:30:00,TO,153.0,700,cariri do tocantins,-11.947418,-49.193043,1.0,0.0,0.0,Com Vítimas Feridas,Sim,Frear bruscamente,Colisão traseira,Pleno dia,Nublado,Simples,Reta,Não,Crescente
753351,2026-02-11,quarta-feira,20:40:00,PR,277.0,"498,3",guaraniacu,-25.183554,-52.66665,4.0,0.0,0.0,Com Vítimas Feridas,Sim,Desrespeitar a preferência no cruzamento,Incêndio,Plena Noite,Céu Claro,Simples,Curva;Declive,Não,Decrescente
753352,2026-02-19,quinta-feira,13:30:00,PA,230.0,113,maraba,-5.367216,-49.05639,0.0,0.0,15.0,Com Vítimas Fatais,Não,Reação tardia ou ineficiente do condutor,Incêndio,Pleno dia,Céu Claro,Simples,Reta;Declive,Não,Crescente
753353,2026-02-19,quinta-feira,14:10:00,MT,163.0,780,sorriso,-12.335516,-55.590176,0.0,0.0,0.0,Sem Vítimas,Não,Condutor deixou de manter distância do veículo da frente,Colisão traseira,Pleno dia,Céu Claro,Dupla,Reta;Declive,Não,Decrescente
753354,2026-02-19,quinta-feira,13:45:00,RO,364.0,13,vilhena,-12.740591,-60.13302,18.0,0.0,0.0,Com Vítimas Feridas,Não,Reação tardia ou ineficiente do condutor,Queda de ocupante de veículo,Pleno dia,Céu Claro,Dupla,Rotatória,Sim,Crescente
753355,2026-02-19,quinta-feira,14:50:00,SC,280.0,"286,8",irineopolis,-26.29381,-50.89452,0.0,0.0,0.0,Sem Vítimas,Sim,Transitar na contramão,Colisão transversal,Pleno dia,Céu Claro,Simples,Reta;Declive,Não,Crescente
753356,2026-02-19,quinta-feira,15:05:00,RJ,493.0,93,seropedica,-22.693943,-43.687923,1.0,0.0,0.0,Com Vítimas Feridas,Sim,Ausência de reação do condutor,Saída de leito carroçável,Pleno dia,Céu Claro,Dupla,Reta,Não,Decrescente
753357,2026-02-19,quinta-feira,13:10:00,PR,277.0,715,santa terezinha de itaipu,-25.465012,-54.44884,0.0,0.0,0.0,Sem Vítimas,Sim,Reação tardia ou ineficiente do condutor,Colisão traseira,Pleno dia,Céu Claro,Dupla,Reta,Não,Decrescente
753358,2026-02-19,quinta-feira,14:45:00,RS,116.0,"519,2",pelotas,-31.695694,-52.35679,1.0,0.0,0.0,Com Vítimas Feridas,Sim,Ausência de reação do condutor,Queda de ocupante de veículo,Pleno dia,Nublado,Dupla,Reta,Sim,Crescente
753359,2026-02-19,quinta-feira,15:40:00,RN,101.0,"81,5",natal,-5.766025,-35.27934,0.0,6.0,0.0,Com Vítimas Feridas,Não,Condutor deixou de manter distância do veículo da frente,Queda de ocupante de veículo,Pleno dia,Céu Claro,Dupla,Reta,Sim,Decrescente
753360,2026-02-19,quinta-feira,11:45:00,RJ,101.0,454,mangaratiba,-22.935257,-43.99874,1.0,0.0,0.0,Com Vítimas Feridas,Sim,Acesso irregular,Colisão transversal,Pleno dia,Céu Claro,Simples,Reta,Não,Decrescente
753361,2026-02-19,quinta-feira,15:30:00,SP,116.0,109,taubate,-23.027805,-45.54419,3.0,0.0,0.0,Com Vítimas Feridas,Sim,Condutor deixou de manter distância do veículo da frente,Engavetamento,Pleno dia,Céu Claro,Dupla,Reta,Sim,Crescente
753362,2026-01-18,domingo,03:30:00,MG,116.0,710,muriae,-21.178425,-42.372913,0.0,2.0,0.0,Com Vítimas Feridas,Sim,Velocidade Incompatível,Colisão com objeto,Plena Noite,Céu Claro,Simples,Declive;Curva,Não,Decrescente
753363,2026-02-19,quinta-feira,15:55:00,GO,50.0,201,campo alegre de goias,-17.589869,-47.809185,16.0,0.0,0.0,Com Vítimas Feridas,Não,Condutor Dormindo,Eventos atípicos,Pleno dia,Céu Claro,Dupla,Reta,Não,Decrescente