id,data_inversa,dia_semana,horario,uf,br,km,municipio,latitude,longitude,feridos_leves,feridos_graves,mortos,classificacao_acidente,causa_principal,causa_acidente,tipo_acidente,fase_dia,condicao_metereologica,tipo_pista,tracado_via,uso_solo,sentido_via
753364,2026-02-19,quinta-feira,15:40:00,MG,40.0,"632,2",conselheiro lafaiete,-20.677898,-43.795902,6.0,0.0,0.0,Com Vítimas Feridas,Sim,Manobra de mudança de faixa,Queda de ocupante de veículo,Pleno dia,Céu Claro,Dupla,Reta;Declive,Sim,Crescente
753365,2026-02-19,quinta-feira,15:49:00,PI,343.0,"2,4",teresina,-5.081572,-42.77135,0.0,3.0,0.0,Com Vítimas Feridas,Sim,Manobra de mudança de faixa,Queda de ocupante de veículo,Pleno dia,Sol,Dupla,Retorno Regulamentado,Sim,Crescente
753366,2026-02-19,quinta-feira,15:45:00,RJ,116.0,176,sao joao de meriti,-22.783873,-43.381832,4.0,0.0,0.0,Com Vítimas Feridas,Não,Velocidade Incompatível,Queda de ocupante de veículo,Pleno dia,Nublado,Dupla,Reta,Sim,Crescente
753367,2026-01-18,domingo,17:45:00,SC,101.0,208,sao jose,-27.60293,-48.6313,0.0,0.0,0.0,Sem Vítimas,Sim,Condutor deixou de manter distância do veículo da frente,Colisão traseira,Pleno dia,Chuva,Múltipla,Reta,Sim,Decrescente
753368,2026-02-19,quinta-feira,16:00:00,PB,230.0,"22,9",joao pessoa,-7.158123,-34.858753,1.0,0.0,0.0,Com Vítimas Feridas,Sim,Condutor deixou de manter distância do veículo da frente,Tombamento,Pleno dia,Céu Claro,Dupla,Reta,Sim,Decrescente
753369,2026-02-19,quinta-feira,16:10:00,MG,40.0,"455,1",caetanopolis,-19.357782,-44.347237,4.0,0.0,0.0,Com Vítimas Feridas,Não,Velocidade Incompatível,Capotamento,Pleno dia,Céu Claro,Dupla,Reta;Declive,Não,Decrescente
753370,2026-02-19,quinta-feira,15:40:00,SP,381.0,31,atibaia,-23.053501,-46.568558,1.0,0.0,0.0,Com Vítimas Feridas,Sim,Acumulo de areia ou detritos sobre o pavimento,Queda de ocupante de veículo,Pleno dia,Céu Claro,Dupla,Reta,Não,Crescente
753371,2026-02-15,domingo,19:30:00,GO,153.0,204,uruacu,-14.469654,-49.156044,0.0,0.0,0.0,Sem Vítimas,Não,Ausência de reação do condutor,Colisão traseira,Plena Noite,Céu Claro,Simples,Reta,Não,Crescente
753372,2026-02-19,quinta-feira,16:25:00,TO,153.0,692,cariri do tocantins,-11.888202,-49.164818,3.0,0.0,0.0,Com Vítimas Feridas,Sim,Acessar a via sem observar a presença dos outros veículos,Queda de ocupante de veículo,Pleno dia,Céu Claro,Simples,Retorno Regulamentado;Reta,Sim,Crescente
753373,2026-02-19,quinta-feira,12:25:00,MG,40.0,"530,8",contagem,-19.920599,-44.02679,2.0,0.0,0.0,Com Vítimas Feridas,Não,Manobra de mudança de faixa,Colisão lateral mesmo sentido,Pleno dia,Céu Claro,Dupla,Curva;Retorno Regulamentado,Sim,Crescente
753374,2026-02-19,quinta-feira,16:35:00,PE,101.0,58,recife,-7.97136,-34.92089,18.0,0.0,0.0,Com Vítimas Feridas,Não,Condutor deixou de manter distância do veículo da frente,Queda de ocupante de veículo,Pleno dia,Céu Claro,Dupla,Reta,Não,Decrescente
753375,2026-02-19,quinta-feira,15:50:00,MG,262.0,359,juatuba,-19.972822,-44.304546,3.0,0.0,0.0,Com Vítimas Feridas,Sim,Ausência de reação do condutor,Queda de ocupante de veículo,Pleno dia,Chuva,Dupla,Curva,Não,Crescente
753376,2026-02-19,quinta-feira,15:15:00,SP,153.0,205,getulina,-21.867785,-49.906574,4.0,0.0,0.0,Com Vítimas Feridas,Não,Reação tardia ou ineficiente do condutor,Tombamento,Pleno dia,Céu Claro,Simples,Reta;Declive,Não,Crescente
753377,2026-02-19,quinta-feira,15:00:00,PB,230.0,"218,2",soledade,-7.047145,-36.38928,12.0,18.0,0.0,Com Vítimas Feridas,Não,Manobra de mudança de faixa,Saída de leito carroçável,Pleno dia,Céu Claro,Simples,Reta,Não,Crescente
753378,2026-02-19,quinta-feira,15:40:00,RO,364.0,427,jaru,-10.426712,-62.488495,6.0,0.0,0.0,Com Vítimas Feridas,Não,Acessar a via sem observar a presença dos outros veículos,Colisão transversal,Pleno dia,Céu Claro,Simples,Rotatória,Não,Decrescente
753379,2026-02-03,terça-feira,16:00:00,SC,282.0,"30,9",santo amaro da imperatriz,-27.694752,-48.793423,2.0,0.0,0.0,Com Vítimas Feridas,Sim,Retorno proibido,Colisão lateral mesmo sentido,Pleno dia,Garoa/Chuvisco,Simples,Reta,Sim,Crescente
753380,2026-02-19,quinta-feira,17:14:00,TO,153.0,498,paraiso do tocantins,-10.181395,-48.880646,0.0,6.0,0.0,Com Vítimas Feridas,Não,Ausência de sinalização,Queda de ocupante de veículo,Pleno dia,Céu Claro,Múltipla,Reta,Sim,Crescente
753381,2026-01-25,domingo,16:10:00,PA,155.0,248,eldorado do carajas,-6.12708,-49.3585,8.0,0.0,0.0,Com Vítimas Feridas,Sim,Condutor deixou de manter distância do veículo da frente,Saída de leito carroçável,Pleno dia,Céu Claro,Simples,Reta,Não,Crescente
753382,2026-02-19,quinta-feira,17:49:00,TO,153.0,681,cariri do tocantins,-11.783518,-49.113644,4.0,0.0,0.0,Com Vítimas Feridas,Não,Acumulo de água sobre o pavimento,Colisão traseira,Anoitecer,Chuva,Simples,Reta;Retorno Regulamentado,Não,Crescente
753383,2026-02-19,quinta-feira,17:10:00,PI,343.0,14,parnaiba,-2.9289467,-41.75355,6.0,0.0,0.0,Com Vítimas Feridas,Não,Ultrapassagem Indevida,Queda de ocupante de veículo,Pleno dia,Céu Claro,Simples,Rotatória,Sim,Decrescente
753385,2026-02-19,quinta-feira,16:00:00,MG,251.0,473,francisco sa,-16.467676,-43.43162,0.0,0.0,0.0,Sem Vítimas,Não,Velocidade Incompatível,Incêndio,Pleno dia,Chuva,Simples,Reta;Declive,Não,Crescente
753386,2026-02-19,quinta-feira,17:55:00,PB,101.0,"96,8",conde,-7.236771,-34.92545,2.0,0.0,0.0,Com Vítimas Feridas,Sim,Acessar a via sem observar a presença dos outros veículos,Colisão transversal,Anoitecer,Céu Claro,Múltipla,Reta;Interseção de Vias,Sim,Decrescente
753387,2026-02-19,quinta-feira,17:10:00,PE,104.0,64,caruaru,-8.26997,-35.98028,3.0,0.0,0.0,Com Vítimas Feridas,Sim,Manobra de mudança de faixa,Queda de ocupante de veículo,Pleno dia,Céu Claro,Dupla,Interseção de Vias,Sim,Decrescente
753388,2026-02-19,quinta-feira,17:47:00,SC,101.0,"214,7",palhoca,-27.649818,-48.674667,2.0,0.0,0.0,Com Vítimas Feridas,Sim,Demais falhas mecânicas ou elétricas,Tombamento,Pleno dia,Céu Claro,Dupla,Reta,Sim,Crescente
753389,2026-02-19,quinta-feira,12:00:00,PR,277.0,6,paranagua,-25.560621,-48.581177,1.0,0.0,0.0,Com Vítimas Feridas,Sim,Acessar a via sem observar a presença dos outros veículos,Colisão traseira,Pleno dia,Céu Claro,Dupla,Interseção de Vias,Não,Decrescente
753390,2026-02-19,quinta-feira,18:00:00,CE,116.0,20,eusebio,-3.921401,-38.50727,4.0,0.0,0.0,Com Vítimas Feridas,Sim,Pista esburacada,Queda de ocupante de veículo,Plena Noite,Nublado,Dupla,Reta,Sim,Decrescente
753393,2026-02-19,quinta-feira,17:35:00,RO,364.0,307,presidente medici,-11.1787,-61.901577,3.0,0.0,0.0,Com Vítimas Feridas,Sim,Animais na Pista,Queda de ocupante de veículo,Pleno dia,Céu Claro,Simples,Reta,Não,Decrescente
753394,2026-02-19,quinta-feira,17:06:00,MT,163.0,117,rondonopolis,-16.5076,-54.65253,1.0,0.0,0.0,Com Vítimas Feridas,Sim,Demais falhas mecânicas ou elétricas,Queda de ocupante de veículo,Pleno dia,Nublado,Dupla,Reta,Sim,Crescente
753395,2026-02-19,quinta-feira,19:00:00,ES,101.0,269,serra,-20.23638,-40.277077,1.0,0.0,0.0,Com Vítimas Feridas,Sim,Trafegar com motocicleta (ou similar) entre as faixas,Atropelamento de Pedestre,Plena Noite,Céu Claro,Dupla,Reta,Sim,Crescente
753396,2026-02-19,quinta-feira,18:40:00,MS,163.0,"78,8",itaquirai,-23.46756,-54.190025,4.0,0.0,0.0,Com Vítimas Feridas,Não,Acessar a via sem observar a presença dos outros veículos,Colisão transversal,Pleno dia,Céu Claro,Simples,Reta,Não,Decrescente
753397,2026-02-19,quinta-feira,17:30:00,GO,70.0,353,jussara,-15.925841,-51.157494,0.0,0.0,0.0,Sem Vítimas,Sim,Acumulo de água sobre o pavimento,Colisão com objeto,Anoitecer,Chuva,Simples,Curva,Não,Crescente
753398,2026-02-19,quinta-feira,19:10:00,SC,282.0,"548,5",chapeco,-26.968197,-52.75405,0.0,0.0,0.0,Sem Vítimas,Sim,Acessar a via sem observar a presença dos outros veículos,Colisão lateral mesmo sentido,Plena Noite,Chuva,Simples,Reta,Sim,Crescente
753399,2026-02-19,quinta-feira,18:30:00,SC,280.0,"92,2",corupa,-26.39606,-49.29982,4.0,0.0,0.0,Com Vítimas Feridas,Sim,Reação tardia ou ineficiente do condutor,Queda de ocupante de veículo,Anoitecer,Céu Claro,Simples,Reta;Declive,Não,Crescente
753400,2026-02-19,quinta-feira,17:35:00,CE,222.0,220,sobral,-3.721,-40.33,1.0,0.0,0.0,Com Vítimas Feridas,Sim,Condutor deixou de manter distância do veículo da frente,Colisão traseira,Anoitecer,Céu Claro,Simples,Reta,Não,Decrescente
753401,2026-02-19,quinta-feira,18:40:00,PR,376.0,"499,5",ponta grossa,-25.186586,-50.08668,3.0,0.0,0.0,Com Vítimas Feridas,Sim,Demais falhas mecânicas ou elétricas,Engavetamento,Anoitecer,Céu Claro,Dupla,Declive;Reta,Não,Decrescente
753402,2026-02-19,quinta-feira,20:20:00,ES,101.0,"126,3",sooretama,-19.197454,-40.0954,2.0,0.0,0.0,Com Vítimas Feridas,Sim,Condutor desrespeitou a iluminação vermelha do semáforo,Queda de ocupante de veículo,Plena Noite,Céu Claro,Múltipla,Reta;Aclive;Interseção de Vias,Sim,Crescente
753403,2026-02-19,quinta-feira,20:05:00,GO,40.0,"0,5",valparaiso de goias,-16.051542,-47.981472,2.0,0.0,0.0,Com Vítimas Feridas,Sim,Acumulo de óleo sobre o pavimento,Tombamento,Plena Noite,Céu Claro,Dupla,Reta,Sim,Decrescente
753404,2026-02-19,quinta-feira,19:30:00,PR,116.0,12,colombo,-25.374516,-49.14741,0.0,6.0,6.0,Com Vítimas Fatais,Não,Avarias e/ou desgaste excessivo no pneu,Queda de ocupante de veículo,Plena Noite,Nublado,Dupla,Reta;Declive,Sim,Crescente
753405,2026-02-19,quinta-feira,18:00:00,MT,163.0,803,sinop,-12.152991,-55.51362,2.0,0.0,0.0,Com Vítimas Feridas,Sim,Acessar a via sem observar a presença dos outros veículos,Colisão transversal,Anoitecer,Nublado,Simples,Aclive,Não,Decrescente
753406,2026-02-19,quinta-feira,20:20:00,RS,386.0,"412,3",montenegro,-29.810528,-51.49694,2.0,0.0,0.0,Com Vítimas Feridas,Não,Acessar a via sem observar a presença dos outros veículos,Colisão transversal,Plena Noite,Nublado,Simples,Reta;Interseção de Vias;Retorno Regulamentado,Sim,Decrescente
753407,2026-02-19,quinta-feira,20:45:00,BA,101.0,"716,4",eunapolis,-16.3662,-39.58205,6.0,0.0,0.0,Com Vítimas Feridas,Não,Velocidade Incompatível,Queda de ocupante de veículo,Plena Noite,Céu Claro,Simples,Rotatória;Reta;Interseção de Vias,Sim,Decrescente
753408,2026-02-19,quinta-feira,18:00:00,SC,280.0,"23,5",araquari,-26.375135,-48.716995,3.0,0.0,0.0,Com Vítimas Feridas,Sim,Acessar a via sem observar a presença dos outros veículos,Queda de ocupante de veículo,Anoitecer,Nublado,Simples,Reta,Não,Crescente
753409,2026-02-19,quinta-feira,20:00:00,DF,20.0,"15,8",brasilia,-15.625971,-47.7251,1.0,0.0,0.0,Com Vítimas Feridas,Sim,Demais falhas na via,Queda de ocupante de veículo,Plena Noite,Chuva,Dupla,Reta;Em Obras,Sim,Decrescente
753410,2026-02-19,quinta-feira,20:30:00,MG,40.0,729,oliveira fortes,-21.346214,-43.582176,4.0,0.0,0.0,Com Vítimas Feridas,Sim,Velocidade Incompatível,Colisão com objeto,Plena Noite,Nublado,Dupla,Declive;Curva,Não,Crescente
753411,2026-02-19,quinta-feira,20:30:00,GO,60.0,"244,2",indiara,-17.106558,-49.9297,6.0,0.0,0.0,Com Vítimas Feridas,Não,Pista Escorregadia,Colisão com objeto,Plena Noite,Chuva,Dupla,Curva,Não,Decrescente
753412,2026-02-19,quinta-feira,19:50:00,RS,285.0,"302,2",passo fundo,-28.22028,-52.463894,0.0,1.0,0.0,Com Vítimas Feridas,Sim,Objeto estático sobre o leito carroçável,Colisão com objeto,Plena Noite,Chuva,Simples,Rotatória,Não,Decrescente
753414,2026-02-19,quinta-feira,20:40:00,MS,163.0,814,pedro gomes,-17.799118,-54.739647,3.0,0.0,0.0,Com Vítimas Feridas,Sim,Acessar a via sem observar a presença dos outros veículos,Queda de ocupante de veículo,Plena Noite,Céu Claro,Simples,Reta,Não,Crescente
753415,2026-02-19,quinta-feira,21:15:00,PR,116.0,"12,3",colombo,-25.372084,-49.13363,1.0,0.0,0.0,Com Vítimas Feridas,Sim,Reação tardia ou ineficiente do condutor,Colisão traseira,Plena Noite,Céu Claro,Dupla,Aclive,Não,Decrescente
753416,2026-02-19,quinta-feira,20:05:00,RO,421.0,1,ariquemes,-9.9199705,-63.061626,16.0,0.0,0.0,Com Vítimas Feridas,Não,Iluminação deficiente,Queda de ocupante de veículo,Plena Noite,Céu Claro,Simples,Reta,Sim,Decrescente
753417,2026-02-19,quinta-feira,20:05:00,SC,163.0,"89,5",guaraciaba,-26.573774,-53.511345,4.0,0.0,0.0,Com Vítimas Feridas,Não,Ingestão de álcool pelo condutor,Colisão lateral sentido oposto,Plena Noite,Chuva,Simples,Curva,Não,Crescente
753418,2026-02-19,quinta-feira,20:45:00,DF,40.0,1,brasilia,-15.986357,-47.98759,3.0,0.0,0.0,Com Vítimas Feridas,Sim,Reação tardia ou ineficiente do condutor,Queda de ocupante de veículo,Plena Noite,Nublado,Dupla,Reta,Não,Crescente
753419,2026-02-19,quinta-feira,21:05:00,PE,101.0,"0,5",goiana,-7.504727,-34.986427,1.0,0.0,0.0,Com Vítimas Feridas,Sim,Reação tardia ou ineficiente do condutor,Saída de leito carroçável,Plena Noite,Céu Claro,Dupla,Curva,Não,Crescente
753420,2026-02-19,quinta-feira,16:30:00,GO,60.0,356,rio verde,-17.621574,-50.76008,6.0,0.0,0.0,Com Vítimas Feridas,Sim,Avarias e/ou desgaste excessivo no pneu,Tombamento,Pleno dia,Céu Claro,Dupla,Reta,Não,Crescente
753421,2026-02-19,quinta-feira,21:45:00,TO,153.0,98,wanderlandia,-6.883482,-47.99343,0.0,0.0,1.0,Com Vítimas Fatais,Sim,Entrada inopinada do pedestre,Atropelamento de Pedestre,Plena Noite,Céu Claro,Dupla,Curva;Aclive,Não,Crescente
753423,2026-02-19,quinta-feira,21:50:00,MG,381.0,"489,1",betim,-19.956385,-44.135113,0.0,1.0,0.0,Com Vítimas Feridas,Sim,Reação tardia ou ineficiente do condutor,Colisão traseira,Plena Noite,Céu Claro,Múltipla,Aclive;Reta,Sim,Decrescente
753424,2026-02-11,quarta-feira,21:10:00,RJ,40.0,97,duque de caxias,-22.57114,-43.281155,0.0,0.0,2.0,Com Vítimas Fatais,Sim,Pista Escorregadia,Tombamento,Plena Noite,Garoa/Chuvisco,Dupla,Declive;Curva,Não,Crescente
753425,2026-02-19,quinta-feira,22:10:00,SC,282.0,"16,4",palhoca,-27.66176,-48.684547,2.0,0.0,0.0,Com Vítimas Feridas,Sim,Acessar a via sem observar a presença dos outros veículos,Colisão transversal,Plena Noite,Céu Claro,Simples,Interseção de Vias;Reta,Sim,Crescente
753426,2026-02-19,quinta-feira,21:40:00,PR,277.0,"41,9",morretes,-25.585484,-48.87589,1.0,0.0,0.0,Com Vítimas Feridas,Sim,Reação tardia ou ineficiente do condutor,Colisão traseira,Plena Noite,Nublado,Dupla,Reta;Declive,Não,Decrescente
753427,2026-02-19,quinta-feira,14:00:00,MA,222.0,153,vargem grande,-3.5501175,-43.924553,0.0,0.0,0.0,Sem Vítimas,Sim,Demais falhas mecânicas ou elétricas,Incêndio,Anoitecer,Céu Claro,Simples,Reta,Sim,Decrescente
753428,2026-02-19,quinta-feira,21:40:00,PR,476.0,174,contenda,-25.686596,-49.536476,0.0,0.0,1.0,Com Vítimas Fatais,Sim,Acessar a via sem observar a presença dos outros veículos,Atropelamento de Pedestre,Plena Noite,Céu Claro,Simples,Reta,Sim,Decrescente
753429,2026-02-19,quinta-feira,22:10:00,ES,101.0,"64,5",sao mateus,-18.71079,-39.87586,1.0,0.0,0.0,Com Vítimas Feridas,Sim,Ausência de reação do condutor,Tombamento,Plena Noite,Nublado,Simples,Reta,Não,Decrescente
753430,2026-02-19,quinta-feira,23:00:00,PR,469.0,15,foz do iguacu,-25.58015,-54.535103,2.0,0.0,0.0,Com Vítimas Feridas,Sim,Ausência de reação do condutor,Queda de ocupante de veículo,Plena Noite,Céu Claro,Simples,Desvio Temporário;Interseção de Vias;Reta;Em Obras,Sim,Decrescente
753431,2026-02-19,quinta-feira,21:45:00,SC,101.0,385,icara,-28.783712,-49.33517,0.0,1.0,0.0,Com Vítimas Feridas,Sim,Reação tardia ou ineficiente do condutor,Tombamento,Plena Noite,Nublado,Simples,Reta,Não,Crescente
753432,2026-02-18,quarta-feira,21:30:00,MG,116.0,429,alpercata,-18.992498,-41.982536,2.0,0.0,0.0,Com Vítimas Feridas,Sim,Animais na Pista,Queda de ocupante de veículo,Plena Noite,Ignorado,Simples,Reta,Não,Decrescente
753433,2026-02-19,quinta-feira,23:45:00,SC,101.0,"153,6",porto belo,-27.15105,-48.61078,1.0,0.0,0.0,Com Vítimas Feridas,Sim,Ingestão de álcool pelo condutor,Queda de ocupante de veículo,Plena Noite,Nublado,Dupla,Reta,Sim,Crescente
753434,2026-02-19,quinta-feira,23:15:00,RJ,116.0,145,duque de caxias,-22.661541,-43.253975,4.0,0.0,0.0,Com Vítimas Feridas,Não,Ausência de reação do condutor,Queda de ocupante de veículo,Plena Noite,Céu Claro,Dupla,Reta,Não,Decrescente
753435,2026-02-20,sexta-feira,00:00:00,MG,381.0,478,contagem,-19.962343,-44.04022,0.0,0.0,0.0,Sem Vítimas,Sim,Velocidade Incompatível,Queda de ocupante de veículo,Plena Noite,Nublado,Simples,Reta,Sim,Decrescente
753436,2026-02-19,quinta-feira,23:30:00,PR,116.0,113,curitiba,-25.546276,-49.294155,0.0,0.0,0.0,Sem Vítimas,Sim,Demais falhas mecânicas ou elétricas,Incêndio,Plena Noite,Nublado,Dupla,Reta,Não,Decrescente
753437,2026-02-19,quinta-feira,18:30:00,SC,101.0,141,itapema,-27.102226,-48.61828,0.0,2.0,0.0,Com Vítimas Feridas,Sim,Manobra de mudança de faixa,Tombamento,Pleno dia,Céu Claro,Dupla,Reta,Não,Decrescente
753438,2026-02-19,quinta-feira,22:50:00,RS,287.0,467,sao borja,-28.841618,-55.70753,0.0,2.0,0.0,Com Vítimas Feridas,Sim,Ausência de reação do condutor,Colisão com objeto,Plena Noite,Céu Claro,Simples,Curva,Não,Crescente
753439,2026-02-20,sexta-feira,01:10:00,ES,262.0,"163,8",ibatiba,-20.243456,-41.54675,6.0,6.0,0.0,Com Vítimas Feridas,Não,Falta de elemento de contenção que evite a saída do leito carroçável,Capotamento,Plena Noite,Nublado,Simples,Curva,Não,Crescente
753440,2026-02-19,quinta-feira,23:00:00,BA,116.0,598,irajuba,-13.300955,-40.025284,12.0,0.0,0.0,Com Vítimas Feridas,Não,Velocidade Incompatível,Colisão com objeto,Plena Noite,Chuva,Simples,Declive;Curva,Não,Decrescente
753441,2026-02-20,sexta-feira,01:50:00,MG,381.0,"767,5",campanha,-21.725218,-45.381775,2.0,1.0,0.0,Com Vítimas Feridas,Sim,Velocidade Incompatível,Colisão traseira,Plena Noite,Nublado,Dupla,Reta,Não,Crescente
753442,2026-02-20,sexta-feira,01:00:00,BA,324.0,535,conceicao do jacuipe,-12.352742,-38.831406,1.0,0.0,0.0,Com Vítimas Feridas,Sim,Reação tardia ou ineficiente do condutor,Tombamento,Plena Noite,Chuva,Dupla,Reta;Declive,Não,Decrescente
753443,2026-02-20,sexta-feira,01:35:00,SC,282.0,"512,9",xanxere,-26.91383,-52.476467,1.0,0.0,0.0,Com Vítimas Feridas,Sim,Velocidade Incompatível,Saída de leito carroçável,Plena Noite,Céu Claro,Simples,Curva;Aclive,Não,Decrescente
753444,2026-02-20,sexta-feira,04:20:00,DF,60.0,27,brasilia,-16.023418,-48.252197,6.0,0.0,0.0,Com Vítimas Feridas,Não,Chuva,Capotamento,Plena Noite,Chuva,Dupla,Reta;Declive,Não,Crescente
753445,2026-02-20,sexta-feira,04:30:00,SC,101.0,"215,3",palhoca,-27.654655,-48.677982,0.0,2.0,0.0,Com Vítimas Feridas,Sim,Ausência de reação do condutor,Capotamento,Plena Noite,Céu Claro,Múltipla,Curva,Sim,Decrescente
753446,2026-02-20,sexta-feira,04:05:00,PR,369.0,"504,5",cascavel,-24.935234,-53.39621,8.0,0.0,0.0,Com Vítimas Feridas,Não,Reação tardia ou ineficiente do condutor,Saída de leito carroçável,Plena Noite,Céu Claro,Simples,Reta,Não,Crescente
753447,2026-02-20,sexta-feira,03:00:00,MT,364.0,246,juscimeira,-16.142904,-54.81948,0.0,2.0,0.0,Com Vítimas Feridas,Sim,Ingestão de álcool pelo condutor,Queda de ocupante de veículo,Plena Noite,Céu Claro,Dupla,Reta,Não,Decrescente
753448,2026-02-20,sexta-feira,05:11:00,CE,20.0,328,caridade,-4.215897,-39.1904,18.0,0.0,0.0,Com Vítimas Feridas,Não,Neblina,Capotamento,Amanhecer,Nevoeiro/Neblina,Simples,Reta,Não,Decrescente
753449,2026-01-16,sexta-feira,10:23:00,ES,101.0,400,rio novo do sul,-20.87357,-40.94845,4.0,0.0,0.0,Com Vítimas Feridas,Não,Ausência de sinalização,Colisão traseira,Pleno dia,Céu Claro,Simples,Reta,Não,Decrescente
753450,2026-02-20,sexta-feira,05:00:00,MG,40.0,448,caetanopolis,-19.295343,-44.382233,2.0,0.0,0.0,Com Vítimas Feridas,Não,Ausência de reação do condutor,Atropelamento de Pedestre,Amanhecer,Ignorado,Dupla,Curva,Não,Crescente
753451,2026-02-20,sexta-feira,05:50:00,MG,381.0,"438,1",santa luzia,-19.81558,-43.80155,0.0,2.0,6.0,Com Vítimas Fatais,Sim,Velocidade Incompatível,Saída de leito carroçável,Amanhecer,Céu Claro,Simples,Curva,Não,Crescente
753452,2026-02-20,sexta-feira,04:00:00,RO,364.0,681,candeias do jamari,-8.786979,-63.59947,0.0,0.0,0.0,Sem Vítimas,Não,Acostamento em desnível,Saída de leito carroçável,Plena Noite,Céu Claro,Simples,Reta,Não,Decrescente
753453,2026-02-20,sexta-feira,05:03:00,PR,277.0,"148,9",balsa nova,-25.465311,-49.741837,6.0,0.0,0.0,Com Vítimas Feridas,Sim,Problema na suspensão,Tombamento,Plena Noite,Nublado,Simples,Reta;Aclive,Não,Decrescente
753454,2026-02-20,sexta-feira,05:00:00,PB,101.0,116,caapora,-7.411219,-34.95625,0.0,3.0,0.0,Com Vítimas Feridas,Sim,Ingestão de álcool pelo condutor,Queda de ocupante de veículo,Amanhecer,Nublado,Dupla,Reta;Declive;Retorno Regulamentado,Não,Decrescente
753455,2026-02-19,quinta-feira,20:23:00,BA,101.0,878,teixeira de freitas,-17.55457,-39.72391,0.0,0.0,0.0,Sem Vítimas,Sim,Reação tardia ou ineficiente do condutor,Eventos atípicos,Plena Noite,Céu Claro,Simples,Rotatória,Sim,Decrescente
753456,2026-02-19,quinta-feira,22:45:00,RS,285.0,"240,9",caseiros,-28.258987,-51.88848,2.0,1.0,0.0,Com Vítimas Feridas,Sim,Avarias e/ou desgaste excessivo no pneu,Saída de leito carroçável,Plena Noite,Nublado,Simples,Reta,Não,Decrescente
753457,2026-02-20,sexta-feira,05:50:00,MG,365.0,"390,2",patos de minas,-18.64099,-46.33499,0.0,2.0,1.0,Com Vítimas Fatais,Sim,Reação tardia ou ineficiente do condutor,Colisão transversal,Pleno dia,Nevoeiro/Neblina,Simples,Interseção de Vias;Curva,Não,Crescente
753458,2026-02-20,sexta-feira,03:55:00,SC,282.0,"470,8",vargeao,-26.863338,-52.128822,2.0,0.0,0.0,Com Vítimas Feridas,Não,Ingestão de álcool pelo condutor,Saída de leito carroçável,Plena Noite,Nublado,Simples,Reta,Não,Decrescente
753459,2026-02-20,sexta-feira,04:15:00,MG,153.0,44,canapolis,-18.731897,-49.1109,0.0,0.0,0.0,Sem Vítimas,Não,Chuva,Saída de leito carroçável,Plena Noite,Chuva,Dupla,Reta,Não,Decrescente
753460,2026-02-20,sexta-feira,05:50:00,PB,101.0,"119,9",caapora,-7.43561,-34.97309,0.0,0.0,3.0,Com Vítimas Fatais,Sim,Reação tardia ou ineficiente do condutor,Queda de ocupante de veículo,Pleno dia,Céu Claro,Dupla,Reta;Declive,Não,Decrescente
753461,2026-02-20,sexta-feira,05:15:00,PR,153.0,"8,9",jacarezinho,-23.06728,-49.93259,0.0,5.0,0.0,Com Vítimas Feridas,Sim,Ausência de reação do condutor,Queda de ocupante de veículo,Amanhecer,Céu Claro,Simples,Reta,Não,Crescente
753462,2026-02-20,sexta-feira,03:50:00,SC,282.0,646,sao miguel do oeste,-26.765207,-53.49518,0.0,0.0,0.0,Sem Vítimas,Sim,Ausência de reação do condutor,Saída de leito carroçável,Plena Noite,Céu Claro,Simples,Reta;Declive,Não,Decrescente
753463,2026-02-19,quinta-feira,23:25:00,SC,470.0,"174,9",pouso redondo,-27.255814,-49.940342,1.0,0.0,1.0,Com Vítimas Fatais,Sim,Reação tardia ou ineficiente do condutor,Colisão frontal,Plena Noite,Nublado,Simples,Reta,Sim,Crescente
753464,2026-02-20,sexta-feira,06:00:00,RJ,101.0,262,rio bonito,-22.716995,-42.621872,3.0,0.0,0.0,Com Vítimas Feridas,Sim,Curva acentuada,Saída de leito carroçável,Amanhecer,Céu Claro,Dupla,Curva,Sim,Crescente
753465,2026-02-12,quinta-feira,07:00:00,RS,470.0,"213,1",bento goncalves,-29.144802,-51.53352,4.0,0.0,0.0,Com Vítimas Feridas,Sim,Desrespeitar a preferência no cruzamento,Colisão traseira,Pleno dia,Céu Claro,Dupla,Curva;Interseção de Vias,Sim,Crescente
753466,2026-02-20,sexta-feira,05:20:00,MS,163.0,"68,1",itaquirai,-23.56475,-54.190388,0.0,0.0,0.0,Sem Vítimas,Sim,Ausência de reação do condutor,Capotamento,Pleno dia,Céu Claro,Simples,Reta,Não,Crescente
753467,2026-02-20,sexta-feira,07:00:00,SC,101.0,"216,6",palhoca,-27.661726,-48.676308,2.0,0.0,0.0,Com Vítimas Feridas,Sim,Ausência de reação do condutor,Colisão lateral mesmo sentido,Pleno dia,Nublado,Múltipla,Reta,Sim,Decrescente
753468,2026-02-19,quinta-feira,23:00:00,PR,376.0,439,ipiranga,-24.84964,-50.47231,0.0,0.0,3.0,Com Vítimas Fatais,Sim,Ausência de reação do condutor,Tombamento,Plena Noite,Nublado,Dupla,Curva;Aclive,Não,Decrescente