id,data_inversa,dia_semana,horario,uf,br,km,municipio,latitude,longitude,feridos_leves,feridos_graves,mortos,classificacao_acidente,causa_principal,causa_acidente,tipo_acidente,fase_dia,condicao_metereologica,tipo_pista,tracado_via,uso_solo,sentido_via
753469,2026-02-20,sexta-feira,07:00:00,ES,101.0,15,serra,-20.184023,-40.339485,1.0,0.0,0.0,Com Vítimas Feridas,Sim,Ausência de reação do condutor,Queda de ocupante de veículo,Pleno dia,Céu Claro,Dupla,Reta,Não,Crescente
753470,2026-02-20,sexta-feira,06:10:00,PA,230.0,12,altamira,-3.19993,-52.23701,4.0,0.0,0.0,Com Vítimas Feridas,Não,Chuva,Derramamento de carga,Amanhecer,Chuva,Simples,Aclive;Reta,Sim,Decrescente
753471,2026-02-20,sexta-feira,07:30:00,PR,476.0,"147,5",araucaria,-25.556349,-49.34395,0.0,2.0,0.0,Com Vítimas Feridas,Não,Trafegar com motocicleta (ou similar) entre as faixas,Colisão lateral mesmo sentido,Pleno dia,Nublado,Dupla,Reta,Não,Decrescente
753472,2026-02-20,sexta-feira,07:30:00,MG,40.0,428,paraopeba,-19.181015,-44.500175,3.0,0.0,0.0,Com Vítimas Feridas,Sim,Demais falhas mecânicas ou elétricas,Capotamento,Pleno dia,Céu Claro,Dupla,Reta,Não,Crescente
753473,2026-02-20,sexta-feira,07:09:00,ES,262.0,110,venda nova do imigrante,-20.335985,-41.1718,6.0,0.0,0.0,Com Vítimas Feridas,Não,Condutor deixou de manter distância do veículo da frente,Queda de ocupante de veículo,Pleno dia,Céu Claro,Simples,Reta,Sim,Decrescente
753474,2026-02-20,sexta-feira,05:45:00,PR,376.0,629,sao jose dos pinhais,-25.69662,-49.14463,0.0,0.0,0.0,Sem Vítimas,Não,Reação tardia ou ineficiente do condutor,Colisão traseira,Amanhecer,Nublado,Dupla,Curva,Não,Decrescente
753475,2026-02-20,sexta-feira,07:29:00,RN,304.0,"43,7",mossoro,-5.266542,-37.300964,0.0,2.0,0.0,Com Vítimas Feridas,Não,Ausência de reação do condutor,Colisão traseira,Pleno dia,Céu Claro,Dupla,Reta,Não,Crescente
753476,2026-02-20,sexta-feira,07:50:00,SC,470.0,"126,6",lontras,-27.1342,-49.540573,2.0,0.0,0.0,Com Vítimas Feridas,Sim,Acessar a via sem observar a presença dos outros veículos,Colisão transversal,Pleno dia,Nublado,Simples,Reta,Não,Decrescente
753477,2026-02-20,sexta-feira,07:40:00,PE,408.0,"76,9",paudalho,-7.95411,-35.10702,0.0,0.0,3.0,Com Vítimas Fatais,Sim,Manobra de mudança de faixa,Queda de ocupante de veículo,Pleno dia,Céu Claro,Dupla,Curva,Não,Decrescente
753479,2026-02-20,sexta-feira,07:00:00,SP,116.0,305,sao lourenco da serra,-23.79056,-46.972633,1.0,0.0,0.0,Com Vítimas Feridas,Sim,Demais falhas mecânicas ou elétricas,Colisão traseira,Pleno dia,Sol,Dupla,Aclive,Não,Decrescente
753480,2026-02-20,sexta-feira,07:53:00,GO,60.0,380,rio verde,-17.783056,-50.89827,2.0,0.0,0.0,Com Vítimas Feridas,Não,Condutor deixou de manter distância do veículo da frente,Colisão traseira,Pleno dia,Céu Claro,Dupla,Aclive;Reta,Sim,Crescente
753481,2026-02-20,sexta-feira,07:39:00,RJ,116.0,"312,8",resende,-22.459791,-44.45993,0.0,3.0,0.0,Com Vítimas Feridas,Sim,Reação tardia ou ineficiente do condutor,Queda de ocupante de veículo,Pleno dia,Nublado,Dupla,Declive;Reta,Não,Decrescente
753482,2026-02-20,sexta-feira,07:30:00,MG,459.0,"87,2",congonhal,-22.151072,-46.046383,3.0,0.0,0.0,Com Vítimas Feridas,Sim,Velocidade Incompatível,Queda de ocupante de veículo,Pleno dia,Nublado,Simples,Interseção de Vias;Reta,Sim,Crescente
753483,2026-02-20,sexta-feira,08:00:00,SC,101.0,207,sao jose,-27.594646,-48.6189,1.0,0.0,0.0,Com Vítimas Feridas,Sim,Acessar a via sem observar a presença dos outros veículos,Colisão traseira,Pleno dia,Nublado,Múltipla,Reta,Sim,Decrescente
753484,2026-02-20,sexta-feira,08:05:00,MA,10.0,"254,8",imperatriz,-5.51021,-47.471687,1.0,0.0,0.0,Com Vítimas Feridas,Sim,Condutor desrespeitou a iluminação vermelha do semáforo,Colisão transversal,Pleno dia,Sol,Simples,Interseção de Vias;Reta,Sim,Decrescente
753485,2026-02-20,sexta-feira,06:50:00,MG,40.0,"422,9",curvelo,-19.15335,-44.53712,0.0,4.0,0.0,Com Vítimas Feridas,Não,Conversão proibida,Queda de ocupante de veículo,Pleno dia,Nublado,Simples,Reta,Sim,Decrescente
753486,2026-02-20,sexta-feira,07:35:00,PE,104.0,"24,3",taquaritinga do norte,-7.98143,-36.10067,4.0,4.0,0.0,Com Vítimas Feridas,Não,Ausência de reação do condutor,Queda de ocupante de veículo,Pleno dia,Céu Claro,Dupla,Reta;Declive,Não,Decrescente
753487,2026-02-20,sexta-feira,07:00:00,ES,101.0,263,serra,-20.16617,-40.27254,1.0,0.0,0.0,Com Vítimas Feridas,Sim,Manobra de mudança de faixa,Colisão traseira,Pleno dia,Céu Claro,Dupla,Reta,Sim,Decrescente
753488,2026-02-19,quinta-feira,21:30:00,MA,316.0,"35,6",junco do maranhao,-1.897388,-46.058475,2.0,0.0,0.0,Com Vítimas Feridas,Sim,Pista esburacada,Saída de leito carroçável,Plena Noite,Nublado,Simples,Reta,Não,Crescente
753489,2026-02-20,sexta-feira,07:00:00,RJ,116.0,179,nova iguacu,-22.749271,-43.442688,1.0,0.0,0.0,Com Vítimas Feridas,Sim,Reação tardia ou ineficiente do condutor,Queda de ocupante de veículo,Pleno dia,Céu Claro,Dupla,Reta,Não,Decrescente
753490,2026-02-20,sexta-feira,08:15:00,ES,101.0,"297,6",viana,-20.350817,-40.41288,1.0,0.0,0.0,Com Vítimas Feridas,Sim,Manobra de mudança de faixa,Engavetamento,Pleno dia,Céu Claro,Dupla,Reta,Não,Crescente
753491,2026-02-20,sexta-feira,08:50:00,PR,116.0,98,sao jose dos pinhais,-25.55415,-49.149815,3.0,1.0,0.0,Com Vítimas Feridas,Sim,Reação tardia ou ineficiente do condutor,Engavetamento,Pleno dia,Céu Claro,Múltipla,Reta,Sim,Crescente
753492,2026-02-20,sexta-feira,08:30:00,GO,153.0,"520,1",hidrolandia,-16.921467,-49.252438,6.0,0.0,0.0,Com Vítimas Feridas,Não,Manobra de mudança de faixa,Queda de ocupante de veículo,Pleno dia,Garoa/Chuvisco,Dupla,Declive,Não,Decrescente
753493,2026-02-20,sexta-feira,08:40:00,PB,230.0,"14,4",cabedelo,-7.093,-34.848,0.0,3.0,0.0,Com Vítimas Feridas,Sim,Ausência de reação do condutor,Queda de ocupante de veículo,Pleno dia,Céu Claro,Simples,Reta,Sim,Crescente
753494,2026-02-20,sexta-feira,09:05:00,SC,282.0,1,florianopolis,-27.602764,-48.580605,12.0,0.0,0.0,Com Vítimas Feridas,Sim,Reação tardia ou ineficiente do condutor,Tombamento,Pleno dia,Nublado,Múltipla,Reta,Sim,Decrescente
753495,2026-02-20,sexta-feira,08:00:00,ES,101.0,"289,3",cariacica,-20.280504,-40.393093,0.0,1.0,0.0,Com Vítimas Feridas,Sim,Trafegar com motocicleta (ou similar) entre as faixas,Colisão traseira,Pleno dia,Céu Claro,Dupla,Reta,Sim,Crescente
753496,2026-02-20,sexta-feira,07:30:00,SC,470.0,63,indaial,-26.87212,-49.19386,1.0,0.0,0.0,Com Vítimas Feridas,Sim,Trafegar com motocicleta (ou similar) entre as faixas,Tombamento,Pleno dia,Nublado,Simples,Declive;Em Obras,Não,Crescente
753497,2026-02-20,sexta-feira,08:28:00,PE,101.0,51,abreu e lima,-7.914322,-34.899227,6.0,0.0,0.0,Com Vítimas Feridas,Sim,Reação tardia ou ineficiente do condutor,Queda de ocupante de veículo,Pleno dia,Céu Claro,Múltipla,Reta,Sim,Crescente
753498,2026-02-20,sexta-feira,07:30:00,AL,104.0,"30,7",uniao dos palmares,-9.131253,-36.028557,6.0,0.0,0.0,Com Vítimas Feridas,Não,Ultrapassagem Indevida,Colisão transversal,Pleno dia,Céu Claro,Simples,Interseção de Vias,Não,Decrescente
753499,2026-02-20,sexta-feira,08:30:00,PE,232.0,"129,5",caruaru,-8.299794,-35.99226,1.0,0.0,0.0,Com Vítimas Feridas,Sim,Condutor deixou de manter distância do veículo da frente,Colisão traseira,Pleno dia,Céu Claro,Dupla,Curva,Sim,Decrescente
753500,2026-02-20,sexta-feira,08:00:00,SC,101.0,268,imbituba,-28.094006,-48.70923,0.0,2.0,0.0,Com Vítimas Feridas,Sim,Ausência de reação do condutor,Capotamento,Pleno dia,Céu Claro,Dupla,Curva,Não,Crescente
753502,2026-02-20,sexta-feira,07:10:00,RO,364.0,536,alto paraiso,-9.754205,-63.109703,0.0,0.0,2.0,Com Vítimas Fatais,Sim,Ultrapassagem Indevida,Queda de ocupante de veículo,Pleno dia,Céu Claro,Simples,Curva,Não,Crescente
753503,2026-02-20,sexta-feira,10:10:00,BA,324.0,608,simoes filho,-12.7938795,-38.405304,1.0,0.0,0.0,Com Vítimas Feridas,Sim,Acumulo de água sobre o pavimento,Colisão com objeto,Pleno dia,Chuva,Dupla,Declive;Curva,Não,Decrescente
753504,2026-02-20,sexta-feira,08:00:00,MA,135.0,"0,4",sao luis,-2.583895,-44.242577,1.0,0.0,0.0,Com Vítimas Feridas,Sim,Reação tardia ou ineficiente do condutor,Colisão traseira,Pleno dia,Céu Claro,Dupla,Reta,Sim,Decrescente
753505,2026-02-20,sexta-feira,10:40:00,SC,101.0,"127,9",itajai,-26.969711,-48.683296,0.0,0.0,0.0,Sem Vítimas,Sim,Ausência de reação do condutor,Colisão traseira,Pleno dia,Nublado,Dupla,Reta;Declive,Não,Decrescente
753506,2026-02-20,sexta-feira,10:00:00,PR,376.0,"595,1",curitiba,-25.49453,-49.343178,0.0,0.0,0.0,Sem Vítimas,Sim,Frear bruscamente,Colisão traseira,Pleno dia,Nublado,Dupla,Reta,Não,Decrescente
753507,2026-02-20,sexta-feira,09:57:00,AL,424.0,102,marechal deodoro,-9.670746,-35.841,1.0,0.0,0.0,Com Vítimas Feridas,Sim,Animais na Pista,Colisão com objeto,Pleno dia,Céu Claro,Simples,Reta,Sim,Crescente
753508,2026-02-20,sexta-feira,10:35:00,MG,262.0,383,florestal,-19.918571,-44.491253,0.0,1.0,1.0,Com Vítimas Fatais,Sim,Ausência de reação do condutor,Colisão traseira,Pleno dia,Céu Claro,Dupla,Retorno Regulamentado;Reta,Não,Decrescente
753509,2026-02-20,sexta-feira,09:00:00,PE,232.0,419,serra talhada,-7.99921,-38.37898,1.0,0.0,0.0,Com Vítimas Feridas,Sim,Ultrapassagem Indevida,Tombamento,Pleno dia,Céu Claro,Simples,Reta,Não,Decrescente
753510,2026-02-20,sexta-feira,08:30:00,MG,381.0,190,periquito,-19.134377,-42.21317,2.0,0.0,0.0,Com Vítimas Feridas,Sim,Velocidade Incompatível,Capotamento,Pleno dia,Céu Claro,Simples,Reta,Não,Decrescente
753513,2026-02-20,sexta-feira,10:03:00,RN,226.0,"13,7",acari,-6.345071,-36.585762,0.0,2.0,0.0,Com Vítimas Feridas,Sim,Reação tardia ou ineficiente do condutor,Colisão transversal,Pleno dia,Céu Claro,Simples,Curva,Não,Decrescente
753514,2026-02-20,sexta-feira,10:47:00,RS,386.0,39,frederico westphalen,-27.40063,-53.404068,0.0,0.0,6.0,Com Vítimas Fatais,Não,Velocidade Incompatível,Tombamento,Pleno dia,Nublado,Simples,Curva,Sim,Decrescente
753515,2026-01-15,quinta-feira,18:56:00,PA,163.0,239,novo progresso,-7.609151,-55.236782,18.0,0.0,0.0,Com Vítimas Feridas,Não,Avarias e/ou desgaste excessivo no pneu,Saída de leito carroçável,Anoitecer,Ignorado,Simples,Reta,Não,Crescente
753516,2026-02-20,sexta-feira,12:10:00,SP,116.0,"73,2",aparecida,-22.871494,-45.246128,0.0,2.0,0.0,Com Vítimas Feridas,Sim,Ausência de reação do condutor,Tombamento,Pleno dia,Sol,Dupla,Declive;Curva,Não,Crescente
753517,2026-02-20,sexta-feira,12:49:00,RN,101.0,97,natal,-5.861473,-35.214718,1.0,0.0,0.0,Com Vítimas Feridas,Sim,Avarias e/ou desgaste excessivo no pneu,Queda de ocupante de veículo,Pleno dia,Sol,Múltipla,Reta,Não,Crescente
753519,2026-02-20,sexta-feira,11:30:00,RS,116.0,455,sao lourenco do sul,-31.24419,-51.994877,1.0,0.0,0.0,Com Vítimas Feridas,Sim,Ausência de reação do condutor,Colisão lateral mesmo sentido,Pleno dia,Sol,Dupla,Reta,Sim,Decrescente
753520,2026-02-20,sexta-feira,10:30:00,AM,174.0,909,manaus,-2.7604373,-60.03725,18.0,9.0,0.0,Com Vítimas Feridas,Não,Ausência de reação do condutor,Saída de leito carroçável,Pleno dia,Céu Claro,Simples,Curva,Não,Crescente
753521,2026-02-20,sexta-feira,12:30:00,PR,277.0,"19,8",morretes,-25.53464,-48.704796,3.0,0.0,0.0,Com Vítimas Feridas,Sim,Ausência de reação do condutor,Queda de ocupante de veículo,Pleno dia,Nublado,Dupla,Reta,Não,Crescente
753522,2026-02-20,sexta-feira,11:00:00,PE,232.0,448,sao jose do belmonte,-7.992443,-38.625107,0.0,0.0,6.0,Com Vítimas Fatais,Não,Mal súbito do condutor,Queda de ocupante de veículo,Pleno dia,Céu Claro,Simples,Reta,Não,Crescente
753524,2026-02-20,sexta-feira,13:00:00,SC,470.0,130,lontras,-27.160177,-49.556324,2.0,0.0,0.0,Com Vítimas Feridas,Sim,Acessar a via sem observar a presença dos outros veículos,Colisão transversal,Pleno dia,Céu Claro,Simples,Reta,Sim,Decrescente
753525,2026-02-20,sexta-feira,13:20:00,SC,101.0,197,biguacu,-27.524532,-48.63602,1.0,0.0,0.0,Com Vítimas Feridas,Sim,Reação tardia ou ineficiente do condutor,Colisão traseira,Pleno dia,Céu Claro,Dupla,Reta,Sim,Decrescente
753526,2026-02-20,sexta-feira,12:55:00,PR,376.0,276,marilandia do sul,-23.79937,-51.2619,1.0,0.0,0.0,Com Vítimas Feridas,Sim,Condutor Dormindo,Colisão traseira,Pleno dia,Chuva,Dupla,Reta,Não,Crescente
753527,2026-02-20,sexta-feira,13:00:00,DF,20.0,3,brasilia,-15.678374,-47.832066,2.0,0.0,0.0,Com Vítimas Feridas,Não,Reação tardia ou ineficiente do condutor,Colisão traseira,Pleno dia,Céu Claro,Dupla,Aclive;Reta,Sim,Crescente
753528,2026-02-20,sexta-feira,09:10:00,MG,262.0,"721,6",perdizes,-19.617727,-47.34667,1.0,0.0,0.0,Com Vítimas Feridas,Sim,Reação tardia ou ineficiente do condutor,Colisão com objeto,Pleno dia,Céu Claro,Múltipla,Reta,Não,Decrescente
753529,2026-02-20,sexta-feira,11:10:00,PR,277.0,"440,5",virmond,-25.37709,-52.25369,1.0,0.0,0.0,Com Vítimas Feridas,Sim,Velocidade Incompatível,Tombamento,Pleno dia,Céu Claro,Simples,Declive;Curva,Não,Decrescente
753530,2026-02-20,sexta-feira,14:20:00,SC,101.0,41,joinville,-26.31868,-48.871693,1.0,0.0,0.0,Com Vítimas Feridas,Sim,Reação tardia ou ineficiente do condutor,Colisão traseira,Pleno dia,Garoa/Chuvisco,Dupla,Viaduto;Reta,Não,Decrescente
753531,2026-02-20,sexta-feira,12:18:00,BA,101.0,364,gandu,-13.73815,-39.480255,2.0,0.0,0.0,Com Vítimas Feridas,Sim,Transitar na contramão,Colisão frontal,Pleno dia,Céu Claro,Simples,Reta,Sim,Decrescente
753532,2026-02-20,sexta-feira,11:20:00,PB,104.0,"189,2",alcantil,-7.708913,-36.06546,0.0,0.0,3.0,Com Vítimas Fatais,Sim,Acessar a via sem observar a presença dos outros veículos,Tombamento,Pleno dia,Sol,Simples,Interseção de Vias,Não,Decrescente
753533,2026-02-20,sexta-feira,14:20:00,PE,428.0,185,petrolina,-9.345342,-40.472836,6.0,0.0,0.0,Com Vítimas Feridas,Não,Acessar a via sem observar a presença dos outros veículos,Queda de ocupante de veículo,Pleno dia,Nublado,Dupla,Reta,Sim,Crescente
753534,2026-02-11,quarta-feira,10:10:00,SC,101.0,112,navegantes,-26.842575,-48.71699,0.0,1.0,0.0,Com Vítimas Feridas,Sim,Velocidade Incompatível,Saída de leito carroçável,Pleno dia,Céu Claro,Múltipla,Reta,Não,Decrescente
753535,2026-02-20,sexta-feira,14:00:00,PE,101.0,80,jaboatao dos guararapes,-8.154845,-34.941578,0.0,0.0,0.0,Sem Vítimas,Não,Pista Escorregadia,Colisão traseira,Pleno dia,Céu Claro,Múltipla,Reta,Sim,Crescente
753537,2026-02-20,sexta-feira,10:30:00,SC,116.0,"106,2",monte castelo,-26.754616,-50.320473,0.0,1.0,0.0,Com Vítimas Feridas,Sim,Chuva,Queda de ocupante de veículo,Pleno dia,Chuva,Dupla,Aclive;Curva,Não,Crescente
753538,2026-02-20,sexta-feira,15:25:00,PB,230.0,27,joao pessoa,-7.166465,-34.88835,0.0,0.0,0.0,Sem Vítimas,Não,Transitar no Acostamento,Queda de ocupante de veículo,Pleno dia,Céu Claro,Dupla,Reta,Sim,Crescente
753539,2026-02-20,sexta-feira,10:30:00,RJ,493.0,"19,4",mage,-22.65933,-43.091244,2.0,0.0,0.0,Com Vítimas Feridas,Sim,Conversão proibida,Tombamento,Pleno dia,Céu Claro,Simples,Em Obras;Reta,Sim,Crescente
753540,2026-02-20,sexta-feira,11:20:00,GO,20.0,122,flores de goias,-14.861072,-46.80116,8.0,0.0,8.0,Com Vítimas Fatais,Não,Avarias e/ou desgaste excessivo no pneu,Colisão com objeto,Pleno dia,Chuva,Simples,Reta,Não,Crescente
753541,2026-02-20,sexta-feira,13:10:00,MT,364.0,198,rondonopolis,-16.506508,-54.62284,2.0,0.0,0.0,Com Vítimas Feridas,Sim,Demais falhas mecânicas ou elétricas,Tombamento,Pleno dia,Céu Claro,Dupla,Curva,Sim,Decrescente
753542,2026-02-20,sexta-feira,15:20:00,ES,101.0,"285,8",cariacica,-20.257483,-40.37723,1.0,0.0,0.0,Com Vítimas Feridas,Sim,Ultrapassagem Indevida,Colisão lateral mesmo sentido,Pleno dia,Sol,Dupla,Declive;Curva,Sim,Crescente
753543,2026-01-29,quinta-feira,16:00:00,AM,174.0,885,manaus,-2.968,-60.119,9.0,0.0,0.0,Com Vítimas Feridas,Não,Reação tardia ou ineficiente do condutor,Colisão traseira,Pleno dia,Céu Claro,Simples,Reta,Sim,Crescente
753544,2026-02-16,segunda-feira,19:20:00,ES,101.0,"277,6",serra,-20.209457,-40.316128,3.0,0.0,0.0,Com Vítimas Feridas,Sim,Retorno proibido,Colisão transversal,Plena Noite,Céu Claro,Dupla,Reta,Não,Crescente
753545,2026-02-20,sexta-feira,14:30:00,PE,101.0,70,recife,-8.066944,-34.941944,9.0,0.0,0.0,Com Vítimas Feridas,Não,Manobra de mudança de faixa,Queda de ocupante de veículo,Pleno dia,Céu Claro,Dupla,Reta,Sim,Crescente
753546,2026-02-20,sexta-feira,14:08:00,PR,277.0,538,ibema,-25.115923,-53.00663,0.0,2.0,0.0,Com Vítimas Feridas,Sim,Acesso irregular,Queda de ocupante de veículo,Pleno dia,Chuva,Simples,Interseção de Vias,Sim,Crescente
753547,2026-02-20,sexta-feira,09:30:00,MT,364.0,439,varzea grande,-15.60747,-56.20321,2.0,0.0,4.0,Com Vítimas Fatais,Sim,Ultrapassagem Indevida,Colisão frontal,Pleno dia,Céu Claro,Simples,Reta,Não,Crescente
753548,2026-01-11,domingo,09:27:00,SE,101.0,94,nossa senhora do socorro,-10.907123,-37.152473,0.0,0.0,2.0,Com Vítimas Fatais,Sim,Condutor Dormindo,Capotamento,Pleno dia,Céu Claro,Dupla,Reta,Sim,Crescente
753549,2026-02-20,sexta-feira,12:00:00,PR,476.0,"99,4",bocaiuva do sul,-25.242176,-49.129963,4.0,0.0,0.0,Com Vítimas Feridas,Não,Velocidade Incompatível,Colisão frontal,Pleno dia,Céu Claro,Simples,Declive;Curva,Não,Decrescente
753550,2026-02-20,sexta-feira,15:00:00,SP,116.0,116,taubate,-23.054527,-45.61024,1.0,0.0,0.0,Com Vítimas Feridas,Sim,Reação tardia ou ineficiente do condutor,Colisão traseira,Pleno dia,Céu Claro,Dupla,Reta,Não,Decrescente
753551,2026-02-20,sexta-feira,13:00:00,MG,40.0,"665,5",carandai,-20.943264,-43.809933,1.0,0.0,0.0,Com Vítimas Feridas,Sim,Conversão proibida,Colisão lateral mesmo sentido,Pleno dia,Céu Claro,Simples,Interseção de Vias;Aclive;Reta,Sim,Crescente
753552,2026-02-20,sexta-feira,10:40:00,PA,316.0,272,cachoeira do piria,-1.8116912,-46.33309,9.0,3.0,0.0,Com Vítimas Feridas,Não,Conversão proibida,Colisão transversal,Pleno dia,Nublado,Simples,Reta,Não,Crescente
753554,2026-02-20,sexta-feira,15:50:00,RS,386.0,233,soledade,-28.715706,-52.566185,12.0,0.0,4.0,Com Vítimas Fatais,Não,Ausência de reação do condutor,Colisão frontal,Pleno dia,Céu Claro,Simples,Curva,Não,Decrescente
753555,2026-02-20,sexta-feira,14:00:00,RJ,101.0,"383,8",rio de janeiro,-22.879057,-43.623405,2.0,0.0,0.0,Com Vítimas Feridas,Sim,Avarias e/ou desgaste excessivo no pneu,Queda de ocupante de veículo,Pleno dia,Nublado,Dupla,Reta,Sim,Crescente
753556,2026-02-20,sexta-feira,16:30:00,RN,406.0,148,ceara-mirim,-5.647,-35.45,2.0,0.0,0.0,Com Vítimas Feridas,Sim,Acessar a via sem observar a presença dos outros veículos,Colisão transversal,Pleno dia,Céu Claro,Simples,Reta,Não,Crescente
753557,2026-01-17,sábado,12:30:00,PR,153.0,469,porto vitoria,-26.288986,-51.199146,4.0,0.0,0.0,Com Vítimas Feridas,Não,Curva acentuada,Saída de leito carroçável,Pleno dia,Céu Claro,Simples,Curva,Não,Crescente
753558,2026-02-20,sexta-feira,15:20:00,BA,101.0,114,alagoinhas,-12.112173,-38.38726,2.0,2.0,0.0,Com Vítimas Feridas,Sim,Ausência de reação do condutor,Saída de leito carroçável,Pleno dia,Céu Claro,Simples,Curva,Sim,Crescente
753559,2026-02-20,sexta-feira,16:05:00,GO,40.0,"0,5",valparaiso de goias,-16.053738,-47.982037,3.0,0.0,0.0,Com Vítimas Feridas,Sim,Condutor deixou de manter distância do veículo da frente,Queda de ocupante de veículo,Pleno dia,Sol,Dupla,Reta,Sim,Crescente
753560,2026-02-20,sexta-feira,16:30:00,GO,153.0,"499,1",goiania,-16.696505,-49.231594,2.0,0.0,0.0,Com Vítimas Feridas,Sim,Reação tardia ou ineficiente do condutor,Queda de ocupante de veículo,Pleno dia,Céu Claro,Simples,Reta;Viaduto,Não,Crescente
753562,2026-02-20,sexta-feira,16:40:00,RJ,101.0,220,silva jardim,-22.563145,-42.36294,1.0,0.0,0.0,Com Vítimas Feridas,Sim,Velocidade Incompatível,Saída de leito carroçável,Pleno dia,Chuva,Dupla,Curva,Não,Crescente
753563,2026-02-20,sexta-feira,15:20:00,AL,101.0,39,flexeiras,-9.162514,-35.768932,6.0,0.0,0.0,Com Vítimas Feridas,Sim,Condutor Dormindo,Saída de leito carroçável,Pleno dia,Céu Claro,Dupla,Declive;Reta,Não,Decrescente
753564,2026-02-20,sexta-feira,16:00:00,BA,135.0,152,riachao das neves,-11.956214,-44.91024,5.0,0.0,0.0,Com Vítimas Feridas,Não,Falta de acostamento,Tombamento,Pleno dia,Chuva,Simples,Reta,Não,Crescente
753565,2026-02-20,sexta-feira,16:30:00,RS,290.0,107,eldorado do sul,-30.001253,-51.303257,0.0,0.0,0.0,Sem Vítimas,Sim,Ausência de reação do condutor,Colisão traseira,Pleno dia,Céu Claro,Dupla,Reta,Não,Crescente
753566,2026-02-20,sexta-feira,16:30:00,SE,235.0,"1,4",aracaju,-10.908479,-37.086742,1.0,0.0,0.0,Com Vítimas Feridas,Sim,Condutor deixou de manter distância do veículo da frente,Colisão traseira,Pleno dia,Nublado,Dupla,Reta,Sim,Decrescente
753567,2026-02-08,domingo,15:00:00,RJ,40.0,92,petropolis,-22.551546,-43.24833,2.0,0.0,0.0,Com Vítimas Feridas,Sim,Pista Escorregadia,Colisão traseira,Pleno dia,Garoa/Chuvisco,Dupla,Declive;Curva,Não,Crescente
753568,2026-02-12,quinta-feira,20:53:00,PE,316.0,363,petrolandia,-8.950828,-38.224392,0.0,0.0,9.0,Com Vítimas Fatais,Não,Iluminação deficiente,Queda de ocupante de veículo,Plena Noite,Céu Claro,Simples,Reta,Não,Crescente
753569,2026-02-20,sexta-feira,16:15:00,PR,277.0,240,fernandes pinheiro,-25.464909,-50.57719,0.0,0.0,0.0,Sem Vítimas,Não,Velocidade Incompatível,Saída de leito carroçável,Pleno dia,Chuva,Simples,Declive;Reta,Não,Decrescente
753570,2026-02-20,sexta-feira,16:00:00,TO,153.0,217,nova olinda,-7.80095,-48.45693,0.0,3.0,0.0,Com Vítimas Feridas,Não,Reação tardia ou ineficiente do condutor,Colisão transversal,Pleno dia,Céu Claro,Simples,Retorno Regulamentado;Rotatória,Não,Decrescente
753571,2026-02-20,sexta-feira,13:15:00,MG,262.0,447,nova serrana,-19.83819,-45.0557,0.0,1.0,0.0,Com Vítimas Feridas,Sim,Chuva,Capotamento,Pleno dia,Chuva,Simples,Reta,Não,Crescente
753572,2026-02-20,sexta-feira,16:30:00,GO,153.0,"506,7",aparecida de goiania,-16.747766,-49.24057,0.0,1.0,0.0,Com Vítimas Feridas,Sim,Manobra de mudança de faixa,Colisão lateral mesmo sentido,Pleno dia,Céu Claro,Dupla,Reta,Sim,Decrescente
753573,2026-02-20,sexta-feira,16:59:00,RN,101.0,107,parnamirim,-5.9239354,-35.265102,1.0,0.0,0.0,Com Vítimas Feridas,Sim,Trafegar com motocicleta (ou similar) entre as faixas,Colisão lateral mesmo sentido,Pleno dia,Céu Claro,Dupla,Viaduto,Sim,Crescente
753574,2026-02-20,sexta-feira,17:30:00,ES,101.0,212,ibiracu,-19.816324,-40.367138,0.0,1.0,0.0,Com Vítimas Feridas,Sim,Transitar no Acostamento,Colisão transversal,Pleno dia,Céu Claro,Simples,Reta,Sim,Crescente
753575,2026-02-20,sexta-feira,16:30:00,RJ,116.0,"269,5",barra mansa,-22.560534,-44.149235,1.0,0.0,0.0,Com Vítimas Feridas,Sim,Chuva,Queda de ocupante de veículo,Pleno dia,Chuva,Dupla,Curva,Não,Crescente
753576,2026-02-20,sexta-feira,15:00:00,MG,262.0,38,manhuacu,-20.271448,-42.065662,1.0,0.0,0.0,Com Vítimas Feridas,Sim,Acessar a via sem observar a presença dos outros veículos,Colisão transversal,Pleno dia,Céu Claro,Simples,Declive;Reta,Não,Decrescente
753577,2026-02-20,sexta-feira,15:20:00,SC,101.0,130,camboriu,-26.987144,-48.665836,1.0,0.0,0.0,Com Vítimas Feridas,Sim,Reação tardia ou ineficiente do condutor,Colisão traseira,Pleno dia,Céu Claro,Múltipla,Reta,Sim,Crescente
753578,2026-02-20,sexta-feira,16:25:00,MG,381.0,"743,2",tres coracoes,-21.610144,-45.243298,1.0,0.0,0.0,Com Vítimas Feridas,Sim,Ausência de reação do condutor,Colisão traseira,Pleno dia,Céu Claro,Dupla,Reta,Não,Decrescente
753579,2026-02-17,terça-feira,18:15:00,BA,330.0,864,ubata,-14.202592,-39.532345,5.0,0.0,0.0,Com Vítimas Feridas,Sim,Transitar na contramão,Colisão frontal,Plena Noite,Céu Claro,Simples,Reta,Sim,Crescente
753580,2026-02-20,sexta-feira,15:00:00,RJ,40.0,117,duque de caxias,-22.748026,-43.287956,4.0,0.0,0.0,Com Vítimas Feridas,Não,Ausência de reação do condutor,Queda de ocupante de veículo,Pleno dia,Nublado,Dupla,Reta,Sim,Crescente