id,data_inversa,dia_semana,horario,uf,br,km,municipio,latitude,longitude,feridos_leves,feridos_graves,mortos,classificacao_acidente,causa_principal,causa_acidente,tipo_acidente,fase_dia,condicao_metereologica,tipo_pista,tracado_via,uso_solo,sentido_via
753695,2026-02-21,sábado,06:20:00,RO,364.0,694,porto velho,-8.80029,-63.7199,6.0,0.0,0.0,Com Vítimas Feridas,Não,Ausência de reação do condutor,Queda de ocupante de veículo,Amanhecer,Nublado,Dupla,Desvio Temporário,Não,Crescente
753697,2026-02-21,sábado,05:32:00,GO,153.0,"81,1",porangatu,-13.528637,-49.112816,2.0,2.0,0.0,Com Vítimas Feridas,Não,Desrespeitar a preferência no cruzamento,Colisão transversal,Amanhecer,Nublado,Simples,Reta,Não,Crescente
753698,2026-02-21,sábado,06:30:00,MG,116.0,"538,4",santa rita de minas,-19.882492,-42.13266,0.0,2.0,0.0,Com Vítimas Feridas,Sim,Acessar a via sem observar a presença dos outros veículos,Queda de ocupante de veículo,Amanhecer,Sol,Simples,Curva;Aclive,Não,Decrescente
753699,2026-02-20,sexta-feira,22:00:00,RO,425.0,118,guajara-mirim,-10.70784,-65.27355,30.0,0.0,0.0,Com Vítimas Feridas,Não,Velocidade Incompatível,Tombamento,Plena Noite,Nublado,Simples,Reta,Não,Crescente
753700,2026-02-21,sábado,07:41:00,PE,232.0,"9,7",jaboatao dos guararapes,-8.078707,-34.9829,1.0,0.0,0.0,Com Vítimas Feridas,Sim,Acumulo de areia ou detritos sobre o pavimento,Queda de ocupante de veículo,Pleno dia,Céu Claro,Múltipla,Reta,Sim,Decrescente
753701,2026-02-20,sexta-feira,12:00:00,RJ,465.0,17,seropedica,-22.737333,-43.70902,0.0,0.0,0.0,Sem Vítimas,Sim,Demais falhas mecânicas ou elétricas,Incêndio,Pleno dia,Céu Claro,Simples,Reta,Sim,Decrescente
753702,2026-02-21,sábado,07:00:00,RJ,116.0,186,nova iguacu,-22.739214,-43.495487,2.0,0.0,0.0,Com Vítimas Feridas,Sim,Ausência de reação do condutor,Tombamento,Pleno dia,Nublado,Dupla,Reta,Sim,Decrescente
753703,2026-02-21,sábado,08:30:00,RN,406.0,149,ceara-mirim,-5.649522,-35.43394,3.0,0.0,0.0,Com Vítimas Feridas,Sim,Manobra de mudança de faixa,Tombamento,Pleno dia,Céu Claro,Simples,Reta,Sim,Crescente
753704,2026-02-21,sábado,08:30:00,SP,116.0,515,cajati,-24.864956,-48.21168,0.0,0.0,0.0,Sem Vítimas,Sim,Acumulo de água sobre o pavimento,Tombamento,Pleno dia,Garoa/Chuvisco,Dupla,Curva,Não,Decrescente
753705,2026-02-21,sábado,09:00:00,BA,101.0,800,itamaraju,-16.951994,-39.555477,2.0,0.0,0.0,Com Vítimas Feridas,Sim,Condutor deixou de manter distância do veículo da frente,Queda de ocupante de veículo,Pleno dia,Garoa/Chuvisco,Simples,Reta,Não,Crescente
753706,2026-02-21,sábado,08:05:00,MT,70.0,34,barra do garcas,-15.786688,-52.49316,4.0,0.0,0.0,Com Vítimas Feridas,Não,Demais falhas na via,Tombamento,Pleno dia,Céu Claro,Simples,Reta,Não,Decrescente
753707,2026-02-21,sábado,06:40:00,BA,324.0,568,sao sebastiao do passe,-12.548196,-38.578835,1.0,0.0,0.0,Com Vítimas Feridas,Sim,Condutor deixou de manter distância do veículo da frente,Colisão traseira,Pleno dia,Nublado,Dupla,Reta;Declive,Não,Crescente
753708,2026-02-21,sábado,05:32:00,MT,163.0,760,sorriso,-12.484608,-55.68012,0.0,0.0,0.0,Sem Vítimas,Sim,Afundamento ou ondulação no pavimento,Queda de ocupante de veículo,Pleno dia,Céu Claro,Simples,Reta;Declive,Não,Decrescente
753710,2026-02-21,sábado,08:30:00,MT,174.0,296,pontes e lacerda,-15.183717,-59.325153,2.0,0.0,0.0,Com Vítimas Feridas,Sim,Reação tardia ou ineficiente do condutor,Queda de ocupante de veículo,Pleno dia,Céu Claro,Simples,Reta,Não,Crescente
753711,2026-01-27,terça-feira,14:52:00,PE,101.0,25,itapissuma,-7.697977,-34.921795,4.0,0.0,0.0,Com Vítimas Feridas,Não,Reação tardia ou ineficiente do condutor,Saída de leito carroçável,Pleno dia,Céu Claro,Dupla,Aclive;Curva,Não,Crescente
753712,2026-02-21,sábado,09:15:00,PB,104.0,"107,6",sao sebastiao de lagoa de  roca,-7.108035,-35.867935,0.0,3.0,0.0,Com Vítimas Feridas,Sim,Animais na Pista,Tombamento,Pleno dia,Sol,Simples,Reta,Sim,Crescente
753713,2026-02-21,sábado,08:00:00,PR,476.0,"228,3",lapa,-25.867357,-49.97745,4.0,0.0,0.0,Com Vítimas Feridas,Sim,Acessar a via sem observar a presença dos outros veículos,Capotamento,Pleno dia,Nublado,Simples,Reta,Não,Crescente
753716,2026-02-21,sábado,10:30:00,PR,116.0,"0,1",quatro barras,-25.346645,-49.046463,2.0,0.0,0.0,Com Vítimas Feridas,Sim,Velocidade Incompatível,Tombamento,Pleno dia,Nublado,Dupla,Retorno Regulamentado,Sim,Decrescente
753717,2026-02-21,sábado,09:00:00,RS,116.0,"504,6",pelotas,-31.58768,-52.27916,0.0,1.0,0.0,Com Vítimas Feridas,Sim,Pista esburacada,Queda de ocupante de veículo,Pleno dia,Céu Claro,Dupla,Reta,Não,Crescente
753718,2026-02-21,sábado,08:30:00,RS,290.0,"524,1",cacequi,-30.06335,-55.29351,4.0,0.0,0.0,Com Vítimas Feridas,Sim,Ausência de reação do condutor,Capotamento,Pleno dia,Céu Claro,Simples,Reta,Não,Decrescente
753719,2026-02-21,sábado,09:29:00,PA,163.0,993,santarem,-2.521325,-54.72275,2.0,0.0,0.0,Com Vítimas Feridas,Sim,Demais falhas mecânicas ou elétricas,Queda de ocupante de veículo,Pleno dia,Céu Claro,Simples,Reta,Não,Decrescente
753720,2026-02-21,sábado,09:00:00,RJ,101.0,399,rio de janeiro,-22.886148,-43.651897,2.0,0.0,0.0,Com Vítimas Feridas,Sim,Demais falhas mecânicas ou elétricas,Tombamento,Pleno dia,Céu Claro,Múltipla,Reta,Sim,Crescente
753721,2026-02-21,sábado,11:11:00,RS,472.0,578,uruguaiana,-29.783382,-57.071182,4.0,0.0,0.0,Com Vítimas Feridas,Sim,Velocidade Incompatível,Colisão com objeto,Pleno dia,Céu Claro,Simples,Reta,Sim,Crescente
753722,2026-02-21,sábado,09:30:00,MG,381.0,507,sao joaquim de bicas,-20.0455,-44.27392,1.0,0.0,0.0,Com Vítimas Feridas,Sim,Acessar a via sem observar a presença dos outros veículos,Colisão traseira,Pleno dia,Nublado,Dupla,Aclive;Curva,Não,Crescente
753724,2026-02-21,sábado,11:30:00,BA,407.0,4,juazeiro,-9.442393,-40.49314,2.0,0.0,0.0,Com Vítimas Feridas,Sim,Acessar a via sem observar a presença dos outros veículos,Queda de ocupante de veículo,Pleno dia,Nublado,Simples,Em Obras,Sim,Decrescente
753725,2026-02-21,sábado,10:30:00,MT,364.0,199,rondonopolis,-16.416822,-54.706596,1.0,1.0,0.0,Com Vítimas Feridas,Sim,Acessar a via sem observar a presença dos outros veículos,Colisão traseira,Pleno dia,Céu Claro,Dupla,Interseção de Vias,Sim,Crescente
753726,2026-02-21,sábado,08:50:00,RS,116.0,"207,4",picada cafe,-29.49997,-51.11825,0.0,1.0,0.0,Com Vítimas Feridas,Sim,Transitar na contramão,Colisão frontal,Pleno dia,Céu Claro,Simples,Curva,Sim,Crescente
753727,2026-02-21,sábado,11:40:00,MG,381.0,"511,3",igarape,-20.061928,-44.293167,3.0,0.0,0.0,Com Vítimas Feridas,Sim,Acessar a via sem observar a presença dos outros veículos,Colisão transversal,Pleno dia,Céu Claro,Dupla,Interseção de Vias,Sim,Crescente
753728,2026-02-21,sábado,10:00:00,PI,316.0,309,picos,-7.077573,-41.48195,3.0,0.0,0.0,Com Vítimas Feridas,Sim,Transitar no Acostamento,Queda de ocupante de veículo,Pleno dia,Céu Claro,Simples,Reta,Sim,Crescente
753729,2026-02-21,sábado,11:00:00,PR,116.0,26,campina grande do sul,-25.10834,-48.787266,2.0,0.0,0.0,Com Vítimas Feridas,Sim,Chuva,Saída de leito carroçável,Pleno dia,Garoa/Chuvisco,Simples,Curva,Não,Decrescente
753730,2026-02-21,sábado,10:50:00,PR,116.0,39,campina grande do sul,-25.276648,-48.92477,2.0,0.0,0.0,Com Vítimas Feridas,Sim,Reação tardia ou ineficiente do condutor,Capotamento,Pleno dia,Nublado,Dupla,Curva,Não,Decrescente
753731,2026-02-21,sábado,12:10:00,SC,101.0,141,itapema,-27.057793,-48.597485,1.0,0.0,0.0,Com Vítimas Feridas,Sim,Condutor deixou de manter distância do veículo da frente,Colisão traseira,Pleno dia,Céu Claro,Dupla,Curva,Sim,Decrescente
753732,2026-02-21,sábado,10:35:00,RO,319.0,141,porto velho,-8.744721,-63.888863,2.0,0.0,0.0,Com Vítimas Feridas,Não,Acessar a via sem observar a presença dos outros veículos,Colisão transversal,Pleno dia,Sol,Múltipla,Interseção de Vias,Sim,Decrescente
753733,2026-02-21,sábado,11:30:00,PR,277.0,34,morretes,-25.572866,-48.822556,1.0,0.0,0.0,Com Vítimas Feridas,Sim,Manobra de mudança de faixa,Colisão lateral mesmo sentido,Pleno dia,Céu Claro,Dupla,Reta,Não,Decrescente
753734,2026-02-21,sábado,12:29:00,SP,116.0,197,aruja,-23.39944,-46.301125,1.0,0.0,0.0,Com Vítimas Feridas,Sim,Velocidade Incompatível,Queda de ocupante de veículo,Pleno dia,Céu Claro,Dupla,Reta,Sim,Crescente
753735,2026-02-21,sábado,12:40:00,MG,381.0,2,betim,-19.979782,-44.160892,2.0,0.0,0.0,Com Vítimas Feridas,Não,Pista esburacada,Queda de ocupante de veículo,Pleno dia,Chuva,Dupla,Curva,Não,Crescente
753736,2026-02-21,sábado,11:45:00,SP,116.0,147,sao jose dos campos,-23.19618,-45.87336,1.0,0.0,0.0,Com Vítimas Feridas,Sim,Afundamento ou ondulação no pavimento,Colisão com objeto,Pleno dia,Céu Claro,Dupla,Reta,Sim,Decrescente
753737,2026-02-08,domingo,07:00:00,SC,101.0,"269,9",imbituba,-28.10223,-48.703617,3.0,1.0,0.0,Com Vítimas Feridas,Sim,Manobra de mudança de faixa,Colisão traseira,Pleno dia,Céu Claro,Dupla,Reta,Não,Decrescente
753738,2026-02-21,sábado,11:48:00,PE,101.0,"70,4",recife,-8.06809,-34.9426,2.0,0.0,0.0,Com Vítimas Feridas,Sim,Condutor deixou de manter distância do veículo da frente,Colisão traseira,Pleno dia,Céu Claro,Dupla,Reta,Sim,Crescente
753739,2026-02-21,sábado,06:30:00,BA,116.0,"56,6",chorrocho,-9.103917,-39.14057,0.0,0.0,0.0,Sem Vítimas,Não,Problema na suspensão,Incêndio,Pleno dia,Nublado,Simples,Reta,Não,Crescente
753740,2026-02-21,sábado,12:53:00,GO,60.0,93,anapolis,-16.353111,-48.922295,0.0,4.0,0.0,Com Vítimas Feridas,Não,Chuva,Queda de ocupante de veículo,Pleno dia,Garoa/Chuvisco,Dupla,Aclive;Reta;Interseção de Vias,Sim,Crescente
753741,2026-02-21,sábado,11:45:00,MG,40.0,"632,1",conselheiro lafaiete,-20.68873,-43.79062,4.0,0.0,0.0,Com Vítimas Feridas,Sim,Acessar a via sem observar a presença dos outros veículos,Colisão com objeto,Pleno dia,Céu Claro,Simples,Interseção de Vias;Em Obras,Sim,Crescente
753742,2026-02-21,sábado,13:10:00,SC,101.0,186,biguacu,-27.43389,-48.62532,4.0,0.0,0.0,Com Vítimas Feridas,Sim,Manobra de mudança de faixa,Tombamento,Pleno dia,Céu Claro,Dupla,Curva,Sim,Decrescente
753743,2026-02-21,sábado,13:30:00,GO,70.0,327,jussara,-15.86778,-50.93701,1.0,0.0,0.0,Com Vítimas Feridas,Sim,Acumulo de água sobre o pavimento,Colisão lateral sentido oposto,Pleno dia,Chuva,Simples,Curva,Não,Crescente
753745,2026-02-21,sábado,13:25:00,SP,381.0,57,mairipora,-23.272001,-46.5848,4.0,0.0,0.0,Com Vítimas Feridas,Sim,Manobra de mudança de faixa,Queda de ocupante de veículo,Pleno dia,Sol,Dupla,Reta,Sim,Crescente
753746,2026-02-21,sábado,13:15:00,MG,262.0,711,perdizes,-19.62368,-47.268105,0.0,0.0,2.0,Com Vítimas Fatais,Sim,Transitar na contramão,Colisão frontal,Pleno dia,Céu Claro,Simples,Curva,Não,Crescente
753747,2026-02-21,sábado,12:05:00,SP,116.0,499,cajati,-24.78705,-48.17686,0.0,0.0,0.0,Sem Vítimas,Sim,Problema com o freio,Incêndio,Pleno dia,Chuva,Dupla,Reta,Não,Decrescente
753748,2026-02-21,sábado,11:20:00,PA,316.0,71,castanhal,-1.289251,-47.84322,0.0,3.0,0.0,Com Vítimas Feridas,Sim,Reação tardia ou ineficiente do condutor,Queda de ocupante de veículo,Pleno dia,Nublado,Simples,Reta,Não,Crescente
753749,2026-02-21,sábado,12:00:00,BA,415.0,55,itabuna,-14.849123,-39.385117,3.0,0.0,0.0,Com Vítimas Feridas,Sim,Curva acentuada,Saída de leito carroçável,Pleno dia,Céu Claro,Simples,Curva,Não,Crescente
753750,2026-02-21,sábado,13:30:00,GO,251.0,"26,9",cristalina,-16.098543,-47.503635,0.0,0.0,3.0,Com Vítimas Fatais,Sim,Acessar a via sem observar a presença dos outros veículos,Queda de ocupante de veículo,Pleno dia,Nublado,Simples,Reta,Sim,Decrescente
753751,2026-02-21,sábado,12:30:00,MG,40.0,253,sao goncalo do abaete,-18.133854,-45.408875,0.0,2.0,0.0,Com Vítimas Feridas,Sim,Ausência de reação do condutor,Tombamento,Pleno dia,Ignorado,Simples,Reta,Não,Crescente
753752,2026-02-21,sábado,13:40:00,PR,163.0,302,mercedes,-24.446135,-54.162113,1.0,0.0,0.0,Com Vítimas Feridas,Sim,Acumulo de areia ou detritos sobre o pavimento,Colisão com objeto,Pleno dia,Céu Claro,Simples,Reta,Não,Crescente
753753,2026-02-21,sábado,14:00:00,BA,324.0,513,feira de santana,-12.2332,-38.9478,3.0,0.0,0.0,Com Vítimas Feridas,Sim,Condutor desrespeitou a iluminação vermelha do semáforo,Queda de ocupante de veículo,Pleno dia,Nublado,Simples,Reta;Interseção de Vias,Sim,Crescente
753754,2026-02-21,sábado,14:15:00,SC,101.0,"6,1",garuva,-26.028076,-48.860847,0.0,1.0,0.0,Com Vítimas Feridas,Sim,Ultrapassagem Indevida,Queda de ocupante de veículo,Pleno dia,Chuva,Simples,Reta;Aclive,Não,Decrescente
753755,2026-02-21,sábado,13:00:00,MT,163.0,994,terra nova do norte,-10.543474,-55.084934,0.0,0.0,3.0,Com Vítimas Fatais,Sim,Acessar a via sem observar a presença dos outros veículos,Saída de leito carroçável,Pleno dia,Céu Claro,Simples,Interseção de Vias;Reta,Não,Crescente
753756,2026-02-21,sábado,13:40:00,PR,376.0,444,tibagi,-24.876253,-50.44313,2.0,0.0,0.0,Com Vítimas Feridas,Sim,Velocidade Incompatível,Colisão com objeto,Pleno dia,Nublado,Dupla,Curva,Não,Crescente
753757,2026-02-21,sábado,07:53:00,BA,367.0,34,porto seguro,-16.414518,-39.161987,0.0,0.0,0.0,Sem Vítimas,Não,Velocidade Incompatível,Saída de leito carroçável,Pleno dia,Sol,Simples,Reta;Interseção de Vias,Sim,Decrescente
753758,2026-02-21,sábado,13:45:00,SP,116.0,218,guarulhos,-23.459621,-46.48384,2.0,0.0,0.0,Com Vítimas Feridas,Sim,Trafegar com motocicleta (ou similar) entre as faixas,Queda de ocupante de veículo,Pleno dia,Nublado,Múltipla,Aclive;Reta,Não,Decrescente
753759,2026-02-21,sábado,14:35:00,TO,153.0,785,talisma,-12.70662,-49.074253,1.0,0.0,0.0,Com Vítimas Feridas,Sim,Ausência de reação do condutor,Colisão transversal,Pleno dia,Nublado,Simples,Reta,Não,Crescente
753761,2026-02-21,sábado,14:49:00,RJ,101.0,326,rio de janeiro,-22.871607,-43.154617,0.0,0.0,0.0,Sem Vítimas,Sim,Manobra de mudança de faixa,Colisão lateral mesmo sentido,Pleno dia,Céu Claro,Múltipla,Reta,Sim,Crescente
753762,2026-02-21,sábado,15:00:00,SP,116.0,159,jacarei,-23.266972,-45.96182,1.0,0.0,0.0,Com Vítimas Feridas,Sim,Reação tardia ou ineficiente do condutor,Colisão traseira,Pleno dia,Céu Claro,Dupla,Reta,Sim,Crescente
753763,2026-02-21,sábado,13:40:00,PR,116.0,"24,5",campina grande do sul,-25.111692,-48.779316,2.0,0.0,0.0,Com Vítimas Feridas,Sim,Velocidade Incompatível,Queda de ocupante de veículo,Pleno dia,Chuva,Dupla,Curva,Não,Decrescente
753764,2026-02-21,sábado,14:00:00,SC,282.0,617,iraceminha,-26.782583,-53.284336,2.0,0.0,0.0,Com Vítimas Feridas,Sim,Acessar a via sem observar a presença dos outros veículos,Colisão transversal,Pleno dia,Céu Claro,Simples,Rotatória,Não,Decrescente
753765,2026-02-21,sábado,14:00:00,MG,153.0,116,prata,-19.36897,-48.899384,0.0,0.0,0.0,Sem Vítimas,Sim,Demais falhas mecânicas ou elétricas,Incêndio,Pleno dia,Céu Claro,Simples,Reta,Não,Crescente
753767,2026-02-21,sábado,15:25:00,PR,476.0,"174,8",contenda,-25.69318,-49.549957,3.0,0.0,0.0,Com Vítimas Feridas,Não,Avarias e/ou desgaste excessivo no pneu,Saída de leito carroçável,Pleno dia,Garoa/Chuvisco,Simples,Reta,Não,Decrescente
753768,2026-02-21,sábado,15:30:00,GO,40.0,"94,9",cristalina,-16.750755,-47.607563,0.0,0.0,0.0,Sem Vítimas,Sim,Desrespeitar a preferência no cruzamento,Colisão transversal,Pleno dia,Céu Claro,Simples,Reta;Interseção de Vias,Sim,Crescente
753769,2026-02-21,sábado,16:00:00,SC,282.0,"536,4",chapeco,-26.9992,-52.64612,1.0,0.0,0.0,Com Vítimas Feridas,Sim,Velocidade Incompatível,Colisão com objeto,Pleno dia,Céu Claro,Simples,Curva;Viaduto,Não,Crescente
753770,2026-02-21,sábado,15:55:00,PE,428.0,"6,9",cabrobo,-8.511283,-39.306515,0.0,6.0,0.0,Com Vítimas Feridas,Não,Reação tardia ou ineficiente do condutor,Queda de ocupante de veículo,Pleno dia,Sol,Simples,Reta,Não,Crescente
753771,2026-02-21,sábado,15:45:00,SC,101.0,"208,2",sao jose,-27.609238,-48.636967,1.0,0.0,0.0,Com Vítimas Feridas,Sim,Manobra de mudança de faixa,Colisão lateral mesmo sentido,Pleno dia,Nublado,Múltipla,Reta,Sim,Decrescente
753772,2026-02-21,sábado,15:45:00,RS,392.0,350,santa maria,-29.729357,-53.80227,2.0,0.0,0.0,Com Vítimas Feridas,Sim,Transitar na contramão,Colisão frontal,Pleno dia,Céu Claro,Simples,Desvio Temporário;Reta;Declive;Em Obras,Sim,Crescente
753773,2026-02-21,sábado,16:00:00,PR,277.0,357,guarapuava,-25.40029,-51.53977,0.0,0.0,0.0,Sem Vítimas,Não,Condutor deixou de manter distância do veículo da frente,Queda de ocupante de veículo,Pleno dia,Céu Claro,Simples,Reta,Não,Decrescente
753774,2026-02-21,sábado,14:20:00,MT,364.0,560,nobres,-14.73714,-56.31958,3.0,0.0,3.0,Com Vítimas Fatais,Sim,Ausência de reação do condutor,Incêndio,Pleno dia,Céu Claro,Dupla,Reta,Não,Decrescente
753775,2026-02-21,sábado,14:30:00,BA,324.0,514,feira de santana,-12.2335,-38.9466,3.0,0.0,0.0,Com Vítimas Feridas,Sim,Acessar a via sem observar a presença dos outros veículos,Queda de ocupante de veículo,Pleno dia,Nublado,Simples,Reta,Sim,Decrescente
753776,2026-02-21,sábado,16:35:00,SP,101.0,51,ubatuba,-23.457363,-45.069984,6.0,0.0,0.0,Com Vítimas Feridas,Sim,Transitar na contramão,Queda de ocupante de veículo,Pleno dia,Nublado,Simples,Reta,Sim,Decrescente
753777,2026-02-21,sábado,16:39:00,RS,116.0,247,sao leopoldo,-29.767206,-51.15386,0.0,2.0,0.0,Com Vítimas Feridas,Sim,Manobra de mudança de faixa,Colisão lateral mesmo sentido,Pleno dia,Céu Claro,Múltipla,Reta;Interseção de Vias,Sim,Crescente
753778,2026-02-21,sábado,14:29:00,RJ,101.0,175,macae,-22.379395,-41.969597,1.0,0.0,0.0,Com Vítimas Feridas,Sim,Ausência de reação do condutor,Colisão traseira,Pleno dia,Nublado,Simples,Retorno Regulamentado,Não,Decrescente
753779,2026-02-21,sábado,10:40:00,MT,364.0,523,rosario oeste,-14.99479,-56.5174,0.0,0.0,0.0,Sem Vítimas,Sim,Demais falhas mecânicas ou elétricas,Incêndio,Pleno dia,Céu Claro,Simples,Reta,Não,Decrescente
753780,2026-02-21,sábado,15:45:00,RJ,393.0,239,vassouras,-22.428944,-43.704815,3.0,0.0,0.0,Com Vítimas Feridas,Sim,Velocidade Incompatível,Colisão traseira,Pleno dia,Chuva,Simples,Reta;Aclive,Não,Crescente
753781,2026-02-21,sábado,11:50:00,RJ,101.0,49,campos dos goytacazes,-21.627556,-41.313828,0.0,3.0,0.0,Com Vítimas Feridas,Sim,Acessar a via sem observar a presença dos outros veículos,Queda de ocupante de veículo,Pleno dia,Céu Claro,Simples,Reta,Sim,Decrescente
753783,2026-02-10,terça-feira,04:30:00,MS,267.0,669,porto murtinho,-21.710196,-57.729473,0.0,6.0,0.0,Com Vítimas Feridas,Não,Ausência de reação do condutor,Queda de ocupante de veículo,Amanhecer,Céu Claro,Simples,Reta,Não,Decrescente
753784,2026-02-21,sábado,16:45:00,SC,101.0,"26,6",sao jose,-27.549984,-48.70066,0.0,0.0,0.0,Sem Vítimas,Sim,Demais falhas mecânicas ou elétricas,Incêndio,Pleno dia,Nublado,Dupla,Reta,Não,Decrescente
753785,2026-02-21,sábado,16:45:00,DF,70.0,"15,7",brasilia,-15.7984495,-48.18658,1.0,0.0,0.0,Com Vítimas Feridas,Sim,Demais falhas mecânicas ou elétricas,Queda de ocupante de veículo,Pleno dia,Céu Claro,Dupla,Reta,Sim,Crescente
753786,2026-02-21,sábado,16:50:00,MG,40.0,635,conselheiro lafaiete,-20.705887,-43.792503,1.0,0.0,0.0,Com Vítimas Feridas,Sim,Ausência de reação do condutor,Saída de leito carroçável,Pleno dia,Chuva,Simples,Curva,Não,Decrescente
753787,2026-02-21,sábado,17:00:00,ES,101.0,15,serra,-20.189892,-40.33604,1.0,0.0,0.0,Com Vítimas Feridas,Sim,Reação tardia ou ineficiente do condutor,Eventos atípicos,Pleno dia,Céu Claro,Dupla,Aclive;Reta,Não,Crescente
753788,2026-02-21,sábado,14:25:00,RJ,101.0,323,niteroi,-22.874119,-43.123314,2.0,0.0,0.0,Com Vítimas Feridas,Sim,Demais falhas mecânicas ou elétricas,Queda de ocupante de veículo,Pleno dia,Céu Claro,Dupla,Reta,Sim,Crescente
753790,2026-02-21,sábado,17:10:00,MG,364.0,9,frutal,-20.104033,-48.73918,1.0,1.0,0.0,Com Vítimas Feridas,Sim,Demais falhas mecânicas ou elétricas,Capotamento,Pleno dia,Céu Claro,Simples,Declive;Reta,Não,Decrescente
753791,2026-02-05,quinta-feira,07:00:00,RJ,101.0,314,sao goncalo,-22.793068,-43.02487,1.0,0.0,0.0,Com Vítimas Feridas,Sim,Manobra de mudança de faixa,Colisão lateral mesmo sentido,Pleno dia,Céu Claro,Dupla,Reta,Sim,Crescente
753792,2026-02-21,sábado,14:48:00,RO,364.0,463,ariquemes,-10.231405,-62.75184,4.0,4.0,0.0,Com Vítimas Feridas,Não,Ausência de reação do condutor,Tombamento,Pleno dia,Céu Claro,Simples,Reta,Não,Decrescente
753793,2026-02-21,sábado,16:30:00,MA,226.0,298,barra do corda,-5.5001316,-45.236927,0.0,8.0,0.0,Com Vítimas Feridas,Não,Ingestão de álcool pelo condutor,Tombamento,Pleno dia,Céu Claro,Simples,Reta,Sim,Crescente
753794,2026-02-21,sábado,09:50:00,MT,174.0,103,caceres,-15.83999,-57.87091,0.0,0.0,0.0,Sem Vítimas,Sim,Ultrapassagem Indevida,Saída de leito carroçável,Pleno dia,Céu Claro,Simples,Reta,Não,Decrescente
753795,2026-02-21,sábado,17:30:00,SC,470.0,"97,3",apiuna,-27.029934,-49.382698,0.0,0.0,0.0,Sem Vítimas,Sim,Ausência de reação do condutor,Colisão com objeto,Pleno dia,Nublado,Simples,Reta,Sim,Crescente
753796,2026-02-21,sábado,18:00:00,PR,116.0,111,curitiba,-25.558601,-49.267723,0.0,0.0,0.0,Sem Vítimas,Não,Velocidade Incompatível,Colisão com objeto,Pleno dia,Céu Claro,Dupla,Reta,Sim,Decrescente
753797,2026-02-21,sábado,17:45:00,SE,235.0,"37,9",areia branca,-10.770447,-37.34598,0.0,0.0,0.0,Sem Vítimas,Não,Demais falhas mecânicas ou elétricas,Colisão com objeto,Plena Noite,Chuva,Simples,Aclive;Reta,Não,Crescente
753798,2026-02-21,sábado,16:00:00,RJ,393.0,284,volta redonda,-22.505613,-44.07349,1.0,0.0,0.0,Com Vítimas Feridas,Sim,Condutor Dormindo,Colisão com objeto,Pleno dia,Nublado,Dupla,Aclive;Interseção de Vias,Sim,Decrescente
753799,2026-02-21,sábado,01:00:00,SC,470.0,22,ilhota,-26.88377,-48.839626,0.0,0.0,0.0,Sem Vítimas,Sim,Ingestão de álcool pelo condutor,Saída de leito carroçável,Plena Noite,Chuva,Dupla,Curva,Não,Decrescente
753800,2026-02-21,sábado,00:46:00,PE,232.0,349,custodia,-8.087945,-37.78035,4.0,0.0,0.0,Com Vítimas Feridas,Não,Chuva,Colisão com objeto,Plena Noite,Garoa/Chuvisco,Simples,Reta;Ponte,Não,Decrescente
753801,2026-02-21,sábado,18:00:00,PR,277.0,"694,5",sao miguel do iguacu,-25.372831,-54.27122,0.0,0.0,0.0,Sem Vítimas,Não,Ingestão de álcool pelo condutor,Colisão transversal,Pleno dia,Céu Claro,Dupla,Reta;Declive,Não,Decrescente
753803,2026-02-21,sábado,18:02:00,MG,262.0,374,juatuba,-19.93301,-44.395065,2.0,0.0,0.0,Com Vítimas Feridas,Sim,Ingestão de álcool pelo condutor,Tombamento,Anoitecer,Chuva,Dupla,Aclive;Reta,Não,Crescente
753804,2026-02-21,sábado,17:00:00,MT,163.0,869,sinop,-11.572322,-55.412296,0.0,0.0,0.0,Sem Vítimas,Sim,Problema com o freio,Incêndio,Pleno dia,Céu Claro,Simples,Aclive;Reta,Não,Crescente
753805,2026-02-21,sábado,16:30:00,GO,20.0,"77,4",formosa,-15.109285,-47.121853,0.0,0.0,4.0,Com Vítimas Fatais,Não,Velocidade Incompatível,Colisão frontal,Pleno dia,Céu Claro,Simples,Reta,Não,Crescente
753806,2026-02-21,sábado,15:45:00,MA,10.0,"312,5",acailandia,-5.00454,-47.54037,0.0,0.0,0.0,Sem Vítimas,Não,Demais falhas mecânicas ou elétricas,Incêndio,Pleno dia,Céu Claro,Dupla,Curva,Não,Decrescente
753807,2026-02-21,sábado,18:30:00,ES,262.0,16,viana,-20.383612,-40.46595,0.0,1.0,0.0,Com Vítimas Feridas,Sim,Conversão proibida,Colisão transversal,Anoitecer,Nublado,Simples,Reta,Sim,Crescente
753809,2026-02-21,sábado,18:50:00,PE,101.0,"72,6",recife,-8.089764,-34.946682,0.0,3.0,0.0,Com Vítimas Feridas,Sim,Transitar na contramão,Queda de ocupante de veículo,Plena Noite,Céu Claro,Dupla,Reta;Ponte,Sim,Crescente
753810,2026-02-21,sábado,19:00:00,TO,226.0,19,palmeiras do tocantins,-6.630418,-47.610813,24.0,0.0,48.0,Com Vítimas Fatais,Sim,Manobra de mudança de faixa,Capotamento,Plena Noite,Nublado,Simples,Reta,Não,Crescente
753811,2026-02-21,sábado,15:30:00,SC,101.0,"458,4",sao joao do sul,-29.249315,-49.75301,3.0,0.0,0.0,Com Vítimas Feridas,Sim,Avarias e/ou desgaste excessivo no pneu,Saída de leito carroçável,Pleno dia,Céu Claro,Dupla,Curva,Não,Decrescente