id,data_inversa,dia_semana,horario,uf,br,km,municipio,latitude,longitude,feridos_leves,feridos_graves,mortos,classificacao_acidente,causa_principal,causa_acidente,tipo_acidente,fase_dia,condicao_metereologica,tipo_pista,tracado_via,uso_solo,sentido_via
754039,2026-02-22,domingo,19:40:00,PE,232.0,171,belo jardim,-8.3423,-36.35257,6.0,0.0,0.0,Com Vítimas Feridas,Sim,Reação tardia ou ineficiente do condutor,Capotamento,Plena Noite,Céu Claro,Simples,Curva,Não,Crescente
754040,2026-02-22,domingo,20:00:00,SC,101.0,331,tubarao,-28.466124,-48.995293,0.0,0.0,0.0,Sem Vítimas,Não,Reação tardia ou ineficiente do condutor,Colisão transversal,Plena Noite,Céu Claro,Múltipla,Rotatória;Interseção de Vias,Sim,Decrescente
754041,2026-02-20,sexta-feira,05:30:00,RS,116.0,243,sao leopoldo,-29.728378,-51.149307,0.0,0.0,0.0,Sem Vítimas,Não,Velocidade Incompatível,Colisão lateral mesmo sentido,Amanhecer,Céu Claro,Múltipla,Viaduto;Reta,Sim,Crescente
754042,2026-02-22,domingo,16:04:00,MT,174.0,510,comodoro,-13.467385,-59.8427,0.0,6.0,0.0,Com Vítimas Feridas,Sim,Avarias e/ou desgaste excessivo no pneu,Queda de ocupante de veículo,Pleno dia,Garoa/Chuvisco,Simples,Reta,Não,Decrescente
754043,2026-02-22,domingo,20:15:00,MG,146.0,"484,1",pocos de caldas,-21.804222,-46.45482,0.0,0.0,0.0,Sem Vítimas,Não,Ingestão de álcool pelo condutor,Colisão com objeto,Plena Noite,Céu Claro,Simples,Declive;Curva,Não,Decrescente
754044,2026-02-22,domingo,20:38:00,PR,277.0,590,cascavel,-24.9768,-53.44498,3.0,0.0,0.0,Com Vítimas Feridas,Sim,Avarias e/ou desgaste excessivo no pneu,Queda de ocupante de veículo,Plena Noite,Céu Claro,Simples,Reta,Não,Decrescente
754045,2026-02-22,domingo,19:20:00,RS,470.0,245,barao,-29.377907,-51.497627,4.0,0.0,0.0,Com Vítimas Feridas,Não,Velocidade Incompatível,Queda de ocupante de veículo,Plena Noite,Céu Claro,Simples,Reta,Sim,Crescente
754046,2026-02-22,domingo,20:40:00,SC,282.0,"555,7",nova itaberaba,-26.936918,-52.80949,4.0,0.0,0.0,Com Vítimas Feridas,Não,Transitar na contramão,Colisão lateral sentido oposto,Plena Noite,Céu Claro,Simples,Curva,Não,Crescente
754047,2026-02-22,domingo,20:58:00,RS,285.0,119,vacaria,-28.501583,-50.91925,3.0,0.0,0.0,Com Vítimas Feridas,Sim,Retorno proibido,Queda de ocupante de veículo,Plena Noite,Nublado,Simples,Interseção de Vias,Sim,Crescente
754048,2026-02-22,domingo,21:20:00,GO,40.0,"10,1",luziania,-16.13325,-47.95642,0.0,2.0,0.0,Com Vítimas Feridas,Não,Acessar a via sem observar a presença dos outros veículos,Colisão frontal,Plena Noite,Nublado,Dupla,Reta,Não,Crescente
754049,2026-02-22,domingo,20:15:00,MG,116.0,"534,8",santa rita de minas,-19.856499,-42.140293,3.0,3.0,3.0,Com Vítimas Fatais,Sim,Ingestão de álcool pelo condutor,Saída de leito carroçável,Plena Noite,Chuva,Simples,Reta,Não,Crescente
754050,2026-02-22,domingo,18:00:00,RJ,393.0,"268,4",barra do pirai,-22.476757,-43.94413,1.0,0.0,0.0,Com Vítimas Feridas,Sim,Desrespeitar a preferência no cruzamento,Colisão transversal,Plena Noite,Céu Claro,Simples,Declive;Reta,Sim,Crescente
754051,2026-02-22,domingo,21:30:00,RS,392.0,112,cangucu,-31.440517,-52.649048,0.0,0.0,2.0,Com Vítimas Fatais,Sim,Pedestre andava na pista,Atropelamento de Pedestre,Plena Noite,Céu Claro,Simples,Reta,Sim,Crescente
754052,2026-02-22,domingo,18:00:00,MS,262.0,205,ribas do rio pardo,-20.46674,-53.442772,0.0,0.0,0.0,Sem Vítimas,Sim,Ausência de reação do condutor,Saída de leito carroçável,Anoitecer,Chuva,Simples,Reta,Não,Decrescente
754053,2026-02-22,domingo,22:10:00,ES,101.0,57,sao mateus,-18.648943,-39.87363,0.0,0.0,0.0,Sem Vítimas,Sim,Reação tardia ou ineficiente do condutor,Colisão traseira,Plena Noite,Céu Claro,Simples,Reta,Não,Crescente
754054,2026-02-22,domingo,12:50:00,BA,324.0,607,simoes filho,-12.813453,-38.405094,210.0,42.0,0.0,Com Vítimas Feridas,Não,Velocidade Incompatível,Colisão traseira,Pleno dia,Chuva,Dupla,Declive;Reta,Sim,Decrescente
754055,2026-02-22,domingo,20:00:00,MA,222.0,657,acailandia,-4.8799157,-47.312164,0.0,1.0,0.0,Com Vítimas Feridas,Sim,Entrada inopinada do pedestre,Atropelamento de Pedestre,Plena Noite,Céu Claro,Simples,Reta;Aclive,Não,Crescente
754056,2026-02-22,domingo,22:09:00,RS,290.0,16,santo antonio da patrulha,-29.882448,-50.438156,0.0,0.0,0.0,Sem Vítimas,Não,Transitar no Acostamento,Colisão lateral mesmo sentido,Plena Noite,Céu Claro,Múltipla,Reta,Sim,Crescente
754057,2026-02-22,domingo,21:25:00,SC,101.0,93,barra velha,-26.701931,-48.699474,4.0,0.0,0.0,Com Vítimas Feridas,Sim,Ausência de reação do condutor,Colisão com objeto,Plena Noite,Nublado,Dupla,Reta,Não,Crescente
754058,2026-02-22,domingo,10:00:00,MS,463.0,100,ponta pora,-22.62115,-55.61573,0.0,3.0,0.0,Com Vítimas Feridas,Sim,Acessar a via sem observar a presença dos outros veículos,Colisão transversal,Pleno dia,Céu Claro,Simples,Reta,Não,Decrescente
754059,2026-02-22,domingo,19:20:00,PB,427.0,"37,5",pombal,-6.7690287,-37.794815,6.0,0.0,0.0,Com Vítimas Feridas,Sim,Acessar a via sem observar a presença dos outros veículos,Queda de ocupante de veículo,Plena Noite,Nublado,Simples,Reta,Sim,Crescente
754060,2026-02-22,domingo,21:18:00,GO,452.0,41,santa helena de goias,-17.932447,-50.547245,6.0,0.0,0.0,Com Vítimas Feridas,Não,Velocidade Incompatível,Tombamento,Plena Noite,Nublado,Simples,Reta,Não,Decrescente
754061,2026-02-22,domingo,06:30:00,BA,242.0,687,muquem de sao francisco,-12.195409,-43.700523,12.0,6.0,0.0,Com Vítimas Feridas,Não,Manobra de mudança de faixa,Derramamento de carga,Pleno dia,Céu Claro,Simples,Declive;Reta,Não,Crescente
754062,2026-02-22,domingo,21:15:00,PR,376.0,631,sao jose dos pinhais,-25.712702,-49.139194,16.0,0.0,0.0,Com Vítimas Feridas,Não,Manobra de mudança de faixa,Tombamento,Plena Noite,Garoa/Chuvisco,Dupla,Declive;Reta,Sim,Decrescente
754063,2026-02-22,domingo,19:50:00,MG,267.0,"58,6",guarara,-21.727476,-43.049263,0.0,1.0,0.0,Com Vítimas Feridas,Sim,Pedestre andava na pista,Atropelamento de Pedestre,Plena Noite,Chuva,Simples,Reta,Não,Decrescente
754064,2026-02-22,domingo,22:19:00,ES,262.0,167,ibatiba,-20.25556,-41.56733,16.0,16.0,0.0,Com Vítimas Feridas,Não,Ingestão de álcool pelo condutor,Colisão frontal,Plena Noite,Chuva,Simples,Reta,Não,Crescente
754067,2026-02-22,domingo,22:30:00,GO,153.0,"512,5",aparecida de goiania,-16.824291,-49.241665,0.0,0.0,0.0,Sem Vítimas,Não,Pista esburacada,Saída de leito carroçável,Plena Noite,Chuva,Simples,Reta;Interseção de Vias,Sim,Decrescente
754068,2026-02-22,domingo,23:50:00,ES,101.0,"43,2",conceicao da barra,-18.526424,-39.910492,3.0,0.0,0.0,Com Vítimas Feridas,Não,Iluminação deficiente,Atropelamento de Animal,Plena Noite,Céu Claro,Simples,Declive,Não,Decrescente
754069,2026-02-22,domingo,20:00:00,BA,235.0,84,jeremoabo,-10.103138,-38.381603,0.0,1.0,0.0,Com Vítimas Feridas,Sim,Animais na Pista,Atropelamento de Animal,Plena Noite,Nublado,Simples,Curva,Não,Crescente
754070,2026-02-22,domingo,22:30:00,RS,293.0,441,quarai,-30.398594,-56.429035,4.0,0.0,0.0,Com Vítimas Feridas,Sim,Animais na Pista,Atropelamento de Animal,Plena Noite,Céu Claro,Simples,Curva,Não,Crescente
754071,2026-02-23,segunda-feira,00:05:00,RS,293.0,441,quarai,-30.39721,-56.43035,6.0,6.0,0.0,Com Vítimas Feridas,Não,Ausência de reação do condutor,Queda de ocupante de veículo,Plena Noite,Céu Claro,Simples,Reta,Não,Crescente
754072,2026-02-22,domingo,20:40:00,MA,230.0,322,sao raimundo das mangabeiras,-7.05433,-45.537197,9.0,0.0,9.0,Com Vítimas Fatais,Não,Velocidade Incompatível,Queda de ocupante de veículo,Plena Noite,Céu Claro,Simples,Reta,Não,Crescente
754073,2026-02-22,domingo,22:10:00,RO,364.0,3,ji-parana,-10.90927,-61.965458,0.0,4.0,0.0,Com Vítimas Feridas,Não,Ausência de reação do condutor,Colisão traseira,Plena Noite,Céu Claro,Simples,Reta,Não,Decrescente
754074,2026-02-22,domingo,23:00:00,PB,230.0,39,santa rita,-7.139687,-34.97365,0.0,0.0,0.0,Sem Vítimas,Sim,Demais falhas mecânicas ou elétricas,Incêndio,Plena Noite,Céu Claro,Dupla,Aclive,Não,Decrescente
754075,2026-02-22,domingo,21:00:00,MS,262.0,349,campo grande,-20.565125,-54.6219,2.0,0.0,0.0,Com Vítimas Feridas,Sim,Animais na Pista,Saída de leito carroçável,Plena Noite,Céu Claro,Simples,Reta,Não,Decrescente
754076,2026-02-22,domingo,16:27:00,PA,163.0,54,novo progresso,-9.111151,-54.914536,4.0,0.0,8.0,Com Vítimas Fatais,Não,Reação tardia ou ineficiente do condutor,Queda de ocupante de veículo,Pleno dia,Garoa/Chuvisco,Simples,Reta,Não,Crescente
754077,2026-02-22,domingo,16:10:00,MT,364.0,464,varzea grande,-15.448803,-56.32774,8.0,0.0,0.0,Com Vítimas Feridas,Não,Pista Escorregadia,Tombamento,Pleno dia,Chuva,Simples,Curva;Declive;Ponte,Não,Crescente
754078,2026-02-23,segunda-feira,00:20:00,SP,153.0,63,sao jose do rio preto,-20.822996,-49.35781,3.0,0.0,0.0,Com Vítimas Feridas,Não,Ingestão de álcool pelo condutor,Saída de leito carroçável,Plena Noite,Chuva,Dupla,Curva;Declive,Sim,Decrescente
754079,2026-02-23,segunda-feira,00:35:00,SC,282.0,"526,2",xaxim,-26.969685,-52.5758,4.0,0.0,0.0,Com Vítimas Feridas,Sim,Transitar na contramão,Colisão frontal,Plena Noite,Nublado,Simples,Reta,Não,Crescente
754080,2026-02-22,domingo,18:00:00,PI,135.0,541,sao goncalo do gurgueia,-10.054173,-45.28574,10.0,0.0,0.0,Com Vítimas Feridas,Não,Velocidade Incompatível,Derramamento de carga,Anoitecer,Nublado,Simples,Declive;Curva,Não,Decrescente
754081,2026-02-23,segunda-feira,00:40:00,PR,153.0,"338,4",irati,-25.525099,-50.653618,0.0,0.0,0.0,Sem Vítimas,Não,Velocidade Incompatível,Colisão com objeto,Plena Noite,Céu Claro,Simples,Curva;Declive,Não,Crescente
754083,2026-02-23,segunda-feira,01:25:00,SP,153.0,211,guaimbe,-21.919249,-49.9161,0.0,0.0,0.0,Sem Vítimas,Sim,Demais falhas mecânicas ou elétricas,Incêndio,Amanhecer,Nublado,Simples,Reta,Não,Decrescente
754084,2026-02-23,segunda-feira,01:30:00,MT,163.0,"902,6",claudia,-11.233267,-55.30426,3.0,0.0,0.0,Com Vítimas Feridas,Sim,Condutor Dormindo,Incêndio,Plena Noite,Nublado,Simples,Reta,Não,Decrescente
754085,2026-02-23,segunda-feira,03:30:00,DF,20.0,8,brasilia,-15.651921,-47.77734,4.0,0.0,0.0,Com Vítimas Feridas,Sim,Ausência de reação do condutor,Saída de leito carroçável,Plena Noite,Garoa/Chuvisco,Dupla,Declive;Reta,Sim,Decrescente
754086,2026-02-23,segunda-feira,02:30:00,PR,369.0,366,mambore,-24.24554,-52.522846,3.0,0.0,0.0,Com Vítimas Feridas,Sim,Condutor Dormindo,Colisão com objeto,Plena Noite,Céu Claro,Simples,Reta,Não,Decrescente
754087,2026-02-23,segunda-feira,02:00:00,SC,282.0,"114,3",alfredo wagner,-27.7506,-49.38982,1.0,0.0,0.0,Com Vítimas Feridas,Sim,Ausência de reação do condutor,Colisão traseira,Plena Noite,Chuva,Simples,Reta,Não,Crescente
754089,2026-02-23,segunda-feira,05:25:00,RS,290.0,"103,8",eldorado do sul,-29.99252,-51.274364,4.0,0.0,0.0,Com Vítimas Feridas,Não,Condutor usando celular,Capotamento,Amanhecer,Céu Claro,Dupla,Reta,Não,Crescente
754091,2026-02-23,segunda-feira,04:25:00,PE,232.0,"406,2",serra talhada,-7.986867,-38.264446,0.0,0.0,6.0,Com Vítimas Fatais,Não,Iluminação deficiente,Tombamento,Plena Noite,Céu Claro,Simples,Declive;Reta,Sim,Decrescente
754092,2026-02-23,segunda-feira,06:00:00,GO,153.0,443,anapolis,-16.353401,-48.929623,3.0,0.0,0.0,Com Vítimas Feridas,Sim,Condutor deixou de manter distância do veículo da frente,Queda de ocupante de veículo,Pleno dia,Céu Claro,Dupla,Rotatória;Viaduto,Sim,Crescente
754094,2026-02-23,segunda-feira,00:30:00,RJ,101.0,39,campos dos goytacazes,-21.546942,-41.33799,0.0,4.0,0.0,Com Vítimas Feridas,Não,Ultrapassagem Indevida,Queda de ocupante de veículo,Plena Noite,Céu Claro,Simples,Curva,Não,Crescente
754095,2026-02-23,segunda-feira,06:18:00,PE,101.0,70,recife,-8.069952,-34.94193,3.0,0.0,0.0,Com Vítimas Feridas,Sim,Reação tardia ou ineficiente do condutor,Queda de ocupante de veículo,Pleno dia,Céu Claro,Múltipla,Reta;Retorno Regulamentado,Sim,Decrescente
754096,2026-02-23,segunda-feira,06:37:00,RS,290.0,95,porto alegre,-29.987051,-51.20313,36.0,0.0,0.0,Com Vítimas Feridas,Não,Reação tardia ou ineficiente do condutor,Colisão traseira,Pleno dia,Céu Claro,Múltipla,Reta,Sim,Crescente
754097,2026-02-23,segunda-feira,07:00:00,SP,116.0,216,guarulhos,-23.452517,-46.467636,6.0,0.0,0.0,Com Vítimas Feridas,Não,Trafegar com motocicleta (ou similar) entre as faixas,Queda de ocupante de veículo,Pleno dia,Céu Claro,Simples,Aclive,Não,Crescente
754099,2026-02-22,domingo,20:53:00,GO,158.0,258,jatai,-17.796864,-51.79506,2.0,0.0,0.0,Com Vítimas Feridas,Não,Velocidade Incompatível,Tombamento,Plena Noite,Nublado,Simples,Curva,Não,Decrescente
754100,2026-02-23,segunda-feira,01:28:00,PR,116.0,"51,3",campina grande do sul,-25.24723,-48.904808,3.0,0.0,0.0,Com Vítimas Feridas,Não,Reação tardia ou ineficiente do condutor,Capotamento,Pleno dia,Chuva,Dupla,Curva,Não,Decrescente
754101,2026-02-23,segunda-feira,07:30:00,PB,101.0,87,joao pessoa,-7.158832,-34.906067,0.0,1.0,0.0,Com Vítimas Feridas,Sim,Ausência de reação do condutor,Queda de ocupante de veículo,Pleno dia,Sol,Múltipla,Reta,Sim,Crescente
754102,2026-02-23,segunda-feira,05:30:00,MG,262.0,"630,9",ibia,-19.57032,-46.56645,8.0,0.0,0.0,Com Vítimas Feridas,Não,Reação tardia ou ineficiente do condutor,Colisão com objeto,Amanhecer,Nublado,Simples,Declive;Ponte;Reta,Não,Crescente
754103,2026-02-23,segunda-feira,06:30:00,GO,452.0,1,rio verde,-17.789457,-50.896973,0.0,0.0,0.0,Sem Vítimas,Sim,Ausência de reação do condutor,Colisão com objeto,Amanhecer,Nublado,Dupla,Reta,Sim,Crescente
754104,2026-02-23,segunda-feira,07:20:00,RS,153.0,47,erechim,-27.642025,-52.245064,3.0,0.0,0.0,Com Vítimas Feridas,Sim,Acessar a via sem observar a presença dos outros veículos,Queda de ocupante de veículo,Pleno dia,Nublado,Simples,Reta;Retorno Regulamentado;Rotatória,Sim,Crescente
754105,2026-02-23,segunda-feira,07:30:00,RN,101.0,109,parnamirim,-5.9383874,-35.264652,1.0,0.0,0.0,Com Vítimas Feridas,Sim,Reação tardia ou ineficiente do condutor,Colisão traseira,Pleno dia,Céu Claro,Dupla,Reta,Não,Decrescente
754106,2026-02-23,segunda-feira,06:55:00,PR,116.0,117,curitiba,-25.566847,-49.309525,2.0,0.0,0.0,Com Vítimas Feridas,Sim,Condutor deixou de manter distância do veículo da frente,Engavetamento,Pleno dia,Nublado,Dupla,Reta,Sim,Decrescente
754107,2026-02-23,segunda-feira,07:25:00,RS,293.0,"16,2",capao do leao,-31.749327,-52.47203,2.0,0.0,0.0,Com Vítimas Feridas,Sim,Afundamento ou ondulação no pavimento,Tombamento,Pleno dia,Céu Claro,Simples,Reta,Não,Crescente
754108,2026-02-07,sábado,21:55:00,PA,155.0,340,maraba,-5.394408,-49.077885,0.0,0.0,0.0,Sem Vítimas,Não,Falta de acostamento,Colisão com objeto,Plena Noite,Chuva,Simples,Reta,Sim,Decrescente
754109,2026-02-22,domingo,22:04:00,TO,153.0,435,miracema do tocantins,-9.701287,-48.673744,1.0,0.0,0.0,Com Vítimas Feridas,Sim,Ausência de reação do condutor,Saída de leito carroçável,Plena Noite,Nublado,Simples,Reta,Não,Crescente
754110,2026-02-22,domingo,22:20:00,RO,364.0,423,jaru,-10.446255,-62.464752,18.0,0.0,0.0,Com Vítimas Feridas,Não,Iluminação deficiente,Queda de ocupante de veículo,Plena Noite,Nublado,Simples,Reta;Ponte,Sim,Crescente
754111,2026-02-23,segunda-feira,08:10:00,SP,116.0,"104,9",taubate,-23.00754,-45.51494,1.0,0.0,0.0,Com Vítimas Feridas,Sim,Trafegar com motocicleta (ou similar) entre as faixas,Tombamento,Pleno dia,Céu Claro,Dupla,Reta,Não,Crescente
754112,2026-02-23,segunda-feira,06:55:00,RJ,101.0,323,niteroi,-22.873764,-43.127262,2.0,0.0,0.0,Com Vítimas Feridas,Sim,Reação tardia ou ineficiente do condutor,Queda de ocupante de veículo,Pleno dia,Céu Claro,Múltipla,Reta,Não,Decrescente
754113,2026-02-23,segunda-feira,07:05:00,SP,116.0,"221,8",guarulhos,-23.470003,-46.51473,0.0,6.0,0.0,Com Vítimas Feridas,Não,Manobra de mudança de faixa,Colisão com objeto,Pleno dia,Nublado,Múltipla,Reta,Sim,Crescente
754114,2026-02-23,segunda-feira,06:28:00,MT,163.0,810,sinop,-12.081713,-55.517612,12.0,0.0,0.0,Com Vítimas Feridas,Não,Falta de acostamento,Saída de leito carroçável,Amanhecer,Garoa/Chuvisco,Simples,Reta,Não,Decrescente
754115,2026-02-23,segunda-feira,07:20:00,MA,226.0,292,barra do corda,-5.480832,-45.195477,3.0,0.0,0.0,Com Vítimas Feridas,Sim,Condutor deixou de manter distância do veículo da frente,Queda de ocupante de veículo,Amanhecer,Céu Claro,Simples,Reta,Não,Crescente
754116,2026-02-23,segunda-feira,08:00:00,PB,230.0,"18,2",joao pessoa,-7.120868,-34.84539,3.0,0.0,0.0,Com Vítimas Feridas,Sim,Trafegar com motocicleta (ou similar) entre as faixas,Tombamento,Pleno dia,Sol,Dupla,Reta,Sim,Decrescente
754117,2026-02-23,segunda-feira,08:40:00,ES,101.0,287,cariacica,-20.266672,-40.38609,1.0,0.0,0.0,Com Vítimas Feridas,Sim,Condutor deixou de manter distância do veículo da frente,Colisão traseira,Pleno dia,Céu Claro,Múltipla,Reta,Não,Crescente
754118,2026-02-23,segunda-feira,08:25:00,RN,110.0,"45,5",mossoro,-5.19621,-37.31599,2.0,0.0,0.0,Com Vítimas Feridas,Sim,Ausência de reação do condutor,Queda de ocupante de veículo,Pleno dia,Céu Claro,Simples,Reta,Sim,Decrescente
754120,2026-02-23,segunda-feira,08:40:00,ES,259.0,"101,5",baixo guandu,-19.521156,-41.01635,0.0,0.0,4.0,Com Vítimas Fatais,Não,Ultrapassagem Indevida,Queda de ocupante de veículo,Pleno dia,Céu Claro,Simples,Aclive,Sim,Crescente
754121,2026-02-23,segunda-feira,07:35:00,PR,376.0,245,apucarana,-23.591991,-51.411133,1.0,0.0,0.0,Com Vítimas Feridas,Sim,Acesso irregular,Colisão lateral mesmo sentido,Pleno dia,Garoa/Chuvisco,Dupla,Declive;Reta,Não,Crescente
754122,2026-02-23,segunda-feira,07:00:00,MT,174.0,6,pontes e lacerda,-15.222662,-59.351116,0.0,2.0,0.0,Com Vítimas Feridas,Sim,Animais na Pista,Queda de ocupante de veículo,Pleno dia,Céu Claro,Simples,Reta,Sim,Decrescente
754123,2026-02-20,sexta-feira,13:40:00,SP,153.0,"260,6",marilia,-22.270517,-49.92289,1.0,0.0,0.0,Com Vítimas Feridas,Sim,Mal súbito do condutor,Tombamento,Pleno dia,Céu Claro,Simples,Reta,Não,Decrescente
754124,2026-02-23,segunda-feira,07:50:00,RS,116.0,148,caxias do sul,-29.151257,-51.14691,2.0,0.0,0.0,Com Vítimas Feridas,Não,Reação tardia ou ineficiente do condutor,Engavetamento,Pleno dia,Céu Claro,Dupla,Reta,Sim,Crescente
754125,2026-02-23,segunda-feira,06:00:00,CE,20.0,383,caucaia,-3.8951,-38.8364,6.0,6.0,0.0,Com Vítimas Feridas,Não,Objeto estático sobre o leito carroçável,Queda de ocupante de veículo,Pleno dia,Chuva,Simples,Reta,Não,Crescente
754126,2026-02-23,segunda-feira,05:30:00,MG,40.0,512,ribeirao das neves,-19.783783,-44.117477,0.0,2.0,0.0,Com Vítimas Feridas,Sim,Trafegar com motocicleta (ou similar) entre as faixas,Queda de ocupante de veículo,Amanhecer,Céu Claro,Dupla,Reta,Não,Crescente
754127,2026-02-23,segunda-feira,08:25:00,MG,40.0,607,congonhas,-20.4836,-43.83928,1.0,0.0,0.0,Com Vítimas Feridas,Sim,Condutor Dormindo,Colisão traseira,Pleno dia,Céu Claro,Simples,Declive;Em Obras;Reta,Sim,Decrescente
754128,2026-02-23,segunda-feira,09:00:00,SE,101.0,91,nossa senhora do socorro,-10.902409,-37.13353,1.0,0.0,0.0,Com Vítimas Feridas,Sim,Reação tardia ou ineficiente do condutor,Queda de ocupante de veículo,Pleno dia,Céu Claro,Múltipla,Reta,Sim,Decrescente
754129,2026-02-23,segunda-feira,09:10:00,PE,101.0,48,abreu e lima,-7.892254,-34.9035,3.0,3.0,0.0,Com Vítimas Feridas,Sim,Pedestre cruzava a pista fora da faixa,Queda de ocupante de veículo,Pleno dia,Céu Claro,Múltipla,Reta,Sim,Crescente
754130,2026-02-23,segunda-feira,09:30:00,SC,101.0,"32,9",joinville,-26.252213,-48.907383,0.0,2.0,0.0,Com Vítimas Feridas,Sim,Manobra de mudança de faixa,Tombamento,Pleno dia,Nublado,Múltipla,Reta;Interseção de Vias,Não,Crescente
754131,2026-02-23,segunda-feira,07:40:00,SC,280.0,"51,1",guaramirim,-26.463497,-48.951984,1.0,0.0,0.0,Com Vítimas Feridas,Sim,Acessar a via sem observar a presença dos outros veículos,Colisão transversal,Pleno dia,Nublado,Dupla,Curva,Não,Crescente
754132,2026-02-22,domingo,20:10:00,SP,116.0,351,miracatu,-24.062658,-47.230675,0.0,0.0,0.0,Sem Vítimas,Não,Iluminação deficiente,Eventos atípicos,Plena Noite,Chuva,Simples,Curva;Retorno Regulamentado;Declive,Não,Decrescente
754134,2026-02-23,segunda-feira,08:30:00,PR,369.0,209,apucarana,-23.566055,-51.506042,0.0,3.0,0.0,Com Vítimas Feridas,Sim,Manobra de mudança de faixa,Saída de leito carroçável,Pleno dia,Céu Claro,Simples,Curva,Sim,Crescente
754135,2026-02-23,segunda-feira,03:02:00,BA,116.0,597,irajuba,-13.219999,-40.02894,187.0,11.0,0.0,Com Vítimas Feridas,Não,Velocidade Incompatível,Tombamento,Plena Noite,Chuva,Simples,Declive;Curva,Não,Crescente
754136,2026-02-23,segunda-feira,08:50:00,SP,116.0,514,cajati,-24.859,-48.211,1.0,0.0,0.0,Com Vítimas Feridas,Sim,Reação tardia ou ineficiente do condutor,Colisão com objeto,Pleno dia,Garoa/Chuvisco,Dupla,Curva;Declive,Não,Decrescente
754137,2026-02-23,segunda-feira,07:40:00,SC,101.0,"147,5",itapema,-27.09521,-48.61832,0.0,0.0,0.0,Sem Vítimas,Sim,Reação tardia ou ineficiente do condutor,Colisão traseira,Pleno dia,Nublado,Dupla,Reta,Sim,Decrescente
754138,2026-02-23,segunda-feira,09:50:00,SP,153.0,"60,4",sao jose do rio preto,-20.80021,-49.355404,6.0,0.0,0.0,Com Vítimas Feridas,Não,Ausência de reação do condutor,Queda de ocupante de veículo,Pleno dia,Céu Claro,Dupla,Declive;Reta,Sim,Crescente
754141,2026-02-23,segunda-feira,08:05:00,MG,40.0,"515,4",ribeirao das neves,-19.809937,-44.092022,0.0,0.0,0.0,Sem Vítimas,Não,Manobra de mudança de faixa,Colisão traseira,Pleno dia,Garoa/Chuvisco,Dupla,Aclive;Reta,Sim,Crescente
754142,2026-02-23,segunda-feira,09:25:00,DF,20.0,15,brasilia,-15.628905,-47.730186,6.0,0.0,0.0,Com Vítimas Feridas,Não,Reação tardia ou ineficiente do condutor,Queda de ocupante de veículo,Pleno dia,Nublado,Dupla,Reta;Declive;Em Obras,Sim,Crescente
754143,2026-02-23,segunda-feira,09:00:00,RJ,101.0,520,paraty,-23.030771,-44.546135,1.0,0.0,0.0,Com Vítimas Feridas,Sim,Conversão proibida,Colisão transversal,Pleno dia,Céu Claro,Simples,Curva,Não,Crescente
754144,2026-02-23,segunda-feira,09:50:00,SC,101.0,"116,4",itajai,-26.883123,-48.724403,0.0,0.0,0.0,Sem Vítimas,Sim,Condutor deixou de manter distância do veículo da frente,Colisão traseira,Pleno dia,Céu Claro,Múltipla,Reta,Sim,Crescente
754145,2026-02-22,domingo,23:20:00,GO,60.0,390,rio verde,-17.826605,-50.97996,0.0,0.0,0.0,Sem Vítimas,Sim,Ausência de reação do condutor,Capotamento,Plena Noite,Ignorado,Dupla,Curva,Não,Crescente
754146,2026-02-23,segunda-feira,07:45:00,SC,280.0,"99,5",sao bento do sul,-26.370813,-49.333714,0.0,0.0,0.0,Sem Vítimas,Não,Curva acentuada,Capotamento,Pleno dia,Nublado,Simples,Curva;Declive,Não,Decrescente
754147,2026-02-23,segunda-feira,07:50:00,RJ,101.0,313,sao goncalo,-22.794857,-43.032074,2.0,0.0,0.0,Com Vítimas Feridas,Sim,Condutor deixou de manter distância do veículo da frente,Colisão lateral mesmo sentido,Amanhecer,Céu Claro,Dupla,Reta,Sim,Crescente
754148,2026-02-23,segunda-feira,10:30:00,MG,116.0,415,governador valadares,-18.893856,-41.947388,1.0,0.0,0.0,Com Vítimas Feridas,Sim,Ausência de reação do condutor,Colisão transversal,Pleno dia,Céu Claro,Simples,Interseção de Vias,Sim,Decrescente
754149,2026-02-23,segunda-feira,11:11:00,PE,101.0,65,recife,-8.04542,-34.9444,0.0,1.0,0.0,Com Vítimas Feridas,Sim,Condutor deixou de manter distância do veículo da frente,Colisão traseira,Pleno dia,Céu Claro,Dupla,Reta,Sim,Crescente
754150,2026-02-23,segunda-feira,10:40:00,RJ,116.0,130,mage,-22.662176,-43.116615,1.0,0.0,0.0,Com Vítimas Feridas,Sim,Ausência de reação do condutor,Colisão com objeto,Pleno dia,Céu Claro,Múltipla,Reta,Sim,Decrescente
754151,2026-02-23,segunda-feira,10:00:00,SC,282.0,461,ponte serrada,-26.866266,-52.022587,2.0,0.0,0.0,Com Vítimas Feridas,Sim,Acessar a via sem observar a presença dos outros veículos,Colisão transversal,Pleno dia,Céu Claro,Simples,Interseção de Vias,Sim,Decrescente