id,data_inversa,dia_semana,horario,uf,br,km,municipio,latitude,longitude,feridos_leves,feridos_graves,mortos,classificacao_acidente,causa_principal,causa_acidente,tipo_acidente,fase_dia,condicao_metereologica,tipo_pista,tracado_via,uso_solo,sentido_via
754372,2026-02-24,terça-feira,09:47:00,MS,163.0,23,mundo novo,-23.904652,-54.30097,9.0,0.0,0.0,Com Vítimas Feridas,Não,Ausência de sinalização,Queda de ocupante de veículo,Pleno dia,Céu Claro,Simples,Reta,Não,Decrescente
754373,2026-02-24,terça-feira,10:45:00,PE,101.0,63,recife,-8.014244,-34.9393,3.0,0.0,0.0,Com Vítimas Feridas,Sim,Manobra de mudança de faixa,Queda de ocupante de veículo,Pleno dia,Nublado,Múltipla,Reta,Sim,Crescente
754374,2026-02-24,terça-feira,11:10:00,DF,70.0,3,brasilia,-15.802329,-48.084,2.0,0.0,0.0,Com Vítimas Feridas,Não,Reação tardia ou ineficiente do condutor,Atropelamento de Pedestre,Pleno dia,Garoa/Chuvisco,Dupla,Reta,Não,Crescente
754375,2026-02-24,terça-feira,10:15:00,SC,116.0,"245,5",lages,-27.79968,-50.36354,1.0,0.0,0.0,Com Vítimas Feridas,Sim,Acessar a via sem observar a presença dos outros veículos,Colisão transversal,Pleno dia,Nublado,Simples,Rotatória,Sim,Crescente
754376,2026-02-24,terça-feira,11:11:00,RN,406.0,"146,5",ceara-mirim,-5.645111,-35.46882,1.0,0.0,0.0,Com Vítimas Feridas,Sim,Manobra de mudança de faixa,Colisão lateral sentido oposto,Pleno dia,Sol,Simples,Curva,Não,Decrescente
754378,2026-02-24,terça-feira,11:45:00,SP,116.0,"116,3",taubate,-23.055145,-45.611767,3.0,0.0,0.0,Com Vítimas Feridas,Sim,Reação tardia ou ineficiente do condutor,Queda de ocupante de veículo,Pleno dia,Nublado,Dupla,Reta,Sim,Crescente
754379,2026-02-24,terça-feira,11:40:00,MG,40.0,599,ouro preto,-20.423445,-43.87715,6.0,0.0,0.0,Com Vítimas Feridas,Não,Reação tardia ou ineficiente do condutor,Colisão com objeto,Pleno dia,Chuva,Simples,Curva;Aclive,Não,Decrescente
754380,2026-02-24,terça-feira,11:10:00,RJ,101.0,482,angra dos reis,-23.000902,-44.297966,1.0,0.0,0.0,Com Vítimas Feridas,Sim,Reação tardia ou ineficiente do condutor,Atropelamento de Pedestre,Pleno dia,Nublado,Simples,Curva,Sim,Crescente
754381,2026-02-24,terça-feira,11:50:00,SP,116.0,220,guarulhos,-23.46424,-46.49667,2.0,0.0,0.0,Com Vítimas Feridas,Sim,Trafegar com motocicleta (ou similar) entre as faixas,Queda de ocupante de veículo,Pleno dia,Chuva,Múltipla,Reta,Sim,Decrescente
754382,2026-02-24,terça-feira,11:30:00,PR,376.0,350,ortigueira,-24.2284,-50.9264,1.0,0.0,0.0,Com Vítimas Feridas,Sim,Ausência de reação do condutor,Colisão traseira,Pleno dia,Céu Claro,Dupla,Reta,Sim,Crescente
754384,2026-02-24,terça-feira,12:05:00,BA,101.0,897,caravelas,-17.712116,-39.76819,1.0,1.0,0.0,Com Vítimas Feridas,Sim,Acostamento em desnível,Capotamento,Pleno dia,Sol,Simples,Reta,Não,Crescente
754385,2026-02-24,terça-feira,12:50:00,SC,101.0,203,sao jose,-27.572521,-48.613895,2.0,0.0,0.0,Com Vítimas Feridas,Sim,Condutor deixou de manter distância do veículo da frente,Colisão traseira,Pleno dia,Céu Claro,Múltipla,Reta,Sim,Crescente
754386,2026-02-20,sexta-feira,07:48:00,PR,369.0,146,londrina,-23.293139,-51.120895,3.0,0.0,0.0,Com Vítimas Feridas,Sim,Acessar a via sem observar a presença dos outros veículos,Queda de ocupante de veículo,Amanhecer,Céu Claro,Dupla,Aclive;Reta,Sim,Crescente
754387,2026-02-24,terça-feira,11:20:00,PR,277.0,160,porto amazonas,-25.468231,-49.904324,0.0,0.0,0.0,Sem Vítimas,Sim,Reação tardia ou ineficiente do condutor,Colisão traseira,Pleno dia,Nublado,Simples,Reta,Não,Decrescente
754388,2026-02-24,terça-feira,12:30:00,PR,376.0,225,apucarana,-23.565855,-51.527702,3.0,0.0,0.0,Com Vítimas Feridas,Sim,Acessar a via sem observar a presença dos outros veículos,Capotamento,Pleno dia,Céu Claro,Dupla,Curva;Em Obras,Não,Crescente
754389,2026-02-24,terça-feira,11:50:00,PB,230.0,"11,8",cabedelo,-7.070285,-34.8499,1.0,0.0,0.0,Com Vítimas Feridas,Sim,Ausência de reação do condutor,Colisão traseira,Pleno dia,Céu Claro,Simples,Reta,Sim,Crescente
754390,2026-02-08,domingo,16:15:00,RS,116.0,234,novo hamburgo,-29.645878,-51.14353,0.0,0.0,0.0,Sem Vítimas,Sim,Ingestão de álcool pelo condutor,Colisão traseira,Pleno dia,Céu Claro,Dupla,Reta,Sim,Crescente
754391,2026-02-24,terça-feira,12:28:00,PA,316.0,56,castanhal,-1.30247,-47.98823,2.0,0.0,0.0,Com Vítimas Feridas,Sim,Acessar a via sem observar a presença dos outros veículos,Colisão transversal,Pleno dia,Céu Claro,Dupla,Reta;Aclive,Não,Decrescente
754392,2026-02-24,terça-feira,09:30:00,BA,101.0,264,santo antonio de jesus,-12.984692,-39.290604,0.0,0.0,0.0,Sem Vítimas,Não,Ultrapassagem Indevida,Tombamento,Pleno dia,Nublado,Simples,Interseção de Vias;Rotatória,Sim,Decrescente
754393,2026-02-24,terça-feira,10:10:00,RJ,101.0,321,niteroi,-22.877125,-43.11035,3.0,0.0,0.0,Com Vítimas Feridas,Sim,Ausência de reação do condutor,Queda de ocupante de veículo,Pleno dia,Nublado,Dupla,Reta,Sim,Crescente
754394,2026-02-24,terça-feira,13:18:00,ES,101.0,"297,8",viana,-20.351849,-40.413746,0.0,1.0,0.0,Com Vítimas Feridas,Sim,Reação tardia ou ineficiente do condutor,Colisão com objeto,Pleno dia,Nublado,Dupla,Reta,Sim,Decrescente
754396,2026-02-24,terça-feira,06:50:00,MG,364.0,23,frutal,-20.042814,-48.85236,8.0,0.0,0.0,Com Vítimas Feridas,Sim,Ultrapassagem Indevida,Tombamento,Pleno dia,Nublado,Simples,Reta;Aclive,Não,Crescente
754397,2026-02-24,terça-feira,12:40:00,RJ,101.0,532,angra dos reis,-23.01918,-44.53221,2.0,0.0,0.0,Com Vítimas Feridas,Sim,Acessar a via sem observar a presença dos outros veículos,Colisão transversal,Pleno dia,Céu Claro,Simples,Retorno Regulamentado,Sim,Decrescente
754398,2026-02-24,terça-feira,14:00:00,RS,293.0,121,pinheiro machado,-31.51846,-53.520256,6.0,0.0,2.0,Com Vítimas Fatais,Sim,Acumulo de água sobre o pavimento,Capotamento,Pleno dia,Chuva,Simples,Declive;Reta,Não,Crescente
754399,2026-02-24,terça-feira,10:40:00,PR,373.0,281,prudentopolis,-25.284962,-51.118416,9.0,0.0,0.0,Com Vítimas Feridas,Não,Manobra de mudança de faixa,Capotamento,Pleno dia,Céu Claro,Simples,Reta;Aclive,Não,Crescente
754400,2026-02-24,terça-feira,10:00:00,SP,381.0,87,sao paulo,-23.468916,-46.571045,0.0,1.0,0.0,Com Vítimas Feridas,Sim,Acumulo de areia ou detritos sobre o pavimento,Queda de ocupante de veículo,Pleno dia,Céu Claro,Múltipla,Reta,Sim,Decrescente
754401,2026-02-12,quinta-feira,18:10:00,SC,282.0,645,sao miguel do oeste,-26.762115,-53.4994,1.0,0.0,0.0,Com Vítimas Feridas,Sim,Acessar a via sem observar a presença dos outros veículos,Tombamento,Plena Noite,Céu Claro,Simples,Reta,Sim,Decrescente
754403,2026-02-24,terça-feira,11:50:00,RJ,101.0,13,campos dos goytacazes,-21.332594,-41.3321,1.0,0.0,0.0,Com Vítimas Feridas,Sim,Transitar na contramão,Colisão lateral sentido oposto,Pleno dia,Céu Claro,Simples,Reta,Não,Crescente
754404,2026-02-24,terça-feira,13:15:00,RN,304.0,"84,2",acu,-5.50057,-37.14393,0.0,6.0,0.0,Com Vítimas Feridas,Não,Problema com o freio,Tombamento,Pleno dia,Céu Claro,Simples,Reta,Não,Decrescente
754405,2026-02-24,terça-feira,14:00:00,RS,448.0,"9,8",canoas,-29.883724,-51.235542,1.0,0.0,0.0,Com Vítimas Feridas,Sim,Ausência de reação do condutor,Saída de leito carroçável,Pleno dia,Chuva,Dupla,Reta,Sim,Decrescente
754406,2026-02-24,terça-feira,14:30:00,RJ,101.0,264,rio bonito,-22.718498,-42.630558,1.0,0.0,0.0,Com Vítimas Feridas,Sim,Avarias e/ou desgaste excessivo no pneu,Colisão traseira,Pleno dia,Chuva,Dupla,Reta,Sim,Crescente
754407,2026-02-24,terça-feira,14:20:00,BA,324.0,536,conceicao do jacuipe,-12.366529,-38.816883,5.0,0.0,0.0,Com Vítimas Feridas,Sim,Condutor deixou de manter distância do veículo da frente,Engavetamento,Pleno dia,Garoa/Chuvisco,Dupla,Reta,Sim,Decrescente
754409,2026-02-24,terça-feira,14:30:00,PR,277.0,79,curitiba,-25.478668,-49.201576,2.0,0.0,0.0,Com Vítimas Feridas,Sim,Objeto estático sobre o leito carroçável,Queda de ocupante de veículo,Pleno dia,Céu Claro,Dupla,Aclive,Sim,Decrescente
754410,2026-02-24,terça-feira,13:25:00,MS,163.0,490,campo grande,-20.394323,-54.558716,0.0,0.0,0.0,Sem Vítimas,Sim,Reação tardia ou ineficiente do condutor,Queda de ocupante de veículo,Pleno dia,Chuva,Simples,Rotatória,Sim,Crescente
754411,2026-02-17,terça-feira,16:30:00,GO,364.0,293,mineiros,-17.586536,-52.495655,0.0,6.0,0.0,Com Vítimas Feridas,Não,Chuva,Tombamento,Pleno dia,Céu Claro,Simples,Reta,Não,Decrescente
754412,2026-02-24,terça-feira,13:50:00,PE,101.0,86,jaboatao dos guararapes,-8.187272,-34.972237,1.0,1.0,0.0,Com Vítimas Feridas,Sim,Manobra de mudança de faixa,Colisão lateral mesmo sentido,Pleno dia,Sol,Dupla,Reta,Não,Decrescente
754415,2026-02-24,terça-feira,13:00:00,BA,324.0,"535,1",conceicao do jacuipe,-12.368801,-38.8138,1.0,0.0,0.0,Com Vítimas Feridas,Sim,Condutor deixou de manter distância do veículo da frente,Colisão traseira,Pleno dia,Chuva,Dupla,Reta,Sim,Decrescente
754417,2026-02-24,terça-feira,14:10:00,BA,101.0,816,itamaraju,-17.088524,-39.570263,0.0,1.0,0.0,Com Vítimas Feridas,Sim,Reação tardia ou ineficiente do condutor,Tombamento,Pleno dia,Chuva,Simples,Curva;Declive,Não,Crescente
754418,2026-02-24,terça-feira,15:45:00,RS,386.0,423,montenegro,-29.817675,-51.387234,0.0,0.0,0.0,Sem Vítimas,Sim,Condutor Dormindo,Saída de leito carroçável,Pleno dia,Chuva,Simples,Reta,Não,Crescente
754419,2026-02-24,terça-feira,13:40:00,RJ,40.0,"120,9",duque de caxias,-22.782097,-43.2858,2.0,0.0,0.0,Com Vítimas Feridas,Não,Condutor deixou de manter distância do veículo da frente,Colisão traseira,Pleno dia,Nublado,Múltipla,Reta,Sim,Crescente
754421,2026-02-24,terça-feira,09:45:00,RJ,101.0,388,rio de janeiro,-22.885902,-43.65117,1.0,0.0,0.0,Com Vítimas Feridas,Sim,Avarias e/ou desgaste excessivo no pneu,Queda de ocupante de veículo,Pleno dia,Céu Claro,Múltipla,Reta,Não,Crescente
754422,2026-02-12,quinta-feira,19:20:00,MS,376.0,108,ivinhema,-22.29981,-53.870693,1.0,0.0,0.0,Com Vítimas Feridas,Sim,Ingestão de álcool pelo condutor,Saída de leito carroçável,Plena Noite,Céu Claro,Simples,Reta,Não,Crescente
754423,2026-02-24,terça-feira,12:30:00,RJ,40.0,77,petropolis,-22.485123,-43.230377,4.0,0.0,0.0,Com Vítimas Feridas,Não,Chuva,Colisão com objeto,Pleno dia,Chuva,Dupla,Curva;Declive,Não,Crescente
754424,2026-02-24,terça-feira,14:00:00,MS,163.0,"537,6",bandeirantes,-20.01016,-54.399265,6.0,0.0,0.0,Com Vítimas Feridas,Não,Velocidade Incompatível,Engavetamento,Pleno dia,Nublado,Simples,Desvio Temporário;Em Obras;Reta,Não,Decrescente
754425,2026-02-24,terça-feira,12:40:00,PI,343.0,"284,3",campo maior,-4.9304075,-42.290577,0.0,16.0,8.0,Com Vítimas Fatais,Sim,Velocidade Incompatível,Atropelamento de Pedestre,Pleno dia,Céu Claro,Simples,Reta,Não,Crescente
754426,2026-02-24,terça-feira,15:50:00,PB,101.0,"82,8",bayeux,-7.132763,-34.93062,3.0,3.0,0.0,Com Vítimas Feridas,Sim,Manobra de mudança de faixa,Colisão com objeto,Pleno dia,Sol,Dupla,Viaduto,Sim,Decrescente
754428,2026-02-22,domingo,12:55:00,MT,158.0,453,ribeirao cascalheira,-13.0347805,-51.893894,0.0,0.0,0.0,Sem Vítimas,Sim,Reação tardia ou ineficiente do condutor,Derramamento de carga,Pleno dia,Céu Claro,Simples,Curva,Não,Crescente
754429,2026-02-24,terça-feira,14:20:00,MG,356.0,"266,7",muriae,-21.129536,-42.360035,1.0,0.0,0.0,Com Vítimas Feridas,Sim,Conversão proibida,Colisão transversal,Pleno dia,Céu Claro,Simples,Curva,Sim,Decrescente
754430,2026-02-24,terça-feira,16:00:00,PR,277.0,73,sao jose dos pinhais,-25.498377,-49.15774,1.0,0.0,0.0,Com Vítimas Feridas,Sim,Reação tardia ou ineficiente do condutor,Colisão lateral mesmo sentido,Pleno dia,Céu Claro,Dupla,Reta;Em Obras,Não,Decrescente
754431,2026-02-24,terça-feira,15:55:00,BA,324.0,525,feira de santana,-12.310493,-38.8848,1.0,0.0,0.0,Com Vítimas Feridas,Sim,Condutor deixou de manter distância do veículo da frente,Colisão lateral mesmo sentido,Pleno dia,Nublado,Dupla,Reta,Não,Decrescente
754432,2026-02-24,terça-feira,16:10:00,MG,381.0,435,santa luzia,-19.808918,-43.782166,4.0,0.0,0.0,Com Vítimas Feridas,Não,Velocidade Incompatível,Capotamento,Pleno dia,Chuva,Simples,Curva;Aclive,Não,Decrescente
754433,2026-01-14,quarta-feira,17:45:00,BA,116.0,801,vitoria da conquista,-14.753967,-40.684605,1.0,1.0,0.0,Com Vítimas Feridas,Sim,Reação tardia ou ineficiente do condutor,Queda de ocupante de veículo,Anoitecer,Céu Claro,Simples,Reta,Não,Decrescente
754434,2026-02-24,terça-feira,16:10:00,DF,20.0,17,brasilia,-15.616183,-47.70815,0.0,2.0,0.0,Com Vítimas Feridas,Não,Acumulo de água sobre o pavimento,Queda de ocupante de veículo,Pleno dia,Chuva,Dupla,Retorno Regulamentado,Não,Decrescente
754435,2026-02-24,terça-feira,14:40:00,BA,242.0,850,barreiras,-12.109561,-45.29507,0.0,0.0,0.0,Sem Vítimas,Não,Chuva,Tombamento,Pleno dia,Garoa/Chuvisco,Simples,Reta,Não,Crescente
754436,2026-02-20,sexta-feira,20:30:00,SC,282.0,136,bom retiro,-27.82017,-49.56184,4.0,0.0,0.0,Com Vítimas Feridas,Sim,Reação tardia ou ineficiente do condutor,Colisão transversal,Plena Noite,Céu Claro,Simples,Reta,Não,Decrescente
754437,2026-02-24,terça-feira,16:00:00,MG,40.0,"606,2",congonhas,-20.487709,-43.837574,4.0,0.0,0.0,Com Vítimas Feridas,Sim,Condutor deixou de manter distância do veículo da frente,Colisão com objeto,Pleno dia,Chuva,Simples,Curva;Em Obras,Não,Decrescente
754438,2026-02-24,terça-feira,10:00:00,SC,282.0,"505,3",xanxere,-26.886086,-52.419712,1.0,0.0,0.0,Com Vítimas Feridas,Sim,Desrespeitar a preferência no cruzamento,Colisão frontal,Pleno dia,Nublado,Múltipla,Reta,Não,Decrescente
754439,2026-02-24,terça-feira,16:58:00,RN,405.0,"2,3",mossoro,-5.1931143,-37.373352,6.0,6.0,0.0,Com Vítimas Feridas,Não,Condutor usando celular,Tombamento,Pleno dia,Céu Claro,Dupla,Reta,Sim,Decrescente
754440,2026-02-24,terça-feira,15:50:00,SP,381.0,73,sao paulo,-23.372377,-46.556274,0.0,0.0,0.0,Sem Vítimas,Sim,Ingestão de álcool pelo condutor,Colisão com objeto,Pleno dia,Chuva,Dupla,Curva,Sim,Crescente
754441,2026-02-24,terça-feira,15:30:00,SP,116.0,"29,5",cruzeiro,-22.636194,-44.93567,0.0,0.0,0.0,Sem Vítimas,Não,Frear bruscamente,Colisão lateral mesmo sentido,Pleno dia,Céu Claro,Dupla,Declive;Curva,Não,Decrescente
754444,2026-02-24,terça-feira,16:50:00,MA,10.0,"262,2",imperatriz,-5.450283,-47.47248,2.0,0.0,0.0,Com Vítimas Feridas,Não,Chuva,Queda de ocupante de veículo,Pleno dia,Chuva,Simples,Reta,Sim,Crescente
754445,2026-02-24,terça-feira,14:25:00,RO,364.0,"159,3",pimenta bueno,-11.924585,-60.962593,2.0,0.0,0.0,Com Vítimas Feridas,Sim,Ultrapassagem Indevida,Tombamento,Pleno dia,Sol,Simples,Declive;Reta,Não,Decrescente
754446,2026-02-24,terça-feira,15:30:00,GO,452.0,11,rio verde,-17.829899,-50.825607,8.0,0.0,0.0,Com Vítimas Feridas,Não,Reação tardia ou ineficiente do condutor,Saída de leito carroçável,Pleno dia,Céu Claro,Simples,Reta,Não,Crescente
754449,2026-02-24,terça-feira,20:30:00,RJ,101.0,294,sao goncalo,-22.794405,-43.030567,2.0,0.0,0.0,Com Vítimas Feridas,Sim,Ausência de reação do condutor,Queda de ocupante de veículo,Plena Noite,Céu Claro,Simples,Reta,Não,Crescente
754450,2026-01-07,quarta-feira,16:05:00,PA,163.0,300,novo progresso,-7.1278477,-55.38897,2.0,0.0,0.0,Com Vítimas Feridas,Não,Reação tardia ou ineficiente do condutor,Colisão lateral mesmo sentido,Pleno dia,Céu Claro,Simples,Reta,Não,Decrescente
754451,2026-02-24,terça-feira,18:10:00,BA,101.0,887,teixeira de freitas,-17.619219,-39.76428,2.0,0.0,0.0,Com Vítimas Feridas,Sim,Ausência de reação do condutor,Queda de ocupante de veículo,Plena Noite,Nublado,Simples,Reta,Não,Crescente
754452,2026-02-24,terça-feira,18:45:00,SP,116.0,230,sao paulo,-23.521154,-46.58538,2.0,0.0,0.0,Com Vítimas Feridas,Sim,Reação tardia ou ineficiente do condutor,Colisão lateral mesmo sentido,Plena Noite,Céu Claro,Múltipla,Reta,Sim,Crescente
754453,2026-02-24,terça-feira,17:20:00,RJ,40.0,"37,2",areal,-22.22352,-43.1251,3.0,0.0,0.0,Com Vítimas Feridas,Não,Chuva,Colisão com objeto,Pleno dia,Chuva,Dupla,Declive;Curva,Não,Decrescente
754454,2026-02-24,terça-feira,15:35:00,SC,101.0,"338,9",tubarao,-28.497519,-49.04477,1.0,0.0,0.0,Com Vítimas Feridas,Sim,Ausência de reação do condutor,Colisão com objeto,Pleno dia,Chuva,Múltipla,Reta,Não,Decrescente
754455,2026-02-20,sexta-feira,23:02:00,PA,163.0,995,santarem,-2.513364,-54.724087,3.0,3.0,0.0,Com Vítimas Feridas,Não,Iluminação deficiente,Queda de ocupante de veículo,Plena Noite,Céu Claro,Simples,Reta,Não,Decrescente
754458,2026-02-24,terça-feira,16:03:00,PB,230.0,"265,9",junco do serido,-6.96739,-36.76261,3.0,0.0,0.0,Com Vítimas Feridas,Sim,Ultrapassagem Indevida,Tombamento,Pleno dia,Chuva,Simples,Reta,Não,Decrescente
754459,2026-02-24,terça-feira,18:00:00,RJ,40.0,75,petropolis,-22.469791,-43.228054,1.0,0.0,0.0,Com Vítimas Feridas,Sim,Reação tardia ou ineficiente do condutor,Capotamento,Anoitecer,Nublado,Dupla,Curva;Declive,Não,Crescente
754460,2026-02-24,terça-feira,17:55:00,MT,364.0,334,santo antonio do leverger,-15.830447,-55.46335,0.0,1.0,0.0,Com Vítimas Feridas,Sim,Pedestre andava na pista,Atropelamento de Pedestre,Anoitecer,Nublado,Dupla,Declive;Reta,Não,Crescente
754461,2026-02-24,terça-feira,19:30:00,PR,476.0,"157,6",araucaria,-25.610012,-49.42266,0.0,0.0,0.0,Sem Vítimas,Não,Condutor deixou de manter distância do veículo da frente,Saída de leito carroçável,Anoitecer,Nublado,Simples,Reta,Não,Crescente
754462,2026-02-24,terça-feira,17:45:00,RO,364.0,514,ariquemes,-9.927605,-63.054886,12.0,0.0,0.0,Com Vítimas Feridas,Não,Velocidade Incompatível,Tombamento,Pleno dia,Céu Claro,Simples,Reta;Aclive,Sim,Decrescente
754463,2026-02-24,terça-feira,17:58:00,MS,262.0,"572,6",miranda,-20.190796,-56.500755,6.0,0.0,0.0,Com Vítimas Feridas,Não,Ingestão de álcool pelo condutor,Queda de ocupante de veículo,Anoitecer,Nublado,Simples,Reta,Não,Decrescente
754464,2026-02-24,terça-feira,18:40:00,BA,367.0,40,porto seguro,-16.386658,-39.209743,0.0,3.0,0.0,Com Vítimas Feridas,Não,Pedestre - Ingestão de álcool/ substâncias psicoativas,Atropelamento de Pedestre,Pleno dia,Chuva,Simples,Reta,Não,Crescente
754465,2026-02-24,terça-feira,19:55:00,RJ,101.0,114,campos dos goytacazes,-21.985369,-41.662712,0.0,4.0,0.0,Com Vítimas Feridas,Não,Chuva,Atropelamento de Pedestre,Plena Noite,Chuva,Dupla,Reta,Não,Decrescente
754466,2026-02-22,domingo,22:53:00,PA,163.0,625,trairao,-4.57389,-55.9439,0.0,0.0,18.0,Com Vítimas Fatais,Não,Reação tardia ou ineficiente do condutor,Queda de ocupante de veículo,Plena Noite,Céu Claro,Simples,Interseção de Vias,Sim,Decrescente
754467,2026-02-24,terça-feira,19:22:00,BA,324.0,514,feira de santana,-12.233762,-38.94672,1.0,0.0,0.0,Com Vítimas Feridas,Sim,Ausência de reação do condutor,Colisão traseira,Plena Noite,Nublado,Simples,Reta,Sim,Crescente
754468,2026-02-24,terça-feira,18:00:00,SC,101.0,235,palhoca,-27.81106,-48.63542,1.0,0.0,0.0,Com Vítimas Feridas,Sim,Acumulo de água sobre o pavimento,Colisão com objeto,Plena Noite,Chuva,Dupla,Aclive;Reta,Não,Decrescente
754469,2026-02-24,terça-feira,18:47:00,DF,20.0,"39,4",brasilia,-15.581766,-47.51795,72.0,0.0,0.0,Com Vítimas Feridas,Não,Demais falhas na via,Colisão transversal,Anoitecer,Chuva,Dupla,Declive;Reta,Não,Crescente
754470,2026-02-24,terça-feira,18:35:00,BA,116.0,"718,9",manoel vitorino,-14.225371,-40.278362,4.0,0.0,0.0,Com Vítimas Feridas,Não,Chuva,Colisão com objeto,Plena Noite,Chuva,Simples,Curva,Não,Decrescente
754471,2026-02-24,terça-feira,20:15:00,SC,101.0,120,itajai,-26.91554,-48.710495,1.0,0.0,0.0,Com Vítimas Feridas,Sim,Ausência de reação do condutor,Colisão traseira,Plena Noite,Nublado,Dupla,Reta,Não,Decrescente
754472,2026-02-24,terça-feira,21:00:00,GO,40.0,11,luziania,-16.141813,-47.948433,4.0,0.0,0.0,Com Vítimas Feridas,Sim,Animais na Pista,Queda de ocupante de veículo,Plena Noite,Céu Claro,Dupla,Reta,Sim,Crescente
754473,2026-02-21,sábado,05:00:00,SC,282.0,"644,9",sao miguel do oeste,-26.765617,-53.489124,0.0,2.0,0.0,Com Vítimas Feridas,Sim,Acessar a via sem observar a presença dos outros veículos,Tombamento,Amanhecer,Nublado,Simples,Reta,Não,Decrescente
754474,2026-02-24,terça-feira,19:45:00,RJ,493.0,"0,2",itaborai,-22.767561,-42.922306,2.0,0.0,0.0,Com Vítimas Feridas,Sim,Acesso irregular,Colisão transversal,Plena Noite,Céu Claro,Simples,Reta,Não,Crescente
754475,2026-02-24,terça-feira,20:00:00,RS,293.0,"105,3",pinheiro machado,-31.575651,-53.36967,1.0,0.0,0.0,Com Vítimas Feridas,Sim,Acessar a via sem observar a presença dos outros veículos,Colisão transversal,Plena Noite,Nublado,Simples,Interseção de Vias;Reta,Sim,Crescente
754476,2026-02-24,terça-feira,20:20:00,BA,324.0,621,salvador,-12.916278,-38.46127,0.0,6.0,0.0,Com Vítimas Feridas,Sim,Pedestre cruzava a pista fora da faixa,Queda de ocupante de veículo,Plena Noite,Céu Claro,Múltipla,Reta,Sim,Decrescente
754477,2026-02-24,terça-feira,18:00:00,TO,153.0,415,miranorte,-9.545,-48.597,0.0,0.0,6.0,Com Vítimas Fatais,Não,Reação tardia ou ineficiente do condutor,Queda de ocupante de veículo,Pleno dia,Céu Claro,Dupla,Reta,Sim,Crescente
754478,2026-02-24,terça-feira,19:32:00,SC,101.0,"335,5",tubarao,-28.478796,-49.03319,0.0,2.0,0.0,Com Vítimas Feridas,Sim,Reação tardia ou ineficiente do condutor,Colisão com objeto,Plena Noite,Chuva,Múltipla,Declive;Curva,Sim,Decrescente
754479,2026-02-24,terça-feira,21:10:00,PE,423.0,95,garanhuns,-8.878667,-36.481033,3.0,0.0,0.0,Com Vítimas Feridas,Sim,Ingestão de álcool pelo condutor,Queda de ocupante de veículo,Plena Noite,Céu Claro,Simples,Reta,Sim,Crescente
754480,2026-02-24,terça-feira,19:48:00,MA,316.0,617,timon,-5.10506,-42.828754,4.0,0.0,0.0,Com Vítimas Feridas,Não,Velocidade Incompatível,Queda de ocupante de veículo,Plena Noite,Nublado,Simples,Reta,Sim,Crescente
754481,2026-02-24,terça-feira,16:50:00,PR,277.0,"597,7",cascavel,-24.984503,-53.504417,0.0,2.0,0.0,Com Vítimas Feridas,Sim,Avarias e/ou desgaste excessivo no pneu,Queda de ocupante de veículo,Pleno dia,Nublado,Simples,Reta,Sim,Decrescente
754482,2026-02-24,terça-feira,19:00:00,MG,116.0,"506,3",ubaporanga,-19.617544,-42.110237,2.0,0.0,0.0,Com Vítimas Feridas,Não,Acessar a via sem observar a presença dos outros veículos,Colisão traseira,Pleno dia,Nublado,Simples,Reta,Sim,Crescente
754483,2026-02-24,terça-feira,19:55:00,MG,116.0,"174,3",padre paraiso,-17.0514,-41.458164,0.0,0.0,6.0,Com Vítimas Fatais,Sim,Reação tardia ou ineficiente do condutor,Colisão frontal,Plena Noite,Chuva,Simples,Declive;Curva,Não,Crescente
754485,2026-02-23,segunda-feira,00:10:00,PA,163.0,36,novo progresso,-9.054464,-54.915504,0.0,0.0,0.0,Sem Vítimas,Sim,Reação tardia ou ineficiente do condutor,Incêndio,Plena Noite,Céu Claro,Simples,Curva,Não,Crescente
754486,2026-02-24,terça-feira,21:20:00,PR,369.0,189,arapongas,-23.434612,-51.42201,0.0,4.0,0.0,Com Vítimas Feridas,Não,Chuva,Queda de ocupante de veículo,Plena Noite,Chuva,Simples,Interseção de Vias,Sim,Crescente
754487,2026-02-24,terça-feira,21:35:00,SC,116.0,"124,6",santa cecilia,-26.853413,-50.405468,1.0,0.0,0.0,Com Vítimas Feridas,Sim,Pista Escorregadia,Colisão com objeto,Plena Noite,Garoa/Chuvisco,Simples,Curva;Aclive,Não,Crescente
754488,2026-02-24,terça-feira,22:15:00,MG,153.0,11,arapora,-18.47422,-49.189293,2.0,0.0,0.0,Com Vítimas Feridas,Sim,Pista esburacada,Queda de ocupante de veículo,Plena Noite,Céu Claro,Dupla,Reta,Não,Crescente
754489,2026-02-24,terça-feira,22:15:00,PR,376.0,"245,5",apucarana,-23.594122,-51.411205,2.0,0.0,0.0,Com Vítimas Feridas,Sim,Demais falhas na via,Queda de ocupante de veículo,Plena Noite,Nublado,Dupla,Reta,Sim,Crescente
754490,2026-02-24,terça-feira,16:00:00,MS,163.0,466,campo grande,-20.585619,-54.582584,0.0,0.0,0.0,Sem Vítimas,Não,Ausência de reação do condutor,Colisão traseira,Pleno dia,Nublado,Simples,Reta;Viaduto,Não,Crescente