id,data_inversa,dia_semana,horario,uf,br,km,municipio,latitude,longitude,feridos_leves,feridos_graves,mortos,classificacao_acidente,causa_principal,causa_acidente,tipo_acidente,fase_dia,condicao_metereologica,tipo_pista,tracado_via,uso_solo,sentido_via
754706,2026-02-26,quinta-feira,04:00:00,PR,277.0,"523,7",guaraniacu,-25.103477,-52.87931,6.0,0.0,0.0,Com Vítimas Feridas,Não,Ingestão de álcool pelo condutor,Saída de leito carroçável,Plena Noite,Céu Claro,Simples,Declive;Reta,Sim,Decrescente
754707,2026-02-26,quinta-feira,05:45:00,PE,101.0,"72,1",recife,-8.08603,-34.94608,0.0,9.0,0.0,Com Vítimas Feridas,Sim,Manobra de mudança de faixa,Queda de ocupante de veículo,Amanhecer,Nublado,Dupla,Curva,Sim,Crescente
754708,2026-02-26,quinta-feira,05:45:00,MG,365.0,"749,5",ituiutaba,-18.941236,-49.44813,2.0,0.0,0.0,Com Vítimas Feridas,Sim,Pista esburacada,Queda de ocupante de veículo,Amanhecer,Céu Claro,Simples,Retorno Regulamentado,Não,Crescente
754710,2026-02-26,quinta-feira,06:00:00,MG,381.0,934,extrema,-22.799547,-46.260464,2.0,0.0,0.0,Com Vítimas Feridas,Sim,Ausência de reação do condutor,Tombamento,Pleno dia,Nublado,Dupla,Aclive;Reta,Não,Crescente
754711,2026-02-26,quinta-feira,06:45:00,PR,277.0,"66,5",sao jose dos pinhais,-25.525919,-49.09605,11.0,0.0,0.0,Com Vítimas Feridas,Não,Velocidade Incompatível,Colisão traseira,Pleno dia,Nublado,Dupla,Reta;Viaduto,Sim,Decrescente
754712,2026-02-26,quinta-feira,06:30:00,GO,60.0,0,santo antonio do descoberto,-16.053402,-48.259506,0.0,0.0,0.0,Sem Vítimas,Sim,Demais falhas mecânicas ou elétricas,Incêndio,Pleno dia,Céu Claro,Dupla,Reta,Não,Crescente
754714,2026-02-26,quinta-feira,07:15:00,PR,376.0,161,maringa,-23.366785,-52.069775,4.0,0.0,0.0,Com Vítimas Feridas,Não,Velocidade Incompatível,Queda de ocupante de veículo,Pleno dia,Céu Claro,Dupla,Rotatória;Aclive,Sim,Crescente
754715,2026-02-26,quinta-feira,06:30:00,PI,343.0,"3,2",parnaiba,-2.902585,-41.685547,1.0,0.0,0.0,Com Vítimas Feridas,Sim,Ultrapassagem Indevida,Colisão lateral mesmo sentido,Pleno dia,Céu Claro,Simples,Curva,Não,Decrescente
754716,2026-02-26,quinta-feira,05:30:00,PR,376.0,"402,3",tibagi,-24.602667,-50.66436,0.0,0.0,0.0,Sem Vítimas,Não,Ausência de reação do condutor,Colisão com objeto,Amanhecer,Céu Claro,Dupla,Aclive;Curva,Não,Crescente
754717,2026-02-26,quinta-feira,07:15:00,RS,448.0,14,canoas,-29.948181,-51.203915,1.0,0.0,0.0,Com Vítimas Feridas,Sim,Ausência de reação do condutor,Colisão com objeto,Pleno dia,Céu Claro,Múltipla,Curva,Não,Decrescente
754718,2026-02-26,quinta-feira,07:10:00,RS,448.0,13,canoas,-29.912943,-51.237072,6.0,0.0,0.0,Com Vítimas Feridas,Sim,Manobra de mudança de faixa,Colisão lateral mesmo sentido,Pleno dia,Céu Claro,Dupla,Reta,Não,Crescente
754719,2026-01-01,quinta-feira,05:00:00,AL,316.0,259,pilar,-9.591155,-35.921124,0.0,0.0,1.0,Com Vítimas Fatais,Sim,Manobra de mudança de faixa,Colisão lateral sentido oposto,Amanhecer,Céu Claro,Simples,Reta,Não,Crescente
754720,2026-02-26,quinta-feira,07:10:00,SC,101.0,"41,2",joinville,-26.318647,-48.872314,1.0,0.0,0.0,Com Vítimas Feridas,Sim,Desrespeitar a preferência no cruzamento,Colisão transversal,Pleno dia,Céu Claro,Múltipla,Rotatória,Sim,Crescente
754721,2026-02-26,quinta-feira,07:29:00,RN,304.0,37,mossoro,-5.17641,-37.36493,1.0,0.0,0.0,Com Vítimas Feridas,Sim,Acessar a via sem observar a presença dos outros veículos,Colisão lateral mesmo sentido,Pleno dia,Céu Claro,Dupla,Reta;Declive;Interseção de Vias,Sim,Decrescente
754722,2026-02-26,quinta-feira,06:00:00,RJ,393.0,182,paraiba do sul,-22.143345,-43.285378,2.0,0.0,0.0,Com Vítimas Feridas,Sim,Acessar a via sem observar a presença dos outros veículos,Tombamento,Amanhecer,Nublado,Simples,Curva,Sim,Decrescente
754723,2026-02-26,quinta-feira,07:45:00,RJ,116.0,184,nova iguacu,-22.748955,-43.44303,3.0,0.0,0.0,Com Vítimas Feridas,Sim,Acesso irregular,Colisão lateral mesmo sentido,Pleno dia,Céu Claro,Dupla,Reta,Não,Decrescente
754724,2026-02-26,quinta-feira,07:10:00,RS,471.0,"168,2",rio pardo,-29.93069,-52.38929,2.0,0.0,0.0,Com Vítimas Feridas,Sim,Reação tardia ou ineficiente do condutor,Capotamento,Pleno dia,Sol,Simples,Reta,Não,Decrescente
754725,2026-02-26,quinta-feira,00:45:00,RO,364.0,422,jaru,-10.461076,-62.455425,1.0,0.0,0.0,Com Vítimas Feridas,Sim,Ausência de reação do condutor,Saída de leito carroçável,Plena Noite,Garoa/Chuvisco,Múltipla,Reta,Sim,Crescente
754726,2026-02-26,quinta-feira,07:28:00,SP,153.0,"107,2",jose bonifacio,-21.065792,-49.663464,6.0,0.0,0.0,Com Vítimas Feridas,Não,Conversão proibida,Queda de ocupante de veículo,Pleno dia,Céu Claro,Simples,Reta,Sim,Decrescente
754727,2026-02-26,quinta-feira,07:40:00,PR,369.0,161,cambe,-23.286182,-51.25981,0.0,6.0,0.0,Com Vítimas Feridas,Não,Condutor deixou de manter distância do veículo da frente,Queda de ocupante de veículo,Pleno dia,Céu Claro,Dupla,Reta,Não,Crescente
754728,2026-02-26,quinta-feira,07:20:00,PR,369.0,161,cambe,-23.286306,-51.25981,2.0,0.0,0.0,Com Vítimas Feridas,Não,Reação tardia ou ineficiente do condutor,Colisão traseira,Pleno dia,Nublado,Dupla,Reta,Sim,Crescente
754729,2026-02-26,quinta-feira,05:15:00,SP,116.0,141,sao jose dos campos,-23.169472,-45.820103,0.0,0.0,0.0,Sem Vítimas,Sim,Reação tardia ou ineficiente do condutor,Colisão com objeto,Pleno dia,Céu Claro,Dupla,Reta,Sim,Crescente
754730,2026-02-26,quinta-feira,08:00:00,RS,116.0,246,sao leopoldo,-29.75842,-51.15203,0.0,0.0,0.0,Sem Vítimas,Não,Reação tardia ou ineficiente do condutor,Colisão traseira,Pleno dia,Céu Claro,Dupla,Ponte;Reta,Sim,Crescente
754732,2026-02-26,quinta-feira,07:35:00,PR,277.0,"76,5",sao jose dos pinhais,-25.486027,-49.184917,0.0,3.0,0.0,Com Vítimas Feridas,Sim,Trafegar com motocicleta (ou similar) entre as faixas,Queda de ocupante de veículo,Pleno dia,Nublado,Dupla,Reta,Sim,Crescente
754733,2026-02-26,quinta-feira,06:40:00,MG,116.0,242,teofilo otoni,-17.58224,-41.480297,0.0,0.0,0.0,Sem Vítimas,Sim,Ingestão de álcool pelo condutor,Saída de leito carroçável,Amanhecer,Céu Claro,Simples,Curva;Declive,Não,Decrescente
754734,2026-02-26,quinta-feira,08:44:00,MG,40.0,"467,5",sete lagoas,-19.452505,-44.314163,0.0,0.0,0.0,Sem Vítimas,Não,Frear bruscamente,Saída de leito carroçável,Pleno dia,Chuva,Dupla,Declive;Reta,Sim,Crescente
754735,2026-02-26,quinta-feira,07:20:00,RS,293.0,121,pinheiro machado,-31.548033,-53.431812,0.0,1.0,0.0,Com Vítimas Feridas,Sim,Objeto estático sobre o leito carroçável,Colisão traseira,Pleno dia,Céu Claro,Simples,Aclive;Reta,Não,Decrescente
754736,2026-02-26,quinta-feira,08:40:00,ES,101.0,164,linhares,-19.516937,-40.142193,0.0,0.0,6.0,Com Vítimas Fatais,Não,Suicídio (presumido),Queda de ocupante de veículo,Pleno dia,Céu Claro,Simples,Reta,Não,Crescente
754737,2026-02-26,quinta-feira,06:33:00,RO,319.0,137,porto velho,-8.740181,-63.916317,6.0,0.0,0.0,Com Vítimas Feridas,Não,Condutor deixou de manter distância do veículo da frente,Tombamento,Pleno dia,Céu Claro,Simples,Reta,Não,Decrescente
754738,2026-02-26,quinta-feira,07:30:00,BA,116.0,414,feira de santana,-12.159357,-38.965115,6.0,0.0,0.0,Com Vítimas Feridas,Sim,Demais falhas mecânicas ou elétricas,Capotamento,Pleno dia,Nublado,Dupla,Retorno Regulamentado;Reta,Sim,Crescente
754739,2026-02-26,quinta-feira,06:50:00,MG,40.0,577,itabirito,-20.270123,-43.953632,1.0,0.0,0.0,Com Vítimas Feridas,Sim,Chuva,Saída de leito carroçável,Pleno dia,Chuva,Simples,Reta,Sim,Crescente
754740,2026-02-26,quinta-feira,07:10:00,RS,116.0,112,sao marcos,-28.949259,-51.080948,2.0,0.0,0.0,Com Vítimas Feridas,Sim,Reação tardia ou ineficiente do condutor,Queda de ocupante de veículo,Pleno dia,Céu Claro,Simples,Curva,Sim,Crescente
754742,2026-02-26,quinta-feira,08:05:00,BA,415.0,29,ilheus,-14.785662,-39.222992,2.0,0.0,0.0,Com Vítimas Feridas,Sim,Reação tardia ou ineficiente do condutor,Colisão transversal,Pleno dia,Nublado,Simples,Interseção de Vias,Não,Crescente
754743,2026-02-26,quinta-feira,08:50:00,MG,381.0,532,itatiaiucu,-20.16462,-44.366642,2.0,0.0,0.0,Com Vítimas Feridas,Sim,Acumulo de água sobre o pavimento,Saída de leito carroçável,Pleno dia,Chuva,Dupla,Curva,Não,Crescente
754744,2026-02-26,quinta-feira,08:30:00,SC,470.0,63,indaial,-26.872137,-49.19363,6.0,0.0,0.0,Com Vítimas Feridas,Não,Transitar no Acostamento,Queda de ocupante de veículo,Pleno dia,Céu Claro,Simples,Declive;Curva;Em Obras,Não,Decrescente
754745,2026-02-26,quinta-feira,08:40:00,ES,101.0,294,cariacica,-20.322943,-40.395084,2.0,0.0,0.0,Com Vítimas Feridas,Não,Velocidade Incompatível,Colisão transversal,Pleno dia,Nublado,Dupla,Curva,Não,Decrescente
754746,2026-02-26,quinta-feira,08:50:00,SP,153.0,40,onda verde,-20.620337,-49.334373,2.0,0.0,0.0,Com Vítimas Feridas,Sim,Pista esburacada,Queda de ocupante de veículo,Pleno dia,Nublado,Simples,Reta,Não,Crescente
754747,2026-02-26,quinta-feira,07:55:00,PR,277.0,722,foz do iguacu,-25.490082,-54.5091,0.0,1.0,0.0,Com Vítimas Feridas,Sim,Reação tardia ou ineficiente do condutor,Saída de leito carroçável,Pleno dia,Céu Claro,Dupla,Declive;Reta,Sim,Crescente
754748,2026-02-26,quinta-feira,08:35:00,PR,373.0,269,prudentopolis,-25.21424,-51.01073,0.0,6.0,0.0,Com Vítimas Feridas,Não,Velocidade Incompatível,Saída de leito carroçável,Pleno dia,Céu Claro,Simples,Declive;Reta,Sim,Decrescente
754749,2026-02-17,terça-feira,22:40:00,MG,40.0,803,juiz de fora,-21.824928,-43.37472,3.0,0.0,0.0,Com Vítimas Feridas,Sim,Ausência de reação do condutor,Colisão traseira,Plena Noite,Nublado,Dupla,Aclive;Curva,Não,Decrescente
754750,2026-02-26,quinta-feira,07:50:00,MA,230.0,1,barao de grajau,-6.755373,-43.02041,12.0,12.0,0.0,Com Vítimas Feridas,Não,Ausência de reação do condutor,Queda de ocupante de veículo,Pleno dia,Nublado,Simples,Reta,Sim,Crescente
754751,2026-02-26,quinta-feira,10:45:00,SP,116.0,220,guarulhos,-23.464445,-46.498062,6.0,0.0,0.0,Com Vítimas Feridas,Não,Manobra de mudança de faixa,Tombamento,Pleno dia,Chuva,Múltipla,Reta,Sim,Crescente
754752,2026-02-26,quinta-feira,09:00:00,SP,116.0,509,cajati,-24.79285,-48.17183,6.0,0.0,0.0,Com Vítimas Feridas,Não,Curva acentuada,Colisão com objeto,Pleno dia,Chuva,Simples,Curva;Aclive,Não,Crescente
754753,2026-02-26,quinta-feira,07:15:00,RJ,101.0,540,paraty,-23.055962,-44.589558,1.0,0.0,0.0,Com Vítimas Feridas,Sim,Chuva,Colisão frontal,Pleno dia,Chuva,Simples,Declive;Curva,Não,Crescente
754754,2026-02-26,quinta-feira,08:55:00,MG,40.0,571,nova lima,-20.222,-43.971,6.0,0.0,0.0,Com Vítimas Feridas,Não,Reação tardia ou ineficiente do condutor,Colisão com objeto,Pleno dia,Chuva,Simples,Reta,Sim,Crescente
754755,2026-02-26,quinta-feira,08:20:00,SP,116.0,276,embu das artes,-23.620888,-46.812244,1.0,0.0,0.0,Com Vítimas Feridas,Sim,Trafegar com motocicleta (ou similar) entre as faixas,Engavetamento,Pleno dia,Chuva,Dupla,Reta,Sim,Decrescente
754756,2026-02-26,quinta-feira,09:25:00,RS,290.0,96,porto alegre,-29.978933,-51.200745,4.0,0.0,0.0,Com Vítimas Feridas,Sim,Condutor deixou de manter distância do veículo da frente,Queda de ocupante de veículo,Pleno dia,Céu Claro,Dupla,Reta,Sim,Crescente
754757,2026-02-26,quinta-feira,08:20:00,SC,101.0,56,joinville,-26.43222,-48.823048,2.0,0.0,0.0,Com Vítimas Feridas,Não,Ausência de reação do condutor,Queda de ocupante de veículo,Pleno dia,Nublado,Dupla,Reta;Declive,Não,Crescente
754758,2026-01-22,quinta-feira,04:00:00,SC,101.0,35,joinville,-26.278667,-48.89154,2.0,0.0,0.0,Com Vítimas Feridas,Não,Ingestão de álcool pelo condutor,Colisão traseira,Plena Noite,Nublado,Dupla,Reta,Não,Decrescente
754759,2026-02-26,quinta-feira,08:40:00,SP,116.0,115,taubate,-23.050987,-45.602875,1.0,0.0,0.0,Com Vítimas Feridas,Sim,Reação tardia ou ineficiente do condutor,Colisão com objeto,Pleno dia,Nublado,Dupla,Reta,Não,Crescente
754760,2026-02-23,segunda-feira,09:10:00,RJ,40.0,111,duque de caxias,-22.696138,-43.288597,2.0,0.0,0.0,Com Vítimas Feridas,Sim,Avarias e/ou desgaste excessivo no pneu,Queda de ocupante de veículo,Pleno dia,Céu Claro,Dupla,Declive;Reta,Sim,Decrescente
754761,2026-02-26,quinta-feira,09:12:00,RO,364.0,699,porto velho,-8.800813,-63.76202,0.0,12.0,0.0,Com Vítimas Feridas,Não,Trafegar com motocicleta (ou similar) entre as faixas,Queda de ocupante de veículo,Pleno dia,Garoa/Chuvisco,Dupla,Reta,Sim,Decrescente
754762,2026-02-26,quinta-feira,09:30:00,CE,304.0,49,aracati,-4.580338,-37.772476,2.0,0.0,0.0,Com Vítimas Feridas,Sim,Retorno proibido,Saída de leito carroçável,Pleno dia,Céu Claro,Simples,Curva,Sim,Crescente
754763,2026-02-26,quinta-feira,10:45:00,BA,101.0,831,prado,-17.191961,-39.59018,2.0,0.0,0.0,Com Vítimas Feridas,Sim,Acessar a via sem observar a presença dos outros veículos,Colisão transversal,Pleno dia,Céu Claro,Simples,Reta,Não,Decrescente
754764,2026-02-26,quinta-feira,10:20:00,SP,116.0,426,registro,-24.40191,-47.734886,1.0,0.0,0.0,Com Vítimas Feridas,Sim,Velocidade Incompatível,Colisão traseira,Pleno dia,Chuva,Dupla,Curva,Não,Crescente
754765,2026-02-19,quinta-feira,03:00:00,RO,364.0,"184,6",pimenta bueno,-11.73242,-61.12454,6.0,0.0,0.0,Com Vítimas Feridas,Não,Reação tardia ou ineficiente do condutor,Tombamento,Plena Noite,Ignorado,Simples,Curva,Não,Crescente
754766,2026-02-26,quinta-feira,09:00:00,AL,416.0,"18,4",colonia leopoldina,-8.938325,-35.784557,18.0,0.0,0.0,Com Vítimas Feridas,Não,Curva acentuada,Tombamento,Pleno dia,Céu Claro,Simples,Declive;Curva,Não,Decrescente
754767,2026-02-26,quinta-feira,09:30:00,MG,40.0,"613,4",congonhas,-20.522078,-43.830334,4.0,0.0,0.0,Com Vítimas Feridas,Sim,Reação tardia ou ineficiente do condutor,Tombamento,Pleno dia,Garoa/Chuvisco,Simples,Reta,Sim,Decrescente
754769,2026-02-26,quinta-feira,09:10:00,RJ,101.0,528,angra dos reis,-23.021114,-44.49962,2.0,0.0,0.0,Com Vítimas Feridas,Não,Velocidade Incompatível,Saída de leito carroçável,Pleno dia,Nublado,Simples,Declive;Reta,Não,Decrescente
754770,2026-01-26,segunda-feira,04:20:00,RJ,465.0,22,rio de janeiro,-22.86061,-43.601643,0.0,0.0,0.0,Sem Vítimas,Sim,Demais falhas mecânicas ou elétricas,Incêndio,Amanhecer,Céu Claro,Simples,Reta,Sim,Crescente
754771,2026-02-26,quinta-feira,08:51:00,MT,163.0,835,sinop,-11.857482,-55.494064,6.0,0.0,0.0,Com Vítimas Feridas,Não,Chuva,Capotamento,Pleno dia,Chuva,Simples,Reta;Aclive;Viaduto,Sim,Decrescente
754773,2026-02-22,domingo,21:30:00,PR,476.0,144,curitiba,-25.54374,-49.314667,3.0,0.0,0.0,Com Vítimas Feridas,Sim,Reação tardia ou ineficiente do condutor,Queda de ocupante de veículo,Plena Noite,Nublado,Dupla,Reta,Não,Crescente
754774,2026-02-26,quinta-feira,10:57:00,ES,101.0,148,linhares,-19.380096,-40.066917,3.0,0.0,0.0,Com Vítimas Feridas,Sim,Acessar a via sem observar a presença dos outros veículos,Queda de ocupante de veículo,Pleno dia,Céu Claro,Dupla,Retorno Regulamentado;Rotatória,Sim,Crescente
754775,2026-02-26,quinta-feira,11:35:00,RS,290.0,91,porto alegre,-29.96928,-51.168613,2.0,0.0,0.0,Com Vítimas Feridas,Sim,Reação tardia ou ineficiente do condutor,Tombamento,Pleno dia,Céu Claro,Dupla,Curva,Sim,Decrescente
754776,2026-02-22,domingo,18:00:00,RJ,116.0,145,duque de caxias,-22.664433,-43.258663,4.0,0.0,0.0,Com Vítimas Feridas,Sim,Transitar no Acostamento,Tombamento,Pleno dia,Chuva,Dupla,Reta,Sim,Decrescente
754777,2026-02-26,quinta-feira,11:00:00,SP,116.0,98,pindamonhangaba,-22.97895,-45.457703,1.0,0.0,0.0,Com Vítimas Feridas,Sim,Velocidade Incompatível,Saída de leito carroçável,Pleno dia,Nublado,Dupla,Reta,Não,Crescente
754778,2026-02-26,quinta-feira,10:00:00,PI,222.0,"85,2",piripiri,-4.315203,-41.777744,0.0,0.0,0.0,Sem Vítimas,Não,Demais falhas mecânicas ou elétricas,Saída de leito carroçável,Pleno dia,Céu Claro,Simples,Curva,Não,Decrescente
754779,2026-02-26,quinta-feira,11:00:00,MG,381.0,928,itapeva,-22.768578,-46.21003,0.0,1.0,0.0,Com Vítimas Feridas,Sim,Acessar a via sem observar a presença dos outros veículos,Atropelamento de Pedestre,Pleno dia,Céu Claro,Dupla,Reta,Não,Decrescente
754780,2026-02-26,quinta-feira,10:49:00,GO,364.0,260,jatai,-17.664406,-52.231743,24.0,0.0,0.0,Com Vítimas Feridas,Não,Velocidade Incompatível,Saída de leito carroçável,Pleno dia,Céu Claro,Simples,Curva,Não,Decrescente
754781,2026-02-26,quinta-feira,07:30:00,ES,101.0,85,sao mateus,-18.859118,-39.93493,1.0,0.0,0.0,Com Vítimas Feridas,Sim,Ausência de reação do condutor,Colisão lateral mesmo sentido,Pleno dia,Céu Claro,Simples,Reta;Interseção de Vias,Sim,Crescente
754782,2026-02-26,quinta-feira,11:00:00,MA,316.0,284,bela vista do maranhao,-3.773073,-45.218254,0.0,0.0,0.0,Sem Vítimas,Sim,Problema na suspensão,Colisão com objeto,Pleno dia,Céu Claro,Simples,Reta,Sim,Decrescente
754783,2026-02-26,quinta-feira,11:15:00,PA,316.0,62,castanhal,-1.29786,-47.93764,9.0,0.0,0.0,Com Vítimas Feridas,Sim,Reação tardia ou ineficiente do condutor,Queda de ocupante de veículo,Pleno dia,Nublado,Dupla,Reta,Sim,Crescente
754784,2026-02-26,quinta-feira,12:10:00,SC,470.0,"51,9",blumenau,-26.862267,-49.093506,6.0,0.0,0.0,Com Vítimas Feridas,Não,Deficiência do Sistema de Iluminação/Sinalização,Colisão transversal,Pleno dia,Nublado,Simples,Reta;Em Obras,Sim,Crescente
754785,2026-02-26,quinta-feira,12:30:00,PI,343.0,"9,7",parnaiba,-2.901798,-41.739788,0.0,2.0,0.0,Com Vítimas Feridas,Sim,Ausência de reação do condutor,Tombamento,Pleno dia,Sol,Simples,Reta,Sim,Crescente
754786,2026-02-22,domingo,15:20:00,BA,242.0,275,boa vista do tupim,-12.44838,-40.66385,6.0,0.0,0.0,Com Vítimas Feridas,Sim,Pista esburacada,Capotamento,Pleno dia,Céu Claro,Simples,Reta;Declive,Não,Decrescente
754787,2026-02-26,quinta-feira,12:15:00,SE,235.0,6,nossa senhora do socorro,-10.905245,-37.12331,6.0,0.0,0.0,Com Vítimas Feridas,Não,Ausência de reação do condutor,Queda de ocupante de veículo,Pleno dia,Nublado,Dupla,Reta,Não,Crescente
754788,2026-02-06,sexta-feira,21:50:00,MS,163.0,612,sao gabriel do oeste,-19.416864,-54.55351,0.0,0.0,0.0,Sem Vítimas,Sim,Ausência de reação do condutor,Colisão com objeto,Plena Noite,Céu Claro,Simples,Reta,Não,Decrescente
754789,2026-02-26,quinta-feira,12:59:00,RS,290.0,86,porto alegre,-29.968143,-51.113747,2.0,0.0,0.0,Com Vítimas Feridas,Sim,Acumulo de óleo sobre o pavimento,Queda de ocupante de veículo,Pleno dia,Céu Claro,Dupla,Curva;Interseção de Vias;Aclive,Sim,Crescente
754790,2026-02-26,quinta-feira,11:45:00,RS,386.0,269,fontoura xavier,-28.96993,-52.36999,10.0,0.0,0.0,Com Vítimas Feridas,Sim,Ultrapassagem Indevida,Colisão frontal,Pleno dia,Céu Claro,Simples,Reta;Em Obras,Não,Decrescente
754791,2026-02-26,quinta-feira,09:50:00,SC,101.0,7,biguacu,-27.38537,-48.68952,0.0,8.0,0.0,Com Vítimas Feridas,Não,Manobra de mudança de faixa,Saída de leito carroçável,Pleno dia,Céu Claro,Dupla,Reta,Não,Decrescente
754792,2026-02-26,quinta-feira,08:30:00,MG,153.0,"141,2",prata,-19.570475,-48.825283,6.0,0.0,0.0,Com Vítimas Feridas,Sim,Manobra de mudança de faixa,Derramamento de carga,Pleno dia,Céu Claro,Simples,Reta,Não,Decrescente
754793,2026-02-25,quarta-feira,15:00:00,SP,116.0,87,pindamonhangaba,-22.929773,-45.360905,0.0,0.0,0.0,Sem Vítimas,Sim,Velocidade Incompatível,Colisão traseira,Pleno dia,Céu Claro,Múltipla,Reta,Não,Crescente
754794,2026-02-13,sexta-feira,10:00:00,SC,282.0,223,lages,-27.799606,-50.364243,6.0,0.0,0.0,Com Vítimas Feridas,Sim,Acessar a via sem observar a presença dos outros veículos,Queda de ocupante de veículo,Pleno dia,Céu Claro,Simples,Reta,Sim,Decrescente
754795,2026-02-26,quinta-feira,11:40:00,MG,381.0,"534,5",itatiaiucu,-20.185862,-44.379513,2.0,0.0,0.0,Com Vítimas Feridas,Sim,Demais falhas mecânicas ou elétricas,Tombamento,Pleno dia,Nublado,Dupla,Reta,Não,Decrescente
754796,2026-02-26,quinta-feira,13:20:00,MG,116.0,276,teofilo otoni,-17.852018,-41.514095,4.0,0.0,0.0,Com Vítimas Feridas,Não,Ausência de reação do condutor,Queda de ocupante de veículo,Pleno dia,Céu Claro,Dupla,Curva;Declive;Rotatória,Não,Decrescente
754797,2026-02-22,domingo,21:20:00,PE,104.0,"60,6",caruaru,-8.24041,-35.97575,0.0,0.0,0.0,Sem Vítimas,Sim,Conversão proibida,Colisão transversal,Plena Noite,Céu Claro,Simples,Curva;Rotatória,Sim,Crescente
754798,2026-02-26,quinta-feira,13:35:00,SC,101.0,"206,8",sao jose,-27.59936,-48.62204,3.0,0.0,0.0,Com Vítimas Feridas,Sim,Acesso irregular,Queda de ocupante de veículo,Pleno dia,Céu Claro,Múltipla,Reta,Sim,Decrescente
754799,2026-02-26,quinta-feira,13:10:00,PE,101.0,44,igarassu,-7.85926,-34.908375,0.0,0.0,0.0,Sem Vítimas,Sim,Ausência de reação do condutor,Colisão traseira,Pleno dia,Nublado,Múltipla,Reta,Sim,Crescente
754800,2026-02-26,quinta-feira,08:40:00,MG,40.0,"527,8",contagem,-19.911505,-44.041958,6.0,0.0,0.0,Com Vítimas Feridas,Não,Velocidade Incompatível,Engavetamento,Pleno dia,Chuva,Dupla,Declive;Reta,Sim,Decrescente
754801,2026-02-26,quinta-feira,10:00:00,MG,381.0,728,carmo da cachoeira,-21.401934,-45.20874,1.0,0.0,0.0,Com Vítimas Feridas,Sim,Chuva,Colisão com objeto,Pleno dia,Chuva,Dupla,Reta,Não,Crescente
754802,2026-02-26,quinta-feira,14:00:00,PR,369.0,"505,8",cascavel,-24.9462,-53.398174,0.0,3.0,0.0,Com Vítimas Feridas,Sim,Desrespeitar a preferência no cruzamento,Tombamento,Pleno dia,Céu Claro,Simples,Aclive;Reta,Sim,Decrescente
754803,2026-02-06,sexta-feira,08:00:00,PA,163.0,48,novo progresso,-9.1706,-54.8909,0.0,0.0,6.0,Com Vítimas Fatais,Sim,Ultrapassagem Indevida,Colisão lateral mesmo sentido,Pleno dia,Sol,Simples,Reta,Não,Crescente
754804,2026-02-26,quinta-feira,14:05:00,MA,135.0,"4,5",sao luis,-2.618113,-44.2556,0.0,2.0,0.0,Com Vítimas Feridas,Sim,Frear bruscamente,Queda de ocupante de veículo,Pleno dia,Nublado,Dupla,Reta,Sim,Crescente
754805,2026-02-26,quinta-feira,13:20:00,RO,364.0,444,jaru,-10.32931,-62.614105,2.0,0.0,0.0,Com Vítimas Feridas,Sim,Demais falhas mecânicas ou elétricas,Queda de ocupante de veículo,Pleno dia,Sol,Simples,Reta,Não,Decrescente
754806,2026-02-26,quinta-feira,10:36:00,MT,174.0,4,pontes e lacerda,-15.233508,-59.34486,4.0,4.0,0.0,Com Vítimas Feridas,Não,Velocidade Incompatível,Queda de ocupante de veículo,Pleno dia,Céu Claro,Simples,Reta,Sim,Decrescente
754807,2026-02-23,segunda-feira,00:30:00,BA,116.0,342,teofilandia,-11.523333,-38.99351,0.0,1.0,0.0,Com Vítimas Feridas,Sim,Reação tardia ou ineficiente do condutor,Capotamento,Plena Noite,Nublado,Simples,Aclive,Não,Crescente
754808,2026-02-26,quinta-feira,14:30:00,RS,290.0,79,gravatai,-29.95301,-51.05108,1.0,0.0,0.0,Com Vítimas Feridas,Sim,Avarias e/ou desgaste excessivo no pneu,Queda de ocupante de veículo,Pleno dia,Céu Claro,Dupla,Reta,Não,Decrescente
754810,2026-02-26,quinta-feira,14:00:00,BA,324.0,537,amelia rodrigues,-12.378419,-38.801754,1.0,0.0,0.0,Com Vítimas Feridas,Sim,Acessar a via sem observar a presença dos outros veículos,Colisão traseira,Pleno dia,Garoa/Chuvisco,Dupla,Reta,Não,Crescente
754811,2026-02-26,quinta-feira,13:55:00,RS,285.0,301,passo fundo,-28.223148,-52.470142,2.0,0.0,0.0,Com Vítimas Feridas,Sim,Ausência de reação do condutor,Tombamento,Pleno dia,Céu Claro,Simples,Reta,Não,Decrescente
754812,2026-02-26,quinta-feira,14:00:00,SP,116.0,141,sao jose dos campos,-23.170048,-45.820915,1.0,0.0,0.0,Com Vítimas Feridas,Sim,Ausência de reação do condutor,Colisão lateral mesmo sentido,Pleno dia,Garoa/Chuvisco,Dupla,Reta,Sim,Crescente
754813,2026-02-26,quinta-feira,15:00:00,SP,153.0,"222,5",marilia,-22.018135,-49.908367,1.0,0.0,0.0,Com Vítimas Feridas,Sim,Ultrapassagem Indevida,Colisão lateral sentido oposto,Pleno dia,Nublado,Simples,Declive,Não,Decrescente
754814,2026-02-26,quinta-feira,15:00:00,RS,290.0,104,eldorado do sul,-29.99412,-51.277912,1.0,0.0,0.0,Com Vítimas Feridas,Sim,Ausência de reação do condutor,Engavetamento,Pleno dia,Céu Claro,Dupla,Reta;Ponte,Não,Crescente