id,data_inversa,dia_semana,horario,uf,br,km,municipio,latitude,longitude,feridos_leves,feridos_graves,mortos,classificacao_acidente,causa_principal,causa_acidente,tipo_acidente,fase_dia,condicao_metereologica,tipo_pista,tracado_via,uso_solo,sentido_via
755035,2026-02-27,sexta-feira,11:15:00,RJ,101.0,383,rio de janeiro,-22.876179,-43.613575,4.0,0.0,0.0,Com Vítimas Feridas,Não,Afundamento ou ondulação no pavimento,Tombamento,Pleno dia,Nublado,Dupla,Reta,Não,Crescente
755036,2026-02-27,sexta-feira,15:20:00,RN,304.0,36,mossoro,-5.177063,-37.36507,1.0,0.0,0.0,Com Vítimas Feridas,Sim,Acumulo de areia ou detritos sobre o pavimento,Queda de ocupante de veículo,Pleno dia,Nublado,Simples,Reta,Sim,Crescente
755037,2026-02-27,sexta-feira,15:30:00,ES,101.0,"127,8",sooretama,-19.20923,-40.09494,2.0,0.0,0.0,Com Vítimas Feridas,Sim,Acumulo de água sobre o pavimento,Queda de ocupante de veículo,Pleno dia,Chuva,Simples,Reta,Sim,Crescente
755038,2026-02-27,sexta-feira,14:20:00,TO,153.0,146,araguaina,-7.2201195,-48.24767,6.0,0.0,0.0,Com Vítimas Feridas,Não,Ausência de reação do condutor,Queda de ocupante de veículo,Pleno dia,Nublado,Dupla,Rotatória;Reta,Sim,Crescente
755040,2026-02-27,sexta-feira,13:30:00,BA,101.0,422,ibirapitanga,-14.139059,-39.35134,2.0,0.0,0.0,Com Vítimas Feridas,Sim,Ausência de reação do condutor,Colisão com objeto,Pleno dia,Chuva,Simples,Curva,Não,Decrescente
755041,2026-02-27,sexta-feira,15:30:00,RJ,116.0,130,mage,-22.657213,-43.126755,2.0,0.0,0.0,Com Vítimas Feridas,Sim,Ausência de reação do condutor,Colisão lateral sentido oposto,Pleno dia,Céu Claro,Dupla,Viaduto,Sim,Crescente
755042,2026-02-27,sexta-feira,15:20:00,BA,101.0,904,ibirapua,-17.764563,-39.77824,3.0,0.0,0.0,Com Vítimas Feridas,Sim,Condutor deixou de manter distância do veículo da frente,Saída de leito carroçável,Pleno dia,Céu Claro,Simples,Declive;Curva,Não,Crescente
755043,2026-02-27,sexta-feira,15:30:00,RJ,493.0,19,mage,-22.65982,-43.049496,1.0,1.0,0.0,Com Vítimas Feridas,Sim,Retorno proibido,Colisão transversal,Pleno dia,Céu Claro,Simples,Reta,Sim,Crescente
755044,2026-02-27,sexta-feira,15:20:00,PI,343.0,4,teresina,-5.081743,-42.793587,1.0,0.0,0.0,Com Vítimas Feridas,Sim,Avarias e/ou desgaste excessivo no pneu,Colisão com objeto,Pleno dia,Céu Claro,Múltipla,Reta;Ponte,Não,Crescente
755046,2026-02-27,sexta-feira,13:30:00,SP,101.0,"50,5",ubatuba,-23.453234,-45.07439,1.0,0.0,0.0,Com Vítimas Feridas,Sim,Acessar a via sem observar a presença dos outros veículos,Colisão transversal,Pleno dia,Chuva,Simples,Interseção de Vias,Sim,Crescente
755047,2026-02-27,sexta-feira,15:35:00,MG,40.0,"522,2",contagem,-19.868204,-44.061184,0.0,0.0,0.0,Sem Vítimas,Sim,Reação tardia ou ineficiente do condutor,Colisão traseira,Pleno dia,Céu Claro,Dupla,Reta,Sim,Crescente
755048,2026-02-27,sexta-feira,15:00:00,MG,365.0,626,uberlandia,-18.904047,-48.34203,1.0,0.0,0.0,Com Vítimas Feridas,Sim,Manobra de mudança de faixa,Queda de ocupante de veículo,Pleno dia,Céu Claro,Dupla,Reta,Sim,Crescente
755049,2026-02-27,sexta-feira,15:35:00,RJ,101.0,323,niteroi,-22.87967,-43.113956,6.0,0.0,0.0,Com Vítimas Feridas,Não,Reação tardia ou ineficiente do condutor,Queda de ocupante de veículo,Pleno dia,Chuva,Múltipla,Reta,Sim,Decrescente
755050,2026-01-23,sexta-feira,14:30:00,PB,104.0,163,barra de santana,-7.526752,-35.99631,0.0,6.0,3.0,Com Vítimas Fatais,Sim,Conversão proibida,Colisão com objeto,Pleno dia,Céu Claro,Simples,Reta,Não,Crescente
755051,2026-02-27,sexta-feira,15:35:00,MS,376.0,"4,3",dourados,-22.224895,-54.666084,2.0,0.0,0.0,Com Vítimas Feridas,Sim,Acessar a via sem observar a presença dos outros veículos,Tombamento,Pleno dia,Céu Claro,Simples,Interseção de Vias;Reta,Não,Decrescente
755052,2026-02-27,sexta-feira,16:25:00,MG,267.0,"36,8",argirita,-21.67277,-42.89343,2.0,0.0,0.0,Com Vítimas Feridas,Não,Condutor deixou de manter distância do veículo da frente,Engavetamento,Pleno dia,Nublado,Simples,Reta;Em Obras,Não,Crescente
755053,2026-02-27,sexta-feira,11:00:00,SP,116.0,512,cajati,-24.84056,-48.213135,1.0,0.0,0.0,Com Vítimas Feridas,Sim,Demais falhas mecânicas ou elétricas,Eventos atípicos,Pleno dia,Sol,Simples,Curva,Não,Decrescente
755054,2026-02-27,sexta-feira,16:30:00,MG,381.0,"424,5",sabara,-19.787777,-43.69946,4.0,4.0,0.0,Com Vítimas Feridas,Não,Velocidade Incompatível,Saída de leito carroçável,Pleno dia,Nublado,Simples,Declive;Curva,Não,Decrescente
755055,2026-02-27,sexta-feira,16:40:00,RJ,101.0,330,rio de janeiro,-22.868494,-43.186115,3.0,0.0,0.0,Com Vítimas Feridas,Sim,Condutor deixou de manter distância do veículo da frente,Tombamento,Pleno dia,Nublado,Múltipla,Reta,Não,Decrescente
755056,2026-02-27,sexta-feira,13:20:00,BA,116.0,825,vitoria da conquista,-14.879802,-40.855774,4.0,0.0,0.0,Com Vítimas Feridas,Não,Velocidade Incompatível,Queda de ocupante de veículo,Pleno dia,Céu Claro,Dupla,Reta,Sim,Crescente
755057,2026-02-27,sexta-feira,16:50:00,MG,381.0,482,betim,-19.958723,-44.07198,3.0,0.0,0.0,Com Vítimas Feridas,Sim,Reação tardia ou ineficiente do condutor,Colisão lateral mesmo sentido,Pleno dia,Céu Claro,Múltipla,Reta,Sim,Crescente
755058,2026-02-27,sexta-feira,14:00:00,PB,361.0,109,itaporanga,-7.299135,-38.125263,0.0,3.0,3.0,Com Vítimas Fatais,Sim,Reação tardia ou ineficiente do condutor,Saída de leito carroçável,Pleno dia,Céu Claro,Simples,Declive;Reta,Não,Decrescente
755059,2026-02-27,sexta-feira,16:15:00,SC,101.0,415,ararangua,-28.973825,-49.53055,6.0,0.0,0.0,Com Vítimas Feridas,Não,Ausência de reação do condutor,Queda de ocupante de veículo,Pleno dia,Céu Claro,Múltipla,Reta,Sim,Crescente
755060,2026-02-27,sexta-feira,14:45:00,RJ,101.0,381,rio de janeiro,-22.872318,-43.605446,1.0,0.0,0.0,Com Vítimas Feridas,Sim,Reação tardia ou ineficiente do condutor,Colisão traseira,Pleno dia,Chuva,Dupla,Reta,Não,Crescente
755061,2026-02-27,sexta-feira,15:30:00,PR,373.0,252,guamiranga,-25.18869,-50.87344,2.0,0.0,0.0,Com Vítimas Feridas,Sim,Acessar a via sem observar a presença dos outros veículos,Colisão traseira,Pleno dia,Céu Claro,Simples,Reta,Não,Crescente
755062,2026-02-27,sexta-feira,17:25:00,SE,235.0,"1,5",aracaju,-10.907492,-37.094284,8.0,0.0,0.0,Com Vítimas Feridas,Sim,Ausência de reação do condutor,Queda de ocupante de veículo,Anoitecer,Céu Claro,Dupla,Reta;Viaduto;Declive,Sim,Crescente
755063,2026-02-27,sexta-feira,16:00:00,RJ,393.0,166,tres rios,-22.127277,-43.14644,1.0,0.0,0.0,Com Vítimas Feridas,Sim,Ausência de reação do condutor,Colisão traseira,Pleno dia,Nublado,Simples,Aclive;Reta,Não,Crescente
755064,2026-02-27,sexta-feira,17:30:00,PR,476.0,"157,8",araucaria,-25.60637,-49.42122,0.0,0.0,0.0,Sem Vítimas,Sim,Acessar a via sem observar a presença dos outros veículos,Colisão transversal,Pleno dia,Céu Claro,Simples,Interseção de Vias,Sim,Crescente
755065,2026-02-27,sexta-feira,16:15:00,PB,361.0,"109,3",itaporanga,-7.300635,-38.129208,0.0,0.0,0.0,Sem Vítimas,Sim,Ingestão de álcool pelo condutor,Colisão lateral mesmo sentido,Pleno dia,Céu Claro,Simples,Reta,Não,Decrescente
755066,2026-02-27,sexta-feira,16:26:00,SC,101.0,"205,3",sao jose,-27.585796,-48.616302,2.0,0.0,0.0,Com Vítimas Feridas,Não,Velocidade Incompatível,Colisão lateral mesmo sentido,Pleno dia,Nublado,Dupla,Desvio Temporário;Curva,Sim,Crescente
755067,2026-02-27,sexta-feira,15:50:00,SC,101.0,"96,4",balneario picarras,-26.728512,-48.70194,4.0,0.0,0.0,Com Vítimas Feridas,Sim,Restrição de visibilidade em curvas verticais,Tombamento,Pleno dia,Nublado,Múltipla,Aclive,Não,Decrescente
755068,2026-02-27,sexta-feira,16:00:00,MS,163.0,454,campo grande,-20.6889,-54.55254,2.0,0.0,0.0,Com Vítimas Feridas,Não,Condutor deixou de manter distância do veículo da frente,Engavetamento,Pleno dia,Céu Claro,Simples,Reta;Aclive;Em Obras,Não,Crescente
755069,2026-02-27,sexta-feira,17:30:00,SC,101.0,"213,1",palhoca,-27.636532,-48.664593,0.0,3.0,0.0,Com Vítimas Feridas,Sim,Condutor deixou de manter distância do veículo da frente,Colisão com objeto,Pleno dia,Céu Claro,Múltipla,Reta,Sim,Crescente
755070,2026-02-27,sexta-feira,16:50:00,ES,101.0,"343,2",guarapari,-20.6631,-40.592743,2.0,0.0,0.0,Com Vítimas Feridas,Sim,Acumulo de água sobre o pavimento,Colisão com objeto,Anoitecer,Chuva,Dupla,Curva,Não,Decrescente
755071,2026-02-27,sexta-feira,17:50:00,BA,101.0,715,eunapolis,-16.35411,-39.579597,3.0,0.0,0.0,Com Vítimas Feridas,Sim,Acessar a via sem observar a presença dos outros veículos,Queda de ocupante de veículo,Plena Noite,Nublado,Simples,Interseção de Vias;Reta,Sim,Crescente
755072,2026-02-27,sexta-feira,17:07:00,RO,364.0,698,porto velho,-8.800509,-63.79339,6.0,0.0,0.0,Com Vítimas Feridas,Não,Chuva,Queda de ocupante de veículo,Pleno dia,Chuva,Dupla,Reta,Não,Crescente
755073,2026-02-27,sexta-feira,15:10:00,GO,153.0,127,estrela do norte,-13.88745,-49.056118,1.0,0.0,0.0,Com Vítimas Feridas,Sim,Objeto estático sobre o leito carroçável,Tombamento,Pleno dia,Chuva,Simples,Reta,Não,Crescente
755074,2026-02-27,sexta-feira,17:45:00,MG,116.0,"527,5",caratinga,-19.794788,-42.137493,2.0,0.0,0.0,Com Vítimas Feridas,Não,Ausência de reação do condutor,Engavetamento,Anoitecer,Chuva,Simples,Reta,Sim,Crescente
755075,2026-02-27,sexta-feira,17:10:00,BA,116.0,16,vitoria da conquista,-14.90241,-40.848644,0.0,12.0,0.0,Com Vítimas Feridas,Não,Condutor deixou de manter distância do veículo da frente,Queda de ocupante de veículo,Pleno dia,Chuva,Simples,Reta,Sim,Crescente
755076,2026-02-27,sexta-feira,18:00:00,PR,369.0,138,ibipora,-23.273672,-51.05383,3.0,0.0,0.0,Com Vítimas Feridas,Sim,Acessar a via sem observar a presença dos outros veículos,Queda de ocupante de veículo,Anoitecer,Céu Claro,Simples,Reta,Sim,Crescente
755077,2026-02-27,sexta-feira,16:40:00,MS,158.0,32,paranaiba,-19.259201,-51.50293,1.0,0.0,0.0,Com Vítimas Feridas,Sim,Reação tardia ou ineficiente do condutor,Colisão traseira,Pleno dia,Céu Claro,Simples,Em Obras;Reta,Não,Crescente
755078,2026-02-27,sexta-feira,18:30:00,SP,116.0,229,sao paulo,-23.517145,-46.580074,3.0,0.0,0.0,Com Vítimas Feridas,Sim,Pista Escorregadia,Atropelamento de Pedestre,Plena Noite,Garoa/Chuvisco,Múltipla,Reta,Sim,Decrescente
755079,2026-02-27,sexta-feira,18:30:00,RN,101.0,"71,3",extremoz,-5.690642,-35.26306,9.0,0.0,0.0,Com Vítimas Feridas,Sim,Desrespeitar a preferência no cruzamento,Queda de ocupante de veículo,Plena Noite,Céu Claro,Simples,Interseção de Vias,Não,Decrescente
755080,2026-02-27,sexta-feira,18:45:00,MG,381.0,501,betim,-20.007067,-44.215496,1.0,0.0,0.0,Com Vítimas Feridas,Sim,Trafegar com motocicleta (ou similar) entre as faixas,Colisão lateral mesmo sentido,Plena Noite,Céu Claro,Dupla,Reta,Sim,Decrescente
755081,2026-02-27,sexta-feira,13:00:00,PI,343.0,"491,1",amarante,-6.249327,-42.72757,10.0,2.0,0.0,Com Vítimas Feridas,Sim,Acumulo de água sobre o pavimento,Capotamento,Pleno dia,Chuva,Simples,Reta,Não,Crescente
755082,2026-02-27,sexta-feira,16:30:00,RS,472.0,"473,5",itaqui,-29.1617,-56.36159,0.0,1.0,0.0,Com Vítimas Feridas,Sim,Velocidade Incompatível,Queda de ocupante de veículo,Pleno dia,Céu Claro,Simples,Curva,Não,Decrescente
755083,2026-02-27,sexta-feira,17:30:00,RO,364.0,13,vilhena,-12.740802,-60.132088,6.0,6.0,0.0,Com Vítimas Feridas,Não,Acessar a via sem observar a presença dos outros veículos,Queda de ocupante de veículo,Pleno dia,Céu Claro,Dupla,Rotatória,Sim,Crescente
755084,2026-02-27,sexta-feira,19:00:00,SC,101.0,"185,1",biguacu,-27.42667,-48.62406,6.0,0.0,0.0,Com Vítimas Feridas,Sim,Reação tardia ou ineficiente do condutor,Queda de ocupante de veículo,Plena Noite,Céu Claro,Múltipla,Interseção de Vias;Reta,Sim,Decrescente
755085,2026-02-06,sexta-feira,21:20:00,RJ,116.0,169,rio de janeiro,-22.816193,-43.324043,1.0,0.0,0.0,Com Vítimas Feridas,Sim,Ausência de reação do condutor,Colisão traseira,Plena Noite,Chuva,Múltipla,Reta,Sim,Crescente
755086,2026-02-27,sexta-feira,16:45:00,SC,280.0,28,araquari,-26.407309,-48.74872,1.0,0.0,0.0,Com Vítimas Feridas,Sim,Trafegar com motocicleta (ou similar) entre as faixas,Colisão transversal,Pleno dia,Céu Claro,Simples,Reta;Interseção de Vias,Sim,Crescente
755087,2026-02-27,sexta-feira,19:00:00,AP,210.0,3,macapa,0.0875732,-51.09331,1.0,0.0,0.0,Com Vítimas Feridas,Sim,Retorno proibido,Colisão transversal,Plena Noite,Nublado,Simples,Reta,Sim,Crescente
755088,2026-02-27,sexta-feira,19:00:00,SP,116.0,300,sao lourenco da serra,-23.797691,-46.9149,1.0,0.0,0.0,Com Vítimas Feridas,Sim,Chuva,Saída de leito carroçável,Plena Noite,Chuva,Dupla,Curva,Não,Crescente
755089,2026-02-27,sexta-feira,19:05:00,RJ,116.0,119,mage,-22.60855,-43.02972,1.0,0.0,0.0,Com Vítimas Feridas,Sim,Chuva,Queda de ocupante de veículo,Plena Noite,Chuva,Dupla,Reta,Sim,Crescente
755090,2026-02-27,sexta-feira,19:03:00,MG,381.0,521,brumadinho,-20.122793,-44.300552,2.0,0.0,0.0,Com Vítimas Feridas,Sim,Velocidade Incompatível,Queda de ocupante de veículo,Plena Noite,Nublado,Dupla,Curva,Não,Crescente
755091,2026-02-27,sexta-feira,19:40:00,ES,101.0,214,ibiracu,-19.830038,-40.37308,3.0,0.0,0.0,Com Vítimas Feridas,Sim,Acessar a via sem observar a presença dos outros veículos,Queda de ocupante de veículo,Plena Noite,Chuva,Simples,Interseção de Vias,Não,Crescente
755092,2026-02-27,sexta-feira,18:20:00,AL,424.0,100,marechal deodoro,-9.657739,-35.853943,1.0,0.0,0.0,Com Vítimas Feridas,Sim,Ultrapassagem Indevida,Colisão frontal,Plena Noite,Céu Claro,Simples,Curva,Não,Crescente
755093,2026-02-27,sexta-feira,17:07:00,MS,463.0,106,ponta pora,-22.582712,-55.685318,15.0,0.0,0.0,Com Vítimas Feridas,Não,Ultrapassagem Indevida,Queda de ocupante de veículo,Anoitecer,Céu Claro,Dupla,Reta,Sim,Crescente
755094,2026-02-27,sexta-feira,19:40:00,SC,101.0,38,palhoca,-27.63498,-48.71425,6.0,0.0,2.0,Com Vítimas Fatais,Sim,Retorno proibido,Queda de ocupante de veículo,Plena Noite,Nublado,Dupla,Curva,Não,Decrescente
755095,2026-02-27,sexta-feira,19:30:00,RJ,116.0,176,sao joao de meriti,-22.788418,-43.37466,1.0,0.0,0.0,Com Vítimas Feridas,Sim,Ausência de reação do condutor,Queda de ocupante de veículo,Plena Noite,Chuva,Dupla,Reta,Não,Crescente
755097,2026-02-27,sexta-feira,18:50:00,MG,381.0,"490,5",betim,-19.960068,-44.15312,0.0,0.0,0.0,Sem Vítimas,Não,Velocidade Incompatível,Colisão lateral mesmo sentido,Plena Noite,Céu Claro,Múltipla,Reta,Sim,Decrescente
755098,2026-02-27,sexta-feira,19:00:00,PI,316.0,240,inhuma,-6.66075,-41.717777,1.0,0.0,0.0,Com Vítimas Feridas,Sim,Ausência de reação do condutor,Colisão traseira,Plena Noite,Nublado,Simples,Reta,Não,Decrescente
755099,2026-02-27,sexta-feira,18:20:00,PR,376.0,164,maringa,-23.36906,-52.064346,0.0,3.0,0.0,Com Vítimas Feridas,Sim,Pedestre cruzava a pista fora da faixa,Queda de ocupante de veículo,Anoitecer,Céu Claro,Dupla,Reta,Sim,Decrescente
755100,2026-02-27,sexta-feira,20:20:00,RJ,116.0,171,rio de janeiro,-22.806541,-43.34194,0.0,0.0,1.0,Com Vítimas Fatais,Sim,Entrada inopinada do pedestre,Atropelamento de Pedestre,Plena Noite,Garoa/Chuvisco,Dupla,Reta,Sim,Crescente
755101,2026-02-27,sexta-feira,11:00:00,SC,101.0,41,joinville,-26.3164,-48.873447,2.0,0.0,0.0,Com Vítimas Feridas,Sim,Ausência de reação do condutor,Tombamento,Pleno dia,Céu Claro,Dupla,Declive;Viaduto;Curva,Sim,Crescente
755102,2026-02-27,sexta-feira,19:45:00,SP,116.0,227,guarulhos,-23.494652,-46.55378,0.0,1.0,0.0,Com Vítimas Feridas,Sim,Ausência de reação do condutor,Colisão lateral mesmo sentido,Plena Noite,Nublado,Múltipla,Reta,Sim,Decrescente
755103,2026-02-22,domingo,22:30:00,RO,364.0,971,porto velho,-9.658104,-65.73197,0.0,2.0,0.0,Com Vítimas Feridas,Sim,Ausência de reação do condutor,Colisão frontal,Plena Noite,Céu Claro,Simples,Interseção de Vias,Sim,Crescente
755104,2026-02-27,sexta-feira,19:50:00,PB,101.0,"27,8",rio tinto,-6.732387,-35.125298,2.0,1.0,0.0,Com Vítimas Feridas,Sim,Animais na Pista,Tombamento,Plena Noite,Céu Claro,Dupla,Reta,Não,Decrescente
755106,2026-02-27,sexta-feira,17:05:00,MA,135.0,23,sao luis,-2.5584552,-44.31309,0.0,0.0,0.0,Sem Vítimas,Sim,Reação tardia ou ineficiente do condutor,Colisão traseira,Anoitecer,Nublado,Dupla,Reta,Sim,Crescente
755108,2026-02-27,sexta-feira,20:40:00,RS,285.0,"228,9",caseiros,-28.247679,-51.783455,0.0,0.0,0.0,Sem Vítimas,Sim,Demais falhas mecânicas ou elétricas,Incêndio,Plena Noite,Céu Claro,Simples,Reta,Não,Decrescente
755109,2026-02-27,sexta-feira,15:45:00,SP,459.0,"7,6",piquete,-22.57245,-45.209137,1.0,0.0,0.0,Com Vítimas Feridas,Sim,Reação tardia ou ineficiente do condutor,Colisão lateral sentido oposto,Pleno dia,Nublado,Simples,Curva,Não,Decrescente
755110,2026-02-27,sexta-feira,21:00:00,BA,101.0,262,santo antonio de jesus,-12.978057,-39.2794,1.0,0.0,0.0,Com Vítimas Feridas,Sim,Ausência de reação do condutor,Colisão lateral sentido oposto,Plena Noite,Chuva,Simples,Reta,Não,Decrescente
755111,2026-02-27,sexta-feira,18:10:00,ES,101.0,"312,7",vila velha,-20.449856,-40.46116,1.0,0.0,0.0,Com Vítimas Feridas,Sim,Acumulo de água sobre o pavimento,Tombamento,Plena Noite,Chuva,Dupla,Reta,Não,Decrescente
755112,2026-02-27,sexta-feira,17:50:00,MG,153.0,5,arapora,-18.473825,-49.18827,6.0,0.0,0.0,Com Vítimas Feridas,Não,Reação tardia ou ineficiente do condutor,Colisão com objeto,Anoitecer,Nublado,Dupla,Reta;Declive,Não,Decrescente
755113,2026-02-27,sexta-feira,20:25:00,PB,230.0,346,patos,-6.95492,-37.376347,16.0,8.0,0.0,Com Vítimas Feridas,Não,Reação tardia ou ineficiente do condutor,Capotamento,Plena Noite,Chuva,Simples,Reta,Não,Crescente
755114,2026-02-27,sexta-feira,20:45:00,MS,163.0,488,campo grande,-20.41295,-54.54941,2.0,0.0,0.0,Com Vítimas Feridas,Sim,Ausência de reação do condutor,Queda de ocupante de veículo,Plena Noite,Céu Claro,Simples,Reta,Sim,Decrescente
755115,2026-02-27,sexta-feira,20:20:00,PR,272.0,"417,8",janiopolis,-24.13871,-52.858025,1.0,0.0,0.0,Com Vítimas Feridas,Sim,Condutor deixou de manter distância do veículo da frente,Colisão traseira,Plena Noite,Céu Claro,Simples,Declive;Reta,Não,Decrescente
755116,2026-02-27,sexta-feira,21:00:00,GO,60.0,379,rio verde,-17.775099,-50.888725,0.0,0.0,0.0,Sem Vítimas,Sim,Ingestão de álcool pelo condutor,Colisão com objeto,Plena Noite,Céu Claro,Dupla,Curva,Sim,Crescente
755117,2026-02-27,sexta-feira,21:00:00,RS,471.0,"670,3",chui,-33.613636,-53.404133,3.0,0.0,0.0,Com Vítimas Feridas,Sim,Animais na Pista,Saída de leito carroçável,Plena Noite,Céu Claro,Simples,Reta,Não,Decrescente
755119,2026-02-27,sexta-feira,15:58:00,RO,364.0,423,jaru,-10.456035,-62.458015,0.0,9.0,0.0,Com Vítimas Feridas,Não,Demais falhas na via,Queda de ocupante de veículo,Pleno dia,Céu Claro,Dupla,Reta;Declive;Retorno Regulamentado,Sim,Crescente
755121,2026-02-27,sexta-feira,19:30:00,RS,468.0,"102,5",tres passos,-27.463612,-53.93654,0.0,0.0,0.0,Sem Vítimas,Não,Ingestão de álcool pelo condutor,Colisão traseira,Plena Noite,Céu Claro,Simples,Reta,Sim,Crescente
755122,2026-02-27,sexta-feira,17:10:00,SC,282.0,"231,3",lages,-27.786976,-50.438957,3.0,0.0,0.0,Com Vítimas Feridas,Sim,Desrespeitar a preferência no cruzamento,Colisão transversal,Pleno dia,Céu Claro,Simples,Curva,Não,Crescente
755123,2026-02-27,sexta-feira,19:10:00,RJ,101.0,143,macae,-22.210499,-41.75478,1.0,0.0,0.0,Com Vítimas Feridas,Sim,Desvio temporário,Colisão traseira,Anoitecer,Chuva,Dupla,Curva,Não,Crescente
755124,2026-02-27,sexta-feira,20:00:00,MG,40.0,17,paracatu,-17.097178,-47.02668,0.0,0.0,0.0,Sem Vítimas,Sim,Reação tardia ou ineficiente do condutor,Colisão com objeto,Pleno dia,Garoa/Chuvisco,Simples,Aclive;Reta,Não,Crescente
755125,2026-02-27,sexta-feira,21:00:00,RJ,101.0,"489,5",angra dos reis,-22.949224,-44.327774,0.0,0.0,0.0,Sem Vítimas,Sim,Acumulo de água sobre o pavimento,Colisão com objeto,Plena Noite,Chuva,Simples,Curva,Sim,Crescente
755126,2026-02-27,sexta-feira,21:40:00,GO,153.0,"384,8",sao francisco de goias,-15.95247,-49.186073,20.0,60.0,0.0,Com Vítimas Feridas,Não,Condutor deixou de manter distância do veículo da frente,Derramamento de carga,Plena Noite,Céu Claro,Simples,Aclive;Reta,Não,Decrescente
755127,2026-02-27,sexta-feira,22:00:00,SP,459.0,32,lorena,-22.740566,-45.09393,0.0,1.0,0.0,Com Vítimas Feridas,Sim,Desrespeitar a preferência no cruzamento,Queda de ocupante de veículo,Plena Noite,Nublado,Simples,Reta,Sim,Decrescente
755128,2026-02-27,sexta-feira,22:10:00,RN,101.0,"94,7",natal,-5.838618,-35.21086,0.0,0.0,0.0,Sem Vítimas,Sim,Animais na Pista,Atropelamento de Animal,Plena Noite,Céu Claro,Múltipla,Reta,Sim,Crescente
755129,2026-02-27,sexta-feira,05:00:00,MG,50.0,40,araguari,-18.673822,-48.178413,1.0,0.0,0.0,Com Vítimas Feridas,Sim,Ausência de reação do condutor,Colisão lateral mesmo sentido,Amanhecer,Céu Claro,Dupla,Reta,Sim,Crescente
755130,2026-02-27,sexta-feira,21:12:00,PE,428.0,188,petrolina,-9.3758335,-40.490723,4.0,0.0,0.0,Com Vítimas Feridas,Não,Chuva,Colisão lateral mesmo sentido,Plena Noite,Chuva,Simples,Reta;Interseção de Vias,Sim,Decrescente
755131,2026-02-27,sexta-feira,22:27:00,SC,101.0,"87,8",barra velha,-26.639467,-48.693375,2.0,0.0,0.0,Com Vítimas Feridas,Sim,Velocidade Incompatível,Tombamento,Plena Noite,Nublado,Múltipla,Curva,Sim,Crescente
755132,2026-02-27,sexta-feira,22:30:00,RS,116.0,"521,6",pelotas,-31.708,-52.368755,0.0,2.0,0.0,Com Vítimas Feridas,Não,Ingestão de álcool pelo condutor,Colisão traseira,Plena Noite,Céu Claro,Dupla,Reta,Sim,Crescente
755133,2026-02-27,sexta-feira,22:20:00,SC,101.0,"152,2",porto belo,-27.137,-48.60974,2.0,0.0,0.0,Com Vítimas Feridas,Sim,Avarias e/ou desgaste excessivo no pneu,Queda de ocupante de veículo,Plena Noite,Céu Claro,Múltipla,Reta,Não,Decrescente
755134,2026-02-27,sexta-feira,23:00:00,RJ,40.0,104,duque de caxias,-22.62941,-43.285843,1.0,0.0,0.0,Com Vítimas Feridas,Sim,Manobra de mudança de faixa,Colisão lateral mesmo sentido,Plena Noite,Céu Claro,Múltipla,Reta,Não,Crescente
755135,2026-02-27,sexta-feira,22:45:00,BA,101.0,"751,4",itabela,-16.62073,-39.5352,18.0,9.0,0.0,Com Vítimas Feridas,Não,Velocidade Incompatível,Queda de ocupante de veículo,Plena Noite,Chuva,Simples,Aclive;Curva,Não,Decrescente
755136,2026-02-12,quinta-feira,05:18:00,CE,222.0,"63,7",sao goncalo do amarante,-3.6723018,-39.11795,6.0,0.0,0.0,Com Vítimas Feridas,Não,Iluminação deficiente,Colisão transversal,Amanhecer,Nublado,Simples,Reta;Interseção de Vias,Sim,Crescente
755137,2026-02-27,sexta-feira,21:37:00,RO,364.0,711,porto velho,-8.781079,-63.865417,2.0,0.0,0.0,Com Vítimas Feridas,Sim,Manobra de mudança de faixa,Queda de ocupante de veículo,Plena Noite,Céu Claro,Dupla,Reta;Interseção de Vias,Sim,Crescente
755138,2026-02-27,sexta-feira,22:10:00,PE,232.0,62,pombos,-8.157585,-35.428707,3.0,0.0,0.0,Com Vítimas Feridas,Não,Iluminação deficiente,Colisão traseira,Plena Noite,Céu Claro,Dupla,Declive;Reta,Não,Decrescente
755139,2026-02-27,sexta-feira,23:20:00,SP,116.0,"228,5",sao paulo,-23.50929,-46.572483,0.0,3.0,0.0,Com Vítimas Feridas,Sim,Reação tardia ou ineficiente do condutor,Tombamento,Amanhecer,Nublado,Múltipla,Aclive,Sim,Decrescente
755140,2026-02-27,sexta-feira,18:50:00,BA,407.0,"200,4",caldeirao grande,-11.10702,-40.07002,0.0,2.0,2.0,Com Vítimas Fatais,Sim,Entrada inopinada do pedestre,Atropelamento de Pedestre,Plena Noite,Nublado,Simples,Reta;Aclive,Sim,Decrescente
755141,2026-02-27,sexta-feira,21:30:00,RJ,116.0,148,duque de caxias,-22.671713,-43.279243,9.0,0.0,0.0,Com Vítimas Feridas,Não,Chuva,Queda de ocupante de veículo,Plena Noite,Chuva,Múltipla,Reta,Sim,Decrescente
755142,2026-02-27,sexta-feira,22:50:00,RJ,116.0,195,queimados,-22.735714,-43.54834,1.0,0.0,0.0,Com Vítimas Feridas,Sim,Manobra de mudança de faixa,Colisão traseira,Plena Noite,Céu Claro,Dupla,Reta,Não,Crescente