id,data_inversa,dia_semana,horario,uf,br,km,municipio,latitude,longitude,feridos_leves,feridos_graves,mortos,classificacao_acidente,causa_principal,causa_acidente,tipo_acidente,fase_dia,condicao_metereologica,tipo_pista,tracado_via,uso_solo,sentido_via
755252,2026-02-28,sábado,13:55:00,SC,101.0,"212,7",palhoca,-27.634678,-48.66326,2.0,0.0,0.0,Com Vítimas Feridas,Sim,Manobra de mudança de faixa,Colisão com objeto,Pleno dia,Céu Claro,Múltipla,Reta,Sim,Decrescente
755253,2026-02-28,sábado,14:30:00,MG,381.0,437,santa luzia,-19.812428,-43.797276,3.0,0.0,0.0,Com Vítimas Feridas,Sim,Reação tardia ou ineficiente do condutor,Queda de ocupante de veículo,Pleno dia,Nublado,Simples,Declive;Reta,Não,Decrescente
755254,2026-02-28,sábado,10:10:00,SC,163.0,"113,6",guaruja do sul,-26.379398,-53.526836,2.0,0.0,0.0,Com Vítimas Feridas,Não,Reação tardia ou ineficiente do condutor,Colisão traseira,Pleno dia,Céu Claro,Simples,Reta,Não,Decrescente
755255,2026-02-28,sábado,14:40:00,MG,381.0,2,betim,-19.98039,-44.16127,0.0,2.0,0.0,Com Vítimas Feridas,Sim,Reação tardia ou ineficiente do condutor,Capotamento,Pleno dia,Sol,Múltipla,Declive;Curva,Sim,Crescente
755256,2026-02-28,sábado,13:33:00,SP,116.0,"426,6",juquia,-24.387865,-47.7207,0.0,0.0,2.0,Com Vítimas Fatais,Sim,Reação tardia ou ineficiente do condutor,Colisão com objeto,Pleno dia,Nublado,Dupla,Curva,Não,Decrescente
755257,2026-02-28,sábado,15:00:00,TO,153.0,151,araguaina,-7.2679873,-48.265217,6.0,0.0,0.0,Com Vítimas Feridas,Sim,Acessar a via sem observar a presença dos outros veículos,Saída de leito carroçável,Pleno dia,Nublado,Simples,Rotatória;Interseção de Vias;Retorno Regulamentado;Reta,Sim,Crescente
755258,2026-02-28,sábado,08:30:00,SP,116.0,"50,4",lorena,-22.73797,-45.087,4.0,0.0,0.0,Com Vítimas Feridas,Sim,Demais falhas mecânicas ou elétricas,Colisão com objeto,Pleno dia,Céu Claro,Dupla,Declive;Reta,Sim,Decrescente
755259,2026-02-28,sábado,14:55:00,AP,156.0,798,oiapoque,3.834994,-51.80815,0.0,6.0,0.0,Com Vítimas Feridas,Não,Condutor deixou de manter distância do veículo da frente,Queda de ocupante de veículo,Pleno dia,Céu Claro,Simples,Reta,Sim,Decrescente
755261,2026-02-28,sábado,14:45:00,PB,230.0,"156,9",campina grande,-7.266919,-35.916946,0.0,0.0,0.0,Sem Vítimas,Sim,Demais falhas mecânicas ou elétricas,Incêndio,Pleno dia,Nublado,Múltipla,Desvio Temporário;Reta,Sim,Decrescente
755262,2026-02-20,sexta-feira,23:35:00,SC,101.0,"206,9",sao jose,-27.59949,-48.621677,0.0,0.0,0.0,Sem Vítimas,Sim,Condutor desrespeitou a iluminação vermelha do semáforo,Colisão transversal,Plena Noite,Garoa/Chuvisco,Múltipla,Interseção de Vias,Sim,Decrescente
755263,2026-02-28,sábado,12:30:00,RO,364.0,15,vilhena,-12.736716,-60.149063,0.0,0.0,0.0,Sem Vítimas,Não,Condutor deixou de manter distância do veículo da frente,Colisão traseira,Pleno dia,Céu Claro,Simples,Reta,Sim,Decrescente
755264,2026-02-28,sábado,16:05:00,RS,290.0,105,eldorado do sul,-29.994917,-51.282276,3.0,0.0,0.0,Com Vítimas Feridas,Não,Condutor usando celular,Queda de ocupante de veículo,Pleno dia,Céu Claro,Dupla,Reta,Não,Crescente
755265,2026-02-28,sábado,12:40:00,BA,116.0,765,pocoes,-14.54297,-40.39524,0.0,1.0,0.0,Com Vítimas Feridas,Sim,Transitar na contramão,Colisão frontal,Pleno dia,Chuva,Simples,Declive,Não,Crescente
755266,2026-02-28,sábado,12:00:00,MT,70.0,694,caceres,-16.25025,-57.46834,3.0,3.0,0.0,Com Vítimas Feridas,Sim,Velocidade Incompatível,Colisão com objeto,Pleno dia,Céu Claro,Simples,Curva,Não,Decrescente
755268,2026-02-28,sábado,11:00:00,AL,101.0,132,junqueiro,-9.897236,-36.45022,1.0,0.0,0.0,Com Vítimas Feridas,Sim,Ausência de reação do condutor,Saída de leito carroçável,Pleno dia,Céu Claro,Simples,Reta,Não,Crescente
755269,2026-02-28,sábado,15:10:00,BA,415.0,50,itabuna,-14.822557,-39.310047,1.0,0.0,0.0,Com Vítimas Feridas,Sim,Acessar a via sem observar a presença dos outros veículos,Colisão frontal,Pleno dia,Chuva,Simples,Reta,Sim,Crescente
755270,2026-02-28,sábado,16:50:00,SC,282.0,"23,8",santo amaro da imperatriz,-27.684422,-48.74362,2.0,0.0,0.0,Com Vítimas Feridas,Sim,Acessar a via sem observar a presença dos outros veículos,Colisão transversal,Pleno dia,Céu Claro,Simples,Reta;Rotatória,Sim,Crescente
755271,2026-02-28,sábado,12:53:00,PE,232.0,"487,6",verdejante,-8.005902,-38.962494,3.0,3.0,0.0,Com Vítimas Feridas,Sim,Transitar na contramão,Derramamento de carga,Pleno dia,Nublado,Simples,Curva,Não,Crescente
755272,2026-02-28,sábado,11:15:00,MT,158.0,"627,7",agua boa,-14.437348,-52.255947,0.0,0.0,0.0,Sem Vítimas,Sim,Manobra de mudança de faixa,Tombamento,Pleno dia,Sol,Simples,Reta,Não,Crescente
755273,2026-02-28,sábado,16:30:00,CE,116.0,43,horizonte,-4.1194563,-38.487656,3.0,0.0,0.0,Com Vítimas Feridas,Sim,Ausência de reação do condutor,Queda de ocupante de veículo,Pleno dia,Céu Claro,Dupla,Reta,Sim,Crescente
755274,2026-02-28,sábado,16:45:00,RJ,101.0,"484,3",angra dos reis,-22.99243,-44.30456,1.0,0.0,0.0,Com Vítimas Feridas,Sim,Condutor deixou de manter distância do veículo da frente,Colisão traseira,Pleno dia,Céu Claro,Simples,Reta,Não,Decrescente
755275,2026-02-28,sábado,15:20:00,PR,369.0,"24,9",cambara,-23.035515,-50.15466,4.0,0.0,0.0,Com Vítimas Feridas,Não,Reação tardia ou ineficiente do condutor,Colisão traseira,Pleno dia,Céu Claro,Simples,Reta,Não,Decrescente
755276,2026-02-28,sábado,16:16:00,MT,364.0,"297,2",jaciara,-15.852138,-55.137775,2.0,0.0,0.0,Com Vítimas Feridas,Sim,Reação tardia ou ineficiente do condutor,Tombamento,Pleno dia,Céu Claro,Dupla,Reta,Não,Decrescente
755277,2026-02-28,sábado,14:30:00,PR,277.0,683,sao miguel do iguacu,-25.33332,-54.19367,1.0,0.0,0.0,Com Vítimas Feridas,Sim,Ausência de reação do condutor,Colisão com objeto,Pleno dia,Céu Claro,Dupla,Curva,Não,Decrescente
755278,2026-02-28,sábado,17:30:00,SC,101.0,"233,7",palhoca,-27.809101,-48.637672,1.0,0.0,0.0,Com Vítimas Feridas,Sim,Reação tardia ou ineficiente do condutor,Colisão com objeto,Pleno dia,Céu Claro,Dupla,Curva,Não,Crescente
755279,2026-02-28,sábado,09:00:00,SC,116.0,301,capao alto,-28.10227,-50.609207,4.0,0.0,0.0,Com Vítimas Feridas,Sim,Reação tardia ou ineficiente do condutor,Queda de ocupante de veículo,Pleno dia,Céu Claro,Simples,Reta,Não,Decrescente
755280,2026-02-28,sábado,16:50:00,RJ,101.0,321,niteroi,-22.876333,-43.110218,6.0,0.0,0.0,Com Vítimas Feridas,Sim,Ausência de reação do condutor,Queda de ocupante de veículo,Anoitecer,Nublado,Dupla,Aclive;Reta,Sim,Decrescente
755281,2026-02-28,sábado,16:30:00,MS,163.0,486,campo grande,-20.427887,-54.545033,3.0,0.0,0.0,Com Vítimas Feridas,Sim,Acessar a via sem observar a presença dos outros veículos,Queda de ocupante de veículo,Pleno dia,Céu Claro,Simples,Reta;Interseção de Vias,Sim,Crescente
755282,2026-02-28,sábado,15:50:00,GO,452.0,115,bom jesus de goias,-18.172068,-49.908825,0.0,0.0,0.0,Sem Vítimas,Não,Ausência de reação do condutor,Engavetamento,Pleno dia,Céu Claro,Simples,Reta,Não,Decrescente
755283,2026-02-28,sábado,17:00:00,SC,282.0,"214,4",lages,-27.78998,-50.2735,1.0,0.0,0.0,Com Vítimas Feridas,Sim,Ausência de reação do condutor,Colisão lateral mesmo sentido,Pleno dia,Céu Claro,Simples,Curva,Sim,Crescente
755284,2026-02-28,sábado,16:50:00,MT,364.0,203,rondonopolis,-16.4727,-54.6543,4.0,0.0,0.0,Com Vítimas Feridas,Não,Velocidade Incompatível,Derramamento de carga,Pleno dia,Céu Claro,Dupla,Curva;Declive;Viaduto,Sim,Crescente
755285,2026-02-28,sábado,13:50:00,PA,316.0,"45,7",santa izabel do para,-1.279393,-48.070873,0.0,4.0,0.0,Com Vítimas Feridas,Não,Acesso irregular,Colisão transversal,Pleno dia,Garoa/Chuvisco,Dupla,Reta,Não,Decrescente
755286,2026-02-28,sábado,14:24:00,MA,10.0,264,imperatriz,-5.42631,-47.47283,0.0,0.0,0.0,Sem Vítimas,Sim,Reação tardia ou ineficiente do condutor,Colisão traseira,Pleno dia,Nublado,Simples,Reta;Aclive,Sim,Crescente
755287,2026-02-28,sábado,17:20:00,SC,101.0,297,imbituba,-28.332012,-48.732403,1.0,0.0,0.0,Com Vítimas Feridas,Sim,Acessar a via sem observar a presença dos outros veículos,Atropelamento de Pedestre,Pleno dia,Céu Claro,Dupla,Reta,Não,Decrescente
755288,2026-02-28,sábado,11:28:00,PI,316.0,9,teresina,-5.179728,-42.764782,4.0,0.0,0.0,Com Vítimas Feridas,Não,Acumulo de água sobre o pavimento,Tombamento,Pleno dia,Chuva,Múltipla,Reta;Retorno Regulamentado,Sim,Crescente
755289,2026-02-28,sábado,18:50:00,SC,470.0,141,rio do sul,-27.209044,-49.651646,4.0,1.0,0.0,Com Vítimas Feridas,Sim,Suicídio (presumido),Colisão frontal,Anoitecer,Céu Claro,Simples,Curva,Sim,Crescente
755290,2026-02-28,sábado,19:20:00,GO,60.0,92,anapolis,-16.35309,-48.92169,2.0,0.0,0.0,Com Vítimas Feridas,Sim,Ingestão de álcool pelo condutor,Queda de ocupante de veículo,Plena Noite,Céu Claro,Dupla,Reta,Não,Crescente
755291,2026-02-28,sábado,19:15:00,ES,101.0,290,cariacica,-20.293783,-40.393024,0.0,2.0,0.0,Com Vítimas Feridas,Sim,Acessar a via sem observar a presença dos outros veículos,Colisão transversal,Plena Noite,Céu Claro,Dupla,Reta;Retorno Regulamentado,Sim,Crescente
755293,2026-02-28,sábado,19:00:00,ES,101.0,64,sao mateus,-18.703163,-39.867325,1.0,1.0,0.0,Com Vítimas Feridas,Sim,Pedestre andava na pista,Atropelamento de Pedestre,Plena Noite,Chuva,Simples,Reta,Não,Crescente
755294,2026-02-28,sábado,17:41:00,MS,163.0,"575,2",bandeirantes,-19.67935,-54.350166,8.0,0.0,0.0,Com Vítimas Feridas,Sim,Acessar a via sem observar a presença dos outros veículos,Saída de leito carroçável,Anoitecer,Céu Claro,Simples,Reta;Interseção de Vias,Não,Decrescente
755295,2026-02-28,sábado,19:55:00,GO,60.0,90,anapolis,-16.346243,-48.90621,0.0,0.0,0.0,Sem Vítimas,Não,Estacionar ou parar em local proibido,Colisão traseira,Plena Noite,Ignorado,Dupla,Reta,Sim,Crescente
755296,2026-02-28,sábado,15:45:00,SC,101.0,"450,7",sao joao do sul,-29.18391,-49.755447,2.0,0.0,0.0,Com Vítimas Feridas,Sim,Ausência de reação do condutor,Tombamento,Pleno dia,Céu Claro,Múltipla,Reta,Não,Crescente
755297,2026-02-28,sábado,19:30:00,RS,116.0,"519,2",pelotas,-31.695374,-52.35591,0.0,0.0,0.0,Sem Vítimas,Sim,Acessar a via sem observar a presença dos outros veículos,Colisão transversal,Anoitecer,Céu Claro,Dupla,Viaduto,Sim,Decrescente
755298,2026-02-28,sábado,19:30:00,PR,163.0,57,perola doeste,-25.88899,-53.75238,0.0,2.0,0.0,Com Vítimas Feridas,Sim,Acessar a via sem observar a presença dos outros veículos,Queda de ocupante de veículo,Plena Noite,Céu Claro,Simples,Reta,Não,Crescente
755299,2026-02-28,sábado,19:40:00,TO,153.0,507,paraiso do tocantins,-10.26103,-48.879955,0.0,0.0,4.0,Com Vítimas Fatais,Sim,Ausência de reação do condutor,Atropelamento de Pedestre,Plena Noite,Nublado,Simples,Declive;Reta,Não,Crescente
755301,2026-02-28,sábado,18:15:00,BA,235.0,349,juazeiro,-9.44865,-40.486816,6.0,0.0,0.0,Com Vítimas Feridas,Não,Transitar na contramão,Queda de ocupante de veículo,Plena Noite,Garoa/Chuvisco,Dupla,Reta,Sim,Crescente
755302,2026-02-28,sábado,19:50:00,SC,470.0,"129,9",lontras,-27.160448,-49.556526,1.0,0.0,0.0,Com Vítimas Feridas,Sim,Desrespeitar a preferência no cruzamento,Colisão transversal,Plena Noite,Céu Claro,Simples,Interseção de Vias,Não,Decrescente
755303,2026-02-28,sábado,16:00:00,GO,158.0,197,caiaponia,-17.29394,-51.89127,2.0,0.0,0.0,Com Vítimas Feridas,Sim,Condutor usando celular,Colisão traseira,Pleno dia,Céu Claro,Simples,Reta,Não,Decrescente
755304,2026-02-28,sábado,20:10:00,PB,101.0,"87,4",joao pessoa,-7.161387,-34.904037,3.0,3.0,0.0,Com Vítimas Feridas,Sim,Ausência de reação do condutor,Queda de ocupante de veículo,Plena Noite,Céu Claro,Dupla,Reta,Não,Decrescente
755305,2026-02-28,sábado,16:50:00,SC,280.0,4,sao francisco do sul,-26.251955,-48.618107,1.0,0.0,0.0,Com Vítimas Feridas,Sim,Velocidade Incompatível,Tombamento,Pleno dia,Céu Claro,Simples,Rotatória,Sim,Crescente
755306,2026-02-28,sábado,19:50:00,TO,153.0,"728,5",figueiropolis,-12.1902,-49.1558,2.0,1.0,0.0,Com Vítimas Feridas,Sim,Ultrapassagem Indevida,Colisão frontal,Plena Noite,Nublado,Simples,Reta,Não,Crescente
755307,2026-02-28,sábado,10:50:00,SC,280.0,28,araquari,-26.404242,-48.745316,6.0,0.0,0.0,Com Vítimas Feridas,Sim,Ultrapassagem Indevida,Queda de ocupante de veículo,Pleno dia,Nublado,Simples,Reta,Sim,Decrescente
755308,2026-02-28,sábado,19:30:00,TO,153.0,243,colinas do tocantins,-8.03139,-48.46643,9.0,3.0,0.0,Com Vítimas Feridas,Sim,Ausência de reação do condutor,Queda de ocupante de veículo,Plena Noite,Nublado,Simples,Reta,Sim,Crescente
755309,2026-02-28,sábado,17:45:00,MG,262.0,"33,5",manhuacu,-20.260342,-42.020687,1.0,0.0,0.0,Com Vítimas Feridas,Sim,Ingestão de álcool pelo condutor,Colisão com objeto,Pleno dia,Nublado,Simples,Curva,Sim,Decrescente
755310,2026-02-28,sábado,20:05:00,RS,386.0,434,nova santa rita,-29.844465,-51.282406,1.0,0.0,0.0,Com Vítimas Feridas,Sim,Carga excessiva e/ou mal acondicionada,Colisão com objeto,Plena Noite,Céu Claro,Simples,Reta,Não,Decrescente
755311,2026-02-28,sábado,20:50:00,SP,116.0,"60,4",guaratingueta,-22.793678,-45.1647,1.0,0.0,0.0,Com Vítimas Feridas,Sim,Objeto estático sobre o leito carroçável,Colisão com objeto,Plena Noite,Nublado,Dupla,Reta,Sim,Crescente
755312,2026-02-28,sábado,18:35:00,PI,316.0,10,teresina,-5.1881533,-42.76188,0.0,0.0,8.0,Com Vítimas Fatais,Não,Declive acentuado,Colisão com objeto,Plena Noite,Nublado,Múltipla,Declive;Reta,Sim,Decrescente
755313,2026-02-28,sábado,19:45:00,MG,50.0,"8,8",araguari,-18.49564,-48.04406,0.0,0.0,4.0,Com Vítimas Fatais,Não,Demais falhas mecânicas ou elétricas,Atropelamento de Pedestre,Plena Noite,Céu Claro,Dupla,Reta;Aclive,Não,Crescente
755314,2026-02-28,sábado,18:55:00,PI,230.0,195,oeiras,-6.984811,-42.078495,0.0,1.0,0.0,Com Vítimas Feridas,Sim,Ausência de reação do condutor,Colisão frontal,Plena Noite,Céu Claro,Simples,Reta,Não,Crescente
755315,2026-02-28,sábado,20:30:00,ES,101.0,"43,5",conceicao da barra,-18.529285,-39.90951,1.0,0.0,0.0,Com Vítimas Feridas,Sim,Ingestão de álcool pelo condutor,Saída de leito carroçável,Plena Noite,Nublado,Simples,Reta,Não,Crescente
755316,2026-02-28,sábado,20:50:00,SP,116.0,"60,5",guaratingueta,-22.793259,-45.164062,2.0,0.0,0.0,Com Vítimas Feridas,Sim,Objeto estático sobre o leito carroçável,Colisão com objeto,Plena Noite,Céu Claro,Dupla,Declive;Curva,Não,Crescente
755317,2026-02-28,sábado,20:55:00,ES,101.0,"288,9",cariacica,-20.280046,-40.393036,1.0,0.0,0.0,Com Vítimas Feridas,Sim,Velocidade Incompatível,Saída de leito carroçável,Plena Noite,Céu Claro,Dupla,Reta,Não,Crescente
755318,2026-02-28,sábado,20:00:00,SC,101.0,100,balneario picarras,-26.75681,-48.689,2.0,0.0,0.0,Com Vítimas Feridas,Sim,Condutor Dormindo,Tombamento,Plena Noite,Céu Claro,Dupla,Reta,Sim,Crescente
755319,2026-02-28,sábado,18:00:00,AM,174.0,992,presidente figueiredo,-2.0442405,-60.025654,6.0,0.0,0.0,Com Vítimas Feridas,Sim,Acessar a via sem observar a presença dos outros veículos,Queda de ocupante de veículo,Anoitecer,Céu Claro,Simples,Reta,Sim,Crescente
755320,2026-02-28,sábado,20:50:00,PE,232.0,59,pombos,-8.163066,-35.441723,0.0,2.0,0.0,Com Vítimas Feridas,Não,Ausência de reação do condutor,Atropelamento de Pedestre,Plena Noite,Céu Claro,Dupla,Reta,Não,Crescente
755321,2026-02-28,sábado,20:40:00,SC,101.0,"159,3",porto belo,-27.20316,-48.61687,0.0,0.0,0.0,Sem Vítimas,Sim,Ingestão de álcool pelo condutor,Colisão lateral mesmo sentido,Plena Noite,Céu Claro,Dupla,Reta,Não,Decrescente
755322,2026-02-28,sábado,19:00:00,MA,135.0,13,sao luis,-2.6839628,-44.296757,0.0,0.0,0.0,Sem Vítimas,Sim,Acesso irregular,Colisão transversal,Plena Noite,Chuva,Simples,Reta,Sim,Crescente
755323,2026-02-28,sábado,21:10:00,PR,376.0,"226,1",apucarana,-23.58541,-51.563934,2.0,0.0,0.0,Com Vítimas Feridas,Sim,Velocidade Incompatível,Saída de leito carroçável,Plena Noite,Céu Claro,Dupla,Reta,Não,Crescente
755324,2026-02-28,sábado,20:57:00,DF,80.0,14,brasilia,-15.712333,-48.19853,8.0,0.0,0.0,Com Vítimas Feridas,Não,Reação tardia ou ineficiente do condutor,Queda de ocupante de veículo,Plena Noite,Chuva,Simples,Reta;Interseção de Vias,Não,Decrescente
755325,2026-02-28,sábado,13:00:00,RJ,116.0,182,nova iguacu,-22.750854,-43.43951,2.0,0.0,0.0,Com Vítimas Feridas,Sim,Ausência de reação do condutor,Colisão lateral mesmo sentido,Pleno dia,Nublado,Dupla,Reta;Em Obras,Sim,Crescente
755326,2026-02-28,sábado,20:00:00,MT,364.0,55,alto garcas,-16.968208,-53.517494,1.0,0.0,0.0,Com Vítimas Feridas,Sim,Acostamento em desnível,Tombamento,Plena Noite,Céu Claro,Simples,Declive,Não,Crescente
755328,2026-02-28,sábado,21:25:00,SE,235.0,"60,6",itabaiana,-10.618509,-37.46856,0.0,3.0,0.0,Com Vítimas Feridas,Sim,Ausência de reação do condutor,Queda de ocupante de veículo,Plena Noite,Nublado,Simples,Reta,Não,Decrescente
755329,2026-02-28,sábado,21:50:00,MG,50.0,70,uberlandia,-18.891563,-48.2547,0.0,0.0,0.0,Sem Vítimas,Sim,Ausência de reação do condutor,Colisão traseira,Plena Noite,Céu Claro,Dupla,Reta,Sim,Decrescente
755330,2026-02-28,sábado,22:05:00,RJ,393.0,252,barra do pirai,-22.45326,-43.806652,0.0,0.0,0.0,Sem Vítimas,Sim,Ausência de reação do condutor,Colisão traseira,Plena Noite,Céu Claro,Simples,Reta,Sim,Crescente
755331,2026-02-28,sábado,22:40:00,RS,116.0,239,novo hamburgo,-29.697163,-51.14468,6.0,0.0,0.0,Com Vítimas Feridas,Não,Ingestão de álcool pelo condutor,Colisão com objeto,Plena Noite,Céu Claro,Dupla,Reta,Sim,Crescente
755332,2026-02-28,sábado,22:20:00,PR,476.0,115,colombo,-25.34942,-49.164257,2.0,0.0,0.0,Com Vítimas Feridas,Sim,Desrespeitar a preferência no cruzamento,Colisão transversal,Plena Noite,Céu Claro,Simples,Interseção de Vias,Sim,Crescente
755333,2026-02-28,sábado,21:20:00,SC,282.0,"37,4",aguas mornas,-27.709229,-48.852184,1.0,1.0,0.0,Com Vítimas Feridas,Sim,Reação tardia ou ineficiente do condutor,Colisão frontal,Plena Noite,Céu Claro,Simples,Reta,Não,Decrescente
755334,2026-02-28,sábado,22:30:00,RN,226.0,320,janduis,-6.037132,-37.44527,0.0,2.0,0.0,Com Vítimas Feridas,Sim,Ausência de reação do condutor,Colisão traseira,Plena Noite,Céu Claro,Simples,Reta,Não,Crescente
755335,2026-02-28,sábado,22:15:00,PR,376.0,179,maringa,-23.41762,-51.91765,1.0,0.0,0.0,Com Vítimas Feridas,Sim,Condutor deixou de manter distância do veículo da frente,Colisão traseira,Plena Noite,Céu Claro,Dupla,Reta,Sim,Decrescente
755336,2026-02-28,sábado,20:00:00,PA,230.0,179,itupiranga,-5.035013,-49.460255,12.0,0.0,12.0,Com Vítimas Fatais,Sim,Ausência de reação do condutor,Colisão lateral sentido oposto,Plena Noite,Nublado,Simples,Declive;Reta,Não,Crescente
755337,2026-02-28,sábado,22:30:00,PR,116.0,152,mandirituba,-25.86199,-49.36169,0.0,0.0,0.0,Sem Vítimas,Sim,Acessar a via sem observar a presença dos outros veículos,Capotamento,Plena Noite,Céu Claro,Simples,Interseção de Vias,Não,Decrescente
755338,2026-02-28,sábado,18:00:00,SP,101.0,18,ubatuba,-23.317633,-44.89879,0.0,0.0,0.0,Sem Vítimas,Sim,Avarias e/ou desgaste excessivo no pneu,Incêndio,Pleno dia,Chuva,Simples,Reta,Não,Decrescente
755339,2026-02-28,sábado,22:10:00,MG,153.0,45,canapolis,-18.77681,-49.07592,3.0,3.0,0.0,Com Vítimas Feridas,Sim,Ausência de reação do condutor,Tombamento,Plena Noite,Nublado,Dupla,Declive;Reta,Não,Crescente
755340,2026-02-28,sábado,22:20:00,SP,101.0,49,ubatuba,-23.449066,-45.078587,0.0,2.0,0.0,Com Vítimas Feridas,Sim,Acessar a via sem observar a presença dos outros veículos,Colisão traseira,Plena Noite,Nublado,Simples,Reta,Não,Decrescente
755341,2026-02-28,sábado,12:00:00,SC,101.0,"243,9",palhoca,-27.89251,-48.64813,2.0,0.0,0.0,Com Vítimas Feridas,Sim,Avarias e/ou desgaste excessivo no pneu,Tombamento,Pleno dia,Céu Claro,Múltipla,Reta,Não,Decrescente
755342,2026-02-28,sábado,21:30:00,MS,158.0,"258,4",tres lagoas,-20.694822,-51.763245,4.0,0.0,0.0,Com Vítimas Feridas,Não,Ingestão de álcool pelo condutor,Tombamento,Plena Noite,Nublado,Simples,Declive;Reta,Não,Crescente
755344,2026-02-28,sábado,22:40:00,RJ,393.0,244,vassouras,-22.430008,-43.744377,3.0,0.0,0.0,Com Vítimas Feridas,Sim,Ultrapassagem Indevida,Colisão frontal,Plena Noite,Céu Claro,Simples,Aclive;Curva,Não,Crescente
755345,2026-02-28,sábado,23:20:00,RJ,493.0,97,seropedica,-22.73819,-43.721466,0.0,2.0,0.0,Com Vítimas Feridas,Sim,Ausência de reação do condutor,Colisão com objeto,Plena Noite,Garoa/Chuvisco,Dupla,Reta,Não,Crescente
755346,2026-02-28,sábado,23:45:00,GO,153.0,499,goiania,-16.694664,-49.231705,1.0,0.0,0.0,Com Vítimas Feridas,Sim,Reação tardia ou ineficiente do condutor,Colisão lateral mesmo sentido,Plena Noite,Céu Claro,Dupla,Viaduto;Reta,Sim,Decrescente
755347,2026-02-28,sábado,11:50:00,GO,153.0,501,goiania,-16.710672,-49.231617,3.0,0.0,0.0,Com Vítimas Feridas,Sim,Ausência de reação do condutor,Queda de ocupante de veículo,Plena Noite,Nublado,Dupla,Curva,Sim,Crescente
755348,2026-02-28,sábado,22:40:00,RJ,101.0,200,casimiro de abreu,-22.484154,-42.14271,1.0,0.0,0.0,Com Vítimas Feridas,Sim,Animais na Pista,Atropelamento de Animal,Plena Noite,Nublado,Dupla,Reta,Não,Decrescente
755349,2026-02-28,sábado,23:30:00,SP,381.0,87,guarulhos,-23.48269,-46.559986,0.0,0.0,0.0,Sem Vítimas,Não,Manobra de mudança de faixa,Colisão lateral mesmo sentido,Plena Noite,Nublado,Múltipla,Reta,Sim,Crescente
755353,2026-02-28,sábado,19:18:00,MT,163.0,1058,guaranta do norte,-10.012926,-54.908344,20.0,8.0,0.0,Com Vítimas Feridas,Não,Pista esburacada,Colisão frontal,Plena Noite,Chuva,Simples,Aclive,Não,Decrescente
755354,2026-02-28,sábado,22:40:00,MA,10.0,"378,5",itinga do maranhao,-4.44427,-47.53078,0.0,0.0,1.0,Com Vítimas Fatais,Sim,Suicídio (presumido),Atropelamento de Pedestre,Plena Noite,Chuva,Simples,Declive;Reta,Não,Crescente
755355,2026-02-28,sábado,19:30:00,PR,277.0,340,guarapuava,-25.34564,-51.40455,0.0,0.0,0.0,Sem Vítimas,Sim,Manobra de mudança de faixa,Colisão lateral mesmo sentido,Plena Noite,Céu Claro,Dupla,Aclive;Reta,Não,Decrescente
755357,2026-02-28,sábado,19:35:00,PR,373.0,401,candoi,-25.580498,-52.05679,6.0,0.0,0.0,Com Vítimas Feridas,Não,Condutor Dormindo,Capotamento,Plena Noite,Céu Claro,Simples,Reta,Não,Decrescente
755360,2026-02-28,sábado,23:30:00,MS,463.0,90,ponta pora,-22.5967,-55.5361,0.0,6.0,0.0,Com Vítimas Feridas,Não,Ingestão de álcool pelo condutor,Tombamento,Plena Noite,Céu Claro,Simples,Reta,Não,Crescente
755362,2026-02-28,sábado,21:00:00,RS,287.0,364,jaguari,-29.426958,-54.719044,0.0,0.0,0.0,Sem Vítimas,Sim,Ingestão de álcool pelo condutor,Colisão transversal,Plena Noite,Céu Claro,Simples,Aclive;Curva,Não,Decrescente
755380,2026-02-25,quarta-feira,13:00:00,RJ,101.0,293,itaborai,-22.756071,-42.89218,9.0,0.0,0.0,Com Vítimas Feridas,Não,Velocidade Incompatível,Queda de ocupante de veículo,Pleno dia,Céu Claro,Dupla,Curva,Sim,Crescente
755387,2026-02-28,sábado,22:15:00,MG,262.0,433,nova serrana,-19.890837,-44.889423,4.0,0.0,0.0,Com Vítimas Feridas,Não,Manobra de mudança de faixa,Queda de ocupante de veículo,Plena Noite,Céu Claro,Dupla,Reta,Não,Decrescente
755390,2026-02-28,sábado,18:50:00,MG,262.0,"408,8",igaratinga,-19.90052,-44.69474,1.0,0.0,0.0,Com Vítimas Feridas,Sim,Velocidade Incompatível,Capotamento,Anoitecer,Nublado,Dupla,Reta,Não,Crescente
755393,2026-02-28,sábado,16:34:00,MT,70.0,514,varzea grande,-15.706087,-56.132126,1.0,1.0,0.0,Com Vítimas Feridas,Sim,Acessar a via sem observar a presença dos outros veículos,Colisão transversal,Pleno dia,Céu Claro,Simples,Reta,Sim,Decrescente
755401,2026-02-28,sábado,19:00:00,GO,158.0,198,caiaponia,-17.29394,-51.89127,0.0,0.0,2.0,Com Vítimas Fatais,Não,Pedestre andava na pista,Atropelamento de Pedestre,Plena Noite,Céu Claro,Simples,Reta,Não,Decrescente
755402,2026-02-27,sexta-feira,09:30:00,RN,406.0,169,sao goncalo do amarante,-5.755123,-35.308357,2.0,0.0,0.0,Com Vítimas Feridas,Sim,Reação tardia ou ineficiente do condutor,Queda de ocupante de veículo,Pleno dia,Ignorado,Dupla,Reta,Não,Crescente