id,data_inversa,dia_semana,horario,uf,br,km,municipio,latitude,longitude,feridos_leves,feridos_graves,mortos,classificacao_acidente,causa_principal,causa_acidente,tipo_acidente,fase_dia,condicao_metereologica,tipo_pista,tracado_via,uso_solo,sentido_via
755403,2026-01-28,quarta-feira,22:30:00,MG,381.0,511,igarape,-20.070955,-44.29943,0.0,4.0,0.0,Com Vítimas Feridas,Não,Pista esburacada,Queda de ocupante de veículo,Plena Noite,Céu Claro,Dupla,Reta,Não,Decrescente
755406,2026-02-28,sábado,17:25:00,MT,163.0,801,vera,-12.162241,-55.514492,0.0,0.0,0.0,Sem Vítimas,Sim,Ausência de reação do condutor,Capotamento,Pleno dia,Chuva,Simples,Curva,Não,Crescente
755407,2026-02-13,sexta-feira,10:20:00,SC,101.0,157,porto belo,-27.182844,-48.612045,1.0,0.0,0.0,Com Vítimas Feridas,Sim,Ausência de reação do condutor,Colisão lateral sentido oposto,Pleno dia,Céu Claro,Dupla,Reta,Sim,Decrescente
755412,2026-01-16,sexta-feira,18:30:00,RN,101.0,104,parnamirim,-5.896085,-35.25797,6.0,3.0,0.0,Com Vítimas Feridas,Sim,Manobra de mudança de faixa,Queda de ocupante de veículo,Plena Noite,Céu Claro,Dupla,Reta,Sim,Decrescente
755414,2026-01-20,terça-feira,11:28:00,PE,101.0,51,abreu e lima,-7.9060616,-34.90142,0.0,2.0,0.0,Com Vítimas Feridas,Sim,Reação tardia ou ineficiente do condutor,Colisão traseira,Pleno dia,Céu Claro,Múltipla,Reta,Não,Decrescente
755417,2026-01-01,quinta-feira,04:20:00,PR,277.0,9,foz do iguacu,-25.576246,-54.549866,0.0,2.0,0.0,Com Vítimas Feridas,Sim,Transitar na contramão,Colisão frontal,Plena Noite,Nublado,Dupla,Viaduto,Sim,Crescente
755429,2026-02-26,quinta-feira,06:10:00,SP,381.0,69,mairipora,-23.349089,-46.560932,2.0,0.0,0.0,Com Vítimas Feridas,Não,Chuva,Colisão com objeto,Amanhecer,Chuva,Simples,Declive;Curva,Não,Decrescente
755438,2026-02-13,sexta-feira,13:30:00,PR,476.0,118,colombo,-25.348059,-49.173904,2.0,0.0,0.0,Com Vítimas Feridas,Sim,Reação tardia ou ineficiente do condutor,Queda de ocupante de veículo,Pleno dia,Chuva,Dupla,Curva,Sim,Decrescente
755445,2026-02-27,sexta-feira,00:30:00,SC,282.0,151,bom retiro,-27.760887,-49.6719,0.0,4.0,0.0,Com Vítimas Feridas,Não,Ultrapassagem Indevida,Colisão com objeto,Pleno dia,Céu Claro,Simples,Reta,Não,Decrescente
755447,2026-02-15,domingo,19:57:00,MS,158.0,348,brasilandia,-21.258268,-51.95128,1.0,0.0,0.0,Com Vítimas Feridas,Sim,Reação tardia ou ineficiente do condutor,Colisão com objeto,Plena Noite,Céu Claro,Simples,Reta,Não,Crescente
755456,2026-02-25,quarta-feira,12:10:00,BA,101.0,101,gandu,-13.747723,-39.48465,1.0,0.0,0.0,Com Vítimas Feridas,Sim,Acesso irregular,Colisão transversal,Pleno dia,Sol,Simples,Reta,Sim,Crescente
755462,2026-02-04,quarta-feira,16:00:00,PB,412.0,"123,1",sume,-7.75489,-36.982216,18.0,0.0,0.0,Com Vítimas Feridas,Sim,Transitar na contramão,Colisão traseira,Pleno dia,Céu Claro,Simples,Reta,Não,Crescente
755475,2026-01-20,terça-feira,22:30:00,MG,381.0,"877,1",estiva,-22.438025,-45.983864,2.0,0.0,0.0,Com Vítimas Feridas,Sim,Demais falhas mecânicas ou elétricas,Colisão com objeto,Plena Noite,Nublado,Dupla,Curva;Declive,Não,Decrescente
755590,2026-02-22,domingo,08:15:00,SC,282.0,"646,1",sao miguel do oeste,-26.76253,-53.49867,0.0,0.0,0.0,Sem Vítimas,Sim,Transitar na contramão,Colisão lateral sentido oposto,Pleno dia,Nublado,Simples,Reta,Não,Decrescente
755616,2026-02-12,quinta-feira,17:10:00,SC,470.0,"54,4",blumenau,-26.87317,-49.11419,9.0,0.0,0.0,Com Vítimas Feridas,Não,Ultrapassagem Indevida,Queda de ocupante de veículo,Pleno dia,Céu Claro,Simples,Reta;Rotatória,Sim,Crescente
755617,2026-02-22,domingo,19:00:00,RN,101.0,99,natal,-5.8713307,-35.219162,0.0,0.0,0.0,Sem Vítimas,Sim,Reação tardia ou ineficiente do condutor,Colisão traseira,Plena Noite,Céu Claro,Dupla,Aclive;Reta,Sim,Decrescente
755629,2026-02-07,sábado,14:30:00,PR,153.0,461,porto vitoria,-26.286797,-51.198265,0.0,1.0,0.0,Com Vítimas Feridas,Sim,Chuva,Colisão frontal,Pleno dia,Chuva,Simples,Curva,Não,Crescente
755641,2026-02-10,terça-feira,21:45:00,RJ,,,rio de janeiro,-22.804865,-43.31083,0.0,0.0,0.0,Sem Vítimas,Não,Velocidade Incompatível,Queda de ocupante de veículo,Plena Noite,Céu Claro,Simples,Reta;Interseção de Vias,Sim,Não Informado
755671,2026-02-18,quarta-feira,07:40:00,SP,153.0,61,sao jose do rio preto,-20.808804,-49.356373,3.0,0.0,0.0,Com Vítimas Feridas,Não,Reação tardia ou ineficiente do condutor,Engavetamento,Pleno dia,Céu Claro,Dupla,Reta,Sim,Crescente
755691,2026-02-14,sábado,19:40:00,CE,20.0,358,caridade,-4.035287,-38.995136,0.0,9.0,0.0,Com Vítimas Feridas,Não,Iluminação deficiente,Queda de ocupante de veículo,Plena Noite,Nublado,Simples,Reta;Aclive,Não,Crescente
755693,2026-02-28,sábado,19:30:00,SC,282.0,"69,7",rancho queimado,-27.694,-49.0906,3.0,0.0,0.0,Com Vítimas Feridas,Sim,Curva acentuada,Saída de leito carroçável,Plena Noite,Nublado,Simples,Curva,Não,Decrescente
755708,2026-02-22,domingo,18:15:00,AL,316.0,265,satuba,-9.58711,-35.86015,2.0,2.0,0.0,Com Vítimas Feridas,Não,Acessar a via sem observar a presença dos outros veículos,Colisão transversal,Anoitecer,Céu Claro,Simples,Aclive;Curva,Não,Decrescente
755720,2026-02-27,sexta-feira,21:40:00,RJ,116.0,"170,5",rio de janeiro,-22.81033,-43.335163,1.0,0.0,0.0,Com Vítimas Feridas,Sim,Ausência de reação do condutor,Colisão traseira,Plena Noite,Garoa/Chuvisco,Dupla,Reta,Sim,Crescente
755743,2026-01-29,quinta-feira,17:37:00,RJ,101.0,387,rio de janeiro,-22.89199,-43.668594,0.0,2.0,0.0,Com Vítimas Feridas,Sim,Reação tardia ou ineficiente do condutor,Saída de leito carroçável,Pleno dia,Nublado,Dupla,Reta,Não,Decrescente
755746,2026-02-18,quarta-feira,23:47:00,BA,235.0,308,juazeiro,-9.52666,-40.097946,0.0,0.0,2.0,Com Vítimas Fatais,Sim,Manobra de mudança de faixa,Capotamento,Plena Noite,Ignorado,Simples,Reta,Não,Decrescente
755751,2026-02-14,sábado,09:30:00,MA,135.0,7,sao luis,-2.640561,-44.271805,0.0,1.0,0.0,Com Vítimas Feridas,Sim,Acessar a via sem observar a presença dos outros veículos,Colisão transversal,Pleno dia,Céu Claro,Dupla,Reta;Aclive;Retorno Regulamentado,Sim,Decrescente
755795,2026-02-13,sexta-feira,14:15:00,SC,470.0,"53,5",blumenau,-26.870316,-49.106163,1.0,0.0,0.0,Com Vítimas Feridas,Sim,Reação tardia ou ineficiente do condutor,Colisão transversal,Pleno dia,Nublado,Simples,Em Obras;Curva,Sim,Decrescente
755800,2026-01-18,domingo,15:23:00,RJ,101.0,486,angra dos reis,-22.983572,-44.2959,4.0,0.0,0.0,Com Vítimas Feridas,Sim,Acessar a via sem observar a presença dos outros veículos,Queda de ocupante de veículo,Pleno dia,Céu Claro,Simples,Interseção de Vias,Sim,Crescente
755809,2026-01-22,quinta-feira,13:10:00,RO,364.0,380,ouro preto do oeste,-10.733018,-62.22849,0.0,0.0,0.0,Sem Vítimas,Sim,Reação tardia ou ineficiente do condutor,Tombamento,Pleno dia,Nublado,Simples,Declive,Não,Decrescente
755813,2026-02-28,sábado,05:00:00,MT,364.0,319,campo verde,-15.818056,-55.334064,0.0,0.0,0.0,Sem Vítimas,Sim,Avarias e/ou desgaste excessivo no pneu,Incêndio,Amanhecer,Nevoeiro/Neblina,Dupla,Reta,Não,Crescente
755818,2026-02-20,sexta-feira,06:55:00,MG,262.0,"585,1",campos altos,-19.657097,-46.177307,0.0,0.0,0.0,Sem Vítimas,Sim,Demais falhas mecânicas ou elétricas,Eventos atípicos,Pleno dia,Céu Claro,Simples,Curva;Aclive,Não,Crescente
755829,2026-01-24,sábado,21:00:00,PB,361.0,"5,9",patos,-7.035486,-37.31048,6.0,0.0,0.0,Com Vítimas Feridas,Não,Ingestão de álcool pelo condutor,Queda de ocupante de veículo,Plena Noite,Céu Claro,Simples,Reta,Sim,Decrescente
755848,2026-01-10,sábado,19:45:00,RJ,116.0,186,nova iguacu,-22.740765,-43.45616,0.0,0.0,0.0,Sem Vítimas,Sim,Ausência de reação do condutor,Colisão traseira,Plena Noite,Céu Claro,Dupla,Reta,Sim,Decrescente
755855,2026-02-13,sexta-feira,21:00:00,RS,471.0,"474,2",rio grande,-32.15123,-52.391937,1.0,0.0,0.0,Com Vítimas Feridas,Sim,Avarias e/ou desgaste excessivo no pneu,Saída de leito carroçável,Plena Noite,Nublado,Simples,Reta,Não,Decrescente
755879,2026-02-12,quinta-feira,08:00:00,MG,40.0,521,contagem,-19.965084,-44.0551,0.0,3.0,0.0,Com Vítimas Feridas,Sim,Condutor deixou de manter distância do veículo da frente,Atropelamento de Pedestre,Pleno dia,Nublado,Dupla,Reta,Não,Crescente
755896,2026-02-01,domingo,16:40:00,PA,230.0,77,sao joao do araguaia,-5.47778,-48.77751,18.0,0.0,0.0,Com Vítimas Feridas,Sim,Reação tardia ou ineficiente do condutor,Saída de leito carroçável,Pleno dia,Céu Claro,Simples,Reta,Não,Crescente
755912,2026-02-13,sexta-feira,17:30:00,ES,262.0,19,viana,-20.388393,-40.49438,0.0,0.0,0.0,Sem Vítimas,Não,Ausência de reação do condutor,Colisão transversal,Anoitecer,Céu Claro,Simples,Reta,Sim,Crescente
755923,2026-02-10,terça-feira,15:13:00,SC,282.0,"584,4",pinhalzinho,-26.832289,-53.02167,1.0,0.0,0.0,Com Vítimas Feridas,Sim,Transitar na contramão,Colisão frontal,Pleno dia,Nublado,Simples,Curva,Não,Decrescente
755940,2026-02-27,sexta-feira,14:10:00,MG,116.0,277,teofilo otoni,-17.86592,-41.516163,6.0,0.0,0.0,Com Vítimas Feridas,Não,Reação tardia ou ineficiente do condutor,Queda de ocupante de veículo,Pleno dia,Nublado,Múltipla,Interseção de Vias;Retorno Regulamentado,Sim,Decrescente
755950,2026-02-07,sábado,19:45:00,RR,432.0,86,canta,1.874043,-60.58624,6.0,0.0,0.0,Com Vítimas Feridas,Não,Iluminação deficiente,Colisão frontal,Plena Noite,Céu Claro,Simples,Reta,Não,Crescente
755987,2026-02-28,sábado,11:39:00,MG,40.0,"519,6",ribeirao das neves,-19.780434,-44.119278,0.0,0.0,0.0,Sem Vítimas,Sim,Demais falhas mecânicas ou elétricas,Incêndio,Pleno dia,Céu Claro,Dupla,Reta,Sim,Crescente
755997,2026-01-15,quinta-feira,16:50:00,PR,277.0,"727,3",foz do iguacu,-25.51064,-54.557774,3.0,0.0,0.0,Com Vítimas Feridas,Sim,Manobra de mudança de faixa,Queda de ocupante de veículo,Pleno dia,Sol,Dupla,Curva,Sim,Decrescente
756000,2026-02-24,terça-feira,16:10:00,PR,277.0,659,matelandia,-25.242805,-53.97772,0.0,0.0,0.0,Sem Vítimas,Sim,Ausência de reação do condutor,Colisão traseira,Pleno dia,Nublado,Dupla,Reta,Sim,Decrescente
756008,2026-02-08,domingo,21:45:00,PR,476.0,"188,7",lapa,-25.718655,-49.676937,0.0,0.0,2.0,Com Vítimas Fatais,Sim,Ultrapassagem Indevida,Queda de ocupante de veículo,Plena Noite,Céu Claro,Simples,Reta,Não,Decrescente
756011,2026-02-28,sábado,06:00:00,MG,116.0,403,governador valadares,-18.783426,-41.988045,1.0,0.0,0.0,Com Vítimas Feridas,Sim,Transitar na contramão,Colisão lateral sentido oposto,Pleno dia,Nublado,Simples,Reta,Não,Crescente
756013,2026-02-13,sexta-feira,14:00:00,GO,153.0,226,uruacu,-14.711816,-49.224915,0.0,0.0,0.0,Sem Vítimas,Sim,Condutor deixou de manter distância do veículo da frente,Engavetamento,Pleno dia,Céu Claro,Simples,Reta,Não,Decrescente
756014,2026-01-03,sábado,19:50:00,RJ,101.0,387,rio de janeiro,-22.888739,-43.66012,0.0,1.0,0.0,Com Vítimas Feridas,Sim,Entrada inopinada do pedestre,Atropelamento de Pedestre,Plena Noite,Nublado,Dupla,Reta,Sim,Crescente
756015,2026-02-16,segunda-feira,15:00:00,MG,40.0,591,moeda,-20.3168,-43.9538,1.0,1.0,0.0,Com Vítimas Feridas,Sim,Reação tardia ou ineficiente do condutor,Colisão traseira,Pleno dia,Nublado,Dupla,Curva,Não,Crescente
756022,2026-02-16,segunda-feira,16:30:00,PR,277.0,31,morretes,-25.556988,-48.804653,1.0,0.0,0.0,Com Vítimas Feridas,Sim,Reação tardia ou ineficiente do condutor,Colisão traseira,Pleno dia,Céu Claro,Dupla,Reta,Não,Crescente
756023,2026-02-24,terça-feira,08:18:00,MG,50.0,166,uberaba,-19.702122,-47.986294,2.0,0.0,0.0,Com Vítimas Feridas,Sim,Reação tardia ou ineficiente do condutor,Saída de leito carroçável,Pleno dia,Céu Claro,Dupla,Reta,Não,Crescente
756026,2026-02-13,sexta-feira,02:00:00,MS,158.0,296,tres lagoas,-20.854841,-51.723248,0.0,0.0,12.0,Com Vítimas Fatais,Sim,Ausência de reação do condutor,Saída de leito carroçável,Plena Noite,Garoa/Chuvisco,Simples,Curva,Não,Crescente
756033,2026-02-11,quarta-feira,09:30:00,RJ,101.0,309,sao goncalo,-22.799122,-43.05026,0.0,0.0,0.0,Sem Vítimas,Sim,Entrada inopinada do pedestre,Colisão traseira,Pleno dia,Céu Claro,Dupla,Reta,Sim,Crescente
756056,2026-01-24,sábado,05:08:00,RJ,116.0,173,sao joao de meriti,-22.796188,-43.360462,0.0,1.0,0.0,Com Vítimas Feridas,Sim,Mal súbito do condutor,Colisão com objeto,Plena Noite,Céu Claro,Dupla,Reta,Sim,Crescente
756094,2026-02-17,terça-feira,19:40:00,BA,20.0,197,luis eduardo magalhaes,-12.219,-45.832,1.0,0.0,0.0,Com Vítimas Feridas,Sim,Reação tardia ou ineficiente do condutor,Saída de leito carroçável,Plena Noite,Céu Claro,Simples,Reta,Não,Crescente
756109,2026-02-09,segunda-feira,17:30:00,PR,163.0,335,guaira,-24.159775,-54.230064,0.0,0.0,0.0,Sem Vítimas,Sim,Manobra de mudança de faixa,Colisão lateral mesmo sentido,Pleno dia,Céu Claro,Simples,Reta,Não,Crescente
756174,2026-01-05,segunda-feira,06:50:00,RN,427.0,"134,6",serra negra do norte,-6.5814667,-37.286167,0.0,2.0,0.0,Com Vítimas Feridas,Sim,Reação tardia ou ineficiente do condutor,Colisão traseira,Pleno dia,Céu Claro,Simples,Reta,Não,Crescente
756188,2026-02-21,sábado,16:30:00,SC,280.0,186,mafra,-26.16843,-49.95939,2.0,1.0,0.0,Com Vítimas Feridas,Sim,Ingestão de álcool pelo condutor,Saída de leito carroçável,Pleno dia,Nublado,Simples,Curva,Não,Decrescente
756220,2026-02-21,sábado,11:00:00,MG,262.0,653,ibia,-19.561628,-46.751156,1.0,0.0,0.0,Com Vítimas Feridas,Sim,Acumulo de areia ou detritos sobre o pavimento,Eventos atípicos,Pleno dia,Céu Claro,Simples,Reta,Não,Decrescente
756233,2026-01-26,segunda-feira,20:30:00,GO,60.0,39,alexania,-16.113533,-48.55825,12.0,0.0,0.0,Com Vítimas Feridas,Não,Reação tardia ou ineficiente do condutor,Derramamento de carga,Plena Noite,Céu Claro,Dupla,Aclive;Ponte,Não,Decrescente
756284,2026-02-09,segunda-feira,13:00:00,CE,20.0,369,caninde,-4.3331833,-39.287086,2.0,0.0,0.0,Com Vítimas Feridas,Sim,Transitar na contramão,Colisão transversal,Pleno dia,Céu Claro,Simples,Reta,Não,Crescente
756295,2026-01-16,sexta-feira,02:20:00,PA,163.0,"310,7",novo progresso,-7.040544,-55.41478,0.0,0.0,0.0,Sem Vítimas,Sim,Ausência de reação do condutor,Colisão com objeto,Plena Noite,Ignorado,Simples,Reta,Sim,Decrescente
756298,2026-01-16,sexta-feira,13:00:00,PB,230.0,19,joao pessoa,-7.130256,-34.851078,2.0,0.0,0.0,Com Vítimas Feridas,Sim,Reação tardia ou ineficiente do condutor,Colisão traseira,Pleno dia,Céu Claro,Dupla,Reta,Sim,Decrescente
756348,2026-02-01,domingo,13:30:00,ES,101.0,143,linhares,-19.342676,-40.063683,8.0,0.0,0.0,Com Vítimas Feridas,Não,Reação tardia ou ineficiente do condutor,Colisão traseira,Pleno dia,Céu Claro,Dupla,Reta,Sim,Decrescente
756350,2026-02-01,domingo,16:00:00,BA,116.0,427,feira de santana,-12.266155,-38.98937,1.0,0.0,0.0,Com Vítimas Feridas,Sim,Manobra de mudança de faixa,Colisão traseira,Pleno dia,Sol,Dupla,Reta;Declive,Sim,Crescente
756356,2026-01-17,sábado,18:15:00,GO,452.0,189,itumbiara,-18.390228,-49.336903,1.0,0.0,0.0,Com Vítimas Feridas,Sim,Velocidade Incompatível,Queda de ocupante de veículo,Anoitecer,Nublado,Simples,Reta,Não,Crescente
756381,2026-02-19,quinta-feira,20:00:00,MG,381.0,"828,8",sao sebastiao da bela vista,-22.118862,-45.75474,0.0,0.0,1.0,Com Vítimas Fatais,Sim,Acessar a via sem observar a presença dos outros veículos,Atropelamento de Pedestre,Plena Noite,Chuva,Dupla,Reta,Não,Crescente
756387,2026-02-10,terça-feira,20:30:00,PR,153.0,"187,7",tibagi,-24.41095,-50.35962,0.0,2.0,0.0,Com Vítimas Feridas,Sim,Reação tardia ou ineficiente do condutor,Colisão com objeto,Plena Noite,Céu Claro,Simples,Reta,Não,Decrescente
756396,2026-02-03,terça-feira,06:30:00,MA,230.0,336,sao raimundo das mangabeiras,-7.1084304,-45.647366,2.0,0.0,0.0,Com Vítimas Feridas,Não,Neblina,Colisão transversal,Pleno dia,Nevoeiro/Neblina,Simples,Reta,Sim,Crescente
756409,2026-02-01,domingo,22:00:00,SC,282.0,"152,5",bom retiro,-27.756332,-49.684345,2.0,2.0,0.0,Com Vítimas Feridas,Sim,Ausência de reação do condutor,Tombamento,Pleno dia,Céu Claro,Simples,Reta,Não,Crescente
756414,2026-02-27,sexta-feira,21:45:00,PR,376.0,4,apucarana,-23.556475,-51.443,1.0,0.0,0.0,Com Vítimas Feridas,Sim,Condutor deixou de manter distância do veículo da frente,Colisão traseira,Plena Noite,Céu Claro,Dupla,Reta;Interseção de Vias,Sim,Crescente
756427,2026-02-23,segunda-feira,01:30:00,SC,101.0,208,sao jose,-27.60443,-48.63334,0.0,0.0,0.0,Sem Vítimas,Não,Reação tardia ou ineficiente do condutor,Colisão lateral mesmo sentido,Plena Noite,Céu Claro,Simples,Reta,Sim,Crescente
756437,2026-01-18,domingo,00:50:00,SC,101.0,"325,1",capivari de baixo,-28.425934,-48.94444,0.0,0.0,0.0,Sem Vítimas,Sim,Ingestão de álcool pelo condutor,Colisão traseira,Plena Noite,Nublado,Múltipla,Reta;Declive,Não,Crescente
756439,2026-02-20,sexta-feira,20:20:00,MA,10.0,274,imperatriz,-5.3366723,-47.488407,0.0,2.0,0.0,Com Vítimas Feridas,Sim,Ultrapassagem Indevida,Colisão frontal,Plena Noite,Nublado,Simples,Reta;Aclive,Não,Crescente
756444,2026-02-06,sexta-feira,19:18:00,MS,262.0,"679,9",corumba,-19.562,-57.19706,12.0,0.0,0.0,Com Vítimas Feridas,Sim,Reação tardia ou ineficiente do condutor,Saída de leito carroçável,Plena Noite,Céu Claro,Simples,Reta,Não,Crescente
756457,2026-02-23,segunda-feira,06:00:00,SC,101.0,144,itapema,-27.066145,-48.595787,1.0,0.0,0.0,Com Vítimas Feridas,Sim,Ausência de reação do condutor,Colisão com objeto,Pleno dia,Céu Claro,Dupla,Curva,Sim,Decrescente
756470,2026-01-01,quinta-feira,17:40:00,RJ,101.0,519,angra dos reis,-23.005445,-44.47067,2.0,4.0,0.0,Com Vítimas Feridas,Não,Chuva,Colisão frontal,Pleno dia,Chuva,Simples,Reta,Não,Decrescente
756517,2026-02-12,quinta-feira,20:17:00,MA,230.0,"406,5",balsas,-7.519778,-46.06285,12.0,0.0,12.0,Com Vítimas Fatais,Sim,Retorno proibido,Queda de ocupante de veículo,Plena Noite,Céu Claro,Simples,Reta,Sim,Crescente
756523,2026-01-09,sexta-feira,02:40:00,RJ,101.0,310,sao goncalo,-22.796793,-43.04327,0.0,0.0,1.0,Com Vítimas Fatais,Sim,Suicídio (presumido),Atropelamento de Pedestre,Plena Noite,Céu Claro,Dupla,Reta,Não,Crescente
756558,2026-01-21,quarta-feira,13:00:00,BA,116.0,422,feira de santana,-12.228099,-38.96449,0.0,2.0,0.0,Com Vítimas Feridas,Sim,Ausência de reação do condutor,Colisão lateral mesmo sentido,Pleno dia,Céu Claro,Dupla,Reta,Não,Decrescente
756658,2026-02-23,segunda-feira,23:00:00,RS,386.0,319,marques de souza,-29.28009,-52.13243,1.0,0.0,0.0,Com Vítimas Feridas,Sim,Reação tardia ou ineficiente do condutor,Colisão traseira,Plena Noite,Céu Claro,Simples,Reta;Em Obras,Não,Crescente
756688,2026-02-07,sábado,18:40:00,RJ,116.0,106,guapimirim,-22.509443,-43.00048,8.0,0.0,3.0,Com Vítimas Fatais,Sim,Demais falhas mecânicas ou elétricas,Colisão frontal,Plena Noite,Chuva,Simples,Curva,Não,Crescente
756706,2026-02-07,sábado,04:30:00,PB,230.0,"137,8",massaranduba,-7.271553,-35.786133,2.0,0.0,0.0,Com Vítimas Feridas,Sim,Condutor Dormindo,Colisão com objeto,Plena Noite,Garoa/Chuvisco,Dupla,Reta;Declive,Não,Decrescente
756718,2026-02-21,sábado,06:08:00,PE,408.0,96,sao lourenco da mata,-8.021,-35.041,0.0,0.0,0.0,Sem Vítimas,Não,Objeto estático sobre o leito carroçável,Capotamento,Pleno dia,Céu Claro,Dupla,Reta,Não,Crescente
756744,2026-01-31,sábado,04:00:00,RJ,101.0,475,angra dos reis,-22.997543,-44.25283,0.0,0.0,0.0,Sem Vítimas,Sim,Reação tardia ou ineficiente do condutor,Capotamento,Plena Noite,Nublado,Simples,Declive,Não,Crescente
756749,2026-01-25,domingo,05:00:00,RJ,101.0,"477,9",angra dos reis,-22.99809,-44.26466,2.0,0.0,0.0,Com Vítimas Feridas,Sim,Ausência de sinalização,Colisão frontal,Amanhecer,Céu Claro,Simples,Curva,Não,Crescente
756856,2026-02-28,sábado,01:00:00,SC,470.0,1,navegantes,-26.881123,-48.66265,0.0,0.0,0.0,Sem Vítimas,Sim,Reação tardia ou ineficiente do condutor,Colisão lateral mesmo sentido,Plena Noite,Céu Claro,Dupla,Reta,Não,Crescente
756861,2026-01-23,sexta-feira,07:50:00,PR,376.0,"182,9",sarandi,-23.436277,-51.879967,0.0,3.0,3.0,Com Vítimas Fatais,Sim,Reação tardia ou ineficiente do condutor,Queda de ocupante de veículo,Pleno dia,Sol,Dupla,Reta;Em Obras,Sim,Crescente
756888,2026-02-20,sexta-feira,11:15:00,AL,101.0,200,sao sebastiao,-9.957882,-36.545197,0.0,4.0,0.0,Com Vítimas Feridas,Não,Manobra de mudança de faixa,Capotamento,Pleno dia,Céu Claro,Dupla,Reta,Não,Crescente
756902,2026-02-04,quarta-feira,19:00:00,MT,163.0,905,claudia,-11.264612,-55.312214,8.0,0.0,0.0,Com Vítimas Feridas,Sim,Demais falhas mecânicas ou elétricas,Engavetamento,Plena Noite,Céu Claro,Simples,Reta;Declive,Não,Crescente
756915,2026-01-07,quarta-feira,06:10:00,RJ,101.0,394,rio de janeiro,-22.884241,-43.718163,0.0,2.0,0.0,Com Vítimas Feridas,Sim,Condutor deixou de manter distância do veículo da frente,Queda de ocupante de veículo,Pleno dia,Céu Claro,Dupla,Aclive;Reta,Não,Decrescente
756920,2026-02-20,sexta-feira,13:00:00,SP,381.0,87,sao paulo,-23.47293,-46.56302,18.0,0.0,0.0,Com Vítimas Feridas,Sim,Trafegar com motocicleta (ou similar) entre as faixas,Queda de ocupante de veículo,Pleno dia,Céu Claro,Múltipla,Reta;Em Obras,Sim,Crescente
756925,2026-02-21,sábado,01:50:00,MS,163.0,511,jaraguari,-20.091599,-54.428932,2.0,0.0,0.0,Com Vítimas Feridas,Sim,Ausência de reação do condutor,Tombamento,Plena Noite,Céu Claro,Simples,Em Obras;Desvio Temporário;Declive,Não,Crescente
757057,2026-01-14,quarta-feira,16:20:00,RO,364.0,758,porto velho,-9.089553,-64.08531,0.0,0.0,0.0,Sem Vítimas,Sim,Demais falhas na via,Colisão traseira,Pleno dia,Céu Claro,Simples,Reta,Não,Decrescente
757087,2026-02-28,sábado,22:50:00,ES,101.0,"148,9",linhares,-19.394428,-40.06541,4.0,0.0,0.0,Com Vítimas Feridas,Não,Condutor desrespeitou a iluminação vermelha do semáforo,Colisão traseira,Plena Noite,Garoa/Chuvisco,Múltipla,Reta;Aclive,Sim,Decrescente
757147,2026-02-25,quarta-feira,16:09:00,ES,101.0,90,jaguare,-18.934309,-39.973408,2.0,0.0,0.0,Com Vítimas Feridas,Sim,Desrespeitar a preferência no cruzamento,Atropelamento de Pedestre,Pleno dia,Nublado,Simples,Reta;Interseção de Vias,Sim,Decrescente
757151,2026-02-16,segunda-feira,15:40:00,MT,70.0,3,barra do garcas,-15.881028,-52.27816,8.0,0.0,0.0,Com Vítimas Feridas,Não,Estacionar ou parar em local proibido,Colisão com objeto,Pleno dia,Céu Claro,Dupla,Reta;Declive,Sim,Crescente
757158,2026-02-04,quarta-feira,22:46:00,AL,316.0,"89,1",santana do ipanema,-9.389103,-37.21445,0.0,4.0,0.0,Com Vítimas Feridas,Não,Pedestre - Ingestão de álcool/ substâncias psicoativas,Atropelamento de Pedestre,Plena Noite,Céu Claro,Simples,Declive;Reta,Não,Decrescente
757159,2026-02-22,domingo,14:54:00,RJ,101.0,211,casimiro de abreu,-22.48167,-42.247047,1.0,0.0,0.0,Com Vítimas Feridas,Sim,Chuva,Colisão com objeto,Pleno dia,Ignorado,Dupla,Curva,Não,Decrescente
757177,2026-02-24,terça-feira,22:20:00,PR,373.0,175,ponta grossa,-25.070595,-50.211372,2.0,0.0,0.0,Com Vítimas Feridas,Sim,Acessar a via sem observar a presença dos outros veículos,Colisão com objeto,Plena Noite,Céu Claro,Dupla,Reta,Sim,Crescente
757179,2026-02-13,sexta-feira,07:40:00,GO,60.0,454,jatai,-17.864738,-51.567528,0.0,0.0,0.0,Sem Vítimas,Sim,Reação tardia ou ineficiente do condutor,Capotamento,Pleno dia,Chuva,Dupla,Curva,Não,Crescente
757201,2026-02-26,quinta-feira,17:20:00,PR,369.0,"151,2",londrina,-23.292753,-51.17719,0.0,6.0,0.0,Com Vítimas Feridas,Não,Reação tardia ou ineficiente do condutor,Queda de ocupante de veículo,Pleno dia,Nublado,Dupla,Reta,Sim,Crescente
757207,2026-02-19,quinta-feira,16:00:00,AM,174.0,954,manaus,-2.339507,-60.04594,4.0,0.0,0.0,Com Vítimas Feridas,Sim,Condutor Dormindo,Queda de ocupante de veículo,Pleno dia,Nublado,Simples,Reta,Não,Decrescente
757208,2026-01-05,segunda-feira,09:21:00,PB,230.0,"21,8",joao pessoa,-7.1505833,-34.852364,2.0,0.0,0.0,Com Vítimas Feridas,Não,Reação tardia ou ineficiente do condutor,Colisão traseira,Pleno dia,Céu Claro,Dupla,Reta,Sim,Decrescente